{"cameraMode":{"drawMode":0,"name":"Shaded","section":"Shading Mode"},"sceneLighting":true,"audioPlay":false,"sceneViewState":{"m_AlwaysRefresh":false,"showFog":true,"showSkybox":true,"showFlares":true,"showImageEffects":true,"showParticleSystems":true,"showVisualEffectGraphs":true,"m_FxEnabled":true},"in2DMode":false,"pivot":{"x":1.1781238317489625,"y":0.3197580575942993,"z":-0.8729209899902344},"rotation":{"x":-0.29706138372421267,"y":-0.34474462270736697,"z":0.11613969504833222,"w":-0.8829077482223511},"size":1.301391363143921,"orthographic":false}