{"cameraMode":{"drawMode":0,"name":"Shaded","section":"Shading Mode"},"sceneLighting":true,"audioPlay":false,"sceneViewState":{"m_AlwaysRefresh":false,"showFog":true,"showSkybox":true,"showFlares":true,"showImageEffects":true,"showParticleSystems":true,"showVisualEffectGraphs":true,"m_FxEnabled":true},"in2DMode":false,"pivot":{"x":3.4179437160491945,"y":-1.171627163887024,"z":-2.5926737785339357},"rotation":{"x":-0.07733927667140961,"y":-0.8789139986038208,"z":0.15292644500732423,"w":-0.44525694847106936},"size":2.745230197906494,"orthographic":false}