Using pre-set license
Built from '2021.3/staging' branch; Version is '2021.3.36f1 (7a0645017be0) revision 7996997'; Using compiler version '192829333'; Build Type 'Release'
OS: 'Windows 11  (10.0.26100) 64bit Professional' Language: 'ru' Physical Memory: 16104 MB
BatchMode: 1, IsHumanControllingUs: 0, StartBugReporterOnCrash: 0, Is64bit: 1, IsPro: 1

COMMAND LINE ARGUMENTS:
C:\Program Files\Unity\Hub\Editor\2021.3.36f1\Editor\Unity.exe
-adb2
-batchMode
-noUpm
-name
AssetImportWorker3
-projectPath
C:/UnityProject/Run
-logFile
Logs/AssetImportWorker3.log
-srvPort
65298
Successfully changed project path to: C:/UnityProject/Run
C:/UnityProject/Run
[UnityMemory] Configuration Parameters - Can be set up in boot.config
    "memorysetup-bucket-allocator-granularity=16"
    "memorysetup-bucket-allocator-bucket-count=8"
    "memorysetup-bucket-allocator-block-size=33554432"
    "memorysetup-bucket-allocator-block-count=8"
    "memorysetup-main-allocator-block-size=16777216"
    "memorysetup-thread-allocator-block-size=16777216"
    "memorysetup-gfx-main-allocator-block-size=16777216"
    "memorysetup-gfx-thread-allocator-block-size=16777216"
    "memorysetup-cache-allocator-block-size=4194304"
    "memorysetup-typetree-allocator-block-size=2097152"
    "memorysetup-profiler-bucket-allocator-granularity=16"
    "memorysetup-profiler-bucket-allocator-bucket-count=8"
    "memorysetup-profiler-bucket-allocator-block-size=33554432"
    "memorysetup-profiler-bucket-allocator-block-count=8"
    "memorysetup-profiler-allocator-block-size=16777216"
    "memorysetup-profiler-editor-allocator-block-size=1048576"
    "memorysetup-temp-allocator-size-main=16777216"
    "memorysetup-job-temp-allocator-block-size=2097152"
    "memorysetup-job-temp-allocator-block-size-background=1048576"
    "memorysetup-job-temp-allocator-reduction-small-platforms=262144"
    "memorysetup-temp-allocator-size-background-worker=32768"
    "memorysetup-temp-allocator-size-job-worker=262144"
    "memorysetup-temp-allocator-size-preload-manager=33554432"
    "memorysetup-temp-allocator-size-nav-mesh-worker=65536"
    "memorysetup-temp-allocator-size-audio-worker=65536"
    "memorysetup-temp-allocator-size-cloud-worker=32768"
    "memorysetup-temp-allocator-size-gi-baking-worker=262144"
    "memorysetup-temp-allocator-size-gfx=262144"
Player connection [12144] Host "[IP] 172.16.0.2 [Port] 0 [Flags] 2 [Guid] 165990133 [EditorId] 165990133 [Version] 1048832 [Id] WindowsEditor(7,Ilyas) [Debug] 1 [PackageName] WindowsEditor [ProjectName] Editor" joined multi-casting on [225.0.0.222:54997]...

Player connection [12144] Host "[IP] 172.16.0.2 [Port] 0 [Flags] 2 [Guid] 165990133 [EditorId] 165990133 [Version] 1048832 [Id] WindowsEditor(7,Ilyas) [Debug] 1 [PackageName] WindowsEditor [ProjectName] Editor" joined alternative multi-casting on [225.0.0.222:34997]...

[Physics::Module] Initialized MultithreadedJobDispatcher with {0} workers.
Refreshing native plugins compatible for Editor in 72.51 ms, found 3 plugins.
Preloading 0 native plugins for Editor in 0.00 ms.
Initialize engine version: 2021.3.36f1 (7a0645017be0)
[Subsystems] Discovering subsystems at path C:/Program Files/Unity/Hub/Editor/2021.3.36f1/Editor/Data/Resources/UnitySubsystems
[Subsystems] Discovering subsystems at path C:/UnityProject/Run/Assets
GfxDevice: creating device client; threaded=0; jobified=0
Direct3D:
    Version:  Direct3D 11.0 [level 11.1]
    Renderer: NVIDIA GeForce RTX 4050 Laptop GPU (ID=0x28a1)
    Vendor:   NVIDIA
    VRAM:     5921 MB
    Driver:   31.0.15.5222
Initialize mono
Mono path[0] = 'C:/Program Files/Unity/Hub/Editor/2021.3.36f1/Editor/Data/Managed'
Mono path[1] = 'C:/Program Files/Unity/Hub/Editor/2021.3.36f1/Editor/Data/MonoBleedingEdge/lib/mono/unityjit-win32'
Mono config path = 'C:/Program Files/Unity/Hub/Editor/2021.3.36f1/Editor/Data/MonoBleedingEdge/etc'
Using monoOptions --debugger-agent=transport=dt_socket,embedding=1,server=y,suspend=n,address=127.0.0.1:56160
Begin MonoManager ReloadAssembly
Registering precompiled unity dll's ...
Register platform support module: C:/Program Files/Unity/Hub/Editor/2021.3.36f1/Editor/Data/PlaybackEngines/WebGLSupport/UnityEditor.WebGL.Extensions.dll
Register platform support module: C:/Program Files/Unity/Hub/Editor/2021.3.36f1/Editor/Data/PlaybackEngines/AndroidPlayer/UnityEditor.Android.Extensions.dll
Register platform support module: C:/Program Files/Unity/Hub/Editor/2021.3.36f1/Editor/Data/PlaybackEngines/iOSSupport/UnityEditor.iOS.Extensions.dll
Register platform support module: C:/Program Files/Unity/Hub/Editor/2021.3.36f1/Editor/Data/PlaybackEngines/WindowsStandaloneSupport/UnityEditor.WindowsStandalone.Extensions.dll
Registered in 0.004581 seconds.
Native extension for WindowsStandalone target not found
Failed to load: C:/Program Files/Unity/Hub/Editor/2021.3.36f1/Editor/Data/PlaybackEngines/iOSSupport\x64\UnityEditor.iOS.Native.dll
Native extension for iOS target not found
Native extension for Android target not found
Android Extension - Scanning For ADB Devices 260 ms
Native extension for WebGL target not found
Refreshing native plugins compatible for Editor in 77.71 ms, found 3 plugins.
Preloading 0 native plugins for Editor in 0.00 ms.
Mono: successfully reloaded assembly
- Completed reload, in  0.847 seconds
Domain Reload Profiling:
	ReloadAssembly (847ms)
		BeginReloadAssembly (70ms)
			ExecutionOrderSort (0ms)
			DisableScriptedObjects (0ms)
			BackupInstance (0ms)
			ReleaseScriptingObjects (0ms)
			CreateAndSetChildDomain (1ms)
		EndReloadAssembly (705ms)
			LoadAssemblies (70ms)
			RebuildTransferFunctionScriptingTraits (0ms)
			SetupTypeCache (85ms)
			ReleaseScriptCaches (0ms)
			RebuildScriptCaches (22ms)
			SetupLoadedEditorAssemblies (566ms)
				LogAssemblyErrors (0ms)
				InitializePlatformSupportModulesInManaged (381ms)
				SetLoadedEditorAssemblies (0ms)
				RefreshPlugins (78ms)
				BeforeProcessingInitializeOnLoad (1ms)
				ProcessInitializeOnLoadAttributes (74ms)
				ProcessInitializeOnLoadMethodAttributes (33ms)
				AfterProcessingInitializeOnLoad (0ms)
				EditorAssembliesLoaded (0ms)
			ExecutionOrderSort2 (0ms)
			AwakeInstancesAfterBackupRestoration (0ms)
Platform modules already initialized, skipping
Registering precompiled user dll's ...
Registered in 0.003645 seconds.
Begin MonoManager ReloadAssembly
Native extension for WindowsStandalone target not found
Failed to load: C:/Program Files/Unity/Hub/Editor/2021.3.36f1/Editor/Data/PlaybackEngines/iOSSupport\x64\UnityEditor.iOS.Native.dll
Native extension for iOS target not found
Native extension for Android target not found
Native extension for WebGL target not found
Refreshing native plugins compatible for Editor in 168.73 ms, found 3 plugins.
Preloading 0 native plugins for Editor in 0.00 ms.
Package Manager log level set to [2]
[Package Manager] Server::EnsureServerProcessIsRunning -- launch failed, reason: Unity was launched with the -noUpm command-line argument
[Package Manager] Cannot connect to Unity Package Manager local server
[ScriptCompilation] NOT recompiling all scripts because this is an import worker process. Reason to compile was: Define symbols changed
Mono: successfully reloaded assembly
- Completed reload, in  1.970 seconds
Domain Reload Profiling:
	ReloadAssembly (1971ms)
		BeginReloadAssembly (112ms)
			ExecutionOrderSort (0ms)
			DisableScriptedObjects (5ms)
			BackupInstance (0ms)
			ReleaseScriptingObjects (0ms)
			CreateAndSetChildDomain (16ms)
		EndReloadAssembly (1739ms)
			LoadAssemblies (106ms)
			RebuildTransferFunctionScriptingTraits (0ms)
			SetupTypeCache (424ms)
			ReleaseScriptCaches (1ms)
			RebuildScriptCaches (77ms)
			SetupLoadedEditorAssemblies (1062ms)
				LogAssemblyErrors (0ms)
				InitializePlatformSupportModulesInManaged (49ms)
				SetLoadedEditorAssemblies (0ms)
				RefreshPlugins (169ms)
				BeforeProcessingInitializeOnLoad (141ms)
				ProcessInitializeOnLoadAttributes (629ms)
				ProcessInitializeOnLoadMethodAttributes (68ms)
				AfterProcessingInitializeOnLoad (6ms)
				EditorAssembliesLoaded (0ms)
			ExecutionOrderSort2 (0ms)
			AwakeInstancesAfterBackupRestoration (6ms)
Platform modules already initialized, skipping
========================================================================
Worker process is ready to serve import requests
Launched and connected shader compiler UnityShaderCompiler.exe after 0.07 seconds
Refreshing native plugins compatible for Editor in 1.06 ms, found 3 plugins.
Preloading 0 native plugins for Editor in 0.00 ms.
Unloading 4471 Unused Serialized files (Serialized files now loaded: 0)
Unloading 58 unused Assets / (194.3 KB). Loaded Objects now: 4906.
Memory consumption went from 164.5 MB to 164.3 MB.
Total: 4.520400 ms (FindLiveObjects: 0.326800 ms CreateObjectMapping: 0.186700 ms MarkObjects: 3.859700 ms  DeleteObjects: 0.145800 ms)

AssetImportParameters requested are different than current active one (requested -> active):
  custom:video-decoder-ogg-theora: a1e56fd34408186e4bbccfd4996cb3dc -> 
  custom:container-muxer-webm: aa71ff27fc2769a1b78a27578f13a17b -> 
  custom:container-demuxer-webm: 4f35f7cbe854078d1ac9338744f61a02 -> 
  custom:video-encoder-webm-vp8: eb34c28f22e8b96e1ab97ce403110664 -> 
  custom:video-codec-MediaFoundation-h265: 746d11721c4dcdbdad8f713fa42b33f4 -> 
  custom:CustomObjectIndexerAttribute: bc11b3a6c3213fcdd17b65e7da85e133 -> 
  custom:audio-encoder-webm-vorbis: bf7c407c2cedff20999df2af8eb42d56 -> 
  custom:framework-win-MediaFoundation: 216162199b28c13a410421893ffa2e32 -> 
  custom:SearchIndexIgnoredProperties: e643bd26f0fe6173181afceb89e7c659 -> 
  custom:container-demuxer-ogg: 62fdf1f143b41e24485cea50d1cbac27 -> 
  custom:video-decoder-webm-vp8: 9c59270c3fd7afecdb556c50c9e8de78 -> 
  custom:audio-decoder-ogg-vorbis: bf7c407c2cedff20999df2af8eb42d56 -> 
========================================================================
Received Prepare
Registering precompiled user dll's ...
Registered in 0.003220 seconds.
Begin MonoManager ReloadAssembly
Native extension for WindowsStandalone target not found
Failed to load: C:/Program Files/Unity/Hub/Editor/2021.3.36f1/Editor/Data/PlaybackEngines/iOSSupport\x64\UnityEditor.iOS.Native.dll
Native extension for iOS target not found
Native extension for Android target not found
Native extension for WebGL target not found
Refreshing native plugins compatible for Editor in 0.99 ms, found 3 plugins.
Preloading 0 native plugins for Editor in 0.00 ms.
[Package Manager] Server::EnsureServerProcessIsRunning -- launch failed, reason: Unity was launched with the -noUpm command-line argument
[Package Manager] Cannot connect to Unity Package Manager local server
[Package Manager] Server::EnsureServerProcessIsRunning -- launch failed, reason: Unity was launched with the -noUpm command-line argument
[Package Manager] Cannot connect to Unity Package Manager local server
[Package Manager] Server::EnsureServerProcessIsRunning -- launch failed, reason: Unity was launched with the -noUpm command-line argument
[Package Manager] Cannot connect to Unity Package Manager local server
[ScriptCompilation] NOT recompiling all scripts because this is an import worker process. Reason to compile was: Define symbols changed
Mono: successfully reloaded assembly
- Completed reload, in  2.228 seconds
Domain Reload Profiling:
	ReloadAssembly (2230ms)
		BeginReloadAssembly (184ms)
			ExecutionOrderSort (0ms)
			DisableScriptedObjects (5ms)
			BackupInstance (0ms)
			ReleaseScriptingObjects (0ms)
			CreateAndSetChildDomain (44ms)
		EndReloadAssembly (1916ms)
			LoadAssemblies (134ms)
			RebuildTransferFunctionScriptingTraits (0ms)
			SetupTypeCache (373ms)
			ReleaseScriptCaches (2ms)
			RebuildScriptCaches (60ms)
			SetupLoadedEditorAssemblies (1229ms)
				LogAssemblyErrors (0ms)
				InitializePlatformSupportModulesInManaged (43ms)
				SetLoadedEditorAssemblies (1ms)
				RefreshPlugins (1ms)
				BeforeProcessingInitializeOnLoad (100ms)
				ProcessInitializeOnLoadAttributes (791ms)
				ProcessInitializeOnLoadMethodAttributes (265ms)
				AfterProcessingInitializeOnLoad (27ms)
				EditorAssembliesLoaded (1ms)
			ExecutionOrderSort2 (0ms)
			AwakeInstancesAfterBackupRestoration (25ms)
Platform modules already initialized, skipping
Refreshing native plugins compatible for Editor in 2.37 ms, found 3 plugins.
Preloading 0 native plugins for Editor in 0.00 ms.
Unloading 4413 Unused Serialized files (Serialized files now loaded: 0)
Unloading 53 unused Assets / (167.2 KB). Loaded Objects now: 4909.
Memory consumption went from 158.6 MB to 158.5 MB.
Total: 6.005300 ms (FindLiveObjects: 0.386800 ms CreateObjectMapping: 0.282600 ms MarkObjects: 5.217600 ms  DeleteObjects: 0.115800 ms)

AssetImportParameters requested are different than current active one (requested -> active):
  custom:video-decoder-ogg-theora: a1e56fd34408186e4bbccfd4996cb3dc -> 
  custom:container-muxer-webm: aa71ff27fc2769a1b78a27578f13a17b -> 
  custom:container-demuxer-webm: 4f35f7cbe854078d1ac9338744f61a02 -> 
  custom:video-encoder-webm-vp8: eb34c28f22e8b96e1ab97ce403110664 -> 
  custom:video-codec-MediaFoundation-h265: 746d11721c4dcdbdad8f713fa42b33f4 -> 
  custom:CustomObjectIndexerAttribute: bc11b3a6c3213fcdd17b65e7da85e133 -> 
  custom:audio-encoder-webm-vorbis: bf7c407c2cedff20999df2af8eb42d56 -> 
  custom:framework-win-MediaFoundation: 216162199b28c13a410421893ffa2e32 -> 
  custom:SearchIndexIgnoredProperties: e643bd26f0fe6173181afceb89e7c659 -> 
  custom:container-demuxer-ogg: 62fdf1f143b41e24485cea50d1cbac27 -> 
  custom:video-decoder-webm-vp8: 9c59270c3fd7afecdb556c50c9e8de78 -> 
  custom:audio-decoder-ogg-vorbis: bf7c407c2cedff20999df2af8eb42d56 -> 
========================================================================
Received Prepare
Registering precompiled user dll's ...
Registered in 0.003954 seconds.
Begin MonoManager ReloadAssembly
Native extension for WindowsStandalone target not found
Failed to load: C:/Program Files/Unity/Hub/Editor/2021.3.36f1/Editor/Data/PlaybackEngines/iOSSupport\x64\UnityEditor.iOS.Native.dll
Native extension for iOS target not found
Native extension for Android target not found
Native extension for WebGL target not found
Refreshing native plugins compatible for Editor in 0.75 ms, found 3 plugins.
Preloading 0 native plugins for Editor in 0.00 ms.
[Package Manager] Server::EnsureServerProcessIsRunning -- launch failed, reason: Unity was launched with the -noUpm command-line argument
[Package Manager] Cannot connect to Unity Package Manager local server
[Package Manager] Server::EnsureServerProcessIsRunning -- launch failed, reason: Unity was launched with the -noUpm command-line argument
[Package Manager] Cannot connect to Unity Package Manager local server
[ScriptCompilation] NOT recompiling all scripts because this is an import worker process. Reason to compile was: Define symbols changed
Mono: successfully reloaded assembly
- Completed reload, in  1.586 seconds
Domain Reload Profiling:
	ReloadAssembly (1588ms)
		BeginReloadAssembly (131ms)
			ExecutionOrderSort (0ms)
			DisableScriptedObjects (4ms)
			BackupInstance (0ms)
			ReleaseScriptingObjects (0ms)
			CreateAndSetChildDomain (34ms)
		EndReloadAssembly (1381ms)
			LoadAssemblies (90ms)
			RebuildTransferFunctionScriptingTraits (0ms)
			SetupTypeCache (243ms)
			ReleaseScriptCaches (2ms)
			RebuildScriptCaches (37ms)
			SetupLoadedEditorAssemblies (938ms)
				LogAssemblyErrors (0ms)
				InitializePlatformSupportModulesInManaged (29ms)
				SetLoadedEditorAssemblies (0ms)
				RefreshPlugins (1ms)
				BeforeProcessingInitializeOnLoad (73ms)
				ProcessInitializeOnLoadAttributes (681ms)
				ProcessInitializeOnLoadMethodAttributes (142ms)
				AfterProcessingInitializeOnLoad (12ms)
				EditorAssembliesLoaded (0ms)
			ExecutionOrderSort2 (0ms)
			AwakeInstancesAfterBackupRestoration (14ms)
Platform modules already initialized, skipping
Refreshing native plugins compatible for Editor in 1.53 ms, found 3 plugins.
Preloading 0 native plugins for Editor in 0.00 ms.
Unloading 4413 Unused Serialized files (Serialized files now loaded: 0)
Unloading 53 unused Assets / (168.3 KB). Loaded Objects now: 4912.
Memory consumption went from 158.7 MB to 158.5 MB.
Total: 6.437100 ms (FindLiveObjects: 0.524500 ms CreateObjectMapping: 0.384000 ms MarkObjects: 5.416300 ms  DeleteObjects: 0.109100 ms)

AssetImportParameters requested are different than current active one (requested -> active):
  custom:video-decoder-ogg-theora: a1e56fd34408186e4bbccfd4996cb3dc -> 
  custom:container-muxer-webm: aa71ff27fc2769a1b78a27578f13a17b -> 
  custom:container-demuxer-webm: 4f35f7cbe854078d1ac9338744f61a02 -> 
  custom:video-encoder-webm-vp8: eb34c28f22e8b96e1ab97ce403110664 -> 
  custom:video-codec-MediaFoundation-h265: 746d11721c4dcdbdad8f713fa42b33f4 -> 
  custom:CustomObjectIndexerAttribute: bc11b3a6c3213fcdd17b65e7da85e133 -> 
  custom:audio-encoder-webm-vorbis: bf7c407c2cedff20999df2af8eb42d56 -> 
  custom:framework-win-MediaFoundation: 216162199b28c13a410421893ffa2e32 -> 
  custom:SearchIndexIgnoredProperties: e643bd26f0fe6173181afceb89e7c659 -> 
  custom:container-demuxer-ogg: 62fdf1f143b41e24485cea50d1cbac27 -> 
  custom:video-decoder-webm-vp8: 9c59270c3fd7afecdb556c50c9e8de78 -> 
  custom:audio-decoder-ogg-vorbis: bf7c407c2cedff20999df2af8eb42d56 -> 
========================================================================
Received Prepare
Registering precompiled user dll's ...
Registered in 0.004469 seconds.
Begin MonoManager ReloadAssembly
Native extension for WindowsStandalone target not found
Failed to load: C:/Program Files/Unity/Hub/Editor/2021.3.36f1/Editor/Data/PlaybackEngines/iOSSupport\x64\UnityEditor.iOS.Native.dll
Native extension for iOS target not found
Native extension for Android target not found
Native extension for WebGL target not found
Refreshing native plugins compatible for Editor in 1.46 ms, found 3 plugins.
Preloading 0 native plugins for Editor in 0.00 ms.
[Package Manager] Server::EnsureServerProcessIsRunning -- launch failed, reason: Unity was launched with the -noUpm command-line argument
[Package Manager] Cannot connect to Unity Package Manager local server
[Package Manager] Server::EnsureServerProcessIsRunning -- launch failed, reason: Unity was launched with the -noUpm command-line argument
[Package Manager] Cannot connect to Unity Package Manager local server
[ScriptCompilation] NOT recompiling all scripts because this is an import worker process. Reason to compile was: Define symbols changed
Mono: successfully reloaded assembly
- Completed reload, in  1.748 seconds
Domain Reload Profiling:
	ReloadAssembly (1750ms)
		BeginReloadAssembly (126ms)
			ExecutionOrderSort (0ms)
			DisableScriptedObjects (4ms)
			BackupInstance (0ms)
			ReleaseScriptingObjects (0ms)
			CreateAndSetChildDomain (31ms)
		EndReloadAssembly (1550ms)
			LoadAssemblies (89ms)
			RebuildTransferFunctionScriptingTraits (0ms)
			SetupTypeCache (231ms)
			ReleaseScriptCaches (2ms)
			RebuildScriptCaches (42ms)
			SetupLoadedEditorAssemblies (1116ms)
				LogAssemblyErrors (0ms)
				InitializePlatformSupportModulesInManaged (43ms)
				SetLoadedEditorAssemblies (1ms)
				RefreshPlugins (2ms)
				BeforeProcessingInitializeOnLoad (108ms)
				ProcessInitializeOnLoadAttributes (807ms)
				ProcessInitializeOnLoadMethodAttributes (144ms)
				AfterProcessingInitializeOnLoad (12ms)
				EditorAssembliesLoaded (0ms)
			ExecutionOrderSort2 (0ms)
			AwakeInstancesAfterBackupRestoration (13ms)
Platform modules already initialized, skipping
Refreshing native plugins compatible for Editor in 1.85 ms, found 3 plugins.
Preloading 0 native plugins for Editor in 0.00 ms.
Unloading 4413 Unused Serialized files (Serialized files now loaded: 0)
Unloading 53 unused Assets / (168.3 KB). Loaded Objects now: 4915.
Memory consumption went from 158.7 MB to 158.5 MB.
Total: 6.469000 ms (FindLiveObjects: 0.474000 ms CreateObjectMapping: 0.280600 ms MarkObjects: 5.589200 ms  DeleteObjects: 0.121600 ms)

AssetImportParameters requested are different than current active one (requested -> active):
  custom:video-decoder-ogg-theora: a1e56fd34408186e4bbccfd4996cb3dc -> 
  custom:container-muxer-webm: aa71ff27fc2769a1b78a27578f13a17b -> 
  custom:container-demuxer-webm: 4f35f7cbe854078d1ac9338744f61a02 -> 
  custom:video-encoder-webm-vp8: eb34c28f22e8b96e1ab97ce403110664 -> 
  custom:video-codec-MediaFoundation-h265: 746d11721c4dcdbdad8f713fa42b33f4 -> 
  custom:CustomObjectIndexerAttribute: bc11b3a6c3213fcdd17b65e7da85e133 -> 
  custom:audio-encoder-webm-vorbis: bf7c407c2cedff20999df2af8eb42d56 -> 
  custom:framework-win-MediaFoundation: 216162199b28c13a410421893ffa2e32 -> 
  custom:SearchIndexIgnoredProperties: e643bd26f0fe6173181afceb89e7c659 -> 
  custom:container-demuxer-ogg: 62fdf1f143b41e24485cea50d1cbac27 -> 
  custom:video-decoder-webm-vp8: 9c59270c3fd7afecdb556c50c9e8de78 -> 
  custom:audio-decoder-ogg-vorbis: bf7c407c2cedff20999df2af8eb42d56 -> 
========================================================================
Received Prepare
Registering precompiled user dll's ...
Registered in 0.003871 seconds.
Begin MonoManager ReloadAssembly
Native extension for WindowsStandalone target not found
Failed to load: C:/Program Files/Unity/Hub/Editor/2021.3.36f1/Editor/Data/PlaybackEngines/iOSSupport\x64\UnityEditor.iOS.Native.dll
Native extension for iOS target not found
Native extension for Android target not found
Native extension for WebGL target not found
Refreshing native plugins compatible for Editor in 0.73 ms, found 3 plugins.
Preloading 0 native plugins for Editor in 0.00 ms.
[Package Manager] Server::EnsureServerProcessIsRunning -- launch failed, reason: Unity was launched with the -noUpm command-line argument
[Package Manager] Cannot connect to Unity Package Manager local server
[Package Manager] Server::EnsureServerProcessIsRunning -- launch failed, reason: Unity was launched with the -noUpm command-line argument
[Package Manager] Cannot connect to Unity Package Manager local server
System.IO.IOException: Sharing violation on path C:\UnityProject\Run\Assets\PluginYourGames\Editor\ModulesListYG2.txt
  at System.IO.FileStream..ctor (System.String path, System.IO.FileMode mode, System.IO.FileAccess access, System.IO.FileShare share, System.Int32 bufferSize, System.Boolean anonymous, System.IO.FileOptions options) [0x0019e] in <b4dec521950c405ea4b0b85c62087906>:0 
  at System.IO.FileStream..ctor (System.String path, System.IO.FileMode mode, System.IO.FileAccess access, System.IO.FileShare share, System.Int32 bufferSize, System.IO.FileOptions options) [0x00000] in <b4dec521950c405ea4b0b85c62087906>:0 
  at (wrapper remoting-invoke-with-check) System.IO.FileStream..ctor(string,System.IO.FileMode,System.IO.FileAccess,System.IO.FileShare,int,System.IO.FileOptions)
  at System.IO.StreamReader..ctor (System.String path, System.Text.Encoding encoding, System.Boolean detectEncodingFromByteOrderMarks, System.Int32 bufferSize) [0x00055] in <b4dec521950c405ea4b0b85c62087906>:0 
  at System.IO.StreamReader..ctor (System.String path, System.Text.Encoding encoding) [0x00000] in <b4dec521950c405ea4b0b85c62087906>:0 
  at (wrapper remoting-invoke-with-check) System.IO.StreamReader..ctor(string,System.Text.Encoding)
  at System.IO.File.InternalReadAllLines (System.String path, System.Text.Encoding encoding) [0x00006] in <b4dec521950c405ea4b0b85c62087906>:0 
  at System.IO.File.ReadAllLines (System.String path) [0x0002c] in <b4dec521950c405ea4b0b85c62087906>:0 
  at YG.EditorScr.DefineSymbols.ModulesDefineSymbols () [0x00035] in C:\UnityProject\Run\Assets\PluginYourGames\Scripts\EditorScr\DefineSymbols.cs:146 
  at YG.EditorScr.DefineSymbols.UpdateDefineSymbols () [0x0000f] in C:\UnityProject\Run\Assets\PluginYourGames\Scripts\EditorScr\DefineSymbols.cs:57 
  at YG.EditorScr.DefineSymbols..cctor () [0x00023] in C:\UnityProject\Run\Assets\PluginYourGames\Scripts\EditorScr\DefineSymbols.cs:31 
UnityEngine.StackTraceUtility:ExtractStackTrace ()
UnityEngine.DebugLogHandler:LogFormat (UnityEngine.LogType,UnityEngine.Object,string,object[])
UnityEngine.Logger:Log (UnityEngine.LogType,object)
UnityEngine.Debug:LogError (object)
UnityEditor.EditorAssemblies:ProcessInitializeOnLoadAttributes (System.Type[])

Mono: successfully reloaded assembly
- Completed reload, in  1.644 seconds
Domain Reload Profiling:
	ReloadAssembly (1645ms)
		BeginReloadAssembly (128ms)
			ExecutionOrderSort (0ms)
			DisableScriptedObjects (4ms)
			BackupInstance (0ms)
			ReleaseScriptingObjects (0ms)
			CreateAndSetChildDomain (31ms)
		EndReloadAssembly (1437ms)
			LoadAssemblies (90ms)
			RebuildTransferFunctionScriptingTraits (0ms)
			SetupTypeCache (238ms)
			ReleaseScriptCaches (2ms)
			RebuildScriptCaches (34ms)
			SetupLoadedEditorAssemblies (1020ms)
				LogAssemblyErrors (0ms)
				InitializePlatformSupportModulesInManaged (26ms)
				SetLoadedEditorAssemblies (0ms)
				RefreshPlugins (1ms)
				BeforeProcessingInitializeOnLoad (65ms)
				ProcessInitializeOnLoadAttributes (772ms)
				ProcessInitializeOnLoadMethodAttributes (143ms)
				AfterProcessingInitializeOnLoad (12ms)
				EditorAssembliesLoaded (0ms)
			ExecutionOrderSort2 (0ms)
			AwakeInstancesAfterBackupRestoration (12ms)
Platform modules already initialized, skipping
Refreshing native plugins compatible for Editor in 1.70 ms, found 3 plugins.
Preloading 0 native plugins for Editor in 0.00 ms.
Unloading 4413 Unused Serialized files (Serialized files now loaded: 0)
Unloading 53 unused Assets / (168.3 KB). Loaded Objects now: 4918.
Memory consumption went from 158.8 MB to 158.7 MB.
Total: 7.942000 ms (FindLiveObjects: 0.557000 ms CreateObjectMapping: 0.309100 ms MarkObjects: 6.944100 ms  DeleteObjects: 0.128800 ms)

AssetImportParameters requested are different than current active one (requested -> active):
  custom:video-decoder-ogg-theora: a1e56fd34408186e4bbccfd4996cb3dc -> 
  custom:container-muxer-webm: aa71ff27fc2769a1b78a27578f13a17b -> 
  custom:container-demuxer-webm: 4f35f7cbe854078d1ac9338744f61a02 -> 
  custom:video-encoder-webm-vp8: eb34c28f22e8b96e1ab97ce403110664 -> 
  custom:video-codec-MediaFoundation-h265: 746d11721c4dcdbdad8f713fa42b33f4 -> 
  custom:CustomObjectIndexerAttribute: bc11b3a6c3213fcdd17b65e7da85e133 -> 
  custom:audio-encoder-webm-vorbis: bf7c407c2cedff20999df2af8eb42d56 -> 
  custom:framework-win-MediaFoundation: 216162199b28c13a410421893ffa2e32 -> 
  custom:SearchIndexIgnoredProperties: e643bd26f0fe6173181afceb89e7c659 -> 
  custom:container-demuxer-ogg: 62fdf1f143b41e24485cea50d1cbac27 -> 
  custom:video-decoder-webm-vp8: 9c59270c3fd7afecdb556c50c9e8de78 -> 
  custom:audio-decoder-ogg-vorbis: bf7c407c2cedff20999df2af8eb42d56 -> 
========================================================================
Received Prepare
Registering precompiled user dll's ...
Registered in 0.011163 seconds.
Begin MonoManager ReloadAssembly
Native extension for WindowsStandalone target not found
Failed to load: C:/Program Files/Unity/Hub/Editor/2021.3.36f1/Editor/Data/PlaybackEngines/iOSSupport\x64\UnityEditor.iOS.Native.dll
Native extension for iOS target not found
Native extension for Android target not found
Native extension for WebGL target not found
Refreshing native plugins compatible for Editor in 1.04 ms, found 3 plugins.
Preloading 0 native plugins for Editor in 0.00 ms.
[Package Manager] Server::EnsureServerProcessIsRunning -- launch failed, reason: Unity was launched with the -noUpm command-line argument
[Package Manager] Cannot connect to Unity Package Manager local server
[Package Manager] Server::EnsureServerProcessIsRunning -- launch failed, reason: Unity was launched with the -noUpm command-line argument
[Package Manager] Cannot connect to Unity Package Manager local server
[ScriptCompilation] NOT recompiling all scripts because this is an import worker process. Reason to compile was: Define symbols changed
Mono: successfully reloaded assembly
- Completed reload, in  1.957 seconds
Domain Reload Profiling:
	ReloadAssembly (1958ms)
		BeginReloadAssembly (192ms)
			ExecutionOrderSort (0ms)
			DisableScriptedObjects (6ms)
			BackupInstance (0ms)
			ReleaseScriptingObjects (0ms)
			CreateAndSetChildDomain (46ms)
		EndReloadAssembly (1643ms)
			LoadAssemblies (140ms)
			RebuildTransferFunctionScriptingTraits (0ms)
			SetupTypeCache (360ms)
			ReleaseScriptCaches (2ms)
			RebuildScriptCaches (53ms)
			SetupLoadedEditorAssemblies (1040ms)
				LogAssemblyErrors (0ms)
				InitializePlatformSupportModulesInManaged (45ms)
				SetLoadedEditorAssemblies (1ms)
				RefreshPlugins (1ms)
				BeforeProcessingInitializeOnLoad (100ms)
				ProcessInitializeOnLoadAttributes (756ms)
				ProcessInitializeOnLoadMethodAttributes (127ms)
				AfterProcessingInitializeOnLoad (9ms)
				EditorAssembliesLoaded (0ms)
			ExecutionOrderSort2 (0ms)
			AwakeInstancesAfterBackupRestoration (11ms)
Platform modules already initialized, skipping
Refreshing native plugins compatible for Editor in 1.81 ms, found 3 plugins.
Preloading 0 native plugins for Editor in 0.00 ms.
Unloading 4413 Unused Serialized files (Serialized files now loaded: 0)
Unloading 53 unused Assets / (168.3 KB). Loaded Objects now: 4921.
Memory consumption went from 158.6 MB to 158.5 MB.
Total: 7.114800 ms (FindLiveObjects: 0.538300 ms CreateObjectMapping: 0.275300 ms MarkObjects: 6.167800 ms  DeleteObjects: 0.130800 ms)

AssetImportParameters requested are different than current active one (requested -> active):
  custom:video-decoder-ogg-theora: a1e56fd34408186e4bbccfd4996cb3dc -> 
  custom:container-muxer-webm: aa71ff27fc2769a1b78a27578f13a17b -> 
  custom:container-demuxer-webm: 4f35f7cbe854078d1ac9338744f61a02 -> 
  custom:video-encoder-webm-vp8: eb34c28f22e8b96e1ab97ce403110664 -> 
  custom:video-codec-MediaFoundation-h265: 746d11721c4dcdbdad8f713fa42b33f4 -> 
  custom:CustomObjectIndexerAttribute: bc11b3a6c3213fcdd17b65e7da85e133 -> 
  custom:audio-encoder-webm-vorbis: bf7c407c2cedff20999df2af8eb42d56 -> 
  custom:framework-win-MediaFoundation: 216162199b28c13a410421893ffa2e32 -> 
  custom:SearchIndexIgnoredProperties: e643bd26f0fe6173181afceb89e7c659 -> 
  custom:container-demuxer-ogg: 62fdf1f143b41e24485cea50d1cbac27 -> 
  custom:video-decoder-webm-vp8: 9c59270c3fd7afecdb556c50c9e8de78 -> 
  custom:audio-decoder-ogg-vorbis: bf7c407c2cedff20999df2af8eb42d56 -> 
========================================================================
Received Prepare
Registering precompiled user dll's ...
Registered in 0.005539 seconds.
Begin MonoManager ReloadAssembly
Native extension for WindowsStandalone target not found
Failed to load: C:/Program Files/Unity/Hub/Editor/2021.3.36f1/Editor/Data/PlaybackEngines/iOSSupport\x64\UnityEditor.iOS.Native.dll
Native extension for iOS target not found
Native extension for Android target not found
Native extension for WebGL target not found
Refreshing native plugins compatible for Editor in 1.25 ms, found 3 plugins.
Preloading 0 native plugins for Editor in 0.00 ms.
[Package Manager] Server::EnsureServerProcessIsRunning -- launch failed, reason: Unity was launched with the -noUpm command-line argument
[Package Manager] Cannot connect to Unity Package Manager local server
[Package Manager] Server::EnsureServerProcessIsRunning -- launch failed, reason: Unity was launched with the -noUpm command-line argument
[Package Manager] Cannot connect to Unity Package Manager local server
[ScriptCompilation] NOT recompiling all scripts because this is an import worker process. Reason to compile was: Define symbols changed
Mono: successfully reloaded assembly
- Completed reload, in  2.009 seconds
Domain Reload Profiling:
	ReloadAssembly (2010ms)
		BeginReloadAssembly (200ms)
			ExecutionOrderSort (0ms)
			DisableScriptedObjects (6ms)
			BackupInstance (0ms)
			ReleaseScriptingObjects (0ms)
			CreateAndSetChildDomain (51ms)
		EndReloadAssembly (1676ms)
			LoadAssemblies (140ms)
			RebuildTransferFunctionScriptingTraits (0ms)
			SetupTypeCache (388ms)
			ReleaseScriptCaches (2ms)
			RebuildScriptCaches (58ms)
			SetupLoadedEditorAssemblies (1041ms)
				LogAssemblyErrors (0ms)
				InitializePlatformSupportModulesInManaged (46ms)
				SetLoadedEditorAssemblies (1ms)
				RefreshPlugins (1ms)
				BeforeProcessingInitializeOnLoad (101ms)
				ProcessInitializeOnLoadAttributes (758ms)
				ProcessInitializeOnLoadMethodAttributes (124ms)
				AfterProcessingInitializeOnLoad (9ms)
				EditorAssembliesLoaded (0ms)
			ExecutionOrderSort2 (0ms)
			AwakeInstancesAfterBackupRestoration (11ms)
Platform modules already initialized, skipping
Refreshing native plugins compatible for Editor in 2.10 ms, found 3 plugins.
Preloading 0 native plugins for Editor in 0.00 ms.
Unloading 4413 Unused Serialized files (Serialized files now loaded: 0)
Unloading 53 unused Assets / (168.3 KB). Loaded Objects now: 4924.
Memory consumption went from 158.8 MB to 158.7 MB.
Total: 6.159600 ms (FindLiveObjects: 0.442500 ms CreateObjectMapping: 0.329900 ms MarkObjects: 5.280300 ms  DeleteObjects: 0.104200 ms)

AssetImportParameters requested are different than current active one (requested -> active):
  custom:video-decoder-ogg-theora: a1e56fd34408186e4bbccfd4996cb3dc -> 
  custom:container-muxer-webm: aa71ff27fc2769a1b78a27578f13a17b -> 
  custom:container-demuxer-webm: 4f35f7cbe854078d1ac9338744f61a02 -> 
  custom:video-encoder-webm-vp8: eb34c28f22e8b96e1ab97ce403110664 -> 
  custom:video-codec-MediaFoundation-h265: 746d11721c4dcdbdad8f713fa42b33f4 -> 
  custom:CustomObjectIndexerAttribute: bc11b3a6c3213fcdd17b65e7da85e133 -> 
  custom:audio-encoder-webm-vorbis: bf7c407c2cedff20999df2af8eb42d56 -> 
  custom:framework-win-MediaFoundation: 216162199b28c13a410421893ffa2e32 -> 
  custom:SearchIndexIgnoredProperties: e643bd26f0fe6173181afceb89e7c659 -> 
  custom:container-demuxer-ogg: 62fdf1f143b41e24485cea50d1cbac27 -> 
  custom:video-decoder-webm-vp8: 9c59270c3fd7afecdb556c50c9e8de78 -> 
  custom:audio-decoder-ogg-vorbis: bf7c407c2cedff20999df2af8eb42d56 -> 
========================================================================
Received Import Request.
  Time since last request: 227093.184534 seconds.
  path: Assets/Violet Theme Ui/Colored Icons/apple green.png
  artifactKey: Guid(375a132719b8f114aadcfda6bf62f8b1) Importer(815301076,1909f56bfc062723c751e8b465ee728b)
Number of updated assets reloaded before import = 0
Start importing Assets/Violet Theme Ui/Colored Icons/apple green.png using Guid(375a132719b8f114aadcfda6bf62f8b1) Importer(815301076,1909f56bfc062723c751e8b465ee728b)  -> (artifact id: '450bafd636af9d9a42e04815ff1f9f00') in 0.102800 seconds 
Number of asset objects unloaded after import = 3
========================================================================
Received Import Request.
  Time since last request: 0.000025 seconds.
  path: Assets/Store Assets/Traint/Free Casual Buttons Pack/Sprites/005 Yellow/Button 003.png
  artifactKey: Guid(394dad7666780e0409b483befc4f8d67) Importer(815301076,1909f56bfc062723c751e8b465ee728b)
Number of updated assets reloaded before import = 0
Start importing Assets/Store Assets/Traint/Free Casual Buttons Pack/Sprites/005 Yellow/Button 003.png using Guid(394dad7666780e0409b483befc4f8d67) Importer(815301076,1909f56bfc062723c751e8b465ee728b)  -> (artifact id: '320628c6d42b5359b1f2b7f9dd655382') in 0.059716 seconds 
Number of asset objects unloaded after import = 3
========================================================================
Received Import Request.
  Time since last request: 0.000031 seconds.
  path: Assets/Store Assets/Traint/Free Casual Buttons Pack/Sprites/001 Red/Button 004.png
  artifactKey: Guid(24e610e03493dcb48aa381daf17be51c) Importer(815301076,1909f56bfc062723c751e8b465ee728b)
Number of updated assets reloaded before import = 0
Start importing Assets/Store Assets/Traint/Free Casual Buttons Pack/Sprites/001 Red/Button 004.png using Guid(24e610e03493dcb48aa381daf17be51c) Importer(815301076,1909f56bfc062723c751e8b465ee728b)  -> (artifact id: 'c951688235975e0ae111662e7beeef45') in 0.045784 seconds 
Number of asset objects unloaded after import = 3
========================================================================
Received Import Request.
  Time since last request: 0.000022 seconds.
  path: Assets/Store Assets/Traint/Free Casual Buttons Pack/Sprites/007 Light Green/Button 002.png
  artifactKey: Guid(068b7461b12cd25438d805e30de13d44) Importer(815301076,1909f56bfc062723c751e8b465ee728b)
Number of updated assets reloaded before import = 0
Start importing Assets/Store Assets/Traint/Free Casual Buttons Pack/Sprites/007 Light Green/Button 002.png using Guid(068b7461b12cd25438d805e30de13d44) Importer(815301076,1909f56bfc062723c751e8b465ee728b)  -> (artifact id: 'e45111c6e47a5a1650f72b0b76e8b23a') in 0.066267 seconds 
Number of asset objects unloaded after import = 3
========================================================================
Received Import Request.
  Time since last request: 0.000021 seconds.
  path: Assets/Store Assets/Traint/Free Casual Buttons Pack/Sprites/004 Light Orange/Button 004.png
  artifactKey: Guid(079b713bad7b0d14493c1eb01679b3f8) Importer(815301076,1909f56bfc062723c751e8b465ee728b)
Number of updated assets reloaded before import = 0
Start importing Assets/Store Assets/Traint/Free Casual Buttons Pack/Sprites/004 Light Orange/Button 004.png using Guid(079b713bad7b0d14493c1eb01679b3f8) Importer(815301076,1909f56bfc062723c751e8b465ee728b)  -> (artifact id: '0e2f0d93f6ea0d61e63cd8476f3723af') in 0.042373 seconds 
Number of asset objects unloaded after import = 3
========================================================================
Received Import Request.
  Time since last request: 0.000022 seconds.
  path: Assets/Store Assets/Traint/Free Casual Buttons Pack/Sprites/005 Yellow/Button 001.png
  artifactKey: Guid(7db34d6bb4a9bee47b715a74b0ea5aac) Importer(815301076,1909f56bfc062723c751e8b465ee728b)
Number of updated assets reloaded before import = 0
Start importing Assets/Store Assets/Traint/Free Casual Buttons Pack/Sprites/005 Yellow/Button 001.png using Guid(7db34d6bb4a9bee47b715a74b0ea5aac) Importer(815301076,1909f56bfc062723c751e8b465ee728b)  -> (artifact id: '8acf6c3e46e638c3b4d643b306807af5') in 0.041350 seconds 
Number of asset objects unloaded after import = 3
========================================================================
Received Import Request.
  Time since last request: 0.000019 seconds.
  path: Assets/Store Assets/Traint/Free Casual Buttons Pack/Sprites/007 Light Green/Button 001.png
  artifactKey: Guid(f896e811553f7df41bde7ad0c513f7ee) Importer(815301076,1909f56bfc062723c751e8b465ee728b)
Number of updated assets reloaded before import = 0
Start importing Assets/Store Assets/Traint/Free Casual Buttons Pack/Sprites/007 Light Green/Button 001.png using Guid(f896e811553f7df41bde7ad0c513f7ee) Importer(815301076,1909f56bfc062723c751e8b465ee728b)  -> (artifact id: '2a7e71873ff4d5344ad4d55ee54cf621') in 0.042584 seconds 
Number of asset objects unloaded after import = 3
========================================================================
Received Import Request.
  Time since last request: 0.000021 seconds.
  path: Assets/Store Assets/Traint/Free Casual Buttons Pack/Sprites/001 Red/Button 005.png
  artifactKey: Guid(4ad1cc38ec4a0f243b88d3cee6887a7c) Importer(815301076,1909f56bfc062723c751e8b465ee728b)
Number of updated assets reloaded before import = 0
Start importing Assets/Store Assets/Traint/Free Casual Buttons Pack/Sprites/001 Red/Button 005.png using Guid(4ad1cc38ec4a0f243b88d3cee6887a7c) Importer(815301076,1909f56bfc062723c751e8b465ee728b)  -> (artifact id: 'ee83441941793c7d9f602a92fb5428bc') in 0.050787 seconds 
Number of asset objects unloaded after import = 3
========================================================================
Received Import Request.
  Time since last request: 0.000038 seconds.
  path: Assets/Store Assets/Traint/Free Casual Buttons Pack/Sprites/007 Light Green/Button 004.png
  artifactKey: Guid(b6c648d89d1eb994f8bfdbec11851e1f) Importer(815301076,1909f56bfc062723c751e8b465ee728b)
Number of updated assets reloaded before import = 0
Start importing Assets/Store Assets/Traint/Free Casual Buttons Pack/Sprites/007 Light Green/Button 004.png using Guid(b6c648d89d1eb994f8bfdbec11851e1f) Importer(815301076,1909f56bfc062723c751e8b465ee728b)  -> (artifact id: '6e77ef101ff5cf3b4e0fcff23c58bf8a') in 0.042693 seconds 
Number of asset objects unloaded after import = 3
========================================================================
Received Import Request.
  Time since last request: 0.000022 seconds.
  path: Assets/Store Assets/Traint/Free Casual Buttons Pack/Sprites/003 Orange/Button 006.png
  artifactKey: Guid(5f9d47a6a68f15a4ea06407bd52be76d) Importer(815301076,1909f56bfc062723c751e8b465ee728b)
Number of updated assets reloaded before import = 0
Start importing Assets/Store Assets/Traint/Free Casual Buttons Pack/Sprites/003 Orange/Button 006.png using Guid(5f9d47a6a68f15a4ea06407bd52be76d) Importer(815301076,1909f56bfc062723c751e8b465ee728b)  -> (artifact id: '575cbe59824adb82b36c783a4a9c35f6') in 0.040423 seconds 
Number of asset objects unloaded after import = 3
========================================================================
Received Import Request.
  Time since last request: 0.000022 seconds.
  path: Assets/Store Assets/Traint/Free Casual Buttons Pack/Sprites/004 Light Orange/Button 002.png
  artifactKey: Guid(8b47283c79f455f4fb40d22dcdc194ae) Importer(815301076,1909f56bfc062723c751e8b465ee728b)
Number of updated assets reloaded before import = 0
Start importing Assets/Store Assets/Traint/Free Casual Buttons Pack/Sprites/004 Light Orange/Button 002.png using Guid(8b47283c79f455f4fb40d22dcdc194ae) Importer(815301076,1909f56bfc062723c751e8b465ee728b)  -> (artifact id: 'e09cc8de24c6d7faedc774c4024af358') in 0.046477 seconds 
Number of asset objects unloaded after import = 3
========================================================================
Received Import Request.
  Time since last request: 0.000021 seconds.
  path: Assets/Store Assets/Traint/Free Casual Buttons Pack/Sprites/001 Red/Button 001.png
  artifactKey: Guid(a16fe5577908e894c9da4b29737db41d) Importer(815301076,1909f56bfc062723c751e8b465ee728b)
Number of updated assets reloaded before import = 0
Start importing Assets/Store Assets/Traint/Free Casual Buttons Pack/Sprites/001 Red/Button 001.png using Guid(a16fe5577908e894c9da4b29737db41d) Importer(815301076,1909f56bfc062723c751e8b465ee728b)  -> (artifact id: 'b7fc6426b53d6ada8edf05317571012f') in 0.042246 seconds 
Number of asset objects unloaded after import = 3
========================================================================
Received Import Request.
  Time since last request: 0.000020 seconds.
  path: Assets/Violet Theme Ui/Colored Icons/Bag.png
  artifactKey: Guid(416d7ad4879a2ec4c99603e9260521e1) Importer(815301076,1909f56bfc062723c751e8b465ee728b)
Number of updated assets reloaded before import = 0
Start importing Assets/Violet Theme Ui/Colored Icons/Bag.png using Guid(416d7ad4879a2ec4c99603e9260521e1) Importer(815301076,1909f56bfc062723c751e8b465ee728b)  -> (artifact id: 'ec6a21f4c0ebefc5a12e92f336835061') in 0.038790 seconds 
Number of asset objects unloaded after import = 3
========================================================================
Received Import Request.
  Time since last request: 0.000025 seconds.
  path: Assets/Store Assets/Simple Vector Icons/Sample/Background.png
  artifactKey: Guid(e6cd08d9695a740d0a092e8bbee6c1aa) Importer(815301076,1909f56bfc062723c751e8b465ee728b)
Number of updated assets reloaded before import = 0
Start importing Assets/Store Assets/Simple Vector Icons/Sample/Background.png using Guid(e6cd08d9695a740d0a092e8bbee6c1aa) Importer(815301076,1909f56bfc062723c751e8b465ee728b)  -> (artifact id: '2113985bc206060d404f4eb2081c7c30') in 0.144024 seconds 
Number of asset objects unloaded after import = 3
========================================================================
Received Import Request.
  Time since last request: 0.000033 seconds.
  path: Assets/Store Assets/Traint/Free Casual Buttons Pack/Sprites/003 Orange/Button 002.png
  artifactKey: Guid(de24591c3b5152649bb3aed5198159ab) Importer(815301076,1909f56bfc062723c751e8b465ee728b)
Number of updated assets reloaded before import = 0
Start importing Assets/Store Assets/Traint/Free Casual Buttons Pack/Sprites/003 Orange/Button 002.png using Guid(de24591c3b5152649bb3aed5198159ab) Importer(815301076,1909f56bfc062723c751e8b465ee728b)  -> (artifact id: '58cca89184d6216d147c8d09009659c1') in 0.043663 seconds 
Number of asset objects unloaded after import = 3
========================================================================
Received Import Request.
  Time since last request: 0.000023 seconds.
  path: Assets/Violet Theme Ui/Colored Icons/Bomb.png
  artifactKey: Guid(15bfc70256f3dbe4abc84ce6ffacf11c) Importer(815301076,1909f56bfc062723c751e8b465ee728b)
Number of updated assets reloaded before import = 0
Start importing Assets/Violet Theme Ui/Colored Icons/Bomb.png using Guid(15bfc70256f3dbe4abc84ce6ffacf11c) Importer(815301076,1909f56bfc062723c751e8b465ee728b)  -> (artifact id: 'e9c4fac5dc4d5782c8f7b0d620d0a6e2') in 0.039553 seconds 
Number of asset objects unloaded after import = 3
========================================================================
Received Import Request.
  Time since last request: 0.000024 seconds.
  path: Assets/Store Assets/Traint/Free Casual Buttons Pack/Sprites/008 Light Blue/Button 005.png
  artifactKey: Guid(182ce0d86b616b3438425c0689d52675) Importer(815301076,1909f56bfc062723c751e8b465ee728b)
Number of updated assets reloaded before import = 0
Start importing Assets/Store Assets/Traint/Free Casual Buttons Pack/Sprites/008 Light Blue/Button 005.png using Guid(182ce0d86b616b3438425c0689d52675) Importer(815301076,1909f56bfc062723c751e8b465ee728b)  -> (artifact id: '272ba913c46e46d5c607ee91ebbc07de') in 0.045698 seconds 
Number of asset objects unloaded after import = 3
========================================================================
Received Import Request.
  Time since last request: 0.000023 seconds.
  path: Assets/Store Assets/Traint/Free Casual Buttons Pack/Sprites/008 Light Blue/Button 006.png
  artifactKey: Guid(9c05cd00799c85243928e9b7a5a6c03f) Importer(815301076,1909f56bfc062723c751e8b465ee728b)
Number of updated assets reloaded before import = 0
Start importing Assets/Store Assets/Traint/Free Casual Buttons Pack/Sprites/008 Light Blue/Button 006.png using Guid(9c05cd00799c85243928e9b7a5a6c03f) Importer(815301076,1909f56bfc062723c751e8b465ee728b)  -> (artifact id: '0dac86354aa0013b7f81510abbae7423') in 0.047053 seconds 
Number of asset objects unloaded after import = 3
========================================================================
Received Import Request.
  Time since last request: 0.000035 seconds.
  path: Assets/Store Assets/Traint/Free Casual Buttons Pack/Sprites/009 Blue/Button 003.png
  artifactKey: Guid(29a11d6eac8083545a80209ce879da11) Importer(815301076,1909f56bfc062723c751e8b465ee728b)
Number of updated assets reloaded before import = 0
Start importing Assets/Store Assets/Traint/Free Casual Buttons Pack/Sprites/009 Blue/Button 003.png using Guid(29a11d6eac8083545a80209ce879da11) Importer(815301076,1909f56bfc062723c751e8b465ee728b)  -> (artifact id: 'e535498f54e5d425bda3ec4bd945ce97') in 0.045241 seconds 
Number of asset objects unloaded after import = 3
========================================================================
Received Import Request.
  Time since last request: 0.000041 seconds.
  path: Assets/Store Assets/Traint/Free Casual Buttons Pack/Sprites/003 Orange/Button 003.png
  artifactKey: Guid(98f5dbbb13549dd4aa8c1d5e0a66183a) Importer(815301076,1909f56bfc062723c751e8b465ee728b)
Number of updated assets reloaded before import = 0
Start importing Assets/Store Assets/Traint/Free Casual Buttons Pack/Sprites/003 Orange/Button 003.png using Guid(98f5dbbb13549dd4aa8c1d5e0a66183a) Importer(815301076,1909f56bfc062723c751e8b465ee728b)  -> (artifact id: 'b8710d32fab6b3d14c10aa9e941afc08') in 0.048196 seconds 
Number of asset objects unloaded after import = 3
========================================================================
Received Import Request.
  Time since last request: 0.000042 seconds.
  path: Assets/Store Assets/Traint/Free Casual Buttons Pack/Sprites/006 Light Yellow/Button 004.png
  artifactKey: Guid(faca055d8a51aaa4ab4730b3423062eb) Importer(815301076,1909f56bfc062723c751e8b465ee728b)
Number of updated assets reloaded before import = 0
Start importing Assets/Store Assets/Traint/Free Casual Buttons Pack/Sprites/006 Light Yellow/Button 004.png using Guid(faca055d8a51aaa4ab4730b3423062eb) Importer(815301076,1909f56bfc062723c751e8b465ee728b)  -> (artifact id: '99f699460d879e36b014613474a8eb37') in 0.044735 seconds 
Number of asset objects unloaded after import = 3
========================================================================
Received Import Request.
  Time since last request: 0.000032 seconds.
  path: Assets/Violet Theme Ui/Colored Icons/Box.png
  artifactKey: Guid(45ab094653c66ba40a2ca337adf32ff4) Importer(815301076,1909f56bfc062723c751e8b465ee728b)
Number of updated assets reloaded before import = 0
Start importing Assets/Violet Theme Ui/Colored Icons/Box.png using Guid(45ab094653c66ba40a2ca337adf32ff4) Importer(815301076,1909f56bfc062723c751e8b465ee728b)  -> (artifact id: 'd4344034ee69f2d364ff0a70b4fd355b') in 0.035705 seconds 
Number of asset objects unloaded after import = 3
========================================================================
Received Import Request.
  Time since last request: 0.000025 seconds.
  path: Assets/Store Assets/Traint/Free Casual Buttons Pack/Sprites/006 Light Yellow/Button 003.png
  artifactKey: Guid(466dfaadf4f4ff7428855434c864f907) Importer(815301076,1909f56bfc062723c751e8b465ee728b)
Number of updated assets reloaded before import = 0
Start importing Assets/Store Assets/Traint/Free Casual Buttons Pack/Sprites/006 Light Yellow/Button 003.png using Guid(466dfaadf4f4ff7428855434c864f907) Importer(815301076,1909f56bfc062723c751e8b465ee728b)  -> (artifact id: 'b9fadb2f072d5281e2606b038d98d1f8') in 0.047621 seconds 
Number of asset objects unloaded after import = 3
========================================================================
Received Import Request.
  Time since last request: 0.000027 seconds.
  path: Assets/Store Assets/Traint/Free Casual Buttons Pack/Sprites/005 Yellow/Button 004.png
  artifactKey: Guid(c70a2c1528499a24295f6608c5476d17) Importer(815301076,1909f56bfc062723c751e8b465ee728b)
Number of updated assets reloaded before import = 0
Start importing Assets/Store Assets/Traint/Free Casual Buttons Pack/Sprites/005 Yellow/Button 004.png using Guid(c70a2c1528499a24295f6608c5476d17) Importer(815301076,1909f56bfc062723c751e8b465ee728b)  -> (artifact id: 'a05458d0cc32ec6d168ccb3ec3e9851d') in 0.050719 seconds 
Number of asset objects unloaded after import = 3
========================================================================
Received Import Request.
  Time since last request: 0.000024 seconds.
  path: Assets/Store Assets/Traint/Free Casual Buttons Pack/Sprites/004 Light Orange/Button 003.png
  artifactKey: Guid(4e4f46de12e8db7438d887e7e6598cd5) Importer(815301076,1909f56bfc062723c751e8b465ee728b)
Number of updated assets reloaded before import = 0
Start importing Assets/Store Assets/Traint/Free Casual Buttons Pack/Sprites/004 Light Orange/Button 003.png using Guid(4e4f46de12e8db7438d887e7e6598cd5) Importer(815301076,1909f56bfc062723c751e8b465ee728b)  -> (artifact id: 'cb6d12ac57c26a7457a616738e87734a') in 0.047170 seconds 
Number of asset objects unloaded after import = 3
========================================================================
Received Import Request.
  Time since last request: 0.000064 seconds.
  path: Assets/Store Assets/Traint/Free Casual Buttons Pack/Sprites/005 Yellow/Button 002.png
  artifactKey: Guid(921d4588f2eb42841a680c6dd57d4dcb) Importer(815301076,1909f56bfc062723c751e8b465ee728b)
Number of updated assets reloaded before import = 0
Start importing Assets/Store Assets/Traint/Free Casual Buttons Pack/Sprites/005 Yellow/Button 002.png using Guid(921d4588f2eb42841a680c6dd57d4dcb) Importer(815301076,1909f56bfc062723c751e8b465ee728b)  -> (artifact id: '67dbcebf14ca443b74879412de4ab8d6') in 0.045446 seconds 
Number of asset objects unloaded after import = 3
========================================================================
Received Import Request.
  Time since last request: 0.000035 seconds.
  path: Assets/Store Assets/Traint/Free Casual Buttons Pack/Sprites/009 Blue/Button 005.png
  artifactKey: Guid(dd9ed5ce1e8fb82428e007a4a218efb5) Importer(815301076,1909f56bfc062723c751e8b465ee728b)
Number of updated assets reloaded before import = 0
Start importing Assets/Store Assets/Traint/Free Casual Buttons Pack/Sprites/009 Blue/Button 005.png using Guid(dd9ed5ce1e8fb82428e007a4a218efb5) Importer(815301076,1909f56bfc062723c751e8b465ee728b)  -> (artifact id: 'd131ad6df1272f0ccb2b1b473666e527') in 0.046098 seconds 
Number of asset objects unloaded after import = 3
========================================================================
Received Import Request.
  Time since last request: 0.000026 seconds.
  path: Assets/Store Assets/Traint/Free Casual Buttons Pack/Sprites/001 Red/Button 003.png
  artifactKey: Guid(1c0ec99c802c1c141994ff3dd4132dcb) Importer(815301076,1909f56bfc062723c751e8b465ee728b)
Number of updated assets reloaded before import = 0
Start importing Assets/Store Assets/Traint/Free Casual Buttons Pack/Sprites/001 Red/Button 003.png using Guid(1c0ec99c802c1c141994ff3dd4132dcb) Importer(815301076,1909f56bfc062723c751e8b465ee728b)  -> (artifact id: 'ded038b33fc233361bbc25d1637c923c') in 0.041372 seconds 
Number of asset objects unloaded after import = 3
========================================================================
Received Import Request.
  Time since last request: 0.000032 seconds.
  path: Assets/Store Assets/Traint/Free Casual Buttons Pack/Sprites/002 Bright Red/Button 005.png
  artifactKey: Guid(ccef5bacbd9543b4fa5caddeb48da3b1) Importer(815301076,1909f56bfc062723c751e8b465ee728b)
Number of updated assets reloaded before import = 0
Start importing Assets/Store Assets/Traint/Free Casual Buttons Pack/Sprites/002 Bright Red/Button 005.png using Guid(ccef5bacbd9543b4fa5caddeb48da3b1) Importer(815301076,1909f56bfc062723c751e8b465ee728b)  -> (artifact id: '4364bd714a8380e99f7df954923d2e44') in 0.046742 seconds 
Number of asset objects unloaded after import = 3
========================================================================
Received Import Request.
  Time since last request: 0.000029 seconds.
  path: Assets/Store Assets/Traint/Free Casual Buttons Pack/Sprites/002 Bright Red/Button 004.png
  artifactKey: Guid(22ac7f751d1ef584e84b2715befbdfc8) Importer(815301076,1909f56bfc062723c751e8b465ee728b)
Number of updated assets reloaded before import = 0
Start importing Assets/Store Assets/Traint/Free Casual Buttons Pack/Sprites/002 Bright Red/Button 004.png using Guid(22ac7f751d1ef584e84b2715befbdfc8) Importer(815301076,1909f56bfc062723c751e8b465ee728b)  -> (artifact id: 'a14b6cfe01c79de6a63507f3cd5326c7') in 0.044233 seconds 
Number of asset objects unloaded after import = 3
========================================================================
Received Import Request.
  Time since last request: 2.990637 seconds.
  path: Assets/Store Assets/Traint/Free Casual Buttons Pack/Sprites/005 Yellow/Button 006.png
  artifactKey: Guid(4916c40686169f548859d7a5625669eb) Importer(815301076,1909f56bfc062723c751e8b465ee728b)
Number of updated assets reloaded before import = 0
Start importing Assets/Store Assets/Traint/Free Casual Buttons Pack/Sprites/005 Yellow/Button 006.png using Guid(4916c40686169f548859d7a5625669eb) Importer(815301076,1909f56bfc062723c751e8b465ee728b)  -> (artifact id: 'ed47e13b5692bd472124e443b872cf4a') in 0.054611 seconds 
Number of asset objects unloaded after import = 3
========================================================================
Received Import Request.
  Time since last request: 0.000014 seconds.
  path: Assets/Store Assets/Traint/Free Casual Buttons Pack/Sprites/002 Bright Red/Button 006.png
  artifactKey: Guid(34afb022cfcdd6d47bf25ac41e09cb0b) Importer(815301076,1909f56bfc062723c751e8b465ee728b)
Number of updated assets reloaded before import = 0
Start importing Assets/Store Assets/Traint/Free Casual Buttons Pack/Sprites/002 Bright Red/Button 006.png using Guid(34afb022cfcdd6d47bf25ac41e09cb0b) Importer(815301076,1909f56bfc062723c751e8b465ee728b)  -> (artifact id: '2f966280e267509f5ce00288426811e8') in 0.048020 seconds 
Number of asset objects unloaded after import = 3
========================================================================
Received Import Request.
  Time since last request: 0.000021 seconds.
  path: Assets/Store Assets/Traint/Free Casual Buttons Pack/Sprites/004 Light Orange/Button 007.png
  artifactKey: Guid(fefd92a401a067d46b9ff7bdade0ec70) Importer(815301076,1909f56bfc062723c751e8b465ee728b)
Number of updated assets reloaded before import = 0
Start importing Assets/Store Assets/Traint/Free Casual Buttons Pack/Sprites/004 Light Orange/Button 007.png using Guid(fefd92a401a067d46b9ff7bdade0ec70) Importer(815301076,1909f56bfc062723c751e8b465ee728b)  -> (artifact id: '802d981125da97cd5a68dd8c29749828') in 0.040974 seconds 
Number of asset objects unloaded after import = 3
========================================================================
Received Import Request.
  Time since last request: 0.000039 seconds.
  path: Assets/Store Assets/Traint/Free Casual Buttons Pack/Sprites/007 Light Green/Button 006.png
  artifactKey: Guid(2070ba89f5aad4b408a4b0ddb3882aac) Importer(815301076,1909f56bfc062723c751e8b465ee728b)
Number of updated assets reloaded before import = 0
Start importing Assets/Store Assets/Traint/Free Casual Buttons Pack/Sprites/007 Light Green/Button 006.png using Guid(2070ba89f5aad4b408a4b0ddb3882aac) Importer(815301076,1909f56bfc062723c751e8b465ee728b)  -> (artifact id: '698774eba1c13d64d85b87f69fa7582d') in 0.050926 seconds 
Number of asset objects unloaded after import = 3
========================================================================
Received Import Request.
  Time since last request: 0.034335 seconds.
  path: Assets/Store Assets/Traint/Free Casual Buttons Pack/Sprites/009 Blue/Button 007.png
  artifactKey: Guid(fef7981251be40347bf3fa1a6b044282) Importer(815301076,1909f56bfc062723c751e8b465ee728b)
Number of updated assets reloaded before import = 0
Start importing Assets/Store Assets/Traint/Free Casual Buttons Pack/Sprites/009 Blue/Button 007.png using Guid(fef7981251be40347bf3fa1a6b044282) Importer(815301076,1909f56bfc062723c751e8b465ee728b)  -> (artifact id: '486903e260e3dcb3fb95443dcd2c07a9') in 0.053279 seconds 
Number of asset objects unloaded after import = 3
========================================================================
Received Import Request.
  Time since last request: 0.000018 seconds.
  path: Assets/Store Assets/Traint/Free Casual Buttons Pack/Sprites/002 Bright Red/Button 008.png
  artifactKey: Guid(b4f965a4774308348ba017e4a331f74e) Importer(815301076,1909f56bfc062723c751e8b465ee728b)
Number of updated assets reloaded before import = 0
Start importing Assets/Store Assets/Traint/Free Casual Buttons Pack/Sprites/002 Bright Red/Button 008.png using Guid(b4f965a4774308348ba017e4a331f74e) Importer(815301076,1909f56bfc062723c751e8b465ee728b)  -> (artifact id: '862e458e6d8428cff0518b7d5d63f258') in 0.054762 seconds 
Number of asset objects unloaded after import = 3
========================================================================
Received Import Request.
  Time since last request: 0.000021 seconds.
  path: Assets/Store Assets/Traint/Free Casual Buttons Pack/Sprites/001 Red/Button 008.png
  artifactKey: Guid(b1f39aded351fc943b885c58989cc442) Importer(815301076,1909f56bfc062723c751e8b465ee728b)
Number of updated assets reloaded before import = 0
Start importing Assets/Store Assets/Traint/Free Casual Buttons Pack/Sprites/001 Red/Button 008.png using Guid(b1f39aded351fc943b885c58989cc442) Importer(815301076,1909f56bfc062723c751e8b465ee728b)  -> (artifact id: 'f0d413832570591ceb9b8fd2de181c05') in 0.041614 seconds 
Number of asset objects unloaded after import = 3
========================================================================
Received Import Request.
  Time since last request: 0.000019 seconds.
  path: Assets/Store Assets/Traint/Free Casual Buttons Pack/Sprites/006 Light Yellow/Button 008.png
  artifactKey: Guid(3b8dca38b8cc5e948968ecc620965ef8) Importer(815301076,1909f56bfc062723c751e8b465ee728b)
Number of updated assets reloaded before import = 0
Start importing Assets/Store Assets/Traint/Free Casual Buttons Pack/Sprites/006 Light Yellow/Button 008.png using Guid(3b8dca38b8cc5e948968ecc620965ef8) Importer(815301076,1909f56bfc062723c751e8b465ee728b)  -> (artifact id: '58a8530f93ef63dce5c26ee2990aa421') in 0.043638 seconds 
Number of asset objects unloaded after import = 3
========================================================================
Received Import Request.
  Time since last request: 0.206441 seconds.
  path: Assets/Store Assets/Traint/Free Casual Buttons Pack/Sprites/009 Blue/Button 009.png
  artifactKey: Guid(81d09755958c6ff4fbb10edf0bc75836) Importer(815301076,1909f56bfc062723c751e8b465ee728b)
Number of updated assets reloaded before import = 0
Start importing Assets/Store Assets/Traint/Free Casual Buttons Pack/Sprites/009 Blue/Button 009.png using Guid(81d09755958c6ff4fbb10edf0bc75836) Importer(815301076,1909f56bfc062723c751e8b465ee728b)  -> (artifact id: 'dd2ba8a8b3e122979e650d34eeb73584') in 0.081095 seconds 
Number of asset objects unloaded after import = 3
========================================================================
Received Import Request.
  Time since last request: 0.000041 seconds.
  path: Assets/Store Assets/Traint/Free Casual Buttons Pack/Sprites/007 Light Green/Button 009.png
  artifactKey: Guid(fcc02bad6cabc7f4b82349b26a40c5e8) Importer(815301076,1909f56bfc062723c751e8b465ee728b)
Number of updated assets reloaded before import = 0
Start importing Assets/Store Assets/Traint/Free Casual Buttons Pack/Sprites/007 Light Green/Button 009.png using Guid(fcc02bad6cabc7f4b82349b26a40c5e8) Importer(815301076,1909f56bfc062723c751e8b465ee728b)  -> (artifact id: '8bd46ff189f662db2e30aa790cafde14') in 0.051120 seconds 
Number of asset objects unloaded after import = 3
========================================================================
Received Import Request.
  Time since last request: 0.000031 seconds.
  path: Assets/Store Assets/Traint/Free Casual Buttons Pack/Sprites/007 Light Green/Button 010.png
  artifactKey: Guid(d9e4647a19497274d9fad884a7b993dc) Importer(815301076,1909f56bfc062723c751e8b465ee728b)
Number of updated assets reloaded before import = 0
Start importing Assets/Store Assets/Traint/Free Casual Buttons Pack/Sprites/007 Light Green/Button 010.png using Guid(d9e4647a19497274d9fad884a7b993dc) Importer(815301076,1909f56bfc062723c751e8b465ee728b)  -> (artifact id: '4b90c02d0b574b5f1f887421e1d15cfb') in 0.062224 seconds 
Number of asset objects unloaded after import = 3
========================================================================
Received Import Request.
  Time since last request: 0.000035 seconds.
  path: Assets/Store Assets/Traint/Free Casual Buttons Pack/Sprites/008 Light Blue/Button 009.png
  artifactKey: Guid(54940d32b142dad4ea656902045a162f) Importer(815301076,1909f56bfc062723c751e8b465ee728b)
Number of updated assets reloaded before import = 0
Start importing Assets/Store Assets/Traint/Free Casual Buttons Pack/Sprites/008 Light Blue/Button 009.png using Guid(54940d32b142dad4ea656902045a162f) Importer(815301076,1909f56bfc062723c751e8b465ee728b)  -> (artifact id: '8cf64d9ebf675367f5f79d7f7607486a') in 0.044464 seconds 
Number of asset objects unloaded after import = 3
========================================================================
Received Import Request.
  Time since last request: 0.000031 seconds.
  path: Assets/Store Assets/Traint/Free Casual Buttons Pack/Sprites/005 Yellow/Button 011.png
  artifactKey: Guid(ada74fbab91e28a4aabe9dd23b94d561) Importer(815301076,1909f56bfc062723c751e8b465ee728b)
Number of updated assets reloaded before import = 0
Start importing Assets/Store Assets/Traint/Free Casual Buttons Pack/Sprites/005 Yellow/Button 011.png using Guid(ada74fbab91e28a4aabe9dd23b94d561) Importer(815301076,1909f56bfc062723c751e8b465ee728b)  -> (artifact id: '93e14e6c6bcbb0dd5b71de5c35f87e1d') in 0.071211 seconds 
Number of asset objects unloaded after import = 3
========================================================================
Received Import Request.
  Time since last request: 0.000016 seconds.
  path: Assets/Store Assets/Traint/Free Casual Buttons Pack/Sprites/008 Light Blue/Button 011.png
  artifactKey: Guid(5e73f76abbcc24c4d89aa88f0148e5c2) Importer(815301076,1909f56bfc062723c751e8b465ee728b)
Number of updated assets reloaded before import = 0
Start importing Assets/Store Assets/Traint/Free Casual Buttons Pack/Sprites/008 Light Blue/Button 011.png using Guid(5e73f76abbcc24c4d89aa88f0148e5c2) Importer(815301076,1909f56bfc062723c751e8b465ee728b)  -> (artifact id: '5d720db2eaf403e59d77e367452b5436') in 0.047687 seconds 
Number of asset objects unloaded after import = 3
========================================================================
Received Import Request.
  Time since last request: 0.000018 seconds.
  path: Assets/Store Assets/Traint/Free Casual Buttons Pack/Sprites/001 Red/Button 011.png
  artifactKey: Guid(6b0fc0355660f7e4d9616fe406a2c04b) Importer(815301076,1909f56bfc062723c751e8b465ee728b)
Number of updated assets reloaded before import = 0
Start importing Assets/Store Assets/Traint/Free Casual Buttons Pack/Sprites/001 Red/Button 011.png using Guid(6b0fc0355660f7e4d9616fe406a2c04b) Importer(815301076,1909f56bfc062723c751e8b465ee728b)  -> (artifact id: 'e293f9875ad54a6d2042a46a85a5be92') in 0.049652 seconds 
Number of asset objects unloaded after import = 3
========================================================================
Received Import Request.
  Time since last request: 0.000030 seconds.
  path: Assets/Store Assets/Traint/Free Casual Buttons Pack/Sprites/002 Bright Red/Button 010.png
  artifactKey: Guid(12c28ba7930cbf54686b3cdcacc51c47) Importer(815301076,1909f56bfc062723c751e8b465ee728b)
Number of updated assets reloaded before import = 0
Start importing Assets/Store Assets/Traint/Free Casual Buttons Pack/Sprites/002 Bright Red/Button 010.png using Guid(12c28ba7930cbf54686b3cdcacc51c47) Importer(815301076,1909f56bfc062723c751e8b465ee728b)  -> (artifact id: 'e05bb47b6ed4d6fcacdc1af7b39a734b') in 0.053961 seconds 
Number of asset objects unloaded after import = 3
========================================================================
Received Import Request.
  Time since last request: 0.626274 seconds.
  path: Assets/Store Assets/Traint/Free Casual Buttons Pack/Sprites/007 Light Green/Button 011.png
  artifactKey: Guid(93b1a3755d492804d90be0327cf63336) Importer(815301076,1909f56bfc062723c751e8b465ee728b)
Number of updated assets reloaded before import = 0
Start importing Assets/Store Assets/Traint/Free Casual Buttons Pack/Sprites/007 Light Green/Button 011.png using Guid(93b1a3755d492804d90be0327cf63336) Importer(815301076,1909f56bfc062723c751e8b465ee728b)  -> (artifact id: 'b3e2d791c2111f04a2d8613472dadb09') in 0.071037 seconds 
Number of asset objects unloaded after import = 3
========================================================================
Received Import Request.
  Time since last request: 0.000015 seconds.
  path: Assets/Store Assets/Traint/Free Casual Buttons Pack/Sprites/002 Bright Red/Button 012.png
  artifactKey: Guid(e9cd3c016b7093648afe20f8343ec057) Importer(815301076,1909f56bfc062723c751e8b465ee728b)
Number of updated assets reloaded before import = 0
Start importing Assets/Store Assets/Traint/Free Casual Buttons Pack/Sprites/002 Bright Red/Button 012.png using Guid(e9cd3c016b7093648afe20f8343ec057) Importer(815301076,1909f56bfc062723c751e8b465ee728b)  -> (artifact id: '1cca1ffe9441a0fc90234b696050b10b') in 0.065571 seconds 
Number of asset objects unloaded after import = 3
========================================================================
Received Import Request.
  Time since last request: 0.000040 seconds.
  path: Assets/Store Assets/Traint/Free Casual Buttons Pack/Sprites/001 Red/Button 012.png
  artifactKey: Guid(9e5314a60d10460439af9fd6f982f783) Importer(815301076,1909f56bfc062723c751e8b465ee728b)
Number of updated assets reloaded before import = 0
Start importing Assets/Store Assets/Traint/Free Casual Buttons Pack/Sprites/001 Red/Button 012.png using Guid(9e5314a60d10460439af9fd6f982f783) Importer(815301076,1909f56bfc062723c751e8b465ee728b)  -> (artifact id: 'a50243d9e2d791af81c245484464a1c8') in 0.049095 seconds 
Number of asset objects unloaded after import = 3
========================================================================
Received Import Request.
  Time since last request: 0.000033 seconds.
  path: Assets/Store Assets/Traint/Free Casual Buttons Pack/Sprites/003 Orange/Button 012.png
  artifactKey: Guid(0aff78441f8f5d04ab8d597d72457152) Importer(815301076,1909f56bfc062723c751e8b465ee728b)
Number of updated assets reloaded before import = 0
Start importing Assets/Store Assets/Traint/Free Casual Buttons Pack/Sprites/003 Orange/Button 012.png using Guid(0aff78441f8f5d04ab8d597d72457152) Importer(815301076,1909f56bfc062723c751e8b465ee728b)  -> (artifact id: 'd9d2f1811c61c37310a379402177a6ec') in 0.045088 seconds 
Number of asset objects unloaded after import = 3
========================================================================
Received Import Request.
  Time since last request: 0.095083 seconds.
  path: Assets/Store Assets/Traint/Free Casual Buttons Pack/Sprites/009 Blue/Button 013.png
  artifactKey: Guid(765beaf14419620428d36c2b12b14c3c) Importer(815301076,1909f56bfc062723c751e8b465ee728b)
Number of updated assets reloaded before import = 0
Start importing Assets/Store Assets/Traint/Free Casual Buttons Pack/Sprites/009 Blue/Button 013.png using Guid(765beaf14419620428d36c2b12b14c3c) Importer(815301076,1909f56bfc062723c751e8b465ee728b)  -> (artifact id: '35d4a9422f1a1b4ac30c62963845bfc0') in 0.062407 seconds 
Number of asset objects unloaded after import = 3
========================================================================
Received Import Request.
  Time since last request: 0.000034 seconds.
  path: Assets/Store Assets/Traint/Free Casual Buttons Pack/Sprites/003 Orange/Button 013.png
  artifactKey: Guid(5c69d9c477fbaf843b935e4f88d2ad7d) Importer(815301076,1909f56bfc062723c751e8b465ee728b)
Number of updated assets reloaded before import = 0
Start importing Assets/Store Assets/Traint/Free Casual Buttons Pack/Sprites/003 Orange/Button 013.png using Guid(5c69d9c477fbaf843b935e4f88d2ad7d) Importer(815301076,1909f56bfc062723c751e8b465ee728b)  -> (artifact id: 'ba0f8a86e0f712ff8bcbf0b2cae1244c') in 0.052481 seconds 
Number of asset objects unloaded after import = 3
========================================================================
Received Import Request.
  Time since last request: 0.000031 seconds.
  path: Assets/Store Assets/Traint/Free Casual Buttons Pack/Sprites/002 Bright Red/Button 013.png
  artifactKey: Guid(453a687a8aa22274fa2b2876a11270d9) Importer(815301076,1909f56bfc062723c751e8b465ee728b)
Number of updated assets reloaded before import = 0
Start importing Assets/Store Assets/Traint/Free Casual Buttons Pack/Sprites/002 Bright Red/Button 013.png using Guid(453a687a8aa22274fa2b2876a11270d9) Importer(815301076,1909f56bfc062723c751e8b465ee728b)  -> (artifact id: 'ed1f8e0586a5c2d18dd63ab103aeb9d3') in 0.051867 seconds 
Number of asset objects unloaded after import = 3
========================================================================
Received Import Request.
  Time since last request: 0.000037 seconds.
  path: Assets/Store Assets/Traint/Free Casual Buttons Pack/Sprites/001 Red/Button 014.png
  artifactKey: Guid(cd29ce73240e4b74a8d30013b142afc5) Importer(815301076,1909f56bfc062723c751e8b465ee728b)
Number of updated assets reloaded before import = 0
Start importing Assets/Store Assets/Traint/Free Casual Buttons Pack/Sprites/001 Red/Button 014.png using Guid(cd29ce73240e4b74a8d30013b142afc5) Importer(815301076,1909f56bfc062723c751e8b465ee728b)  -> (artifact id: '6b3dd6f77c08a8745d90458d0bcadf6d') in 0.046658 seconds 
Number of asset objects unloaded after import = 3
========================================================================
Received Import Request.
  Time since last request: 0.065477 seconds.
  path: Assets/Store Assets/Traint/Free Casual Buttons Pack/Sprites/003 Orange/Button 014.png
  artifactKey: Guid(d2b37da08b7185a43b8bd93d6469672f) Importer(815301076,1909f56bfc062723c751e8b465ee728b)
Number of updated assets reloaded before import = 0
Start importing Assets/Store Assets/Traint/Free Casual Buttons Pack/Sprites/003 Orange/Button 014.png using Guid(d2b37da08b7185a43b8bd93d6469672f) Importer(815301076,1909f56bfc062723c751e8b465ee728b)  -> (artifact id: '9af9da942a67e763a5d3f80b68946779') in 0.058500 seconds 
Number of asset objects unloaded after import = 3
========================================================================
Received Import Request.
  Time since last request: 0.000019 seconds.
  path: Assets/Store Assets/Traint/Free Casual Buttons Pack/Sprites/007 Light Green/Button 015.png
  artifactKey: Guid(35048b834ba21064f8a839b8829d3d17) Importer(815301076,1909f56bfc062723c751e8b465ee728b)
Number of updated assets reloaded before import = 0
Start importing Assets/Store Assets/Traint/Free Casual Buttons Pack/Sprites/007 Light Green/Button 015.png using Guid(35048b834ba21064f8a839b8829d3d17) Importer(815301076,1909f56bfc062723c751e8b465ee728b)  -> (artifact id: '898aeb4117e3266367fea64f4e5e839b') in 0.066669 seconds 
Number of asset objects unloaded after import = 3
========================================================================
Received Import Request.
  Time since last request: 0.000038 seconds.
  path: Assets/Store Assets/Traint/Free Casual Buttons Pack/Sprites/009 Blue/Button 014.png
  artifactKey: Guid(81eda248035ab9249bf1ef50fd2c570b) Importer(815301076,1909f56bfc062723c751e8b465ee728b)
Number of updated assets reloaded before import = 0
Start importing Assets/Store Assets/Traint/Free Casual Buttons Pack/Sprites/009 Blue/Button 014.png using Guid(81eda248035ab9249bf1ef50fd2c570b) Importer(815301076,1909f56bfc062723c751e8b465ee728b)  -> (artifact id: '934d85bce6a539b4e1c70132290d9fbf') in 0.056037 seconds 
Number of asset objects unloaded after import = 3
========================================================================
Received Import Request.
  Time since last request: 0.000041 seconds.
  path: Assets/Store Assets/Traint/Free Casual Buttons Pack/Sprites/008 Light Blue/Button 015.png
  artifactKey: Guid(099171d723b5cb9409e96f161dbe58ce) Importer(815301076,1909f56bfc062723c751e8b465ee728b)
Number of updated assets reloaded before import = 0
Start importing Assets/Store Assets/Traint/Free Casual Buttons Pack/Sprites/008 Light Blue/Button 015.png using Guid(099171d723b5cb9409e96f161dbe58ce) Importer(815301076,1909f56bfc062723c751e8b465ee728b)  -> (artifact id: 'f001feb772238f26b3aee36e59bb3b82') in 0.056856 seconds 
Number of asset objects unloaded after import = 3
========================================================================
Received Import Request.
  Time since last request: 0.000036 seconds.
  path: Assets/Store Assets/Traint/Free Casual Buttons Pack/Sprites/002 Bright Red/Button 015.png
  artifactKey: Guid(3b631db3c72fc7d4ebd21ea01f35bb6b) Importer(815301076,1909f56bfc062723c751e8b465ee728b)
Number of updated assets reloaded before import = 0
Start importing Assets/Store Assets/Traint/Free Casual Buttons Pack/Sprites/002 Bright Red/Button 015.png using Guid(3b631db3c72fc7d4ebd21ea01f35bb6b) Importer(815301076,1909f56bfc062723c751e8b465ee728b)  -> (artifact id: 'c78191b50611288dd9846bc6baf05b60') in 0.065780 seconds 
Number of asset objects unloaded after import = 3
========================================================================
Received Import Request.
  Time since last request: 0.000050 seconds.
  path: Assets/Store Assets/Traint/Free Casual Buttons Pack/Sprites/003 Orange/Button 016.png
  artifactKey: Guid(cded7e3f39b251f49afb231ebfe450dc) Importer(815301076,1909f56bfc062723c751e8b465ee728b)
Number of updated assets reloaded before import = 0
Start importing Assets/Store Assets/Traint/Free Casual Buttons Pack/Sprites/003 Orange/Button 016.png using Guid(cded7e3f39b251f49afb231ebfe450dc) Importer(815301076,1909f56bfc062723c751e8b465ee728b)  -> (artifact id: '72f8ed011ee778836c35b99e0c3d45cf') in 0.065746 seconds 
Number of asset objects unloaded after import = 3
========================================================================
Received Import Request.
  Time since last request: 0.000031 seconds.
  path: Assets/Store Assets/Traint/Free Casual Buttons Pack/Sprites/008 Light Blue/Button 016.png
  artifactKey: Guid(4eec2487d22215a4eb034f057f9d2d27) Importer(815301076,1909f56bfc062723c751e8b465ee728b)
Number of updated assets reloaded before import = 0
Start importing Assets/Store Assets/Traint/Free Casual Buttons Pack/Sprites/008 Light Blue/Button 016.png using Guid(4eec2487d22215a4eb034f057f9d2d27) Importer(815301076,1909f56bfc062723c751e8b465ee728b)  -> (artifact id: '8491ecc49bb238d88e0bf1a2f25df537') in 0.063739 seconds 
Number of asset objects unloaded after import = 3
========================================================================
Received Import Request.
  Time since last request: 0.000048 seconds.
  path: Assets/Store Assets/Traint/Free Casual Buttons Pack/Sprites/001 Red/Button 016.png
  artifactKey: Guid(05a0c26ecfc258049a9e30bf14eddd00) Importer(815301076,1909f56bfc062723c751e8b465ee728b)
Number of updated assets reloaded before import = 0
Start importing Assets/Store Assets/Traint/Free Casual Buttons Pack/Sprites/001 Red/Button 016.png using Guid(05a0c26ecfc258049a9e30bf14eddd00) Importer(815301076,1909f56bfc062723c751e8b465ee728b)  -> (artifact id: 'f511d285b010210241d19001eb218acc') in 0.064339 seconds 
Number of asset objects unloaded after import = 3
========================================================================
Received Import Request.
  Time since last request: 0.338541 seconds.
  path: Assets/Store Assets/Traint/Free Casual Buttons Pack/Sprites/003 Orange/Button 017.png
  artifactKey: Guid(5df36a4f1467d5d4788983cf3a428626) Importer(815301076,1909f56bfc062723c751e8b465ee728b)
Number of updated assets reloaded before import = 0
Start importing Assets/Store Assets/Traint/Free Casual Buttons Pack/Sprites/003 Orange/Button 017.png using Guid(5df36a4f1467d5d4788983cf3a428626) Importer(815301076,1909f56bfc062723c751e8b465ee728b)  -> (artifact id: '67246f2e4e3a84565a25e9805a1e721b') in 0.077694 seconds 
Number of asset objects unloaded after import = 3
========================================================================
Received Import Request.
  Time since last request: 0.000020 seconds.
  path: Assets/Store Assets/Traint/Free Casual Buttons Pack/Sprites/007 Light Green/Button 017.png
  artifactKey: Guid(e3f657e42bf2db34ca9e02df9ba51afc) Importer(815301076,1909f56bfc062723c751e8b465ee728b)
Number of updated assets reloaded before import = 0
Start importing Assets/Store Assets/Traint/Free Casual Buttons Pack/Sprites/007 Light Green/Button 017.png using Guid(e3f657e42bf2db34ca9e02df9ba51afc) Importer(815301076,1909f56bfc062723c751e8b465ee728b)  -> (artifact id: 'aef63bdb682436ec47fe9087ef888a33') in 0.050224 seconds 
Number of asset objects unloaded after import = 3
========================================================================
Received Import Request.
  Time since last request: 0.000026 seconds.
  path: Assets/Store Assets/Traint/Free Casual Buttons Pack/Sprites/004 Light Orange/Button 017.png
  artifactKey: Guid(aba352aa96edd7b4e8e44cdd4602accd) Importer(815301076,1909f56bfc062723c751e8b465ee728b)
Number of updated assets reloaded before import = 0
Start importing Assets/Store Assets/Traint/Free Casual Buttons Pack/Sprites/004 Light Orange/Button 017.png using Guid(aba352aa96edd7b4e8e44cdd4602accd) Importer(815301076,1909f56bfc062723c751e8b465ee728b)  -> (artifact id: '8ff9a0cefba190a3c432e09c18d063b8') in 0.045939 seconds 
Number of asset objects unloaded after import = 3
========================================================================
Received Import Request.
  Time since last request: 0.000038 seconds.
  path: Assets/Store Assets/Traint/Free Casual Buttons Pack/Sprites/002 Bright Red/Button 018.png
  artifactKey: Guid(61f27e153bceaba4690bff10f1995846) Importer(815301076,1909f56bfc062723c751e8b465ee728b)
Number of updated assets reloaded before import = 0
Start importing Assets/Store Assets/Traint/Free Casual Buttons Pack/Sprites/002 Bright Red/Button 018.png using Guid(61f27e153bceaba4690bff10f1995846) Importer(815301076,1909f56bfc062723c751e8b465ee728b)  -> (artifact id: '1e82e84c8f31d2fa025cb61194032e15') in 0.050376 seconds 
Number of asset objects unloaded after import = 3
========================================================================
Received Import Request.
  Time since last request: 0.024400 seconds.
  path: Assets/Store Assets/Traint/Free Casual Buttons Pack/Sprites/005 Yellow/Button 018.png
  artifactKey: Guid(4b90d8de7f8f7694a961ed6205c42d06) Importer(815301076,1909f56bfc062723c751e8b465ee728b)
Number of updated assets reloaded before import = 0
Start importing Assets/Store Assets/Traint/Free Casual Buttons Pack/Sprites/005 Yellow/Button 018.png using Guid(4b90d8de7f8f7694a961ed6205c42d06) Importer(815301076,1909f56bfc062723c751e8b465ee728b)  -> (artifact id: 'e58c1a3e774800e5d14dbcf1a337cff5') in 0.057964 seconds 
Number of asset objects unloaded after import = 3
========================================================================
Received Import Request.
  Time since last request: 0.000028 seconds.
  path: Assets/Store Assets/Traint/Free Casual Buttons Pack/Sprites/001 Red/Button 019.png
  artifactKey: Guid(f30daf5f2aa23674c9dae221f9daf9ab) Importer(815301076,1909f56bfc062723c751e8b465ee728b)
Number of updated assets reloaded before import = 0
Start importing Assets/Store Assets/Traint/Free Casual Buttons Pack/Sprites/001 Red/Button 019.png using Guid(f30daf5f2aa23674c9dae221f9daf9ab) Importer(815301076,1909f56bfc062723c751e8b465ee728b)  -> (artifact id: 'a74c5a2c024f92971745c57f5d7f3efd') in 0.071738 seconds 
Number of asset objects unloaded after import = 3
========================================================================
Received Import Request.
  Time since last request: 0.000043 seconds.
  path: Assets/Store Assets/Traint/Free Casual Buttons Pack/Sprites/009 Blue/Button 018.png
  artifactKey: Guid(c8f2a733d9a978646a7761aadc778bf1) Importer(815301076,1909f56bfc062723c751e8b465ee728b)
Number of updated assets reloaded before import = 0
Start importing Assets/Store Assets/Traint/Free Casual Buttons Pack/Sprites/009 Blue/Button 018.png using Guid(c8f2a733d9a978646a7761aadc778bf1) Importer(815301076,1909f56bfc062723c751e8b465ee728b)  -> (artifact id: 'cf718334dee78a09d6235053f77cbd2d') in 0.062566 seconds 
Number of asset objects unloaded after import = 3
========================================================================
Received Import Request.
  Time since last request: 0.000056 seconds.
  path: Assets/Store Assets/Traint/Free Casual Buttons Pack/Sprites/004 Light Orange/Button 019.png
  artifactKey: Guid(384bb8da22653dd43b5a2e868f5cc5d7) Importer(815301076,1909f56bfc062723c751e8b465ee728b)
Number of updated assets reloaded before import = 0
Start importing Assets/Store Assets/Traint/Free Casual Buttons Pack/Sprites/004 Light Orange/Button 019.png using Guid(384bb8da22653dd43b5a2e868f5cc5d7) Importer(815301076,1909f56bfc062723c751e8b465ee728b)  -> (artifact id: '54f472c052ed4b53fe9da91ea2c9dabb') in 0.063739 seconds 
Number of asset objects unloaded after import = 3
========================================================================
Received Import Request.
  Time since last request: 0.064763 seconds.
  path: Assets/Store Assets/Traint/Free Casual Buttons Pack/Sprites/003 Orange/Button 019.png
  artifactKey: Guid(45fee7aadb70672408f54083cef972bf) Importer(815301076,1909f56bfc062723c751e8b465ee728b)
Number of updated assets reloaded before import = 0
Start importing Assets/Store Assets/Traint/Free Casual Buttons Pack/Sprites/003 Orange/Button 019.png using Guid(45fee7aadb70672408f54083cef972bf) Importer(815301076,1909f56bfc062723c751e8b465ee728b)  -> (artifact id: 'a1d0e0741f7505f570aa04f832abaa02') in 0.061597 seconds 
Number of asset objects unloaded after import = 3
========================================================================
Received Import Request.
  Time since last request: 0.000025 seconds.
  path: Assets/Store Assets/Traint/Free Casual Buttons Pack/Sprites/003 Orange/Button 020.png
  artifactKey: Guid(1d426ececd15d2346a7a3c19bc5d576b) Importer(815301076,1909f56bfc062723c751e8b465ee728b)
Number of updated assets reloaded before import = 0
Start importing Assets/Store Assets/Traint/Free Casual Buttons Pack/Sprites/003 Orange/Button 020.png using Guid(1d426ececd15d2346a7a3c19bc5d576b) Importer(815301076,1909f56bfc062723c751e8b465ee728b)  -> (artifact id: 'c46a857a7a7f6b6c9b964257865f086b') in 0.078588 seconds 
Number of asset objects unloaded after import = 3
========================================================================
Received Import Request.
  Time since last request: 0.000046 seconds.
  path: Assets/Store Assets/Traint/Free Casual Buttons Pack/Sprites/008 Light Blue/Button 020.png
  artifactKey: Guid(e46cb132c66c7434ab5a01dde953165b) Importer(815301076,1909f56bfc062723c751e8b465ee728b)
Number of updated assets reloaded before import = 0
Start importing Assets/Store Assets/Traint/Free Casual Buttons Pack/Sprites/008 Light Blue/Button 020.png using Guid(e46cb132c66c7434ab5a01dde953165b) Importer(815301076,1909f56bfc062723c751e8b465ee728b)  -> (artifact id: 'ed6b271a918be357322962e3501b1498') in 0.060455 seconds 
Number of asset objects unloaded after import = 3
========================================================================
Received Import Request.
  Time since last request: 0.000043 seconds.
  path: Assets/Store Assets/Traint/Free Casual Buttons Pack/Sprites/006 Light Yellow/Button 021.png
  artifactKey: Guid(8e70f0bd9b2f52e4d9eab7e73d565c9e) Importer(815301076,1909f56bfc062723c751e8b465ee728b)
Number of updated assets reloaded before import = 0
Start importing Assets/Store Assets/Traint/Free Casual Buttons Pack/Sprites/006 Light Yellow/Button 021.png using Guid(8e70f0bd9b2f52e4d9eab7e73d565c9e) Importer(815301076,1909f56bfc062723c751e8b465ee728b)  -> (artifact id: 'ea532f820027330a640a2266b54f8990') in 0.064640 seconds 
Number of asset objects unloaded after import = 3
========================================================================
Received Import Request.
  Time since last request: 0.000032 seconds.
  path: Assets/Store Assets/Traint/Free Casual Buttons Pack/Sprites/004 Light Orange/Button 021.png
  artifactKey: Guid(ce8f7dee6ee6e8f41aff9e1fa841fc80) Importer(815301076,1909f56bfc062723c751e8b465ee728b)
Number of updated assets reloaded before import = 0
Start importing Assets/Store Assets/Traint/Free Casual Buttons Pack/Sprites/004 Light Orange/Button 021.png using Guid(ce8f7dee6ee6e8f41aff9e1fa841fc80) Importer(815301076,1909f56bfc062723c751e8b465ee728b)  -> (artifact id: '9a140563702b72f8983ad2ddf1909746') in 0.065148 seconds 
Number of asset objects unloaded after import = 3
========================================================================
Received Import Request.
  Time since last request: 0.000029 seconds.
  path: Assets/Store Assets/Traint/Free Casual Buttons Pack/Sprites/008 Light Blue/Button 021.png
  artifactKey: Guid(f12978d31edb74e41924f84e2d0c8eb9) Importer(815301076,1909f56bfc062723c751e8b465ee728b)
Number of updated assets reloaded before import = 0
Start importing Assets/Store Assets/Traint/Free Casual Buttons Pack/Sprites/008 Light Blue/Button 021.png using Guid(f12978d31edb74e41924f84e2d0c8eb9) Importer(815301076,1909f56bfc062723c751e8b465ee728b)  -> (artifact id: 'cc903e5ffdba9dc1904be4573cde182e') in 0.059115 seconds 
Number of asset objects unloaded after import = 3
========================================================================
Received Import Request.
  Time since last request: 0.000070 seconds.
  path: Assets/Store Assets/Traint/Free Casual Buttons Pack/Sprites/009 Blue/Button 021.png
  artifactKey: Guid(7cf21fa57fc21d8469a5198b7b845b14) Importer(815301076,1909f56bfc062723c751e8b465ee728b)
Number of updated assets reloaded before import = 0
Start importing Assets/Store Assets/Traint/Free Casual Buttons Pack/Sprites/009 Blue/Button 021.png using Guid(7cf21fa57fc21d8469a5198b7b845b14) Importer(815301076,1909f56bfc062723c751e8b465ee728b)  -> (artifact id: '0d627a57a6fbea39ecf75d328bb200f6') in 0.059955 seconds 
Number of asset objects unloaded after import = 3
========================================================================
Received Import Request.
  Time since last request: 0.000045 seconds.
  path: Assets/Store Assets/Traint/Free Casual Buttons Pack/Sprites/002 Bright Red/Button 022.png
  artifactKey: Guid(8a909146f6dc6544d888c8cdd42c1e7f) Importer(815301076,1909f56bfc062723c751e8b465ee728b)
Number of updated assets reloaded before import = 0
Start importing Assets/Store Assets/Traint/Free Casual Buttons Pack/Sprites/002 Bright Red/Button 022.png using Guid(8a909146f6dc6544d888c8cdd42c1e7f) Importer(815301076,1909f56bfc062723c751e8b465ee728b)  -> (artifact id: 'eeba9bb1d62994f0fb91427682ae13bb') in 0.061720 seconds 
Number of asset objects unloaded after import = 3
========================================================================
Received Import Request.
  Time since last request: 0.393704 seconds.
  path: Assets/Store Assets/Traint/Free Casual Buttons Pack/Sprites/005 Yellow/Button 022.png
  artifactKey: Guid(3326523f843273f4c811ef9e1c1139c2) Importer(815301076,1909f56bfc062723c751e8b465ee728b)
Number of updated assets reloaded before import = 0
Start importing Assets/Store Assets/Traint/Free Casual Buttons Pack/Sprites/005 Yellow/Button 022.png using Guid(3326523f843273f4c811ef9e1c1139c2) Importer(815301076,1909f56bfc062723c751e8b465ee728b)  -> (artifact id: '996b356ea713da1302bd508fc7c58d2d') in 0.052402 seconds 
Number of asset objects unloaded after import = 3
========================================================================
Received Import Request.
  Time since last request: 0.000039 seconds.
  path: Assets/Store Assets/Traint/Free Casual Buttons Pack/Sprites/004 Light Orange/Button 023.png
  artifactKey: Guid(26eed542ccb9eda4fbed02ec9253744b) Importer(815301076,1909f56bfc062723c751e8b465ee728b)
Number of updated assets reloaded before import = 0
Start importing Assets/Store Assets/Traint/Free Casual Buttons Pack/Sprites/004 Light Orange/Button 023.png using Guid(26eed542ccb9eda4fbed02ec9253744b) Importer(815301076,1909f56bfc062723c751e8b465ee728b)  -> (artifact id: 'b4ce694c6ae5e40b34878581218534d8') in 0.072417 seconds 
Number of asset objects unloaded after import = 3
========================================================================
Received Import Request.
  Time since last request: 0.000043 seconds.
  path: Assets/Store Assets/Traint/Free Casual Buttons Pack/Sprites/003 Orange/Button 023.png
  artifactKey: Guid(9156d923dc2616c429d0d3c373bd2dfe) Importer(815301076,1909f56bfc062723c751e8b465ee728b)
Number of updated assets reloaded before import = 0
Start importing Assets/Store Assets/Traint/Free Casual Buttons Pack/Sprites/003 Orange/Button 023.png using Guid(9156d923dc2616c429d0d3c373bd2dfe) Importer(815301076,1909f56bfc062723c751e8b465ee728b)  -> (artifact id: '4000843297611b74af21cf9f3bd094b5') in 0.037106 seconds 
Number of asset objects unloaded after import = 3
========================================================================
Received Import Request.
  Time since last request: 0.000022 seconds.
  path: Assets/Store Assets/Traint/Free Casual Buttons Pack/Sprites/001 Red/Button 023.png
  artifactKey: Guid(ccfe64823fc65a045bd3f1a3b6a410c8) Importer(815301076,1909f56bfc062723c751e8b465ee728b)
Number of updated assets reloaded before import = 0
Start importing Assets/Store Assets/Traint/Free Casual Buttons Pack/Sprites/001 Red/Button 023.png using Guid(ccfe64823fc65a045bd3f1a3b6a410c8) Importer(815301076,1909f56bfc062723c751e8b465ee728b)  -> (artifact id: 'a2a04cf491c168c43b1a5513be774942') in 0.044462 seconds 
Number of asset objects unloaded after import = 3
========================================================================
Received Import Request.
  Time since last request: 0.063580 seconds.
  path: Assets/Store Assets/Traint/Free Casual Buttons Pack/Sprites/008 Light Blue/Button 023.png
  artifactKey: Guid(57b7cb23fd291734bb96dfe2152f86e6) Importer(815301076,1909f56bfc062723c751e8b465ee728b)
Number of updated assets reloaded before import = 0
Start importing Assets/Store Assets/Traint/Free Casual Buttons Pack/Sprites/008 Light Blue/Button 023.png using Guid(57b7cb23fd291734bb96dfe2152f86e6) Importer(815301076,1909f56bfc062723c751e8b465ee728b)  -> (artifact id: '80e8ef959e2ef14b53728a457c9b094e') in 0.056299 seconds 
Number of asset objects unloaded after import = 3
========================================================================
Received Import Request.
  Time since last request: 0.000033 seconds.
  path: Assets/Store Assets/Traint/Free Casual Buttons Pack/Sprites/001 Red/Button 024.png
  artifactKey: Guid(18577893882b5dc44b7d23c77e52e2f3) Importer(815301076,1909f56bfc062723c751e8b465ee728b)
Number of updated assets reloaded before import = 0
Start importing Assets/Store Assets/Traint/Free Casual Buttons Pack/Sprites/001 Red/Button 024.png using Guid(18577893882b5dc44b7d23c77e52e2f3) Importer(815301076,1909f56bfc062723c751e8b465ee728b)  -> (artifact id: 'ab8697e7c6ea621380e398963f1594de') in 0.057325 seconds 
Number of asset objects unloaded after import = 3
========================================================================
Received Import Request.
  Time since last request: 0.000027 seconds.
  path: Assets/Store Assets/Traint/Free Casual Buttons Pack/Sprites/008 Light Blue/Button 024.png
  artifactKey: Guid(adce2a75d7990b84b85a804a97fb6b02) Importer(815301076,1909f56bfc062723c751e8b465ee728b)
Number of updated assets reloaded before import = 0
Start importing Assets/Store Assets/Traint/Free Casual Buttons Pack/Sprites/008 Light Blue/Button 024.png using Guid(adce2a75d7990b84b85a804a97fb6b02) Importer(815301076,1909f56bfc062723c751e8b465ee728b)  -> (artifact id: '088d298926d39570936d859c613f6673') in 0.044175 seconds 
Number of asset objects unloaded after import = 3
========================================================================
Received Import Request.
  Time since last request: 0.000061 seconds.
  path: Assets/Store Assets/Traint/Free Casual Buttons Pack/Sprites/003 Orange/Button 024.png
  artifactKey: Guid(1a67643e92bad514ab0d8abd3d00acde) Importer(815301076,1909f56bfc062723c751e8b465ee728b)
Number of updated assets reloaded before import = 0
Start importing Assets/Store Assets/Traint/Free Casual Buttons Pack/Sprites/003 Orange/Button 024.png using Guid(1a67643e92bad514ab0d8abd3d00acde) Importer(815301076,1909f56bfc062723c751e8b465ee728b)  -> (artifact id: 'beafef8c96bcc430f05e8a82a8cd0e83') in 0.049962 seconds 
Number of asset objects unloaded after import = 3
========================================================================
Received Import Request.
  Time since last request: 0.065882 seconds.
  path: Assets/Violet Theme Ui/Buttons/Button Crimson.png
  artifactKey: Guid(43272f0dfaadc584f88bf5bb38daeecc) Importer(815301076,1909f56bfc062723c751e8b465ee728b)
Number of updated assets reloaded before import = 0
Start importing Assets/Violet Theme Ui/Buttons/Button Crimson.png using Guid(43272f0dfaadc584f88bf5bb38daeecc) Importer(815301076,1909f56bfc062723c751e8b465ee728b)  -> (artifact id: 'b106ea63f0cf0ddb410dd2fde83f3512') in 0.031912 seconds 
Number of asset objects unloaded after import = 3
========================================================================
Received Import Request.
  Time since last request: 0.000032 seconds.
  path: Assets/Violet Theme Ui/Buttons/Button Red.png
  artifactKey: Guid(f05ec7f8583bfa3468fb8958e87e24d9) Importer(815301076,1909f56bfc062723c751e8b465ee728b)
Number of updated assets reloaded before import = 0
Start importing Assets/Violet Theme Ui/Buttons/Button Red.png using Guid(f05ec7f8583bfa3468fb8958e87e24d9) Importer(815301076,1909f56bfc062723c751e8b465ee728b)  -> (artifact id: '9dbc1b9b59dafffa5754663c8c1f22aa') in 0.034753 seconds 
Number of asset objects unloaded after import = 3
========================================================================
Received Import Request.
  Time since last request: 0.000037 seconds.
  path: Assets/Violet Theme Ui/Buttons/Button Orange.png
  artifactKey: Guid(7ed010a2b51d0fb4f9fee6a47b1334fd) Importer(815301076,1909f56bfc062723c751e8b465ee728b)
Number of updated assets reloaded before import = 0
Start importing Assets/Violet Theme Ui/Buttons/Button Orange.png using Guid(7ed010a2b51d0fb4f9fee6a47b1334fd) Importer(815301076,1909f56bfc062723c751e8b465ee728b)  -> (artifact id: 'fac60a0826e3b6ae3987e637fe6ab3fe') in 0.038824 seconds 
Number of asset objects unloaded after import = 3
========================================================================
Received Import Request.
  Time since last request: 0.000048 seconds.
  path: Assets/Violet Theme Ui/Buttons/Button Pink.png
  artifactKey: Guid(6c083c68f537d944db0c5a63177e9627) Importer(815301076,1909f56bfc062723c751e8b465ee728b)
Number of updated assets reloaded before import = 0
Start importing Assets/Violet Theme Ui/Buttons/Button Pink.png using Guid(6c083c68f537d944db0c5a63177e9627) Importer(815301076,1909f56bfc062723c751e8b465ee728b)  -> (artifact id: '14ce0dd906853ff82b808cd4143eca51') in 0.037756 seconds 
Number of asset objects unloaded after import = 3
========================================================================
Received Import Request.
  Time since last request: 0.000059 seconds.
  path: Assets/Violet Theme Ui/Buttons/Button Green.png
  artifactKey: Guid(c77a20011fee4694cb75577a7509ffda) Importer(815301076,1909f56bfc062723c751e8b465ee728b)
Number of updated assets reloaded before import = 0
Start importing Assets/Violet Theme Ui/Buttons/Button Green.png using Guid(c77a20011fee4694cb75577a7509ffda) Importer(815301076,1909f56bfc062723c751e8b465ee728b)  -> (artifact id: 'b3e5c915dd47af7094b0f9c2a40297e3') in 0.034175 seconds 
Number of asset objects unloaded after import = 3
========================================================================
Received Import Request.
  Time since last request: 0.115125 seconds.
  path: Assets/Violet Theme Ui/Colored Icons/Check.png
  artifactKey: Guid(27834320931067c4b9127246cba948d2) Importer(815301076,1909f56bfc062723c751e8b465ee728b)
Number of updated assets reloaded before import = 0
Start importing Assets/Violet Theme Ui/Colored Icons/Check.png using Guid(27834320931067c4b9127246cba948d2) Importer(815301076,1909f56bfc062723c751e8b465ee728b)  -> (artifact id: '2cc2f524e8c110ee038ff20888523088') in 0.046659 seconds 
Number of asset objects unloaded after import = 3
========================================================================
Received Import Request.
  Time since last request: 0.000042 seconds.
  path: Assets/Violet Theme Ui/Colored Icons/Close.png
  artifactKey: Guid(cbf58c37249d82a4e97598dfc07d9058) Importer(815301076,1909f56bfc062723c751e8b465ee728b)
Number of updated assets reloaded before import = 0
Start importing Assets/Violet Theme Ui/Colored Icons/Close.png using Guid(cbf58c37249d82a4e97598dfc07d9058) Importer(815301076,1909f56bfc062723c751e8b465ee728b)  -> (artifact id: 'dbe2464dee75c9d4f155385163f7995d') in 0.035648 seconds 
Number of asset objects unloaded after import = 3
========================================================================
Received Import Request.
  Time since last request: 0.000036 seconds.
  path: Assets/Violet Theme Ui/GemsAndCoins/Coin Stack.png
  artifactKey: Guid(b6bf64f3818ea7048adcf794dea42649) Importer(815301076,1909f56bfc062723c751e8b465ee728b)
Number of updated assets reloaded before import = 0
Start importing Assets/Violet Theme Ui/GemsAndCoins/Coin Stack.png using Guid(b6bf64f3818ea7048adcf794dea42649) Importer(815301076,1909f56bfc062723c751e8b465ee728b)  -> (artifact id: 'eaf39ab26f4181a1da0d675c8e708a07') in 0.035579 seconds 
Number of asset objects unloaded after import = 3
========================================================================
Received Import Request.
  Time since last request: 0.000047 seconds.
  path: Assets/Violet Theme Ui/Colored Icons/Crown 1.png
  artifactKey: Guid(6e218b04a5fa9ed4fa40b687eaeff8cc) Importer(815301076,1909f56bfc062723c751e8b465ee728b)
Number of updated assets reloaded before import = 0
Start importing Assets/Violet Theme Ui/Colored Icons/Crown 1.png using Guid(6e218b04a5fa9ed4fa40b687eaeff8cc) Importer(815301076,1909f56bfc062723c751e8b465ee728b)  -> (artifact id: '9642b4cec2cf92ff26e2b588ac414467') in 0.037103 seconds 
Number of asset objects unloaded after import = 3
========================================================================
Received Import Request.
  Time since last request: 0.068115 seconds.
  path: Assets/Violet Theme Ui/Panels/Dark Panel Green.png
  artifactKey: Guid(61dd4b4ded1fec74480695550f54d148) Importer(815301076,1909f56bfc062723c751e8b465ee728b)
Number of updated assets reloaded before import = 0
Start importing Assets/Violet Theme Ui/Panels/Dark Panel Green.png using Guid(61dd4b4ded1fec74480695550f54d148) Importer(815301076,1909f56bfc062723c751e8b465ee728b)  -> (artifact id: 'd7d95cfd01d7a42962007071522f63aa') in 0.127346 seconds 
Number of asset objects unloaded after import = 3
========================================================================
Received Import Request.
  Time since last request: 0.000036 seconds.
  path: Assets/Violet Theme Ui/Panels/Dark Panel Violet.png
  artifactKey: Guid(6b1e6c0890cad0b47ada90b6965c9cd8) Importer(815301076,1909f56bfc062723c751e8b465ee728b)
Number of updated assets reloaded before import = 0
Start importing Assets/Violet Theme Ui/Panels/Dark Panel Violet.png using Guid(6b1e6c0890cad0b47ada90b6965c9cd8) Importer(815301076,1909f56bfc062723c751e8b465ee728b)  -> (artifact id: '2bbea997201c57faf8eeb096067c41d2') in 0.120152 seconds 
Number of asset objects unloaded after import = 3
========================================================================
Received Import Request.
  Time since last request: 0.000048 seconds.
  path: Assets/Violet Theme Ui/Panels/Dark Panel Yellow.png
  artifactKey: Guid(5f9fbceed0b35d2428c55a800ea8b1c1) Importer(815301076,1909f56bfc062723c751e8b465ee728b)
Number of updated assets reloaded before import = 0
Start importing Assets/Violet Theme Ui/Panels/Dark Panel Yellow.png using Guid(5f9fbceed0b35d2428c55a800ea8b1c1) Importer(815301076,1909f56bfc062723c751e8b465ee728b)  -> (artifact id: 'd4247c8c3a955d86ccbba765781c4d55') in 0.140872 seconds 
Number of asset objects unloaded after import = 3
========================================================================
Received Import Request.
  Time since last request: 0.000044 seconds.
  path: Assets/Violet Theme Ui/Panels/Dark Panel Red.png
  artifactKey: Guid(5429e319631b03a40b4c46ca3606b3a0) Importer(815301076,1909f56bfc062723c751e8b465ee728b)
Number of updated assets reloaded before import = 0
Start importing Assets/Violet Theme Ui/Panels/Dark Panel Red.png using Guid(5429e319631b03a40b4c46ca3606b3a0) Importer(815301076,1909f56bfc062723c751e8b465ee728b)  -> (artifact id: '11e83aa4a4aba573c7a2f2c09edccc18') in 0.130412 seconds 
Number of asset objects unloaded after import = 3
========================================================================
Received Prepare
Registering precompiled user dll's ...
Registered in 0.003074 seconds.
Begin MonoManager ReloadAssembly
Native extension for WindowsStandalone target not found
Failed to load: C:/Program Files/Unity/Hub/Editor/2021.3.36f1/Editor/Data/PlaybackEngines/iOSSupport\x64\UnityEditor.iOS.Native.dll
Native extension for iOS target not found
Native extension for Android target not found
Native extension for WebGL target not found
Refreshing native plugins compatible for Editor in 1.05 ms, found 3 plugins.
Preloading 0 native plugins for Editor in 0.00 ms.
[Package Manager] Server::EnsureServerProcessIsRunning -- launch failed, reason: Unity was launched with the -noUpm command-line argument
[Package Manager] Cannot connect to Unity Package Manager local server
[Package Manager] Server::EnsureServerProcessIsRunning -- launch failed, reason: Unity was launched with the -noUpm command-line argument
[Package Manager] Cannot connect to Unity Package Manager local server
[ScriptCompilation] NOT recompiling all scripts because this is an import worker process. Reason to compile was: Define symbols changed
Mono: successfully reloaded assembly
- Completed reload, in  1.585 seconds
Domain Reload Profiling:
	ReloadAssembly (1586ms)
		BeginReloadAssembly (130ms)
			ExecutionOrderSort (0ms)
			DisableScriptedObjects (5ms)
			BackupInstance (0ms)
			ReleaseScriptingObjects (0ms)
			CreateAndSetChildDomain (31ms)
		EndReloadAssembly (1383ms)
			LoadAssemblies (90ms)
			RebuildTransferFunctionScriptingTraits (0ms)
			SetupTypeCache (240ms)
			ReleaseScriptCaches (2ms)
			RebuildScriptCaches (45ms)
			SetupLoadedEditorAssemblies (945ms)
				LogAssemblyErrors (0ms)
				InitializePlatformSupportModulesInManaged (30ms)
				SetLoadedEditorAssemblies (0ms)
				RefreshPlugins (1ms)
				BeforeProcessingInitializeOnLoad (73ms)
				ProcessInitializeOnLoadAttributes (697ms)
				ProcessInitializeOnLoadMethodAttributes (131ms)
				AfterProcessingInitializeOnLoad (12ms)
				EditorAssembliesLoaded (0ms)
			ExecutionOrderSort2 (0ms)
			AwakeInstancesAfterBackupRestoration (13ms)
Platform modules already initialized, skipping
Refreshing native plugins compatible for Editor in 1.56 ms, found 3 plugins.
Preloading 0 native plugins for Editor in 0.00 ms.
Unloading 4413 Unused Serialized files (Serialized files now loaded: 0)
Unloading 53 unused Assets / (168.3 KB). Loaded Objects now: 4960.
Memory consumption went from 159.1 MB to 158.9 MB.
Total: 4.747800 ms (FindLiveObjects: 0.364800 ms CreateObjectMapping: 0.203300 ms MarkObjects: 4.087600 ms  DeleteObjects: 0.089600 ms)

AssetImportParameters requested are different than current active one (requested -> active):
  custom:video-decoder-ogg-theora: a1e56fd34408186e4bbccfd4996cb3dc -> 
  custom:container-muxer-webm: aa71ff27fc2769a1b78a27578f13a17b -> 
  custom:container-demuxer-webm: 4f35f7cbe854078d1ac9338744f61a02 -> 
  custom:video-encoder-webm-vp8: eb34c28f22e8b96e1ab97ce403110664 -> 
  custom:video-codec-MediaFoundation-h265: 746d11721c4dcdbdad8f713fa42b33f4 -> 
  custom:CustomObjectIndexerAttribute: bc11b3a6c3213fcdd17b65e7da85e133 -> 
  custom:audio-encoder-webm-vorbis: bf7c407c2cedff20999df2af8eb42d56 -> 
  custom:framework-win-MediaFoundation: 216162199b28c13a410421893ffa2e32 -> 
  custom:SearchIndexIgnoredProperties: e643bd26f0fe6173181afceb89e7c659 -> 
  custom:container-demuxer-ogg: 62fdf1f143b41e24485cea50d1cbac27 -> 
  custom:video-decoder-webm-vp8: 9c59270c3fd7afecdb556c50c9e8de78 -> 
  custom:audio-decoder-ogg-vorbis: bf7c407c2cedff20999df2af8eb42d56 -> 
========================================================================
Received Prepare
Registering precompiled user dll's ...
Registered in 0.004728 seconds.
Begin MonoManager ReloadAssembly
Native extension for WindowsStandalone target not found
Failed to load: C:/Program Files/Unity/Hub/Editor/2021.3.36f1/Editor/Data/PlaybackEngines/iOSSupport\x64\UnityEditor.iOS.Native.dll
Native extension for iOS target not found
Native extension for Android target not found
Native extension for WebGL target not found
Refreshing native plugins compatible for Editor in 1.02 ms, found 3 plugins.
Preloading 0 native plugins for Editor in 0.00 ms.
[Package Manager] Server::EnsureServerProcessIsRunning -- launch failed, reason: Unity was launched with the -noUpm command-line argument
[Package Manager] Cannot connect to Unity Package Manager local server
[Package Manager] Server::EnsureServerProcessIsRunning -- launch failed, reason: Unity was launched with the -noUpm command-line argument
[Package Manager] Cannot connect to Unity Package Manager local server
[ScriptCompilation] NOT recompiling all scripts because this is an import worker process. Reason to compile was: Define symbols changed
Mono: successfully reloaded assembly
- Completed reload, in  1.639 seconds
Domain Reload Profiling:
	ReloadAssembly (1640ms)
		BeginReloadAssembly (123ms)
			ExecutionOrderSort (0ms)
			DisableScriptedObjects (4ms)
			BackupInstance (0ms)
			ReleaseScriptingObjects (0ms)
			CreateAndSetChildDomain (30ms)
		EndReloadAssembly (1443ms)
			LoadAssemblies (85ms)
			RebuildTransferFunctionScriptingTraits (0ms)
			SetupTypeCache (218ms)
			ReleaseScriptCaches (2ms)
			RebuildScriptCaches (34ms)
			SetupLoadedEditorAssemblies (1049ms)
				LogAssemblyErrors (0ms)
				InitializePlatformSupportModulesInManaged (37ms)
				SetLoadedEditorAssemblies (1ms)
				RefreshPlugins (1ms)
				BeforeProcessingInitializeOnLoad (92ms)
				ProcessInitializeOnLoadAttributes (782ms)
				ProcessInitializeOnLoadMethodAttributes (127ms)
				AfterProcessingInitializeOnLoad (9ms)
				EditorAssembliesLoaded (0ms)
			ExecutionOrderSort2 (0ms)
			AwakeInstancesAfterBackupRestoration (12ms)
Platform modules already initialized, skipping
Refreshing native plugins compatible for Editor in 1.62 ms, found 3 plugins.
Preloading 0 native plugins for Editor in 0.00 ms.
Unloading 4413 Unused Serialized files (Serialized files now loaded: 0)
Unloading 53 unused Assets / (168.4 KB). Loaded Objects now: 4963.
Memory consumption went from 159.1 MB to 158.9 MB.
Total: 6.298300 ms (FindLiveObjects: 0.467600 ms CreateObjectMapping: 0.266600 ms MarkObjects: 5.442400 ms  DeleteObjects: 0.119200 ms)

AssetImportParameters requested are different than current active one (requested -> active):
  custom:video-decoder-ogg-theora: a1e56fd34408186e4bbccfd4996cb3dc -> 
  custom:container-muxer-webm: aa71ff27fc2769a1b78a27578f13a17b -> 
  custom:container-demuxer-webm: 4f35f7cbe854078d1ac9338744f61a02 -> 
  custom:video-encoder-webm-vp8: eb34c28f22e8b96e1ab97ce403110664 -> 
  custom:video-codec-MediaFoundation-h265: 746d11721c4dcdbdad8f713fa42b33f4 -> 
  custom:CustomObjectIndexerAttribute: bc11b3a6c3213fcdd17b65e7da85e133 -> 
  custom:audio-encoder-webm-vorbis: bf7c407c2cedff20999df2af8eb42d56 -> 
  custom:framework-win-MediaFoundation: 216162199b28c13a410421893ffa2e32 -> 
  custom:SearchIndexIgnoredProperties: e643bd26f0fe6173181afceb89e7c659 -> 
  custom:container-demuxer-ogg: 62fdf1f143b41e24485cea50d1cbac27 -> 
  custom:video-decoder-webm-vp8: 9c59270c3fd7afecdb556c50c9e8de78 -> 
  custom:audio-decoder-ogg-vorbis: bf7c407c2cedff20999df2af8eb42d56 -> 
========================================================================
Received Prepare
Registering precompiled user dll's ...
Registered in 0.005411 seconds.
Begin MonoManager ReloadAssembly
Native extension for WindowsStandalone target not found
Failed to load: C:/Program Files/Unity/Hub/Editor/2021.3.36f1/Editor/Data/PlaybackEngines/iOSSupport\x64\UnityEditor.iOS.Native.dll
Native extension for iOS target not found
Native extension for Android target not found
Native extension for WebGL target not found
Refreshing native plugins compatible for Editor in 1.10 ms, found 3 plugins.
Preloading 0 native plugins for Editor in 0.00 ms.
[Package Manager] Server::EnsureServerProcessIsRunning -- launch failed, reason: Unity was launched with the -noUpm command-line argument
[Package Manager] Cannot connect to Unity Package Manager local server
[Package Manager] Server::EnsureServerProcessIsRunning -- launch failed, reason: Unity was launched with the -noUpm command-line argument
[Package Manager] Cannot connect to Unity Package Manager local server
[ScriptCompilation] NOT recompiling all scripts because this is an import worker process. Reason to compile was: Define symbols changed
Mono: successfully reloaded assembly
- Completed reload, in  2.101 seconds
Domain Reload Profiling:
	ReloadAssembly (2102ms)
		BeginReloadAssembly (174ms)
			ExecutionOrderSort (0ms)
			DisableScriptedObjects (5ms)
			BackupInstance (0ms)
			ReleaseScriptingObjects (0ms)
			CreateAndSetChildDomain (37ms)
		EndReloadAssembly (1809ms)
			LoadAssemblies (135ms)
			RebuildTransferFunctionScriptingTraits (0ms)
			SetupTypeCache (346ms)
			ReleaseScriptCaches (2ms)
			RebuildScriptCaches (52ms)
			SetupLoadedEditorAssemblies (1217ms)
				LogAssemblyErrors (0ms)
				InitializePlatformSupportModulesInManaged (46ms)
				SetLoadedEditorAssemblies (1ms)
				RefreshPlugins (1ms)
				BeforeProcessingInitializeOnLoad (126ms)
				ProcessInitializeOnLoadAttributes (884ms)
				ProcessInitializeOnLoadMethodAttributes (149ms)
				AfterProcessingInitializeOnLoad (10ms)
				EditorAssembliesLoaded (0ms)
			ExecutionOrderSort2 (0ms)
			AwakeInstancesAfterBackupRestoration (13ms)
Platform modules already initialized, skipping
Refreshing native plugins compatible for Editor in 2.06 ms, found 3 plugins.
Preloading 0 native plugins for Editor in 0.00 ms.
Unloading 4413 Unused Serialized files (Serialized files now loaded: 0)
Unloading 53 unused Assets / (168.3 KB). Loaded Objects now: 4966.
Memory consumption went from 159.1 MB to 158.9 MB.
Total: 6.024200 ms (FindLiveObjects: 0.529200 ms CreateObjectMapping: 0.285500 ms MarkObjects: 5.113200 ms  DeleteObjects: 0.094400 ms)

AssetImportParameters requested are different than current active one (requested -> active):
  custom:video-decoder-ogg-theora: a1e56fd34408186e4bbccfd4996cb3dc -> 
  custom:container-muxer-webm: aa71ff27fc2769a1b78a27578f13a17b -> 
  custom:container-demuxer-webm: 4f35f7cbe854078d1ac9338744f61a02 -> 
  custom:video-encoder-webm-vp8: eb34c28f22e8b96e1ab97ce403110664 -> 
  custom:video-codec-MediaFoundation-h265: 746d11721c4dcdbdad8f713fa42b33f4 -> 
  custom:CustomObjectIndexerAttribute: bc11b3a6c3213fcdd17b65e7da85e133 -> 
  custom:audio-encoder-webm-vorbis: bf7c407c2cedff20999df2af8eb42d56 -> 
  custom:framework-win-MediaFoundation: 216162199b28c13a410421893ffa2e32 -> 
  custom:SearchIndexIgnoredProperties: e643bd26f0fe6173181afceb89e7c659 -> 
  custom:container-demuxer-ogg: 62fdf1f143b41e24485cea50d1cbac27 -> 
  custom:video-decoder-webm-vp8: 9c59270c3fd7afecdb556c50c9e8de78 -> 
  custom:audio-decoder-ogg-vorbis: bf7c407c2cedff20999df2af8eb42d56 -> 
========================================================================
Received Prepare
Registering precompiled user dll's ...
Registered in 0.003358 seconds.
Begin MonoManager ReloadAssembly
Native extension for WindowsStandalone target not found
Failed to load: C:/Program Files/Unity/Hub/Editor/2021.3.36f1/Editor/Data/PlaybackEngines/iOSSupport\x64\UnityEditor.iOS.Native.dll
Native extension for iOS target not found
Native extension for Android target not found
Native extension for WebGL target not found
Refreshing native plugins compatible for Editor in 1.07 ms, found 3 plugins.
Preloading 0 native plugins for Editor in 0.00 ms.
[Package Manager] Server::EnsureServerProcessIsRunning -- launch failed, reason: Unity was launched with the -noUpm command-line argument
[Package Manager] Cannot connect to Unity Package Manager local server
[Package Manager] Server::EnsureServerProcessIsRunning -- launch failed, reason: Unity was launched with the -noUpm command-line argument
[Package Manager] Cannot connect to Unity Package Manager local server
[ScriptCompilation] NOT recompiling all scripts because this is an import worker process. Reason to compile was: Define symbols changed
Mono: successfully reloaded assembly
- Completed reload, in  1.953 seconds
Domain Reload Profiling:
	ReloadAssembly (1954ms)
		BeginReloadAssembly (128ms)
			ExecutionOrderSort (0ms)
			DisableScriptedObjects (4ms)
			BackupInstance (0ms)
			ReleaseScriptingObjects (0ms)
			CreateAndSetChildDomain (29ms)
		EndReloadAssembly (1753ms)
			LoadAssemblies (89ms)
			RebuildTransferFunctionScriptingTraits (0ms)
			SetupTypeCache (257ms)
			ReleaseScriptCaches (2ms)
			RebuildScriptCaches (54ms)
			SetupLoadedEditorAssemblies (1243ms)
				LogAssemblyErrors (0ms)
				InitializePlatformSupportModulesInManaged (51ms)
				SetLoadedEditorAssemblies (1ms)
				RefreshPlugins (1ms)
				BeforeProcessingInitializeOnLoad (123ms)
				ProcessInitializeOnLoadAttributes (913ms)
				ProcessInitializeOnLoadMethodAttributes (143ms)
				AfterProcessingInitializeOnLoad (11ms)
				EditorAssembliesLoaded (1ms)
			ExecutionOrderSort2 (0ms)
			AwakeInstancesAfterBackupRestoration (14ms)
Platform modules already initialized, skipping
Refreshing native plugins compatible for Editor in 1.52 ms, found 3 plugins.
Preloading 0 native plugins for Editor in 0.00 ms.
Unloading 4413 Unused Serialized files (Serialized files now loaded: 0)
Unloading 53 unused Assets / (168.1 KB). Loaded Objects now: 4969.
Memory consumption went from 158.9 MB to 158.7 MB.
Total: 6.523100 ms (FindLiveObjects: 0.651200 ms CreateObjectMapping: 0.419900 ms MarkObjects: 5.335100 ms  DeleteObjects: 0.114100 ms)

AssetImportParameters requested are different than current active one (requested -> active):
  custom:video-decoder-ogg-theora: a1e56fd34408186e4bbccfd4996cb3dc -> 
  custom:container-muxer-webm: aa71ff27fc2769a1b78a27578f13a17b -> 
  custom:container-demuxer-webm: 4f35f7cbe854078d1ac9338744f61a02 -> 
  custom:video-encoder-webm-vp8: eb34c28f22e8b96e1ab97ce403110664 -> 
  custom:video-codec-MediaFoundation-h265: 746d11721c4dcdbdad8f713fa42b33f4 -> 
  custom:CustomObjectIndexerAttribute: bc11b3a6c3213fcdd17b65e7da85e133 -> 
  custom:audio-encoder-webm-vorbis: bf7c407c2cedff20999df2af8eb42d56 -> 
  custom:framework-win-MediaFoundation: 216162199b28c13a410421893ffa2e32 -> 
  custom:SearchIndexIgnoredProperties: e643bd26f0fe6173181afceb89e7c659 -> 
  custom:container-demuxer-ogg: 62fdf1f143b41e24485cea50d1cbac27 -> 
  custom:video-decoder-webm-vp8: 9c59270c3fd7afecdb556c50c9e8de78 -> 
  custom:audio-decoder-ogg-vorbis: bf7c407c2cedff20999df2af8eb42d56 -> 
========================================================================
Received Prepare
Registering precompiled user dll's ...
Registered in 0.004038 seconds.
Begin MonoManager ReloadAssembly
Native extension for WindowsStandalone target not found
Failed to load: C:/Program Files/Unity/Hub/Editor/2021.3.36f1/Editor/Data/PlaybackEngines/iOSSupport\x64\UnityEditor.iOS.Native.dll
Native extension for iOS target not found
Native extension for Android target not found
Native extension for WebGL target not found
Refreshing native plugins compatible for Editor in 1.29 ms, found 3 plugins.
Preloading 0 native plugins for Editor in 0.00 ms.
[Package Manager] Server::EnsureServerProcessIsRunning -- launch failed, reason: Unity was launched with the -noUpm command-line argument
[Package Manager] Cannot connect to Unity Package Manager local server
[Package Manager] Server::EnsureServerProcessIsRunning -- launch failed, reason: Unity was launched with the -noUpm command-line argument
[Package Manager] Cannot connect to Unity Package Manager local server
[ScriptCompilation] NOT recompiling all scripts because this is an import worker process. Reason to compile was: Define symbols changed
Mono: successfully reloaded assembly
- Completed reload, in  2.077 seconds
Domain Reload Profiling:
	ReloadAssembly (2078ms)
		BeginReloadAssembly (191ms)
			ExecutionOrderSort (0ms)
			DisableScriptedObjects (7ms)
			BackupInstance (0ms)
			ReleaseScriptingObjects (0ms)
			CreateAndSetChildDomain (43ms)
		EndReloadAssembly (1748ms)
			LoadAssemblies (140ms)
			RebuildTransferFunctionScriptingTraits (0ms)
			SetupTypeCache (358ms)
			ReleaseScriptCaches (2ms)
			RebuildScriptCaches (54ms)
			SetupLoadedEditorAssemblies (1133ms)
				LogAssemblyErrors (0ms)
				InitializePlatformSupportModulesInManaged (51ms)
				SetLoadedEditorAssemblies (1ms)
				RefreshPlugins (1ms)
				BeforeProcessingInitializeOnLoad (98ms)
				ProcessInitializeOnLoadAttributes (813ms)
				ProcessInitializeOnLoadMethodAttributes (156ms)
				AfterProcessingInitializeOnLoad (12ms)
				EditorAssembliesLoaded (0ms)
			ExecutionOrderSort2 (0ms)
			AwakeInstancesAfterBackupRestoration (16ms)
Platform modules already initialized, skipping
Refreshing native plugins compatible for Editor in 1.58 ms, found 3 plugins.
Preloading 0 native plugins for Editor in 0.00 ms.
Unloading 4413 Unused Serialized files (Serialized files now loaded: 0)
Unloading 53 unused Assets / (168.3 KB). Loaded Objects now: 4972.
Memory consumption went from 158.9 MB to 158.8 MB.
Total: 6.862800 ms (FindLiveObjects: 0.734500 ms CreateObjectMapping: 0.295500 ms MarkObjects: 5.577100 ms  DeleteObjects: 0.253200 ms)

AssetImportParameters requested are different than current active one (requested -> active):
  custom:video-decoder-ogg-theora: a1e56fd34408186e4bbccfd4996cb3dc -> 
  custom:container-muxer-webm: aa71ff27fc2769a1b78a27578f13a17b -> 
  custom:container-demuxer-webm: 4f35f7cbe854078d1ac9338744f61a02 -> 
  custom:video-encoder-webm-vp8: eb34c28f22e8b96e1ab97ce403110664 -> 
  custom:video-codec-MediaFoundation-h265: 746d11721c4dcdbdad8f713fa42b33f4 -> 
  custom:CustomObjectIndexerAttribute: bc11b3a6c3213fcdd17b65e7da85e133 -> 
  custom:audio-encoder-webm-vorbis: bf7c407c2cedff20999df2af8eb42d56 -> 
  custom:framework-win-MediaFoundation: 216162199b28c13a410421893ffa2e32 -> 
  custom:SearchIndexIgnoredProperties: e643bd26f0fe6173181afceb89e7c659 -> 
  custom:container-demuxer-ogg: 62fdf1f143b41e24485cea50d1cbac27 -> 
  custom:video-decoder-webm-vp8: 9c59270c3fd7afecdb556c50c9e8de78 -> 
  custom:audio-decoder-ogg-vorbis: bf7c407c2cedff20999df2af8eb42d56 -> 
========================================================================
Received Prepare
Registering precompiled user dll's ...
Registered in 0.005038 seconds.
Begin MonoManager ReloadAssembly
Native extension for WindowsStandalone target not found
Failed to load: C:/Program Files/Unity/Hub/Editor/2021.3.36f1/Editor/Data/PlaybackEngines/iOSSupport\x64\UnityEditor.iOS.Native.dll
Native extension for iOS target not found
Native extension for Android target not found
Native extension for WebGL target not found
Refreshing native plugins compatible for Editor in 1.01 ms, found 3 plugins.
Preloading 0 native plugins for Editor in 0.00 ms.
[Package Manager] Server::EnsureServerProcessIsRunning -- launch failed, reason: Unity was launched with the -noUpm command-line argument
[Package Manager] Cannot connect to Unity Package Manager local server
[Package Manager] Server::EnsureServerProcessIsRunning -- launch failed, reason: Unity was launched with the -noUpm command-line argument
[Package Manager] Cannot connect to Unity Package Manager local server
[ScriptCompilation] NOT recompiling all scripts because this is an import worker process. Reason to compile was: Define symbols changed
Mono: successfully reloaded assembly
- Completed reload, in  2.023 seconds
Domain Reload Profiling:
	ReloadAssembly (2025ms)
		BeginReloadAssembly (194ms)
			ExecutionOrderSort (0ms)
			DisableScriptedObjects (7ms)
			BackupInstance (0ms)
			ReleaseScriptingObjects (0ms)
			CreateAndSetChildDomain (42ms)
		EndReloadAssembly (1702ms)
			LoadAssemblies (144ms)
			RebuildTransferFunctionScriptingTraits (0ms)
			SetupTypeCache (354ms)
			ReleaseScriptCaches (2ms)
			RebuildScriptCaches (57ms)
			SetupLoadedEditorAssemblies (1095ms)
				LogAssemblyErrors (0ms)
				InitializePlatformSupportModulesInManaged (43ms)
				SetLoadedEditorAssemblies (1ms)
				RefreshPlugins (1ms)
				BeforeProcessingInitializeOnLoad (110ms)
				ProcessInitializeOnLoadAttributes (784ms)
				ProcessInitializeOnLoadMethodAttributes (145ms)
				AfterProcessingInitializeOnLoad (11ms)
				EditorAssembliesLoaded (0ms)
			ExecutionOrderSort2 (0ms)
			AwakeInstancesAfterBackupRestoration (13ms)
Platform modules already initialized, skipping
Refreshing native plugins compatible for Editor in 2.14 ms, found 3 plugins.
Preloading 0 native plugins for Editor in 0.00 ms.
Unloading 4413 Unused Serialized files (Serialized files now loaded: 0)
Unloading 53 unused Assets / (168.1 KB). Loaded Objects now: 4975.
Memory consumption went from 158.9 MB to 158.8 MB.
Total: 6.386200 ms (FindLiveObjects: 0.543800 ms CreateObjectMapping: 0.244800 ms MarkObjects: 5.486600 ms  DeleteObjects: 0.108300 ms)

AssetImportParameters requested are different than current active one (requested -> active):
  custom:video-decoder-ogg-theora: a1e56fd34408186e4bbccfd4996cb3dc -> 
  custom:container-muxer-webm: aa71ff27fc2769a1b78a27578f13a17b -> 
  custom:container-demuxer-webm: 4f35f7cbe854078d1ac9338744f61a02 -> 
  custom:video-encoder-webm-vp8: eb34c28f22e8b96e1ab97ce403110664 -> 
  custom:video-codec-MediaFoundation-h265: 746d11721c4dcdbdad8f713fa42b33f4 -> 
  custom:CustomObjectIndexerAttribute: bc11b3a6c3213fcdd17b65e7da85e133 -> 
  custom:audio-encoder-webm-vorbis: bf7c407c2cedff20999df2af8eb42d56 -> 
  custom:framework-win-MediaFoundation: 216162199b28c13a410421893ffa2e32 -> 
  custom:SearchIndexIgnoredProperties: e643bd26f0fe6173181afceb89e7c659 -> 
  custom:container-demuxer-ogg: 62fdf1f143b41e24485cea50d1cbac27 -> 
  custom:video-decoder-webm-vp8: 9c59270c3fd7afecdb556c50c9e8de78 -> 
  custom:audio-decoder-ogg-vorbis: bf7c407c2cedff20999df2af8eb42d56 -> 
========================================================================
Received Prepare
Registering precompiled user dll's ...
Registered in 0.006762 seconds.
Begin MonoManager ReloadAssembly
Native extension for WindowsStandalone target not found
Failed to load: C:/Program Files/Unity/Hub/Editor/2021.3.36f1/Editor/Data/PlaybackEngines/iOSSupport\x64\UnityEditor.iOS.Native.dll
Native extension for iOS target not found
Native extension for Android target not found
Native extension for WebGL target not found
Refreshing native plugins compatible for Editor in 0.94 ms, found 3 plugins.
Preloading 0 native plugins for Editor in 0.00 ms.
[Package Manager] Server::EnsureServerProcessIsRunning -- launch failed, reason: Unity was launched with the -noUpm command-line argument
[Package Manager] Cannot connect to Unity Package Manager local server
[Package Manager] Server::EnsureServerProcessIsRunning -- launch failed, reason: Unity was launched with the -noUpm command-line argument
[Package Manager] Cannot connect to Unity Package Manager local server
[ScriptCompilation] NOT recompiling all scripts because this is an import worker process. Reason to compile was: Define symbols changed
Mono: successfully reloaded assembly
- Completed reload, in  1.635 seconds
Domain Reload Profiling:
	ReloadAssembly (1636ms)
		BeginReloadAssembly (184ms)
			ExecutionOrderSort (0ms)
			DisableScriptedObjects (6ms)
			BackupInstance (0ms)
			ReleaseScriptingObjects (0ms)
			CreateAndSetChildDomain (41ms)
		EndReloadAssembly (1332ms)
			LoadAssemblies (137ms)
			RebuildTransferFunctionScriptingTraits (0ms)
			SetupTypeCache (398ms)
			ReleaseScriptCaches (2ms)
			RebuildScriptCaches (56ms)
			SetupLoadedEditorAssemblies (719ms)
				LogAssemblyErrors (0ms)
				InitializePlatformSupportModulesInManaged (37ms)
				SetLoadedEditorAssemblies (1ms)
				RefreshPlugins (1ms)
				BeforeProcessingInitializeOnLoad (79ms)
				ProcessInitializeOnLoadAttributes (546ms)
				ProcessInitializeOnLoadMethodAttributes (52ms)
				AfterProcessingInitializeOnLoad (5ms)
				EditorAssembliesLoaded (0ms)
			ExecutionOrderSort2 (0ms)
			AwakeInstancesAfterBackupRestoration (6ms)
Platform modules already initialized, skipping
Refreshing native plugins compatible for Editor in 0.95 ms, found 3 plugins.
Preloading 0 native plugins for Editor in 0.00 ms.
Unloading 4414 Unused Serialized files (Serialized files now loaded: 0)
Unloading 53 unused Assets / (168.4 KB). Loaded Objects now: 4979.
Memory consumption went from 159.0 MB to 158.8 MB.
Total: 3.680800 ms (FindLiveObjects: 0.300800 ms CreateObjectMapping: 0.161500 ms MarkObjects: 3.150300 ms  DeleteObjects: 0.067000 ms)

AssetImportParameters requested are different than current active one (requested -> active):
  custom:video-decoder-ogg-theora: a1e56fd34408186e4bbccfd4996cb3dc -> 
  custom:container-muxer-webm: aa71ff27fc2769a1b78a27578f13a17b -> 
  custom:container-demuxer-webm: 4f35f7cbe854078d1ac9338744f61a02 -> 
  custom:video-encoder-webm-vp8: eb34c28f22e8b96e1ab97ce403110664 -> 
  custom:video-codec-MediaFoundation-h265: 746d11721c4dcdbdad8f713fa42b33f4 -> 
  custom:CustomObjectIndexerAttribute: bc11b3a6c3213fcdd17b65e7da85e133 -> 
  custom:audio-encoder-webm-vorbis: bf7c407c2cedff20999df2af8eb42d56 -> 
  custom:framework-win-MediaFoundation: 216162199b28c13a410421893ffa2e32 -> 
  custom:SearchIndexIgnoredProperties: e643bd26f0fe6173181afceb89e7c659 -> 
  custom:container-demuxer-ogg: 62fdf1f143b41e24485cea50d1cbac27 -> 
  custom:video-decoder-webm-vp8: 9c59270c3fd7afecdb556c50c9e8de78 -> 
  custom:audio-decoder-ogg-vorbis: bf7c407c2cedff20999df2af8eb42d56 -> 
========================================================================
Received Prepare
Registering precompiled user dll's ...
Registered in 0.005481 seconds.
Begin MonoManager ReloadAssembly
Native extension for WindowsStandalone target not found
Failed to load: C:/Program Files/Unity/Hub/Editor/2021.3.36f1/Editor/Data/PlaybackEngines/iOSSupport\x64\UnityEditor.iOS.Native.dll
Native extension for iOS target not found
Native extension for Android target not found
Native extension for WebGL target not found
Refreshing native plugins compatible for Editor in 0.79 ms, found 3 plugins.
Preloading 0 native plugins for Editor in 0.00 ms.
[Package Manager] Server::EnsureServerProcessIsRunning -- launch failed, reason: Unity was launched with the -noUpm command-line argument
[Package Manager] Cannot connect to Unity Package Manager local server
[Package Manager] Server::EnsureServerProcessIsRunning -- launch failed, reason: Unity was launched with the -noUpm command-line argument
[Package Manager] Cannot connect to Unity Package Manager local server
[ScriptCompilation] NOT recompiling all scripts because this is an import worker process. Reason to compile was: Define symbols changed
Mono: successfully reloaded assembly
- Completed reload, in  1.377 seconds
Domain Reload Profiling:
	ReloadAssembly (1378ms)
		BeginReloadAssembly (134ms)
			ExecutionOrderSort (0ms)
			DisableScriptedObjects (4ms)
			BackupInstance (0ms)
			ReleaseScriptingObjects (0ms)
			CreateAndSetChildDomain (40ms)
		EndReloadAssembly (1171ms)
			LoadAssemblies (84ms)
			RebuildTransferFunctionScriptingTraits (0ms)
			SetupTypeCache (236ms)
			ReleaseScriptCaches (2ms)
			RebuildScriptCaches (38ms)
			SetupLoadedEditorAssemblies (771ms)
				LogAssemblyErrors (0ms)
				InitializePlatformSupportModulesInManaged (32ms)
				SetLoadedEditorAssemblies (0ms)
				RefreshPlugins (1ms)
				BeforeProcessingInitializeOnLoad (60ms)
				ProcessInitializeOnLoadAttributes (604ms)
				ProcessInitializeOnLoadMethodAttributes (67ms)
				AfterProcessingInitializeOnLoad (6ms)
				EditorAssembliesLoaded (0ms)
			ExecutionOrderSort2 (0ms)
			AwakeInstancesAfterBackupRestoration (7ms)
Platform modules already initialized, skipping
Refreshing native plugins compatible for Editor in 1.54 ms, found 3 plugins.
Preloading 0 native plugins for Editor in 0.00 ms.
Unloading 4414 Unused Serialized files (Serialized files now loaded: 0)
Unloading 53 unused Assets / (168.1 KB). Loaded Objects now: 4982.
Memory consumption went from 159.2 MB to 159.0 MB.
Total: 9.602400 ms (FindLiveObjects: 1.124400 ms CreateObjectMapping: 0.514700 ms MarkObjects: 7.809600 ms  DeleteObjects: 0.147500 ms)

AssetImportParameters requested are different than current active one (requested -> active):
  custom:video-decoder-ogg-theora: a1e56fd34408186e4bbccfd4996cb3dc -> 
  custom:container-muxer-webm: aa71ff27fc2769a1b78a27578f13a17b -> 
  custom:container-demuxer-webm: 4f35f7cbe854078d1ac9338744f61a02 -> 
  custom:video-encoder-webm-vp8: eb34c28f22e8b96e1ab97ce403110664 -> 
  custom:video-codec-MediaFoundation-h265: 746d11721c4dcdbdad8f713fa42b33f4 -> 
  custom:CustomObjectIndexerAttribute: bc11b3a6c3213fcdd17b65e7da85e133 -> 
  custom:audio-encoder-webm-vorbis: bf7c407c2cedff20999df2af8eb42d56 -> 
  custom:framework-win-MediaFoundation: 216162199b28c13a410421893ffa2e32 -> 
  custom:SearchIndexIgnoredProperties: e643bd26f0fe6173181afceb89e7c659 -> 
  custom:container-demuxer-ogg: 62fdf1f143b41e24485cea50d1cbac27 -> 
  custom:video-decoder-webm-vp8: 9c59270c3fd7afecdb556c50c9e8de78 -> 
  custom:audio-decoder-ogg-vorbis: bf7c407c2cedff20999df2af8eb42d56 -> 
========================================================================
Received Prepare
Registering precompiled user dll's ...
Registered in 0.009338 seconds.
Begin MonoManager ReloadAssembly
Native extension for WindowsStandalone target not found
Failed to load: C:/Program Files/Unity/Hub/Editor/2021.3.36f1/Editor/Data/PlaybackEngines/iOSSupport\x64\UnityEditor.iOS.Native.dll
Native extension for iOS target not found
Native extension for Android target not found
Native extension for WebGL target not found
Refreshing native plugins compatible for Editor in 1.00 ms, found 3 plugins.
Preloading 0 native plugins for Editor in 0.00 ms.
[Package Manager] Server::EnsureServerProcessIsRunning -- launch failed, reason: Unity was launched with the -noUpm command-line argument
[Package Manager] Cannot connect to Unity Package Manager local server
[Package Manager] Server::EnsureServerProcessIsRunning -- launch failed, reason: Unity was launched with the -noUpm command-line argument
[Package Manager] Cannot connect to Unity Package Manager local server
[ScriptCompilation] NOT recompiling all scripts because this is an import worker process. Reason to compile was: Define symbols changed
Mono: successfully reloaded assembly
- Completed reload, in  1.731 seconds
Domain Reload Profiling:
	ReloadAssembly (1732ms)
		BeginReloadAssembly (207ms)
			ExecutionOrderSort (0ms)
			DisableScriptedObjects (7ms)
			BackupInstance (0ms)
			ReleaseScriptingObjects (0ms)
			CreateAndSetChildDomain (45ms)
		EndReloadAssembly (1401ms)
			LoadAssemblies (150ms)
			RebuildTransferFunctionScriptingTraits (0ms)
			SetupTypeCache (387ms)
			ReleaseScriptCaches (2ms)
			RebuildScriptCaches (66ms)
			SetupLoadedEditorAssemblies (785ms)
				LogAssemblyErrors (0ms)
				InitializePlatformSupportModulesInManaged (48ms)
				SetLoadedEditorAssemblies (1ms)
				RefreshPlugins (1ms)
				BeforeProcessingInitializeOnLoad (95ms)
				ProcessInitializeOnLoadAttributes (587ms)
				ProcessInitializeOnLoadMethodAttributes (49ms)
				AfterProcessingInitializeOnLoad (4ms)
				EditorAssembliesLoaded (0ms)
			ExecutionOrderSort2 (0ms)
			AwakeInstancesAfterBackupRestoration (5ms)
Platform modules already initialized, skipping
Refreshing native plugins compatible for Editor in 1.02 ms, found 3 plugins.
Preloading 0 native plugins for Editor in 0.00 ms.
Unloading 4414 Unused Serialized files (Serialized files now loaded: 0)
Unloading 53 unused Assets / (168.3 KB). Loaded Objects now: 4985.
Memory consumption went from 159.2 MB to 159.0 MB.
Total: 4.327800 ms (FindLiveObjects: 0.314400 ms CreateObjectMapping: 0.176400 ms MarkObjects: 3.761700 ms  DeleteObjects: 0.073300 ms)

AssetImportParameters requested are different than current active one (requested -> active):
  custom:video-decoder-ogg-theora: a1e56fd34408186e4bbccfd4996cb3dc -> 
  custom:container-muxer-webm: aa71ff27fc2769a1b78a27578f13a17b -> 
  custom:container-demuxer-webm: 4f35f7cbe854078d1ac9338744f61a02 -> 
  custom:video-encoder-webm-vp8: eb34c28f22e8b96e1ab97ce403110664 -> 
  custom:video-codec-MediaFoundation-h265: 746d11721c4dcdbdad8f713fa42b33f4 -> 
  custom:CustomObjectIndexerAttribute: bc11b3a6c3213fcdd17b65e7da85e133 -> 
  custom:audio-encoder-webm-vorbis: bf7c407c2cedff20999df2af8eb42d56 -> 
  custom:framework-win-MediaFoundation: 216162199b28c13a410421893ffa2e32 -> 
  custom:SearchIndexIgnoredProperties: e643bd26f0fe6173181afceb89e7c659 -> 
  custom:container-demuxer-ogg: 62fdf1f143b41e24485cea50d1cbac27 -> 
  custom:video-decoder-webm-vp8: 9c59270c3fd7afecdb556c50c9e8de78 -> 
  custom:audio-decoder-ogg-vorbis: bf7c407c2cedff20999df2af8eb42d56 -> 
========================================================================
Received Prepare
Registering precompiled user dll's ...
Registered in 0.005083 seconds.
Begin MonoManager ReloadAssembly
Native extension for WindowsStandalone target not found
Failed to load: C:/Program Files/Unity/Hub/Editor/2021.3.36f1/Editor/Data/PlaybackEngines/iOSSupport\x64\UnityEditor.iOS.Native.dll
Native extension for iOS target not found
Native extension for Android target not found
Native extension for WebGL target not found
Refreshing native plugins compatible for Editor in 0.81 ms, found 3 plugins.
Preloading 0 native plugins for Editor in 0.00 ms.
[Package Manager] Server::EnsureServerProcessIsRunning -- launch failed, reason: Unity was launched with the -noUpm command-line argument
[Package Manager] Cannot connect to Unity Package Manager local server
[Package Manager] Server::EnsureServerProcessIsRunning -- launch failed, reason: Unity was launched with the -noUpm command-line argument
[Package Manager] Cannot connect to Unity Package Manager local server
[ScriptCompilation] NOT recompiling all scripts because this is an import worker process. Reason to compile was: Define symbols changed
Mono: successfully reloaded assembly
- Completed reload, in  1.902 seconds
Domain Reload Profiling:
	ReloadAssembly (1903ms)
		BeginReloadAssembly (236ms)
			ExecutionOrderSort (0ms)
			DisableScriptedObjects (10ms)
			BackupInstance (0ms)
			ReleaseScriptingObjects (0ms)
			CreateAndSetChildDomain (46ms)
		EndReloadAssembly (1510ms)
			LoadAssemblies (181ms)
			RebuildTransferFunctionScriptingTraits (0ms)
			SetupTypeCache (457ms)
			ReleaseScriptCaches (2ms)
			RebuildScriptCaches (63ms)
			SetupLoadedEditorAssemblies (820ms)
				LogAssemblyErrors (0ms)
				InitializePlatformSupportModulesInManaged (32ms)
				SetLoadedEditorAssemblies (0ms)
				RefreshPlugins (1ms)
				BeforeProcessingInitializeOnLoad (92ms)
				ProcessInitializeOnLoadAttributes (628ms)
				ProcessInitializeOnLoadMethodAttributes (60ms)
				AfterProcessingInitializeOnLoad (7ms)
				EditorAssembliesLoaded (0ms)
			ExecutionOrderSort2 (0ms)
			AwakeInstancesAfterBackupRestoration (6ms)
Platform modules already initialized, skipping
Refreshing native plugins compatible for Editor in 1.40 ms, found 3 plugins.
Preloading 0 native plugins for Editor in 0.00 ms.
Unloading 4414 Unused Serialized files (Serialized files now loaded: 0)
Unloading 53 unused Assets / (168.4 KB). Loaded Objects now: 4988.
Memory consumption went from 159.2 MB to 159.0 MB.
Total: 4.989200 ms (FindLiveObjects: 0.475300 ms CreateObjectMapping: 0.225500 ms MarkObjects: 4.194600 ms  DeleteObjects: 0.091800 ms)

AssetImportParameters requested are different than current active one (requested -> active):
  custom:video-decoder-ogg-theora: a1e56fd34408186e4bbccfd4996cb3dc -> 
  custom:container-muxer-webm: aa71ff27fc2769a1b78a27578f13a17b -> 
  custom:container-demuxer-webm: 4f35f7cbe854078d1ac9338744f61a02 -> 
  custom:video-encoder-webm-vp8: eb34c28f22e8b96e1ab97ce403110664 -> 
  custom:video-codec-MediaFoundation-h265: 746d11721c4dcdbdad8f713fa42b33f4 -> 
  custom:CustomObjectIndexerAttribute: bc11b3a6c3213fcdd17b65e7da85e133 -> 
  custom:audio-encoder-webm-vorbis: bf7c407c2cedff20999df2af8eb42d56 -> 
  custom:framework-win-MediaFoundation: 216162199b28c13a410421893ffa2e32 -> 
  custom:SearchIndexIgnoredProperties: e643bd26f0fe6173181afceb89e7c659 -> 
  custom:container-demuxer-ogg: 62fdf1f143b41e24485cea50d1cbac27 -> 
  custom:video-decoder-webm-vp8: 9c59270c3fd7afecdb556c50c9e8de78 -> 
  custom:audio-decoder-ogg-vorbis: bf7c407c2cedff20999df2af8eb42d56 -> 
========================================================================
Received Prepare
Registering precompiled user dll's ...
Registered in 0.005115 seconds.
Begin MonoManager ReloadAssembly
Native extension for WindowsStandalone target not found
Failed to load: C:/Program Files/Unity/Hub/Editor/2021.3.36f1/Editor/Data/PlaybackEngines/iOSSupport\x64\UnityEditor.iOS.Native.dll
Native extension for iOS target not found
Native extension for Android target not found
Native extension for WebGL target not found
Refreshing native plugins compatible for Editor in 1.01 ms, found 3 plugins.
Preloading 0 native plugins for Editor in 0.00 ms.
[Package Manager] Server::EnsureServerProcessIsRunning -- launch failed, reason: Unity was launched with the -noUpm command-line argument
[Package Manager] Cannot connect to Unity Package Manager local server
[Package Manager] Server::EnsureServerProcessIsRunning -- launch failed, reason: Unity was launched with the -noUpm command-line argument
[Package Manager] Cannot connect to Unity Package Manager local server
[ScriptCompilation] NOT recompiling all scripts because this is an import worker process. Reason to compile was: Define symbols changed
Mono: successfully reloaded assembly
- Completed reload, in  2.115 seconds
Domain Reload Profiling:
	ReloadAssembly (2116ms)
		BeginReloadAssembly (193ms)
			ExecutionOrderSort (0ms)
			DisableScriptedObjects (7ms)
			BackupInstance (0ms)
			ReleaseScriptingObjects (0ms)
			CreateAndSetChildDomain (42ms)
		EndReloadAssembly (1784ms)
			LoadAssemblies (139ms)
			RebuildTransferFunctionScriptingTraits (0ms)
			SetupTypeCache (352ms)
			ReleaseScriptCaches (2ms)
			RebuildScriptCaches (64ms)
			SetupLoadedEditorAssemblies (1169ms)
				LogAssemblyErrors (0ms)
				InitializePlatformSupportModulesInManaged (52ms)
				SetLoadedEditorAssemblies (1ms)
				RefreshPlugins (1ms)
				BeforeProcessingInitializeOnLoad (118ms)
				ProcessInitializeOnLoadAttributes (867ms)
				ProcessInitializeOnLoadMethodAttributes (120ms)
				AfterProcessingInitializeOnLoad (9ms)
				EditorAssembliesLoaded (0ms)
			ExecutionOrderSort2 (0ms)
			AwakeInstancesAfterBackupRestoration (11ms)
Platform modules already initialized, skipping
Refreshing native plugins compatible for Editor in 1.03 ms, found 3 plugins.
Preloading 0 native plugins for Editor in 0.00 ms.
Unloading 4414 Unused Serialized files (Serialized files now loaded: 0)
Unloading 53 unused Assets / (168.3 KB). Loaded Objects now: 4991.
Memory consumption went from 159.2 MB to 159.0 MB.
Total: 4.299200 ms (FindLiveObjects: 0.327300 ms CreateObjectMapping: 0.187000 ms MarkObjects: 3.710000 ms  DeleteObjects: 0.072700 ms)

AssetImportParameters requested are different than current active one (requested -> active):
  custom:video-decoder-ogg-theora: a1e56fd34408186e4bbccfd4996cb3dc -> 
  custom:container-muxer-webm: aa71ff27fc2769a1b78a27578f13a17b -> 
  custom:container-demuxer-webm: 4f35f7cbe854078d1ac9338744f61a02 -> 
  custom:video-encoder-webm-vp8: eb34c28f22e8b96e1ab97ce403110664 -> 
  custom:video-codec-MediaFoundation-h265: 746d11721c4dcdbdad8f713fa42b33f4 -> 
  custom:CustomObjectIndexerAttribute: bc11b3a6c3213fcdd17b65e7da85e133 -> 
  custom:audio-encoder-webm-vorbis: bf7c407c2cedff20999df2af8eb42d56 -> 
  custom:framework-win-MediaFoundation: 216162199b28c13a410421893ffa2e32 -> 
  custom:SearchIndexIgnoredProperties: e643bd26f0fe6173181afceb89e7c659 -> 
  custom:container-demuxer-ogg: 62fdf1f143b41e24485cea50d1cbac27 -> 
  custom:video-decoder-webm-vp8: 9c59270c3fd7afecdb556c50c9e8de78 -> 
  custom:audio-decoder-ogg-vorbis: bf7c407c2cedff20999df2af8eb42d56 -> 
========================================================================
Received Prepare
Registering precompiled user dll's ...
Registered in 0.011422 seconds.
Begin MonoManager ReloadAssembly
Native extension for WindowsStandalone target not found
Failed to load: C:/Program Files/Unity/Hub/Editor/2021.3.36f1/Editor/Data/PlaybackEngines/iOSSupport\x64\UnityEditor.iOS.Native.dll
Native extension for iOS target not found
Native extension for Android target not found
Native extension for WebGL target not found
Refreshing native plugins compatible for Editor in 1.14 ms, found 3 plugins.
Preloading 0 native plugins for Editor in 0.00 ms.
[Package Manager] Server::EnsureServerProcessIsRunning -- launch failed, reason: Unity was launched with the -noUpm command-line argument
[Package Manager] Cannot connect to Unity Package Manager local server
[Package Manager] Server::EnsureServerProcessIsRunning -- launch failed, reason: Unity was launched with the -noUpm command-line argument
[Package Manager] Cannot connect to Unity Package Manager local server
[ScriptCompilation] NOT recompiling all scripts because this is an import worker process. Reason to compile was: Define symbols changed
Mono: successfully reloaded assembly
- Completed reload, in  2.008 seconds
Domain Reload Profiling:
	ReloadAssembly (2009ms)
		BeginReloadAssembly (186ms)
			ExecutionOrderSort (0ms)
			DisableScriptedObjects (7ms)
			BackupInstance (0ms)
			ReleaseScriptingObjects (0ms)
			CreateAndSetChildDomain (43ms)
		EndReloadAssembly (1706ms)
			LoadAssemblies (132ms)
			RebuildTransferFunctionScriptingTraits (0ms)
			SetupTypeCache (380ms)
			ReleaseScriptCaches (2ms)
			RebuildScriptCaches (59ms)
			SetupLoadedEditorAssemblies (1072ms)
				LogAssemblyErrors (0ms)
				InitializePlatformSupportModulesInManaged (57ms)
				SetLoadedEditorAssemblies (1ms)
				RefreshPlugins (1ms)
				BeforeProcessingInitializeOnLoad (96ms)
				ProcessInitializeOnLoadAttributes (780ms)
				ProcessInitializeOnLoadMethodAttributes (126ms)
				AfterProcessingInitializeOnLoad (10ms)
				EditorAssembliesLoaded (0ms)
			ExecutionOrderSort2 (0ms)
			AwakeInstancesAfterBackupRestoration (11ms)
Platform modules already initialized, skipping
Refreshing native plugins compatible for Editor in 1.44 ms, found 3 plugins.
Preloading 0 native plugins for Editor in 0.00 ms.
Unloading 4414 Unused Serialized files (Serialized files now loaded: 0)
Unloading 53 unused Assets / (168.3 KB). Loaded Objects now: 4994.
Memory consumption went from 159.0 MB to 158.9 MB.
Total: 5.730800 ms (FindLiveObjects: 0.562700 ms CreateObjectMapping: 0.233200 ms MarkObjects: 4.827900 ms  DeleteObjects: 0.104000 ms)

AssetImportParameters requested are different than current active one (requested -> active):
  custom:video-decoder-ogg-theora: a1e56fd34408186e4bbccfd4996cb3dc -> 
  custom:container-muxer-webm: aa71ff27fc2769a1b78a27578f13a17b -> 
  custom:container-demuxer-webm: 4f35f7cbe854078d1ac9338744f61a02 -> 
  custom:video-encoder-webm-vp8: eb34c28f22e8b96e1ab97ce403110664 -> 
  custom:video-codec-MediaFoundation-h265: 746d11721c4dcdbdad8f713fa42b33f4 -> 
  custom:CustomObjectIndexerAttribute: bc11b3a6c3213fcdd17b65e7da85e133 -> 
  custom:audio-encoder-webm-vorbis: bf7c407c2cedff20999df2af8eb42d56 -> 
  custom:framework-win-MediaFoundation: 216162199b28c13a410421893ffa2e32 -> 
  custom:SearchIndexIgnoredProperties: e643bd26f0fe6173181afceb89e7c659 -> 
  custom:container-demuxer-ogg: 62fdf1f143b41e24485cea50d1cbac27 -> 
  custom:video-decoder-webm-vp8: 9c59270c3fd7afecdb556c50c9e8de78 -> 
  custom:audio-decoder-ogg-vorbis: bf7c407c2cedff20999df2af8eb42d56 -> 
========================================================================
Received Prepare
Registering precompiled user dll's ...
Registered in 0.007052 seconds.
Begin MonoManager ReloadAssembly
Native extension for WindowsStandalone target not found
Failed to load: C:/Program Files/Unity/Hub/Editor/2021.3.36f1/Editor/Data/PlaybackEngines/iOSSupport\x64\UnityEditor.iOS.Native.dll
Native extension for iOS target not found
Native extension for Android target not found
Native extension for WebGL target not found
Refreshing native plugins compatible for Editor in 0.86 ms, found 3 plugins.
Preloading 0 native plugins for Editor in 0.00 ms.
[Package Manager] Server::EnsureServerProcessIsRunning -- launch failed, reason: Unity was launched with the -noUpm command-line argument
[Package Manager] Cannot connect to Unity Package Manager local server
[Package Manager] Server::EnsureServerProcessIsRunning -- launch failed, reason: Unity was launched with the -noUpm command-line argument
[Package Manager] Cannot connect to Unity Package Manager local server
[ScriptCompilation] NOT recompiling all scripts because this is an import worker process. Reason to compile was: Define symbols changed
Mono: successfully reloaded assembly
- Completed reload, in  1.648 seconds
Domain Reload Profiling:
	ReloadAssembly (1648ms)
		BeginReloadAssembly (192ms)
			ExecutionOrderSort (0ms)
			DisableScriptedObjects (7ms)
			BackupInstance (0ms)
			ReleaseScriptingObjects (0ms)
			CreateAndSetChildDomain (44ms)
		EndReloadAssembly (1327ms)
			LoadAssemblies (138ms)
			RebuildTransferFunctionScriptingTraits (0ms)
			SetupTypeCache (392ms)
			ReleaseScriptCaches (2ms)
			RebuildScriptCaches (48ms)
			SetupLoadedEditorAssemblies (744ms)
				LogAssemblyErrors (0ms)
				InitializePlatformSupportModulesInManaged (36ms)
				SetLoadedEditorAssemblies (0ms)
				RefreshPlugins (1ms)
				BeforeProcessingInitializeOnLoad (76ms)
				ProcessInitializeOnLoadAttributes (574ms)
				ProcessInitializeOnLoadMethodAttributes (51ms)
				AfterProcessingInitializeOnLoad (6ms)
				EditorAssembliesLoaded (0ms)
			ExecutionOrderSort2 (0ms)
			AwakeInstancesAfterBackupRestoration (5ms)
Platform modules already initialized, skipping
Refreshing native plugins compatible for Editor in 1.12 ms, found 3 plugins.
Preloading 0 native plugins for Editor in 0.00 ms.
Unloading 4414 Unused Serialized files (Serialized files now loaded: 0)
Unloading 53 unused Assets / (168.3 KB). Loaded Objects now: 4997.
Memory consumption went from 159.0 MB to 158.9 MB.
Total: 4.729300 ms (FindLiveObjects: 0.379100 ms CreateObjectMapping: 0.221500 ms MarkObjects: 4.030400 ms  DeleteObjects: 0.096300 ms)

AssetImportParameters requested are different than current active one (requested -> active):
  custom:video-decoder-ogg-theora: a1e56fd34408186e4bbccfd4996cb3dc -> 
  custom:container-muxer-webm: aa71ff27fc2769a1b78a27578f13a17b -> 
  custom:container-demuxer-webm: 4f35f7cbe854078d1ac9338744f61a02 -> 
  custom:video-encoder-webm-vp8: eb34c28f22e8b96e1ab97ce403110664 -> 
  custom:video-codec-MediaFoundation-h265: 746d11721c4dcdbdad8f713fa42b33f4 -> 
  custom:CustomObjectIndexerAttribute: bc11b3a6c3213fcdd17b65e7da85e133 -> 
  custom:audio-encoder-webm-vorbis: bf7c407c2cedff20999df2af8eb42d56 -> 
  custom:framework-win-MediaFoundation: 216162199b28c13a410421893ffa2e32 -> 
  custom:SearchIndexIgnoredProperties: e643bd26f0fe6173181afceb89e7c659 -> 
  custom:container-demuxer-ogg: 62fdf1f143b41e24485cea50d1cbac27 -> 
  custom:video-decoder-webm-vp8: 9c59270c3fd7afecdb556c50c9e8de78 -> 
  custom:audio-decoder-ogg-vorbis: bf7c407c2cedff20999df2af8eb42d56 -> 
========================================================================
Received Prepare
Registering precompiled user dll's ...
Registered in 0.006486 seconds.
Begin MonoManager ReloadAssembly
Native extension for WindowsStandalone target not found
Failed to load: C:/Program Files/Unity/Hub/Editor/2021.3.36f1/Editor/Data/PlaybackEngines/iOSSupport\x64\UnityEditor.iOS.Native.dll
Native extension for iOS target not found
Native extension for Android target not found
Native extension for WebGL target not found
Refreshing native plugins compatible for Editor in 1.16 ms, found 3 plugins.
Preloading 0 native plugins for Editor in 0.00 ms.
[Package Manager] Server::EnsureServerProcessIsRunning -- launch failed, reason: Unity was launched with the -noUpm command-line argument
[Package Manager] Cannot connect to Unity Package Manager local server
[Package Manager] Server::EnsureServerProcessIsRunning -- launch failed, reason: Unity was launched with the -noUpm command-line argument
[Package Manager] Cannot connect to Unity Package Manager local server
[ScriptCompilation] NOT recompiling all scripts because this is an import worker process. Reason to compile was: Define symbols changed
Mono: successfully reloaded assembly
- Completed reload, in  2.094 seconds
Domain Reload Profiling:
	ReloadAssembly (2095ms)
		BeginReloadAssembly (221ms)
			ExecutionOrderSort (0ms)
			DisableScriptedObjects (11ms)
			BackupInstance (0ms)
			ReleaseScriptingObjects (0ms)
			CreateAndSetChildDomain (52ms)
		EndReloadAssembly (1737ms)
			LoadAssemblies (154ms)
			RebuildTransferFunctionScriptingTraits (0ms)
			SetupTypeCache (380ms)
			ReleaseScriptCaches (3ms)
			RebuildScriptCaches (57ms)
			SetupLoadedEditorAssemblies (1093ms)
				LogAssemblyErrors (0ms)
				InitializePlatformSupportModulesInManaged (52ms)
				SetLoadedEditorAssemblies (1ms)
				RefreshPlugins (1ms)
				BeforeProcessingInitializeOnLoad (109ms)
				ProcessInitializeOnLoadAttributes (778ms)
				ProcessInitializeOnLoadMethodAttributes (139ms)
				AfterProcessingInitializeOnLoad (12ms)
				EditorAssembliesLoaded (0ms)
			ExecutionOrderSort2 (0ms)
			AwakeInstancesAfterBackupRestoration (12ms)
Platform modules already initialized, skipping
Refreshing native plugins compatible for Editor in 1.73 ms, found 3 plugins.
Preloading 0 native plugins for Editor in 0.00 ms.
Unloading 4414 Unused Serialized files (Serialized files now loaded: 0)
Unloading 53 unused Assets / (167.2 KB). Loaded Objects now: 5000.
Memory consumption went from 159.0 MB to 158.9 MB.
Total: 5.449600 ms (FindLiveObjects: 0.577300 ms CreateObjectMapping: 0.245600 ms MarkObjects: 4.518300 ms  DeleteObjects: 0.105700 ms)

AssetImportParameters requested are different than current active one (requested -> active):
  custom:video-decoder-ogg-theora: a1e56fd34408186e4bbccfd4996cb3dc -> 
  custom:container-muxer-webm: aa71ff27fc2769a1b78a27578f13a17b -> 
  custom:container-demuxer-webm: 4f35f7cbe854078d1ac9338744f61a02 -> 
  custom:video-encoder-webm-vp8: eb34c28f22e8b96e1ab97ce403110664 -> 
  custom:video-codec-MediaFoundation-h265: 746d11721c4dcdbdad8f713fa42b33f4 -> 
  custom:CustomObjectIndexerAttribute: bc11b3a6c3213fcdd17b65e7da85e133 -> 
  custom:audio-encoder-webm-vorbis: bf7c407c2cedff20999df2af8eb42d56 -> 
  custom:framework-win-MediaFoundation: 216162199b28c13a410421893ffa2e32 -> 
  custom:SearchIndexIgnoredProperties: e643bd26f0fe6173181afceb89e7c659 -> 
  custom:container-demuxer-ogg: 62fdf1f143b41e24485cea50d1cbac27 -> 
  custom:video-decoder-webm-vp8: 9c59270c3fd7afecdb556c50c9e8de78 -> 
  custom:audio-decoder-ogg-vorbis: bf7c407c2cedff20999df2af8eb42d56 -> 
========================================================================
Received Prepare
Registering precompiled user dll's ...
Registered in 0.007223 seconds.
Begin MonoManager ReloadAssembly
Native extension for WindowsStandalone target not found
Failed to load: C:/Program Files/Unity/Hub/Editor/2021.3.36f1/Editor/Data/PlaybackEngines/iOSSupport\x64\UnityEditor.iOS.Native.dll
Native extension for iOS target not found
Native extension for Android target not found
Native extension for WebGL target not found
Refreshing native plugins compatible for Editor in 1.10 ms, found 3 plugins.
Preloading 0 native plugins for Editor in 0.00 ms.
[Package Manager] Server::EnsureServerProcessIsRunning -- launch failed, reason: Unity was launched with the -noUpm command-line argument
[Package Manager] Cannot connect to Unity Package Manager local server
[Package Manager] Server::EnsureServerProcessIsRunning -- launch failed, reason: Unity was launched with the -noUpm command-line argument
[Package Manager] Cannot connect to Unity Package Manager local server
[ScriptCompilation] NOT recompiling all scripts because this is an import worker process. Reason to compile was: Define symbols changed
Mono: successfully reloaded assembly
- Completed reload, in  2.295 seconds
Domain Reload Profiling:
	ReloadAssembly (2297ms)
		BeginReloadAssembly (213ms)
			ExecutionOrderSort (0ms)
			DisableScriptedObjects (7ms)
			BackupInstance (0ms)
			ReleaseScriptingObjects (0ms)
			CreateAndSetChildDomain (47ms)
		EndReloadAssembly (1938ms)
			LoadAssemblies (164ms)
			RebuildTransferFunctionScriptingTraits (0ms)
			SetupTypeCache (389ms)
			ReleaseScriptCaches (2ms)
			RebuildScriptCaches (68ms)
			SetupLoadedEditorAssemblies (1239ms)
				LogAssemblyErrors (0ms)
				InitializePlatformSupportModulesInManaged (51ms)
				SetLoadedEditorAssemblies (1ms)
				RefreshPlugins (1ms)
				BeforeProcessingInitializeOnLoad (121ms)
				ProcessInitializeOnLoadAttributes (858ms)
				ProcessInitializeOnLoadMethodAttributes (177ms)
				AfterProcessingInitializeOnLoad (29ms)
				EditorAssembliesLoaded (1ms)
			ExecutionOrderSort2 (0ms)
			AwakeInstancesAfterBackupRestoration (16ms)
Platform modules already initialized, skipping
Refreshing native plugins compatible for Editor in 2.17 ms, found 3 plugins.
Preloading 0 native plugins for Editor in 0.00 ms.
Unloading 4414 Unused Serialized files (Serialized files now loaded: 0)
Unloading 53 unused Assets / (167.3 KB). Loaded Objects now: 5003.
Memory consumption went from 159.2 MB to 159.1 MB.
Total: 6.525000 ms (FindLiveObjects: 0.461000 ms CreateObjectMapping: 0.252300 ms MarkObjects: 5.701900 ms  DeleteObjects: 0.107100 ms)

AssetImportParameters requested are different than current active one (requested -> active):
  custom:video-decoder-ogg-theora: a1e56fd34408186e4bbccfd4996cb3dc -> 
  custom:container-muxer-webm: aa71ff27fc2769a1b78a27578f13a17b -> 
  custom:container-demuxer-webm: 4f35f7cbe854078d1ac9338744f61a02 -> 
  custom:video-encoder-webm-vp8: eb34c28f22e8b96e1ab97ce403110664 -> 
  custom:video-codec-MediaFoundation-h265: 746d11721c4dcdbdad8f713fa42b33f4 -> 
  custom:CustomObjectIndexerAttribute: bc11b3a6c3213fcdd17b65e7da85e133 -> 
  custom:audio-encoder-webm-vorbis: bf7c407c2cedff20999df2af8eb42d56 -> 
  custom:framework-win-MediaFoundation: 216162199b28c13a410421893ffa2e32 -> 
  custom:SearchIndexIgnoredProperties: e643bd26f0fe6173181afceb89e7c659 -> 
  custom:container-demuxer-ogg: 62fdf1f143b41e24485cea50d1cbac27 -> 
  custom:video-decoder-webm-vp8: 9c59270c3fd7afecdb556c50c9e8de78 -> 
  custom:audio-decoder-ogg-vorbis: bf7c407c2cedff20999df2af8eb42d56 -> 
========================================================================
Received Prepare
Registering precompiled user dll's ...
Registered in 0.003440 seconds.
Begin MonoManager ReloadAssembly
Native extension for WindowsStandalone target not found
Failed to load: C:/Program Files/Unity/Hub/Editor/2021.3.36f1/Editor/Data/PlaybackEngines/iOSSupport\x64\UnityEditor.iOS.Native.dll
Native extension for iOS target not found
Native extension for Android target not found
Native extension for WebGL target not found
Refreshing native plugins compatible for Editor in 0.73 ms, found 3 plugins.
Preloading 0 native plugins for Editor in 0.00 ms.
[Package Manager] Server::EnsureServerProcessIsRunning -- launch failed, reason: Unity was launched with the -noUpm command-line argument
[Package Manager] Cannot connect to Unity Package Manager local server
[Package Manager] Server::EnsureServerProcessIsRunning -- launch failed, reason: Unity was launched with the -noUpm command-line argument
[Package Manager] Cannot connect to Unity Package Manager local server
[ScriptCompilation] NOT recompiling all scripts because this is an import worker process. Reason to compile was: Define symbols changed
Mono: successfully reloaded assembly
- Completed reload, in  1.586 seconds
Domain Reload Profiling:
	ReloadAssembly (1587ms)
		BeginReloadAssembly (124ms)
			ExecutionOrderSort (0ms)
			DisableScriptedObjects (4ms)
			BackupInstance (0ms)
			ReleaseScriptingObjects (0ms)
			CreateAndSetChildDomain (30ms)
		EndReloadAssembly (1386ms)
			LoadAssemblies (84ms)
			RebuildTransferFunctionScriptingTraits (0ms)
			SetupTypeCache (237ms)
			ReleaseScriptCaches (2ms)
			RebuildScriptCaches (34ms)
			SetupLoadedEditorAssemblies (969ms)
				LogAssemblyErrors (0ms)
				InitializePlatformSupportModulesInManaged (25ms)
				SetLoadedEditorAssemblies (0ms)
				RefreshPlugins (1ms)
				BeforeProcessingInitializeOnLoad (55ms)
				ProcessInitializeOnLoadAttributes (733ms)
				ProcessInitializeOnLoadMethodAttributes (143ms)
				AfterProcessingInitializeOnLoad (11ms)
				EditorAssembliesLoaded (0ms)
			ExecutionOrderSort2 (0ms)
			AwakeInstancesAfterBackupRestoration (13ms)
Platform modules already initialized, skipping
Refreshing native plugins compatible for Editor in 1.70 ms, found 3 plugins.
Preloading 0 native plugins for Editor in 0.00 ms.
Unloading 4414 Unused Serialized files (Serialized files now loaded: 0)
Unloading 53 unused Assets / (168.1 KB). Loaded Objects now: 5006.
Memory consumption went from 159.2 MB to 159.1 MB.
Total: 6.018800 ms (FindLiveObjects: 0.540800 ms CreateObjectMapping: 0.259600 ms MarkObjects: 5.061000 ms  DeleteObjects: 0.155000 ms)

AssetImportParameters requested are different than current active one (requested -> active):
  custom:video-decoder-ogg-theora: a1e56fd34408186e4bbccfd4996cb3dc -> 
  custom:container-muxer-webm: aa71ff27fc2769a1b78a27578f13a17b -> 
  custom:container-demuxer-webm: 4f35f7cbe854078d1ac9338744f61a02 -> 
  custom:video-encoder-webm-vp8: eb34c28f22e8b96e1ab97ce403110664 -> 
  custom:video-codec-MediaFoundation-h265: 746d11721c4dcdbdad8f713fa42b33f4 -> 
  custom:CustomObjectIndexerAttribute: bc11b3a6c3213fcdd17b65e7da85e133 -> 
  custom:audio-encoder-webm-vorbis: bf7c407c2cedff20999df2af8eb42d56 -> 
  custom:framework-win-MediaFoundation: 216162199b28c13a410421893ffa2e32 -> 
  custom:SearchIndexIgnoredProperties: e643bd26f0fe6173181afceb89e7c659 -> 
  custom:container-demuxer-ogg: 62fdf1f143b41e24485cea50d1cbac27 -> 
  custom:video-decoder-webm-vp8: 9c59270c3fd7afecdb556c50c9e8de78 -> 
  custom:audio-decoder-ogg-vorbis: bf7c407c2cedff20999df2af8eb42d56 -> 
========================================================================
Received Prepare
Registering precompiled user dll's ...
Registered in 0.003646 seconds.
Begin MonoManager ReloadAssembly
Native extension for WindowsStandalone target not found
Failed to load: C:/Program Files/Unity/Hub/Editor/2021.3.36f1/Editor/Data/PlaybackEngines/iOSSupport\x64\UnityEditor.iOS.Native.dll
Native extension for iOS target not found
Native extension for Android target not found
Native extension for WebGL target not found
Refreshing native plugins compatible for Editor in 1.11 ms, found 3 plugins.
Preloading 0 native plugins for Editor in 0.00 ms.
[Package Manager] Server::EnsureServerProcessIsRunning -- launch failed, reason: Unity was launched with the -noUpm command-line argument
[Package Manager] Cannot connect to Unity Package Manager local server
[Package Manager] Server::EnsureServerProcessIsRunning -- launch failed, reason: Unity was launched with the -noUpm command-line argument
[Package Manager] Cannot connect to Unity Package Manager local server
System.IO.IOException: Sharing violation on path C:\UnityProject\Run\Assets\PluginYourGames\Editor\ModulesListYG2.txt
  at System.IO.FileStream..ctor (System.String path, System.IO.FileMode mode, System.IO.FileAccess access, System.IO.FileShare share, System.Int32 bufferSize, System.Boolean anonymous, System.IO.FileOptions options) [0x0019e] in <b4dec521950c405ea4b0b85c62087906>:0 
  at System.IO.FileStream..ctor (System.String path, System.IO.FileMode mode, System.IO.FileAccess access, System.IO.FileShare share, System.Int32 bufferSize, System.IO.FileOptions options) [0x00000] in <b4dec521950c405ea4b0b85c62087906>:0 
  at (wrapper remoting-invoke-with-check) System.IO.FileStream..ctor(string,System.IO.FileMode,System.IO.FileAccess,System.IO.FileShare,int,System.IO.FileOptions)
  at System.IO.StreamReader..ctor (System.String path, System.Text.Encoding encoding, System.Boolean detectEncodingFromByteOrderMarks, System.Int32 bufferSize) [0x00055] in <b4dec521950c405ea4b0b85c62087906>:0 
  at System.IO.StreamReader..ctor (System.String path, System.Text.Encoding encoding) [0x00000] in <b4dec521950c405ea4b0b85c62087906>:0 
  at (wrapper remoting-invoke-with-check) System.IO.StreamReader..ctor(string,System.Text.Encoding)
  at System.IO.File.InternalReadAllLines (System.String path, System.Text.Encoding encoding) [0x00006] in <b4dec521950c405ea4b0b85c62087906>:0 
  at System.IO.File.ReadAllLines (System.String path) [0x0002c] in <b4dec521950c405ea4b0b85c62087906>:0 
  at YG.EditorScr.DefineSymbols.ModulesDefineSymbols () [0x00035] in C:\UnityProject\Run\Assets\PluginYourGames\Scripts\EditorScr\DefineSymbols.cs:146 
  at YG.EditorScr.DefineSymbols.UpdateDefineSymbols () [0x0000f] in C:\UnityProject\Run\Assets\PluginYourGames\Scripts\EditorScr\DefineSymbols.cs:57 
  at YG.EditorScr.DefineSymbols..cctor () [0x00023] in C:\UnityProject\Run\Assets\PluginYourGames\Scripts\EditorScr\DefineSymbols.cs:31 
UnityEngine.StackTraceUtility:ExtractStackTrace ()
UnityEngine.DebugLogHandler:LogFormat (UnityEngine.LogType,UnityEngine.Object,string,object[])
UnityEngine.Logger:Log (UnityEngine.LogType,object)
UnityEngine.Debug:LogError (object)
UnityEditor.EditorAssemblies:ProcessInitializeOnLoadAttributes (System.Type[])

Mono: successfully reloaded assembly
- Completed reload, in  1.751 seconds
Domain Reload Profiling:
	ReloadAssembly (1751ms)
		BeginReloadAssembly (125ms)
			ExecutionOrderSort (0ms)
			DisableScriptedObjects (4ms)
			BackupInstance (0ms)
			ReleaseScriptingObjects (0ms)
			CreateAndSetChildDomain (29ms)
		EndReloadAssembly (1528ms)
			LoadAssemblies (101ms)
			RebuildTransferFunctionScriptingTraits (0ms)
			SetupTypeCache (387ms)
			ReleaseScriptCaches (2ms)
			RebuildScriptCaches (54ms)
			SetupLoadedEditorAssemblies (912ms)
				LogAssemblyErrors (0ms)
				InitializePlatformSupportModulesInManaged (53ms)
				SetLoadedEditorAssemblies (1ms)
				RefreshPlugins (1ms)
				BeforeProcessingInitializeOnLoad (108ms)
				ProcessInitializeOnLoadAttributes (668ms)
				ProcessInitializeOnLoadMethodAttributes (74ms)
				AfterProcessingInitializeOnLoad (7ms)
				EditorAssembliesLoaded (0ms)
			ExecutionOrderSort2 (0ms)
			AwakeInstancesAfterBackupRestoration (8ms)
Platform modules already initialized, skipping
Refreshing native plugins compatible for Editor in 1.08 ms, found 3 plugins.
Preloading 0 native plugins for Editor in 0.00 ms.
Unloading 4414 Unused Serialized files (Serialized files now loaded: 0)
Unloading 53 unused Assets / (168.3 KB). Loaded Objects now: 5009.
Memory consumption went from 159.3 MB to 159.1 MB.
Total: 4.487600 ms (FindLiveObjects: 0.343100 ms CreateObjectMapping: 0.201900 ms MarkObjects: 3.836100 ms  DeleteObjects: 0.104600 ms)

AssetImportParameters requested are different than current active one (requested -> active):
  custom:video-decoder-ogg-theora: a1e56fd34408186e4bbccfd4996cb3dc -> 
  custom:container-muxer-webm: aa71ff27fc2769a1b78a27578f13a17b -> 
  custom:container-demuxer-webm: 4f35f7cbe854078d1ac9338744f61a02 -> 
  custom:video-encoder-webm-vp8: eb34c28f22e8b96e1ab97ce403110664 -> 
  custom:video-codec-MediaFoundation-h265: 746d11721c4dcdbdad8f713fa42b33f4 -> 
  custom:CustomObjectIndexerAttribute: bc11b3a6c3213fcdd17b65e7da85e133 -> 
  custom:audio-encoder-webm-vorbis: bf7c407c2cedff20999df2af8eb42d56 -> 
  custom:framework-win-MediaFoundation: 216162199b28c13a410421893ffa2e32 -> 
  custom:SearchIndexIgnoredProperties: e643bd26f0fe6173181afceb89e7c659 -> 
  custom:container-demuxer-ogg: 62fdf1f143b41e24485cea50d1cbac27 -> 
  custom:video-decoder-webm-vp8: 9c59270c3fd7afecdb556c50c9e8de78 -> 
  custom:audio-decoder-ogg-vorbis: bf7c407c2cedff20999df2af8eb42d56 -> 
========================================================================
Received Prepare
Registering precompiled user dll's ...
Registered in 0.007324 seconds.
Begin MonoManager ReloadAssembly
Native extension for WindowsStandalone target not found
Failed to load: C:/Program Files/Unity/Hub/Editor/2021.3.36f1/Editor/Data/PlaybackEngines/iOSSupport\x64\UnityEditor.iOS.Native.dll
Native extension for iOS target not found
Native extension for Android target not found
Native extension for WebGL target not found
Refreshing native plugins compatible for Editor in 0.74 ms, found 3 plugins.
Preloading 0 native plugins for Editor in 0.00 ms.
[Package Manager] Server::EnsureServerProcessIsRunning -- launch failed, reason: Unity was launched with the -noUpm command-line argument
[Package Manager] Cannot connect to Unity Package Manager local server
[Package Manager] Server::EnsureServerProcessIsRunning -- launch failed, reason: Unity was launched with the -noUpm command-line argument
[Package Manager] Cannot connect to Unity Package Manager local server
[ScriptCompilation] NOT recompiling all scripts because this is an import worker process. Reason to compile was: Define symbols changed
Mono: successfully reloaded assembly
- Completed reload, in  1.588 seconds
Domain Reload Profiling:
	ReloadAssembly (1589ms)
		BeginReloadAssembly (128ms)
			ExecutionOrderSort (0ms)
			DisableScriptedObjects (4ms)
			BackupInstance (0ms)
			ReleaseScriptingObjects (0ms)
			CreateAndSetChildDomain (29ms)
		EndReloadAssembly (1384ms)
			LoadAssemblies (93ms)
			RebuildTransferFunctionScriptingTraits (0ms)
			SetupTypeCache (247ms)
			ReleaseScriptCaches (2ms)
			RebuildScriptCaches (35ms)
			SetupLoadedEditorAssemblies (958ms)
				LogAssemblyErrors (0ms)
				InitializePlatformSupportModulesInManaged (26ms)
				SetLoadedEditorAssemblies (0ms)
				RefreshPlugins (1ms)
				BeforeProcessingInitializeOnLoad (56ms)
				ProcessInitializeOnLoadAttributes (724ms)
				ProcessInitializeOnLoadMethodAttributes (140ms)
				AfterProcessingInitializeOnLoad (11ms)
				EditorAssembliesLoaded (1ms)
			ExecutionOrderSort2 (0ms)
			AwakeInstancesAfterBackupRestoration (13ms)
Platform modules already initialized, skipping
Refreshing native plugins compatible for Editor in 1.66 ms, found 3 plugins.
Preloading 0 native plugins for Editor in 0.00 ms.
Unloading 4414 Unused Serialized files (Serialized files now loaded: 0)
Unloading 53 unused Assets / (168.3 KB). Loaded Objects now: 5012.
Memory consumption went from 159.3 MB to 159.1 MB.
Total: 6.644200 ms (FindLiveObjects: 0.475400 ms CreateObjectMapping: 0.275000 ms MarkObjects: 5.781900 ms  DeleteObjects: 0.109400 ms)

AssetImportParameters requested are different than current active one (requested -> active):
  custom:video-decoder-ogg-theora: a1e56fd34408186e4bbccfd4996cb3dc -> 
  custom:container-muxer-webm: aa71ff27fc2769a1b78a27578f13a17b -> 
  custom:container-demuxer-webm: 4f35f7cbe854078d1ac9338744f61a02 -> 
  custom:video-encoder-webm-vp8: eb34c28f22e8b96e1ab97ce403110664 -> 
  custom:video-codec-MediaFoundation-h265: 746d11721c4dcdbdad8f713fa42b33f4 -> 
  custom:CustomObjectIndexerAttribute: bc11b3a6c3213fcdd17b65e7da85e133 -> 
  custom:audio-encoder-webm-vorbis: bf7c407c2cedff20999df2af8eb42d56 -> 
  custom:framework-win-MediaFoundation: 216162199b28c13a410421893ffa2e32 -> 
  custom:SearchIndexIgnoredProperties: e643bd26f0fe6173181afceb89e7c659 -> 
  custom:container-demuxer-ogg: 62fdf1f143b41e24485cea50d1cbac27 -> 
  custom:video-decoder-webm-vp8: 9c59270c3fd7afecdb556c50c9e8de78 -> 
  custom:audio-decoder-ogg-vorbis: bf7c407c2cedff20999df2af8eb42d56 -> 
========================================================================
Received Prepare
Registering precompiled user dll's ...
Registered in 0.017075 seconds.
Begin MonoManager ReloadAssembly
Native extension for WindowsStandalone target not found
Failed to load: C:/Program Files/Unity/Hub/Editor/2021.3.36f1/Editor/Data/PlaybackEngines/iOSSupport\x64\UnityEditor.iOS.Native.dll
Native extension for iOS target not found
Native extension for Android target not found
Native extension for WebGL target not found
Refreshing native plugins compatible for Editor in 0.77 ms, found 3 plugins.
Preloading 0 native plugins for Editor in 0.00 ms.
[Package Manager] Server::EnsureServerProcessIsRunning -- launch failed, reason: Unity was launched with the -noUpm command-line argument
[Package Manager] Cannot connect to Unity Package Manager local server
[Package Manager] Server::EnsureServerProcessIsRunning -- launch failed, reason: Unity was launched with the -noUpm command-line argument
[Package Manager] Cannot connect to Unity Package Manager local server
[ScriptCompilation] NOT recompiling all scripts because this is an import worker process. Reason to compile was: Define symbols changed
Mono: successfully reloaded assembly
- Completed reload, in  1.640 seconds
Domain Reload Profiling:
	ReloadAssembly (1641ms)
		BeginReloadAssembly (120ms)
			ExecutionOrderSort (0ms)
			DisableScriptedObjects (4ms)
			BackupInstance (0ms)
			ReleaseScriptingObjects (0ms)
			CreateAndSetChildDomain (29ms)
		EndReloadAssembly (1443ms)
			LoadAssemblies (86ms)
			RebuildTransferFunctionScriptingTraits (0ms)
			SetupTypeCache (239ms)
			ReleaseScriptCaches (2ms)
			RebuildScriptCaches (41ms)
			SetupLoadedEditorAssemblies (1002ms)
				LogAssemblyErrors (0ms)
				InitializePlatformSupportModulesInManaged (29ms)
				SetLoadedEditorAssemblies (0ms)
				RefreshPlugins (1ms)
				BeforeProcessingInitializeOnLoad (61ms)
				ProcessInitializeOnLoadAttributes (728ms)
				ProcessInitializeOnLoadMethodAttributes (170ms)
				AfterProcessingInitializeOnLoad (12ms)
				EditorAssembliesLoaded (0ms)
			ExecutionOrderSort2 (0ms)
			AwakeInstancesAfterBackupRestoration (13ms)
Platform modules already initialized, skipping
Refreshing native plugins compatible for Editor in 1.67 ms, found 3 plugins.
Preloading 0 native plugins for Editor in 0.00 ms.
Unloading 4414 Unused Serialized files (Serialized files now loaded: 0)
Unloading 53 unused Assets / (167.3 KB). Loaded Objects now: 5015.
Memory consumption went from 159.1 MB to 158.9 MB.
Total: 5.932800 ms (FindLiveObjects: 0.492100 ms CreateObjectMapping: 0.239300 ms MarkObjects: 5.088800 ms  DeleteObjects: 0.109900 ms)

AssetImportParameters requested are different than current active one (requested -> active):
  custom:video-decoder-ogg-theora: a1e56fd34408186e4bbccfd4996cb3dc -> 
  custom:container-muxer-webm: aa71ff27fc2769a1b78a27578f13a17b -> 
  custom:container-demuxer-webm: 4f35f7cbe854078d1ac9338744f61a02 -> 
  custom:video-encoder-webm-vp8: eb34c28f22e8b96e1ab97ce403110664 -> 
  custom:video-codec-MediaFoundation-h265: 746d11721c4dcdbdad8f713fa42b33f4 -> 
  custom:CustomObjectIndexerAttribute: bc11b3a6c3213fcdd17b65e7da85e133 -> 
  custom:audio-encoder-webm-vorbis: bf7c407c2cedff20999df2af8eb42d56 -> 
  custom:framework-win-MediaFoundation: 216162199b28c13a410421893ffa2e32 -> 
  custom:SearchIndexIgnoredProperties: e643bd26f0fe6173181afceb89e7c659 -> 
  custom:container-demuxer-ogg: 62fdf1f143b41e24485cea50d1cbac27 -> 
  custom:video-decoder-webm-vp8: 9c59270c3fd7afecdb556c50c9e8de78 -> 
  custom:audio-decoder-ogg-vorbis: bf7c407c2cedff20999df2af8eb42d56 -> 
========================================================================
Received Prepare
Registering precompiled user dll's ...
Registered in 0.004879 seconds.
Begin MonoManager ReloadAssembly
Native extension for WindowsStandalone target not found
Failed to load: C:/Program Files/Unity/Hub/Editor/2021.3.36f1/Editor/Data/PlaybackEngines/iOSSupport\x64\UnityEditor.iOS.Native.dll
Native extension for iOS target not found
Native extension for Android target not found
Native extension for WebGL target not found
Refreshing native plugins compatible for Editor in 1.01 ms, found 3 plugins.
Preloading 0 native plugins for Editor in 0.00 ms.
[Package Manager] Server::EnsureServerProcessIsRunning -- launch failed, reason: Unity was launched with the -noUpm command-line argument
[Package Manager] Cannot connect to Unity Package Manager local server
[Package Manager] Server::EnsureServerProcessIsRunning -- launch failed, reason: Unity was launched with the -noUpm command-line argument
[Package Manager] Cannot connect to Unity Package Manager local server
[ScriptCompilation] NOT recompiling all scripts because this is an import worker process. Reason to compile was: Define symbols changed
Mono: successfully reloaded assembly
- Completed reload, in  1.696 seconds
Domain Reload Profiling:
	ReloadAssembly (1697ms)
		BeginReloadAssembly (121ms)
			ExecutionOrderSort (0ms)
			DisableScriptedObjects (4ms)
			BackupInstance (0ms)
			ReleaseScriptingObjects (0ms)
			CreateAndSetChildDomain (30ms)
		EndReloadAssembly (1501ms)
			LoadAssemblies (87ms)
			RebuildTransferFunctionScriptingTraits (0ms)
			SetupTypeCache (223ms)
			ReleaseScriptCaches (2ms)
			RebuildScriptCaches (36ms)
			SetupLoadedEditorAssemblies (1080ms)
				LogAssemblyErrors (0ms)
				InitializePlatformSupportModulesInManaged (44ms)
				SetLoadedEditorAssemblies (1ms)
				RefreshPlugins (1ms)
				BeforeProcessingInitializeOnLoad (103ms)
				ProcessInitializeOnLoadAttributes (778ms)
				ProcessInitializeOnLoadMethodAttributes (141ms)
				AfterProcessingInitializeOnLoad (11ms)
				EditorAssembliesLoaded (1ms)
			ExecutionOrderSort2 (0ms)
			AwakeInstancesAfterBackupRestoration (13ms)
Platform modules already initialized, skipping
Refreshing native plugins compatible for Editor in 1.71 ms, found 3 plugins.
Preloading 0 native plugins for Editor in 0.00 ms.
Unloading 4414 Unused Serialized files (Serialized files now loaded: 0)
Unloading 53 unused Assets / (167.2 KB). Loaded Objects now: 5018.
Memory consumption went from 159.3 MB to 159.1 MB.
Total: 4.682600 ms (FindLiveObjects: 0.354200 ms CreateObjectMapping: 0.193600 ms MarkObjects: 3.988200 ms  DeleteObjects: 0.144400 ms)

AssetImportParameters requested are different than current active one (requested -> active):
  custom:video-decoder-ogg-theora: a1e56fd34408186e4bbccfd4996cb3dc -> 
  custom:container-muxer-webm: aa71ff27fc2769a1b78a27578f13a17b -> 
  custom:container-demuxer-webm: 4f35f7cbe854078d1ac9338744f61a02 -> 
  custom:video-encoder-webm-vp8: eb34c28f22e8b96e1ab97ce403110664 -> 
  custom:video-codec-MediaFoundation-h265: 746d11721c4dcdbdad8f713fa42b33f4 -> 
  custom:CustomObjectIndexerAttribute: bc11b3a6c3213fcdd17b65e7da85e133 -> 
  custom:audio-encoder-webm-vorbis: bf7c407c2cedff20999df2af8eb42d56 -> 
  custom:framework-win-MediaFoundation: 216162199b28c13a410421893ffa2e32 -> 
  custom:SearchIndexIgnoredProperties: e643bd26f0fe6173181afceb89e7c659 -> 
  custom:container-demuxer-ogg: 62fdf1f143b41e24485cea50d1cbac27 -> 
  custom:video-decoder-webm-vp8: 9c59270c3fd7afecdb556c50c9e8de78 -> 
  custom:audio-decoder-ogg-vorbis: bf7c407c2cedff20999df2af8eb42d56 -> 
========================================================================
Received Prepare
Registering precompiled user dll's ...
Registered in 0.006783 seconds.
Begin MonoManager ReloadAssembly
Native extension for WindowsStandalone target not found
Failed to load: C:/Program Files/Unity/Hub/Editor/2021.3.36f1/Editor/Data/PlaybackEngines/iOSSupport\x64\UnityEditor.iOS.Native.dll
Native extension for iOS target not found
Native extension for Android target not found
Native extension for WebGL target not found
Refreshing native plugins compatible for Editor in 0.99 ms, found 3 plugins.
Preloading 0 native plugins for Editor in 0.00 ms.
[Package Manager] Server::EnsureServerProcessIsRunning -- launch failed, reason: Unity was launched with the -noUpm command-line argument
[Package Manager] Cannot connect to Unity Package Manager local server
[Package Manager] Server::EnsureServerProcessIsRunning -- launch failed, reason: Unity was launched with the -noUpm command-line argument
[Package Manager] Cannot connect to Unity Package Manager local server
[ScriptCompilation] NOT recompiling all scripts because this is an import worker process. Reason to compile was: Define symbols changed
Mono: successfully reloaded assembly
- Completed reload, in  1.789 seconds
Domain Reload Profiling:
	ReloadAssembly (1790ms)
		BeginReloadAssembly (201ms)
			ExecutionOrderSort (0ms)
			DisableScriptedObjects (7ms)
			BackupInstance (0ms)
			ReleaseScriptingObjects (0ms)
			CreateAndSetChildDomain (52ms)
		EndReloadAssembly (1460ms)
			LoadAssemblies (135ms)
			RebuildTransferFunctionScriptingTraits (0ms)
			SetupTypeCache (401ms)
			ReleaseScriptCaches (2ms)
			RebuildScriptCaches (54ms)
			SetupLoadedEditorAssemblies (842ms)
				LogAssemblyErrors (0ms)
				InitializePlatformSupportModulesInManaged (44ms)
				SetLoadedEditorAssemblies (1ms)
				RefreshPlugins (1ms)
				BeforeProcessingInitializeOnLoad (86ms)
				ProcessInitializeOnLoadAttributes (626ms)
				ProcessInitializeOnLoadMethodAttributes (79ms)
				AfterProcessingInitializeOnLoad (6ms)
				EditorAssembliesLoaded (0ms)
			ExecutionOrderSort2 (0ms)
			AwakeInstancesAfterBackupRestoration (7ms)
Platform modules already initialized, skipping
Refreshing native plugins compatible for Editor in 1.42 ms, found 3 plugins.
Preloading 0 native plugins for Editor in 0.00 ms.
Unloading 4414 Unused Serialized files (Serialized files now loaded: 0)
Unloading 53 unused Assets / (167.2 KB). Loaded Objects now: 5021.
Memory consumption went from 159.2 MB to 159.1 MB.
Total: 5.708400 ms (FindLiveObjects: 0.414900 ms CreateObjectMapping: 0.223700 ms MarkObjects: 4.876600 ms  DeleteObjects: 0.190200 ms)

AssetImportParameters requested are different than current active one (requested -> active):
  custom:video-decoder-ogg-theora: a1e56fd34408186e4bbccfd4996cb3dc -> 
  custom:container-muxer-webm: aa71ff27fc2769a1b78a27578f13a17b -> 
  custom:container-demuxer-webm: 4f35f7cbe854078d1ac9338744f61a02 -> 
  custom:video-encoder-webm-vp8: eb34c28f22e8b96e1ab97ce403110664 -> 
  custom:video-codec-MediaFoundation-h265: 746d11721c4dcdbdad8f713fa42b33f4 -> 
  custom:CustomObjectIndexerAttribute: bc11b3a6c3213fcdd17b65e7da85e133 -> 
  custom:audio-encoder-webm-vorbis: bf7c407c2cedff20999df2af8eb42d56 -> 
  custom:framework-win-MediaFoundation: 216162199b28c13a410421893ffa2e32 -> 
  custom:SearchIndexIgnoredProperties: e643bd26f0fe6173181afceb89e7c659 -> 
  custom:container-demuxer-ogg: 62fdf1f143b41e24485cea50d1cbac27 -> 
  custom:video-decoder-webm-vp8: 9c59270c3fd7afecdb556c50c9e8de78 -> 
  custom:audio-decoder-ogg-vorbis: bf7c407c2cedff20999df2af8eb42d56 -> 
========================================================================
Received Prepare
Registering precompiled user dll's ...
Registered in 0.008280 seconds.
Begin MonoManager ReloadAssembly
Native extension for WindowsStandalone target not found
Failed to load: C:/Program Files/Unity/Hub/Editor/2021.3.36f1/Editor/Data/PlaybackEngines/iOSSupport\x64\UnityEditor.iOS.Native.dll
Native extension for iOS target not found
Native extension for Android target not found
Native extension for WebGL target not found
Refreshing native plugins compatible for Editor in 1.10 ms, found 3 plugins.
Preloading 0 native plugins for Editor in 0.00 ms.
[Package Manager] Server::EnsureServerProcessIsRunning -- launch failed, reason: Unity was launched with the -noUpm command-line argument
[Package Manager] Cannot connect to Unity Package Manager local server
[Package Manager] Server::EnsureServerProcessIsRunning -- launch failed, reason: Unity was launched with the -noUpm command-line argument
[Package Manager] Cannot connect to Unity Package Manager local server
[ScriptCompilation] NOT recompiling all scripts because this is an import worker process. Reason to compile was: Define symbols changed
Mono: successfully reloaded assembly
- Completed reload, in  2.003 seconds
Domain Reload Profiling:
	ReloadAssembly (2004ms)
		BeginReloadAssembly (178ms)
			ExecutionOrderSort (0ms)
			DisableScriptedObjects (6ms)
			BackupInstance (0ms)
			ReleaseScriptingObjects (0ms)
			CreateAndSetChildDomain (40ms)
		EndReloadAssembly (1689ms)
			LoadAssemblies (129ms)
			RebuildTransferFunctionScriptingTraits (0ms)
			SetupTypeCache (359ms)
			ReleaseScriptCaches (3ms)
			RebuildScriptCaches (61ms)
			SetupLoadedEditorAssemblies (1064ms)
				LogAssemblyErrors (0ms)
				InitializePlatformSupportModulesInManaged (47ms)
				SetLoadedEditorAssemblies (1ms)
				RefreshPlugins (1ms)
				BeforeProcessingInitializeOnLoad (95ms)
				ProcessInitializeOnLoadAttributes (767ms)
				ProcessInitializeOnLoadMethodAttributes (143ms)
				AfterProcessingInitializeOnLoad (10ms)
				EditorAssembliesLoaded (0ms)
			ExecutionOrderSort2 (0ms)
			AwakeInstancesAfterBackupRestoration (13ms)
Platform modules already initialized, skipping
Refreshing native plugins compatible for Editor in 2.20 ms, found 3 plugins.
Preloading 0 native plugins for Editor in 0.00 ms.
Unloading 4414 Unused Serialized files (Serialized files now loaded: 0)
Unloading 53 unused Assets / (167.3 KB). Loaded Objects now: 5024.
Memory consumption went from 159.2 MB to 159.1 MB.
Total: 6.019000 ms (FindLiveObjects: 0.500200 ms CreateObjectMapping: 0.298600 ms MarkObjects: 5.074400 ms  DeleteObjects: 0.142800 ms)

AssetImportParameters requested are different than current active one (requested -> active):
  custom:video-decoder-ogg-theora: a1e56fd34408186e4bbccfd4996cb3dc -> 
  custom:container-muxer-webm: aa71ff27fc2769a1b78a27578f13a17b -> 
  custom:container-demuxer-webm: 4f35f7cbe854078d1ac9338744f61a02 -> 
  custom:video-encoder-webm-vp8: eb34c28f22e8b96e1ab97ce403110664 -> 
  custom:video-codec-MediaFoundation-h265: 746d11721c4dcdbdad8f713fa42b33f4 -> 
  custom:CustomObjectIndexerAttribute: bc11b3a6c3213fcdd17b65e7da85e133 -> 
  custom:audio-encoder-webm-vorbis: bf7c407c2cedff20999df2af8eb42d56 -> 
  custom:framework-win-MediaFoundation: 216162199b28c13a410421893ffa2e32 -> 
  custom:SearchIndexIgnoredProperties: e643bd26f0fe6173181afceb89e7c659 -> 
  custom:container-demuxer-ogg: 62fdf1f143b41e24485cea50d1cbac27 -> 
  custom:video-decoder-webm-vp8: 9c59270c3fd7afecdb556c50c9e8de78 -> 
  custom:audio-decoder-ogg-vorbis: bf7c407c2cedff20999df2af8eb42d56 -> 
========================================================================
Received Prepare
Registering precompiled user dll's ...
Registered in 0.004859 seconds.
Begin MonoManager ReloadAssembly
Native extension for WindowsStandalone target not found
Failed to load: C:/Program Files/Unity/Hub/Editor/2021.3.36f1/Editor/Data/PlaybackEngines/iOSSupport\x64\UnityEditor.iOS.Native.dll
Native extension for iOS target not found
Native extension for Android target not found
Native extension for WebGL target not found
Refreshing native plugins compatible for Editor in 1.14 ms, found 3 plugins.
Preloading 0 native plugins for Editor in 0.00 ms.
[Package Manager] Server::EnsureServerProcessIsRunning -- launch failed, reason: Unity was launched with the -noUpm command-line argument
[Package Manager] Cannot connect to Unity Package Manager local server
[Package Manager] Server::EnsureServerProcessIsRunning -- launch failed, reason: Unity was launched with the -noUpm command-line argument
[Package Manager] Cannot connect to Unity Package Manager local server
[ScriptCompilation] NOT recompiling all scripts because this is an import worker process. Reason to compile was: Define symbols changed
Mono: successfully reloaded assembly
- Completed reload, in  1.911 seconds
Domain Reload Profiling:
	ReloadAssembly (1912ms)
		BeginReloadAssembly (171ms)
			ExecutionOrderSort (0ms)
			DisableScriptedObjects (7ms)
			BackupInstance (0ms)
			ReleaseScriptingObjects (0ms)
			CreateAndSetChildDomain (41ms)
		EndReloadAssembly (1609ms)
			LoadAssemblies (125ms)
			RebuildTransferFunctionScriptingTraits (0ms)
			SetupTypeCache (471ms)
			ReleaseScriptCaches (2ms)
			RebuildScriptCaches (74ms)
			SetupLoadedEditorAssemblies (867ms)
				LogAssemblyErrors (0ms)
				InitializePlatformSupportModulesInManaged (49ms)
				SetLoadedEditorAssemblies (1ms)
				RefreshPlugins (1ms)
				BeforeProcessingInitializeOnLoad (98ms)
				ProcessInitializeOnLoadAttributes (637ms)
				ProcessInitializeOnLoadMethodAttributes (74ms)
				AfterProcessingInitializeOnLoad (6ms)
				EditorAssembliesLoaded (0ms)
			ExecutionOrderSort2 (0ms)
			AwakeInstancesAfterBackupRestoration (7ms)
Platform modules already initialized, skipping
Refreshing native plugins compatible for Editor in 1.19 ms, found 3 plugins.
Preloading 0 native plugins for Editor in 0.00 ms.
Unloading 4414 Unused Serialized files (Serialized files now loaded: 0)
Unloading 53 unused Assets / (167.2 KB). Loaded Objects now: 5027.
Memory consumption went from 159.2 MB to 159.1 MB.
Total: 4.835500 ms (FindLiveObjects: 0.381400 ms CreateObjectMapping: 0.207300 ms MarkObjects: 4.150400 ms  DeleteObjects: 0.094100 ms)

AssetImportParameters requested are different than current active one (requested -> active):
  custom:video-decoder-ogg-theora: a1e56fd34408186e4bbccfd4996cb3dc -> 
  custom:container-muxer-webm: aa71ff27fc2769a1b78a27578f13a17b -> 
  custom:container-demuxer-webm: 4f35f7cbe854078d1ac9338744f61a02 -> 
  custom:video-encoder-webm-vp8: eb34c28f22e8b96e1ab97ce403110664 -> 
  custom:video-codec-MediaFoundation-h265: 746d11721c4dcdbdad8f713fa42b33f4 -> 
  custom:CustomObjectIndexerAttribute: bc11b3a6c3213fcdd17b65e7da85e133 -> 
  custom:audio-encoder-webm-vorbis: bf7c407c2cedff20999df2af8eb42d56 -> 
  custom:framework-win-MediaFoundation: 216162199b28c13a410421893ffa2e32 -> 
  custom:SearchIndexIgnoredProperties: e643bd26f0fe6173181afceb89e7c659 -> 
  custom:container-demuxer-ogg: 62fdf1f143b41e24485cea50d1cbac27 -> 
  custom:video-decoder-webm-vp8: 9c59270c3fd7afecdb556c50c9e8de78 -> 
  custom:audio-decoder-ogg-vorbis: bf7c407c2cedff20999df2af8eb42d56 -> 
========================================================================
Received Prepare
Registering precompiled user dll's ...
Registered in 0.005419 seconds.
Begin MonoManager ReloadAssembly
Native extension for WindowsStandalone target not found
Failed to load: C:/Program Files/Unity/Hub/Editor/2021.3.36f1/Editor/Data/PlaybackEngines/iOSSupport\x64\UnityEditor.iOS.Native.dll
Native extension for iOS target not found
Native extension for Android target not found
Native extension for WebGL target not found
Refreshing native plugins compatible for Editor in 1.15 ms, found 3 plugins.
Preloading 0 native plugins for Editor in 0.00 ms.
[Package Manager] Server::EnsureServerProcessIsRunning -- launch failed, reason: Unity was launched with the -noUpm command-line argument
[Package Manager] Cannot connect to Unity Package Manager local server
[Package Manager] Server::EnsureServerProcessIsRunning -- launch failed, reason: Unity was launched with the -noUpm command-line argument
[Package Manager] Cannot connect to Unity Package Manager local server
[ScriptCompilation] NOT recompiling all scripts because this is an import worker process. Reason to compile was: Define symbols changed
Mono: successfully reloaded assembly
- Completed reload, in  2.153 seconds
Domain Reload Profiling:
	ReloadAssembly (2155ms)
		BeginReloadAssembly (199ms)
			ExecutionOrderSort (0ms)
			DisableScriptedObjects (7ms)
			BackupInstance (0ms)
			ReleaseScriptingObjects (0ms)
			CreateAndSetChildDomain (40ms)
		EndReloadAssembly (1818ms)
			LoadAssemblies (142ms)
			RebuildTransferFunctionScriptingTraits (0ms)
			SetupTypeCache (372ms)
			ReleaseScriptCaches (2ms)
			RebuildScriptCaches (63ms)
			SetupLoadedEditorAssemblies (1181ms)
				LogAssemblyErrors (0ms)
				InitializePlatformSupportModulesInManaged (45ms)
				SetLoadedEditorAssemblies (1ms)
				RefreshPlugins (1ms)
				BeforeProcessingInitializeOnLoad (111ms)
				ProcessInitializeOnLoadAttributes (857ms)
				ProcessInitializeOnLoadMethodAttributes (153ms)
				AfterProcessingInitializeOnLoad (13ms)
				EditorAssembliesLoaded (0ms)
			ExecutionOrderSort2 (0ms)
			AwakeInstancesAfterBackupRestoration (14ms)
Platform modules already initialized, skipping
Refreshing native plugins compatible for Editor in 1.46 ms, found 3 plugins.
Preloading 0 native plugins for Editor in 0.00 ms.
Unloading 4414 Unused Serialized files (Serialized files now loaded: 0)
Unloading 53 unused Assets / (167.3 KB). Loaded Objects now: 5030.
Memory consumption went from 159.1 MB to 158.9 MB.
Total: 6.185600 ms (FindLiveObjects: 0.677000 ms CreateObjectMapping: 0.250800 ms MarkObjects: 5.142200 ms  DeleteObjects: 0.112800 ms)

AssetImportParameters requested are different than current active one (requested -> active):
  custom:video-decoder-ogg-theora: a1e56fd34408186e4bbccfd4996cb3dc -> 
  custom:container-muxer-webm: aa71ff27fc2769a1b78a27578f13a17b -> 
  custom:container-demuxer-webm: 4f35f7cbe854078d1ac9338744f61a02 -> 
  custom:video-encoder-webm-vp8: eb34c28f22e8b96e1ab97ce403110664 -> 
  custom:video-codec-MediaFoundation-h265: 746d11721c4dcdbdad8f713fa42b33f4 -> 
  custom:CustomObjectIndexerAttribute: bc11b3a6c3213fcdd17b65e7da85e133 -> 
  custom:audio-encoder-webm-vorbis: bf7c407c2cedff20999df2af8eb42d56 -> 
  custom:framework-win-MediaFoundation: 216162199b28c13a410421893ffa2e32 -> 
  custom:SearchIndexIgnoredProperties: e643bd26f0fe6173181afceb89e7c659 -> 
  custom:container-demuxer-ogg: 62fdf1f143b41e24485cea50d1cbac27 -> 
  custom:video-decoder-webm-vp8: 9c59270c3fd7afecdb556c50c9e8de78 -> 
  custom:audio-decoder-ogg-vorbis: bf7c407c2cedff20999df2af8eb42d56 -> 
========================================================================
Received Prepare
Registering precompiled user dll's ...
Registered in 0.003454 seconds.
Begin MonoManager ReloadAssembly
Native extension for WindowsStandalone target not found
Failed to load: C:/Program Files/Unity/Hub/Editor/2021.3.36f1/Editor/Data/PlaybackEngines/iOSSupport\x64\UnityEditor.iOS.Native.dll
Native extension for iOS target not found
Native extension for Android target not found
Native extension for WebGL target not found
Refreshing native plugins compatible for Editor in 0.78 ms, found 3 plugins.
Preloading 0 native plugins for Editor in 0.00 ms.
[Package Manager] Server::EnsureServerProcessIsRunning -- launch failed, reason: Unity was launched with the -noUpm command-line argument
[Package Manager] Cannot connect to Unity Package Manager local server
[Package Manager] Server::EnsureServerProcessIsRunning -- launch failed, reason: Unity was launched with the -noUpm command-line argument
[Package Manager] Cannot connect to Unity Package Manager local server
[ScriptCompilation] NOT recompiling all scripts because this is an import worker process. Reason to compile was: Define symbols changed
Mono: successfully reloaded assembly
- Completed reload, in  1.673 seconds
Domain Reload Profiling:
	ReloadAssembly (1674ms)
		BeginReloadAssembly (123ms)
			ExecutionOrderSort (0ms)
			DisableScriptedObjects (4ms)
			BackupInstance (0ms)
			ReleaseScriptingObjects (0ms)
			CreateAndSetChildDomain (29ms)
		EndReloadAssembly (1474ms)
			LoadAssemblies (91ms)
			RebuildTransferFunctionScriptingTraits (0ms)
			SetupTypeCache (231ms)
			ReleaseScriptCaches (2ms)
			RebuildScriptCaches (36ms)
			SetupLoadedEditorAssemblies (1040ms)
				LogAssemblyErrors (0ms)
				InitializePlatformSupportModulesInManaged (30ms)
				SetLoadedEditorAssemblies (0ms)
				RefreshPlugins (1ms)
				BeforeProcessingInitializeOnLoad (62ms)
				ProcessInitializeOnLoadAttributes (795ms)
				ProcessInitializeOnLoadMethodAttributes (141ms)
				AfterProcessingInitializeOnLoad (12ms)
				EditorAssembliesLoaded (0ms)
			ExecutionOrderSort2 (0ms)
			AwakeInstancesAfterBackupRestoration (14ms)
Platform modules already initialized, skipping
Refreshing native plugins compatible for Editor in 2.06 ms, found 3 plugins.
Preloading 0 native plugins for Editor in 0.00 ms.
Unloading 4414 Unused Serialized files (Serialized files now loaded: 0)
Unloading 53 unused Assets / (167.2 KB). Loaded Objects now: 5033.
Memory consumption went from 159.3 MB to 159.1 MB.
Total: 6.893400 ms (FindLiveObjects: 0.505600 ms CreateObjectMapping: 0.314100 ms MarkObjects: 5.962900 ms  DeleteObjects: 0.107900 ms)

AssetImportParameters requested are different than current active one (requested -> active):
  custom:video-decoder-ogg-theora: a1e56fd34408186e4bbccfd4996cb3dc -> 
  custom:container-muxer-webm: aa71ff27fc2769a1b78a27578f13a17b -> 
  custom:container-demuxer-webm: 4f35f7cbe854078d1ac9338744f61a02 -> 
  custom:video-encoder-webm-vp8: eb34c28f22e8b96e1ab97ce403110664 -> 
  custom:video-codec-MediaFoundation-h265: 746d11721c4dcdbdad8f713fa42b33f4 -> 
  custom:CustomObjectIndexerAttribute: bc11b3a6c3213fcdd17b65e7da85e133 -> 
  custom:audio-encoder-webm-vorbis: bf7c407c2cedff20999df2af8eb42d56 -> 
  custom:framework-win-MediaFoundation: 216162199b28c13a410421893ffa2e32 -> 
  custom:SearchIndexIgnoredProperties: e643bd26f0fe6173181afceb89e7c659 -> 
  custom:container-demuxer-ogg: 62fdf1f143b41e24485cea50d1cbac27 -> 
  custom:video-decoder-webm-vp8: 9c59270c3fd7afecdb556c50c9e8de78 -> 
  custom:audio-decoder-ogg-vorbis: bf7c407c2cedff20999df2af8eb42d56 -> 
========================================================================
Received Prepare
Registering precompiled user dll's ...
Registered in 0.017756 seconds.
Begin MonoManager ReloadAssembly
Native extension for WindowsStandalone target not found
Failed to load: C:/Program Files/Unity/Hub/Editor/2021.3.36f1/Editor/Data/PlaybackEngines/iOSSupport\x64\UnityEditor.iOS.Native.dll
Native extension for iOS target not found
Native extension for Android target not found
Native extension for WebGL target not found
Refreshing native plugins compatible for Editor in 1.70 ms, found 3 plugins.
Preloading 0 native plugins for Editor in 0.00 ms.
[Package Manager] Server::EnsureServerProcessIsRunning -- launch failed, reason: Unity was launched with the -noUpm command-line argument
[Package Manager] Cannot connect to Unity Package Manager local server
[Package Manager] Server::EnsureServerProcessIsRunning -- launch failed, reason: Unity was launched with the -noUpm command-line argument
[Package Manager] Cannot connect to Unity Package Manager local server
[ScriptCompilation] NOT recompiling all scripts because this is an import worker process. Reason to compile was: Define symbols changed
Mono: successfully reloaded assembly
- Completed reload, in  2.989 seconds
Domain Reload Profiling:
	ReloadAssembly (2991ms)
		BeginReloadAssembly (368ms)
			ExecutionOrderSort (0ms)
			DisableScriptedObjects (15ms)
			BackupInstance (0ms)
			ReleaseScriptingObjects (0ms)
			CreateAndSetChildDomain (87ms)
		EndReloadAssembly (2389ms)
			LoadAssemblies (283ms)
			RebuildTransferFunctionScriptingTraits (0ms)
			SetupTypeCache (619ms)
			ReleaseScriptCaches (3ms)
			RebuildScriptCaches (105ms)
			SetupLoadedEditorAssemblies (1325ms)
				LogAssemblyErrors (0ms)
				InitializePlatformSupportModulesInManaged (71ms)
				SetLoadedEditorAssemblies (1ms)
				RefreshPlugins (2ms)
				BeforeProcessingInitializeOnLoad (161ms)
				ProcessInitializeOnLoadAttributes (922ms)
				ProcessInitializeOnLoadMethodAttributes (153ms)
				AfterProcessingInitializeOnLoad (15ms)
				EditorAssembliesLoaded (0ms)
			ExecutionOrderSort2 (0ms)
			AwakeInstancesAfterBackupRestoration (17ms)
Platform modules already initialized, skipping
Refreshing native plugins compatible for Editor in 1.77 ms, found 3 plugins.
Preloading 0 native plugins for Editor in 0.00 ms.
Unloading 4415 Unused Serialized files (Serialized files now loaded: 0)
Unloading 53 unused Assets / (167.2 KB). Loaded Objects now: 5037.
Memory consumption went from 159.3 MB to 159.1 MB.
Total: 6.567400 ms (FindLiveObjects: 0.546500 ms CreateObjectMapping: 0.329700 ms MarkObjects: 5.577700 ms  DeleteObjects: 0.110600 ms)

AssetImportParameters requested are different than current active one (requested -> active):
  custom:video-decoder-ogg-theora: a1e56fd34408186e4bbccfd4996cb3dc -> 
  custom:container-muxer-webm: aa71ff27fc2769a1b78a27578f13a17b -> 
  custom:container-demuxer-webm: 4f35f7cbe854078d1ac9338744f61a02 -> 
  custom:video-encoder-webm-vp8: eb34c28f22e8b96e1ab97ce403110664 -> 
  custom:video-codec-MediaFoundation-h265: 746d11721c4dcdbdad8f713fa42b33f4 -> 
  custom:CustomObjectIndexerAttribute: bc11b3a6c3213fcdd17b65e7da85e133 -> 
  custom:audio-encoder-webm-vorbis: bf7c407c2cedff20999df2af8eb42d56 -> 
  custom:framework-win-MediaFoundation: 216162199b28c13a410421893ffa2e32 -> 
  custom:SearchIndexIgnoredProperties: e643bd26f0fe6173181afceb89e7c659 -> 
  custom:container-demuxer-ogg: 62fdf1f143b41e24485cea50d1cbac27 -> 
  custom:video-decoder-webm-vp8: 9c59270c3fd7afecdb556c50c9e8de78 -> 
  custom:audio-decoder-ogg-vorbis: bf7c407c2cedff20999df2af8eb42d56 -> 
========================================================================
Received Prepare
Registering precompiled user dll's ...
Registered in 0.007282 seconds.
Begin MonoManager ReloadAssembly
Native extension for WindowsStandalone target not found
Failed to load: C:/Program Files/Unity/Hub/Editor/2021.3.36f1/Editor/Data/PlaybackEngines/iOSSupport\x64\UnityEditor.iOS.Native.dll
Native extension for iOS target not found
Native extension for Android target not found
Native extension for WebGL target not found
Refreshing native plugins compatible for Editor in 1.46 ms, found 3 plugins.
Preloading 0 native plugins for Editor in 0.00 ms.
[Package Manager] Server::EnsureServerProcessIsRunning -- launch failed, reason: Unity was launched with the -noUpm command-line argument
[Package Manager] Cannot connect to Unity Package Manager local server
[Package Manager] Server::EnsureServerProcessIsRunning -- launch failed, reason: Unity was launched with the -noUpm command-line argument
[Package Manager] Cannot connect to Unity Package Manager local server
[ScriptCompilation] NOT recompiling all scripts because this is an import worker process. Reason to compile was: Define symbols changed
Mono: successfully reloaded assembly
- Completed reload, in  2.114 seconds
Domain Reload Profiling:
	ReloadAssembly (2115ms)
		BeginReloadAssembly (201ms)
			ExecutionOrderSort (0ms)
			DisableScriptedObjects (8ms)
			BackupInstance (0ms)
			ReleaseScriptingObjects (0ms)
			CreateAndSetChildDomain (45ms)
		EndReloadAssembly (1772ms)
			LoadAssemblies (153ms)
			RebuildTransferFunctionScriptingTraits (0ms)
			SetupTypeCache (625ms)
			ReleaseScriptCaches (3ms)
			RebuildScriptCaches (73ms)
			SetupLoadedEditorAssemblies (856ms)
				LogAssemblyErrors (0ms)
				InitializePlatformSupportModulesInManaged (46ms)
				SetLoadedEditorAssemblies (1ms)
				RefreshPlugins (2ms)
				BeforeProcessingInitializeOnLoad (120ms)
				ProcessInitializeOnLoadAttributes (615ms)
				ProcessInitializeOnLoadMethodAttributes (67ms)
				AfterProcessingInitializeOnLoad (6ms)
				EditorAssembliesLoaded (0ms)
			ExecutionOrderSort2 (0ms)
			AwakeInstancesAfterBackupRestoration (6ms)
Platform modules already initialized, skipping
Refreshing native plugins compatible for Editor in 1.46 ms, found 3 plugins.
Preloading 0 native plugins for Editor in 0.00 ms.
Unloading 4415 Unused Serialized files (Serialized files now loaded: 0)
Unloading 53 unused Assets / (167.3 KB). Loaded Objects now: 5040.
Memory consumption went from 159.3 MB to 159.1 MB.
Total: 4.460200 ms (FindLiveObjects: 0.493000 ms CreateObjectMapping: 0.260500 ms MarkObjects: 3.611800 ms  DeleteObjects: 0.093000 ms)

AssetImportParameters requested are different than current active one (requested -> active):
  custom:video-decoder-ogg-theora: a1e56fd34408186e4bbccfd4996cb3dc -> 
  custom:container-muxer-webm: aa71ff27fc2769a1b78a27578f13a17b -> 
  custom:container-demuxer-webm: 4f35f7cbe854078d1ac9338744f61a02 -> 
  custom:video-encoder-webm-vp8: eb34c28f22e8b96e1ab97ce403110664 -> 
  custom:video-codec-MediaFoundation-h265: 746d11721c4dcdbdad8f713fa42b33f4 -> 
  custom:CustomObjectIndexerAttribute: bc11b3a6c3213fcdd17b65e7da85e133 -> 
  custom:audio-encoder-webm-vorbis: bf7c407c2cedff20999df2af8eb42d56 -> 
  custom:framework-win-MediaFoundation: 216162199b28c13a410421893ffa2e32 -> 
  custom:SearchIndexIgnoredProperties: e643bd26f0fe6173181afceb89e7c659 -> 
  custom:container-demuxer-ogg: 62fdf1f143b41e24485cea50d1cbac27 -> 
  custom:video-decoder-webm-vp8: 9c59270c3fd7afecdb556c50c9e8de78 -> 
  custom:audio-decoder-ogg-vorbis: bf7c407c2cedff20999df2af8eb42d56 -> 
========================================================================
Received Prepare
Registering precompiled user dll's ...
Registered in 0.003942 seconds.
Begin MonoManager ReloadAssembly
Native extension for WindowsStandalone target not found
Failed to load: C:/Program Files/Unity/Hub/Editor/2021.3.36f1/Editor/Data/PlaybackEngines/iOSSupport\x64\UnityEditor.iOS.Native.dll
Native extension for iOS target not found
Native extension for Android target not found
Native extension for WebGL target not found
Refreshing native plugins compatible for Editor in 0.82 ms, found 3 plugins.
Preloading 0 native plugins for Editor in 0.00 ms.
[Package Manager] Server::EnsureServerProcessIsRunning -- launch failed, reason: Unity was launched with the -noUpm command-line argument
[Package Manager] Cannot connect to Unity Package Manager local server
[Package Manager] Server::EnsureServerProcessIsRunning -- launch failed, reason: Unity was launched with the -noUpm command-line argument
[Package Manager] Cannot connect to Unity Package Manager local server
[ScriptCompilation] NOT recompiling all scripts because this is an import worker process. Reason to compile was: Define symbols changed
Mono: successfully reloaded assembly
- Completed reload, in  2.110 seconds
Domain Reload Profiling:
	ReloadAssembly (2112ms)
		BeginReloadAssembly (251ms)
			ExecutionOrderSort (0ms)
			DisableScriptedObjects (10ms)
			BackupInstance (0ms)
			ReleaseScriptingObjects (0ms)
			CreateAndSetChildDomain (55ms)
		EndReloadAssembly (1686ms)
			LoadAssemblies (173ms)
			RebuildTransferFunctionScriptingTraits (0ms)
			SetupTypeCache (468ms)
			ReleaseScriptCaches (2ms)
			RebuildScriptCaches (69ms)
			SetupLoadedEditorAssemblies (953ms)
				LogAssemblyErrors (0ms)
				InitializePlatformSupportModulesInManaged (48ms)
				SetLoadedEditorAssemblies (0ms)
				RefreshPlugins (1ms)
				BeforeProcessingInitializeOnLoad (72ms)
				ProcessInitializeOnLoadAttributes (699ms)
				ProcessInitializeOnLoadMethodAttributes (122ms)
				AfterProcessingInitializeOnLoad (10ms)
				EditorAssembliesLoaded (0ms)
			ExecutionOrderSort2 (0ms)
			AwakeInstancesAfterBackupRestoration (9ms)
Platform modules already initialized, skipping
Refreshing native plugins compatible for Editor in 1.62 ms, found 3 plugins.
Preloading 0 native plugins for Editor in 0.00 ms.
Unloading 4415 Unused Serialized files (Serialized files now loaded: 0)
Unloading 53 unused Assets / (167.3 KB). Loaded Objects now: 5043.
Memory consumption went from 159.3 MB to 159.2 MB.
Total: 5.730600 ms (FindLiveObjects: 0.343200 ms CreateObjectMapping: 0.187900 ms MarkObjects: 5.093600 ms  DeleteObjects: 0.103600 ms)

AssetImportParameters requested are different than current active one (requested -> active):
  custom:video-decoder-ogg-theora: a1e56fd34408186e4bbccfd4996cb3dc -> 
  custom:container-muxer-webm: aa71ff27fc2769a1b78a27578f13a17b -> 
  custom:container-demuxer-webm: 4f35f7cbe854078d1ac9338744f61a02 -> 
  custom:video-encoder-webm-vp8: eb34c28f22e8b96e1ab97ce403110664 -> 
  custom:video-codec-MediaFoundation-h265: 746d11721c4dcdbdad8f713fa42b33f4 -> 
  custom:CustomObjectIndexerAttribute: bc11b3a6c3213fcdd17b65e7da85e133 -> 
  custom:audio-encoder-webm-vorbis: bf7c407c2cedff20999df2af8eb42d56 -> 
  custom:framework-win-MediaFoundation: 216162199b28c13a410421893ffa2e32 -> 
  custom:SearchIndexIgnoredProperties: e643bd26f0fe6173181afceb89e7c659 -> 
  custom:container-demuxer-ogg: 62fdf1f143b41e24485cea50d1cbac27 -> 
  custom:video-decoder-webm-vp8: 9c59270c3fd7afecdb556c50c9e8de78 -> 
  custom:audio-decoder-ogg-vorbis: bf7c407c2cedff20999df2af8eb42d56 -> 
========================================================================
Received Prepare
Registering precompiled user dll's ...
Registered in 0.005474 seconds.
Begin MonoManager ReloadAssembly
Native extension for WindowsStandalone target not found
Failed to load: C:/Program Files/Unity/Hub/Editor/2021.3.36f1/Editor/Data/PlaybackEngines/iOSSupport\x64\UnityEditor.iOS.Native.dll
Native extension for iOS target not found
Native extension for Android target not found
Native extension for WebGL target not found
Refreshing native plugins compatible for Editor in 1.06 ms, found 3 plugins.
Preloading 0 native plugins for Editor in 0.00 ms.
[Package Manager] Server::EnsureServerProcessIsRunning -- launch failed, reason: Unity was launched with the -noUpm command-line argument
[Package Manager] Cannot connect to Unity Package Manager local server
[Package Manager] Server::EnsureServerProcessIsRunning -- launch failed, reason: Unity was launched with the -noUpm command-line argument
[Package Manager] Cannot connect to Unity Package Manager local server
[ScriptCompilation] NOT recompiling all scripts because this is an import worker process. Reason to compile was: Define symbols changed
Mono: successfully reloaded assembly
- Completed reload, in  2.064 seconds
Domain Reload Profiling:
	ReloadAssembly (2065ms)
		BeginReloadAssembly (196ms)
			ExecutionOrderSort (0ms)
			DisableScriptedObjects (7ms)
			BackupInstance (0ms)
			ReleaseScriptingObjects (0ms)
			CreateAndSetChildDomain (47ms)
		EndReloadAssembly (1741ms)
			LoadAssemblies (136ms)
			RebuildTransferFunctionScriptingTraits (0ms)
			SetupTypeCache (359ms)
			ReleaseScriptCaches (2ms)
			RebuildScriptCaches (60ms)
			SetupLoadedEditorAssemblies (1086ms)
				LogAssemblyErrors (0ms)
				InitializePlatformSupportModulesInManaged (69ms)
				SetLoadedEditorAssemblies (1ms)
				RefreshPlugins (1ms)
				BeforeProcessingInitializeOnLoad (95ms)
				ProcessInitializeOnLoadAttributes (751ms)
				ProcessInitializeOnLoadMethodAttributes (157ms)
				AfterProcessingInitializeOnLoad (12ms)
				EditorAssembliesLoaded (0ms)
			ExecutionOrderSort2 (0ms)
			AwakeInstancesAfterBackupRestoration (14ms)
Platform modules already initialized, skipping
Refreshing native plugins compatible for Editor in 1.98 ms, found 3 plugins.
Preloading 0 native plugins for Editor in 0.00 ms.
Unloading 4415 Unused Serialized files (Serialized files now loaded: 0)
Unloading 53 unused Assets / (167.2 KB). Loaded Objects now: 5046.
Memory consumption went from 159.1 MB to 159.0 MB.
Total: 6.538600 ms (FindLiveObjects: 0.669400 ms CreateObjectMapping: 0.342600 ms MarkObjects: 5.401900 ms  DeleteObjects: 0.121100 ms)

AssetImportParameters requested are different than current active one (requested -> active):
  custom:video-decoder-ogg-theora: a1e56fd34408186e4bbccfd4996cb3dc -> 
  custom:container-muxer-webm: aa71ff27fc2769a1b78a27578f13a17b -> 
  custom:container-demuxer-webm: 4f35f7cbe854078d1ac9338744f61a02 -> 
  custom:video-encoder-webm-vp8: eb34c28f22e8b96e1ab97ce403110664 -> 
  custom:video-codec-MediaFoundation-h265: 746d11721c4dcdbdad8f713fa42b33f4 -> 
  custom:CustomObjectIndexerAttribute: bc11b3a6c3213fcdd17b65e7da85e133 -> 
  custom:audio-encoder-webm-vorbis: bf7c407c2cedff20999df2af8eb42d56 -> 
  custom:framework-win-MediaFoundation: 216162199b28c13a410421893ffa2e32 -> 
  custom:SearchIndexIgnoredProperties: e643bd26f0fe6173181afceb89e7c659 -> 
  custom:container-demuxer-ogg: 62fdf1f143b41e24485cea50d1cbac27 -> 
  custom:video-decoder-webm-vp8: 9c59270c3fd7afecdb556c50c9e8de78 -> 
  custom:audio-decoder-ogg-vorbis: bf7c407c2cedff20999df2af8eb42d56 -> 
========================================================================
Received Prepare
Registering precompiled user dll's ...
Registered in 0.006656 seconds.
Begin MonoManager ReloadAssembly
Native extension for WindowsStandalone target not found
Failed to load: C:/Program Files/Unity/Hub/Editor/2021.3.36f1/Editor/Data/PlaybackEngines/iOSSupport\x64\UnityEditor.iOS.Native.dll
Native extension for iOS target not found
Native extension for Android target not found
Native extension for WebGL target not found
Refreshing native plugins compatible for Editor in 1.09 ms, found 3 plugins.
Preloading 0 native plugins for Editor in 0.00 ms.
[Package Manager] Server::EnsureServerProcessIsRunning -- launch failed, reason: Unity was launched with the -noUpm command-line argument
[Package Manager] Cannot connect to Unity Package Manager local server
[Package Manager] Server::EnsureServerProcessIsRunning -- launch failed, reason: Unity was launched with the -noUpm command-line argument
[Package Manager] Cannot connect to Unity Package Manager local server
[ScriptCompilation] NOT recompiling all scripts because this is an import worker process. Reason to compile was: Define symbols changed
Mono: successfully reloaded assembly
- Completed reload, in  2.007 seconds
Domain Reload Profiling:
	ReloadAssembly (2008ms)
		BeginReloadAssembly (196ms)
			ExecutionOrderSort (0ms)
			DisableScriptedObjects (6ms)
			BackupInstance (0ms)
			ReleaseScriptingObjects (0ms)
			CreateAndSetChildDomain (44ms)
		EndReloadAssembly (1683ms)
			LoadAssemblies (150ms)
			RebuildTransferFunctionScriptingTraits (0ms)
			SetupTypeCache (364ms)
			ReleaseScriptCaches (2ms)
			RebuildScriptCaches (54ms)
			SetupLoadedEditorAssemblies (1073ms)
				LogAssemblyErrors (0ms)
				InitializePlatformSupportModulesInManaged (46ms)
				SetLoadedEditorAssemblies (1ms)
				RefreshPlugins (1ms)
				BeforeProcessingInitializeOnLoad (99ms)
				ProcessInitializeOnLoadAttributes (778ms)
				ProcessInitializeOnLoadMethodAttributes (141ms)
				AfterProcessingInitializeOnLoad (8ms)
				EditorAssembliesLoaded (0ms)
			ExecutionOrderSort2 (0ms)
			AwakeInstancesAfterBackupRestoration (10ms)
Platform modules already initialized, skipping
Refreshing native plugins compatible for Editor in 1.49 ms, found 3 plugins.
Preloading 0 native plugins for Editor in 0.00 ms.
Unloading 4415 Unused Serialized files (Serialized files now loaded: 0)
Unloading 53 unused Assets / (168.2 KB). Loaded Objects now: 5049.
Memory consumption went from 159.3 MB to 159.2 MB.
Total: 5.624800 ms (FindLiveObjects: 0.435700 ms CreateObjectMapping: 0.241100 ms MarkObjects: 4.830200 ms  DeleteObjects: 0.115800 ms)

AssetImportParameters requested are different than current active one (requested -> active):
  custom:video-decoder-ogg-theora: a1e56fd34408186e4bbccfd4996cb3dc -> 
  custom:container-muxer-webm: aa71ff27fc2769a1b78a27578f13a17b -> 
  custom:container-demuxer-webm: 4f35f7cbe854078d1ac9338744f61a02 -> 
  custom:video-encoder-webm-vp8: eb34c28f22e8b96e1ab97ce403110664 -> 
  custom:video-codec-MediaFoundation-h265: 746d11721c4dcdbdad8f713fa42b33f4 -> 
  custom:CustomObjectIndexerAttribute: bc11b3a6c3213fcdd17b65e7da85e133 -> 
  custom:audio-encoder-webm-vorbis: bf7c407c2cedff20999df2af8eb42d56 -> 
  custom:framework-win-MediaFoundation: 216162199b28c13a410421893ffa2e32 -> 
  custom:SearchIndexIgnoredProperties: e643bd26f0fe6173181afceb89e7c659 -> 
  custom:container-demuxer-ogg: 62fdf1f143b41e24485cea50d1cbac27 -> 
  custom:video-decoder-webm-vp8: 9c59270c3fd7afecdb556c50c9e8de78 -> 
  custom:audio-decoder-ogg-vorbis: bf7c407c2cedff20999df2af8eb42d56 -> 
========================================================================
Received Prepare
Registering precompiled user dll's ...
Registered in 0.023490 seconds.
Begin MonoManager ReloadAssembly
Native extension for WindowsStandalone target not found
Failed to load: C:/Program Files/Unity/Hub/Editor/2021.3.36f1/Editor/Data/PlaybackEngines/iOSSupport\x64\UnityEditor.iOS.Native.dll
Native extension for iOS target not found
Native extension for Android target not found
Native extension for WebGL target not found
Refreshing native plugins compatible for Editor in 1.75 ms, found 3 plugins.
Preloading 0 native plugins for Editor in 0.00 ms.
[Package Manager] Server::EnsureServerProcessIsRunning -- launch failed, reason: Unity was launched with the -noUpm command-line argument
[Package Manager] Cannot connect to Unity Package Manager local server
[Package Manager] Server::EnsureServerProcessIsRunning -- launch failed, reason: Unity was launched with the -noUpm command-line argument
[Package Manager] Cannot connect to Unity Package Manager local server
[ScriptCompilation] NOT recompiling all scripts because this is an import worker process. Reason to compile was: Define symbols changed
Mono: successfully reloaded assembly
- Completed reload, in  2.791 seconds
Domain Reload Profiling:
	ReloadAssembly (2793ms)
		BeginReloadAssembly (279ms)
			ExecutionOrderSort (0ms)
			DisableScriptedObjects (13ms)
			BackupInstance (0ms)
			ReleaseScriptingObjects (0ms)
			CreateAndSetChildDomain (62ms)
		EndReloadAssembly (2340ms)
			LoadAssemblies (198ms)
			RebuildTransferFunctionScriptingTraits (0ms)
			SetupTypeCache (596ms)
			ReleaseScriptCaches (3ms)
			RebuildScriptCaches (123ms)
			SetupLoadedEditorAssemblies (1309ms)
				LogAssemblyErrors (0ms)
				InitializePlatformSupportModulesInManaged (91ms)
				SetLoadedEditorAssemblies (1ms)
				RefreshPlugins (2ms)
				BeforeProcessingInitializeOnLoad (181ms)
				ProcessInitializeOnLoadAttributes (908ms)
				ProcessInitializeOnLoadMethodAttributes (114ms)
				AfterProcessingInitializeOnLoad (12ms)
				EditorAssembliesLoaded (0ms)
			ExecutionOrderSort2 (0ms)
			AwakeInstancesAfterBackupRestoration (12ms)
Platform modules already initialized, skipping
Refreshing native plugins compatible for Editor in 2.02 ms, found 3 plugins.
Preloading 0 native plugins for Editor in 0.00 ms.
Unloading 4415 Unused Serialized files (Serialized files now loaded: 0)
Unloading 53 unused Assets / (167.2 KB). Loaded Objects now: 5052.
Memory consumption went from 159.4 MB to 159.2 MB.
Total: 7.324200 ms (FindLiveObjects: 0.613400 ms CreateObjectMapping: 0.396300 ms MarkObjects: 6.190100 ms  DeleteObjects: 0.122100 ms)

AssetImportParameters requested are different than current active one (requested -> active):
  custom:video-decoder-ogg-theora: a1e56fd34408186e4bbccfd4996cb3dc -> 
  custom:container-muxer-webm: aa71ff27fc2769a1b78a27578f13a17b -> 
  custom:container-demuxer-webm: 4f35f7cbe854078d1ac9338744f61a02 -> 
  custom:video-encoder-webm-vp8: eb34c28f22e8b96e1ab97ce403110664 -> 
  custom:video-codec-MediaFoundation-h265: 746d11721c4dcdbdad8f713fa42b33f4 -> 
  custom:CustomObjectIndexerAttribute: bc11b3a6c3213fcdd17b65e7da85e133 -> 
  custom:audio-encoder-webm-vorbis: bf7c407c2cedff20999df2af8eb42d56 -> 
  custom:framework-win-MediaFoundation: 216162199b28c13a410421893ffa2e32 -> 
  custom:SearchIndexIgnoredProperties: e643bd26f0fe6173181afceb89e7c659 -> 
  custom:container-demuxer-ogg: 62fdf1f143b41e24485cea50d1cbac27 -> 
  custom:video-decoder-webm-vp8: 9c59270c3fd7afecdb556c50c9e8de78 -> 
  custom:audio-decoder-ogg-vorbis: bf7c407c2cedff20999df2af8eb42d56 -> 
========================================================================
Received Prepare
Registering precompiled user dll's ...
Registered in 0.006474 seconds.
Begin MonoManager ReloadAssembly
Native extension for WindowsStandalone target not found
Failed to load: C:/Program Files/Unity/Hub/Editor/2021.3.36f1/Editor/Data/PlaybackEngines/iOSSupport\x64\UnityEditor.iOS.Native.dll
Native extension for iOS target not found
Native extension for Android target not found
Native extension for WebGL target not found
Refreshing native plugins compatible for Editor in 1.11 ms, found 3 plugins.
Preloading 0 native plugins for Editor in 0.00 ms.
[Package Manager] Server::EnsureServerProcessIsRunning -- launch failed, reason: Unity was launched with the -noUpm command-line argument
[Package Manager] Cannot connect to Unity Package Manager local server
[Package Manager] Server::EnsureServerProcessIsRunning -- launch failed, reason: Unity was launched with the -noUpm command-line argument
[Package Manager] Cannot connect to Unity Package Manager local server
[ScriptCompilation] NOT recompiling all scripts because this is an import worker process. Reason to compile was: Define symbols changed
Mono: successfully reloaded assembly
- Completed reload, in  2.062 seconds
Domain Reload Profiling:
	ReloadAssembly (2064ms)
		BeginReloadAssembly (196ms)
			ExecutionOrderSort (0ms)
			DisableScriptedObjects (7ms)
			BackupInstance (0ms)
			ReleaseScriptingObjects (0ms)
			CreateAndSetChildDomain (44ms)
		EndReloadAssembly (1738ms)
			LoadAssemblies (145ms)
			RebuildTransferFunctionScriptingTraits (0ms)
			SetupTypeCache (396ms)
			ReleaseScriptCaches (2ms)
			RebuildScriptCaches (53ms)
			SetupLoadedEditorAssemblies (1086ms)
				LogAssemblyErrors (0ms)
				InitializePlatformSupportModulesInManaged (43ms)
				SetLoadedEditorAssemblies (1ms)
				RefreshPlugins (1ms)
				BeforeProcessingInitializeOnLoad (105ms)
				ProcessInitializeOnLoadAttributes (770ms)
				ProcessInitializeOnLoadMethodAttributes (155ms)
				AfterProcessingInitializeOnLoad (11ms)
				EditorAssembliesLoaded (1ms)
			ExecutionOrderSort2 (0ms)
			AwakeInstancesAfterBackupRestoration (14ms)
Platform modules already initialized, skipping
Refreshing native plugins compatible for Editor in 1.58 ms, found 3 plugins.
Preloading 0 native plugins for Editor in 0.00 ms.
Unloading 4415 Unused Serialized files (Serialized files now loaded: 0)
Unloading 53 unused Assets / (167.2 KB). Loaded Objects now: 5055.
Memory consumption went from 159.4 MB to 159.2 MB.
Total: 6.814000 ms (FindLiveObjects: 0.593500 ms CreateObjectMapping: 0.325100 ms MarkObjects: 5.679800 ms  DeleteObjects: 0.212500 ms)

AssetImportParameters requested are different than current active one (requested -> active):
  custom:video-decoder-ogg-theora: a1e56fd34408186e4bbccfd4996cb3dc -> 
  custom:container-muxer-webm: aa71ff27fc2769a1b78a27578f13a17b -> 
  custom:container-demuxer-webm: 4f35f7cbe854078d1ac9338744f61a02 -> 
  custom:video-encoder-webm-vp8: eb34c28f22e8b96e1ab97ce403110664 -> 
  custom:video-codec-MediaFoundation-h265: 746d11721c4dcdbdad8f713fa42b33f4 -> 
  custom:CustomObjectIndexerAttribute: bc11b3a6c3213fcdd17b65e7da85e133 -> 
  custom:audio-encoder-webm-vorbis: bf7c407c2cedff20999df2af8eb42d56 -> 
  custom:framework-win-MediaFoundation: 216162199b28c13a410421893ffa2e32 -> 
  custom:SearchIndexIgnoredProperties: e643bd26f0fe6173181afceb89e7c659 -> 
  custom:container-demuxer-ogg: 62fdf1f143b41e24485cea50d1cbac27 -> 
  custom:video-decoder-webm-vp8: 9c59270c3fd7afecdb556c50c9e8de78 -> 
  custom:audio-decoder-ogg-vorbis: bf7c407c2cedff20999df2af8eb42d56 -> 
========================================================================
Received Prepare
Registering precompiled user dll's ...
Registered in 0.007102 seconds.
Begin MonoManager ReloadAssembly
Native extension for WindowsStandalone target not found
Failed to load: C:/Program Files/Unity/Hub/Editor/2021.3.36f1/Editor/Data/PlaybackEngines/iOSSupport\x64\UnityEditor.iOS.Native.dll
Native extension for iOS target not found
Native extension for Android target not found
Native extension for WebGL target not found
Refreshing native plugins compatible for Editor in 1.17 ms, found 3 plugins.
Preloading 0 native plugins for Editor in 0.00 ms.
[Package Manager] Server::EnsureServerProcessIsRunning -- launch failed, reason: Unity was launched with the -noUpm command-line argument
[Package Manager] Cannot connect to Unity Package Manager local server
[Package Manager] Server::EnsureServerProcessIsRunning -- launch failed, reason: Unity was launched with the -noUpm command-line argument
[Package Manager] Cannot connect to Unity Package Manager local server
[ScriptCompilation] NOT recompiling all scripts because this is an import worker process. Reason to compile was: Define symbols changed
Mono: successfully reloaded assembly
- Completed reload, in  1.770 seconds
Domain Reload Profiling:
	ReloadAssembly (1771ms)
		BeginReloadAssembly (193ms)
			ExecutionOrderSort (0ms)
			DisableScriptedObjects (7ms)
			BackupInstance (0ms)
			ReleaseScriptingObjects (0ms)
			CreateAndSetChildDomain (43ms)
		EndReloadAssembly (1445ms)
			LoadAssemblies (135ms)
			RebuildTransferFunctionScriptingTraits (0ms)
			SetupTypeCache (384ms)
			ReleaseScriptCaches (2ms)
			RebuildScriptCaches (65ms)
			SetupLoadedEditorAssemblies (822ms)
				LogAssemblyErrors (0ms)
				InitializePlatformSupportModulesInManaged (51ms)
				SetLoadedEditorAssemblies (1ms)
				RefreshPlugins (1ms)
				BeforeProcessingInitializeOnLoad (125ms)
				ProcessInitializeOnLoadAttributes (584ms)
				ProcessInitializeOnLoadMethodAttributes (54ms)
				AfterProcessingInitializeOnLoad (6ms)
				EditorAssembliesLoaded (0ms)
			ExecutionOrderSort2 (0ms)
			AwakeInstancesAfterBackupRestoration (6ms)
Platform modules already initialized, skipping
Refreshing native plugins compatible for Editor in 0.99 ms, found 3 plugins.
Preloading 0 native plugins for Editor in 0.00 ms.
Unloading 4415 Unused Serialized files (Serialized files now loaded: 0)
Unloading 53 unused Assets / (167.2 KB). Loaded Objects now: 5058.
Memory consumption went from 159.4 MB to 159.2 MB.
Total: 4.508000 ms (FindLiveObjects: 0.328000 ms CreateObjectMapping: 0.175500 ms MarkObjects: 3.914800 ms  DeleteObjects: 0.087300 ms)

AssetImportParameters requested are different than current active one (requested -> active):
  custom:video-decoder-ogg-theora: a1e56fd34408186e4bbccfd4996cb3dc -> 
  custom:container-muxer-webm: aa71ff27fc2769a1b78a27578f13a17b -> 
  custom:container-demuxer-webm: 4f35f7cbe854078d1ac9338744f61a02 -> 
  custom:video-encoder-webm-vp8: eb34c28f22e8b96e1ab97ce403110664 -> 
  custom:video-codec-MediaFoundation-h265: 746d11721c4dcdbdad8f713fa42b33f4 -> 
  custom:CustomObjectIndexerAttribute: bc11b3a6c3213fcdd17b65e7da85e133 -> 
  custom:audio-encoder-webm-vorbis: bf7c407c2cedff20999df2af8eb42d56 -> 
  custom:framework-win-MediaFoundation: 216162199b28c13a410421893ffa2e32 -> 
  custom:SearchIndexIgnoredProperties: e643bd26f0fe6173181afceb89e7c659 -> 
  custom:container-demuxer-ogg: 62fdf1f143b41e24485cea50d1cbac27 -> 
  custom:video-decoder-webm-vp8: 9c59270c3fd7afecdb556c50c9e8de78 -> 
  custom:audio-decoder-ogg-vorbis: bf7c407c2cedff20999df2af8eb42d56 -> 
========================================================================
Received Prepare
Registering precompiled user dll's ...
Registered in 0.007323 seconds.
Begin MonoManager ReloadAssembly
Native extension for WindowsStandalone target not found
Failed to load: C:/Program Files/Unity/Hub/Editor/2021.3.36f1/Editor/Data/PlaybackEngines/iOSSupport\x64\UnityEditor.iOS.Native.dll
Native extension for iOS target not found
Native extension for Android target not found
Native extension for WebGL target not found
Refreshing native plugins compatible for Editor in 1.00 ms, found 3 plugins.
Preloading 0 native plugins for Editor in 0.00 ms.
[Package Manager] Server::EnsureServerProcessIsRunning -- launch failed, reason: Unity was launched with the -noUpm command-line argument
[Package Manager] Cannot connect to Unity Package Manager local server
[Package Manager] Server::EnsureServerProcessIsRunning -- launch failed, reason: Unity was launched with the -noUpm command-line argument
[Package Manager] Cannot connect to Unity Package Manager local server
[ScriptCompilation] NOT recompiling all scripts because this is an import worker process. Reason to compile was: Define symbols changed
Mono: successfully reloaded assembly
- Completed reload, in  1.971 seconds
Domain Reload Profiling:
	ReloadAssembly (1973ms)
		BeginReloadAssembly (194ms)
			ExecutionOrderSort (0ms)
			DisableScriptedObjects (7ms)
			BackupInstance (0ms)
			ReleaseScriptingObjects (0ms)
			CreateAndSetChildDomain (48ms)
		EndReloadAssembly (1651ms)
			LoadAssemblies (132ms)
			RebuildTransferFunctionScriptingTraits (0ms)
			SetupTypeCache (405ms)
			ReleaseScriptCaches (2ms)
			RebuildScriptCaches (59ms)
			SetupLoadedEditorAssemblies (990ms)
				LogAssemblyErrors (0ms)
				InitializePlatformSupportModulesInManaged (43ms)
				SetLoadedEditorAssemblies (1ms)
				RefreshPlugins (1ms)
				BeforeProcessingInitializeOnLoad (103ms)
				ProcessInitializeOnLoadAttributes (702ms)
				ProcessInitializeOnLoadMethodAttributes (128ms)
				AfterProcessingInitializeOnLoad (11ms)
				EditorAssembliesLoaded (0ms)
			ExecutionOrderSort2 (0ms)
			AwakeInstancesAfterBackupRestoration (13ms)
Platform modules already initialized, skipping
Refreshing native plugins compatible for Editor in 2.07 ms, found 3 plugins.
Preloading 0 native plugins for Editor in 0.00 ms.
Unloading 4415 Unused Serialized files (Serialized files now loaded: 0)
Unloading 53 unused Assets / (167.3 KB). Loaded Objects now: 5061.
Memory consumption went from 159.2 MB to 159.0 MB.
Total: 6.400100 ms (FindLiveObjects: 0.557500 ms CreateObjectMapping: 0.374700 ms MarkObjects: 5.356900 ms  DeleteObjects: 0.108300 ms)

AssetImportParameters requested are different than current active one (requested -> active):
  custom:video-decoder-ogg-theora: a1e56fd34408186e4bbccfd4996cb3dc -> 
  custom:container-muxer-webm: aa71ff27fc2769a1b78a27578f13a17b -> 
  custom:container-demuxer-webm: 4f35f7cbe854078d1ac9338744f61a02 -> 
  custom:video-encoder-webm-vp8: eb34c28f22e8b96e1ab97ce403110664 -> 
  custom:video-codec-MediaFoundation-h265: 746d11721c4dcdbdad8f713fa42b33f4 -> 
  custom:CustomObjectIndexerAttribute: bc11b3a6c3213fcdd17b65e7da85e133 -> 
  custom:audio-encoder-webm-vorbis: bf7c407c2cedff20999df2af8eb42d56 -> 
  custom:framework-win-MediaFoundation: 216162199b28c13a410421893ffa2e32 -> 
  custom:SearchIndexIgnoredProperties: e643bd26f0fe6173181afceb89e7c659 -> 
  custom:container-demuxer-ogg: 62fdf1f143b41e24485cea50d1cbac27 -> 
  custom:video-decoder-webm-vp8: 9c59270c3fd7afecdb556c50c9e8de78 -> 
  custom:audio-decoder-ogg-vorbis: bf7c407c2cedff20999df2af8eb42d56 -> 
========================================================================
Received Prepare
Registering precompiled user dll's ...
Registered in 0.005489 seconds.
Begin MonoManager ReloadAssembly
Native extension for WindowsStandalone target not found
Failed to load: C:/Program Files/Unity/Hub/Editor/2021.3.36f1/Editor/Data/PlaybackEngines/iOSSupport\x64\UnityEditor.iOS.Native.dll
Native extension for iOS target not found
Native extension for Android target not found
Native extension for WebGL target not found
Refreshing native plugins compatible for Editor in 0.97 ms, found 3 plugins.
Preloading 0 native plugins for Editor in 0.00 ms.
[Package Manager] Server::EnsureServerProcessIsRunning -- launch failed, reason: Unity was launched with the -noUpm command-line argument
[Package Manager] Cannot connect to Unity Package Manager local server
[Package Manager] Server::EnsureServerProcessIsRunning -- launch failed, reason: Unity was launched with the -noUpm command-line argument
[Package Manager] Cannot connect to Unity Package Manager local server
[ScriptCompilation] NOT recompiling all scripts because this is an import worker process. Reason to compile was: Define symbols changed
Mono: successfully reloaded assembly
- Completed reload, in  2.000 seconds
Domain Reload Profiling:
	ReloadAssembly (2001ms)
		BeginReloadAssembly (186ms)
			ExecutionOrderSort (0ms)
			DisableScriptedObjects (6ms)
			BackupInstance (0ms)
			ReleaseScriptingObjects (0ms)
			CreateAndSetChildDomain (37ms)
		EndReloadAssembly (1665ms)
			LoadAssemblies (136ms)
			RebuildTransferFunctionScriptingTraits (0ms)
			SetupTypeCache (396ms)
			ReleaseScriptCaches (2ms)
			RebuildScriptCaches (62ms)
			SetupLoadedEditorAssemblies (1009ms)
				LogAssemblyErrors (0ms)
				InitializePlatformSupportModulesInManaged (41ms)
				SetLoadedEditorAssemblies (1ms)
				RefreshPlugins (1ms)
				BeforeProcessingInitializeOnLoad (96ms)
				ProcessInitializeOnLoadAttributes (724ms)
				ProcessInitializeOnLoadMethodAttributes (136ms)
				AfterProcessingInitializeOnLoad (9ms)
				EditorAssembliesLoaded (1ms)
			ExecutionOrderSort2 (0ms)
			AwakeInstancesAfterBackupRestoration (13ms)
Platform modules already initialized, skipping
Refreshing native plugins compatible for Editor in 2.22 ms, found 3 plugins.
Preloading 0 native plugins for Editor in 0.00 ms.
Unloading 4415 Unused Serialized files (Serialized files now loaded: 0)
Unloading 53 unused Assets / (167.3 KB). Loaded Objects now: 5064.
Memory consumption went from 159.4 MB to 159.2 MB.
Total: 6.113800 ms (FindLiveObjects: 0.426300 ms CreateObjectMapping: 0.243500 ms MarkObjects: 5.299400 ms  DeleteObjects: 0.142500 ms)

AssetImportParameters requested are different than current active one (requested -> active):
  custom:video-decoder-ogg-theora: a1e56fd34408186e4bbccfd4996cb3dc -> 
  custom:container-muxer-webm: aa71ff27fc2769a1b78a27578f13a17b -> 
  custom:container-demuxer-webm: 4f35f7cbe854078d1ac9338744f61a02 -> 
  custom:video-encoder-webm-vp8: eb34c28f22e8b96e1ab97ce403110664 -> 
  custom:video-codec-MediaFoundation-h265: 746d11721c4dcdbdad8f713fa42b33f4 -> 
  custom:CustomObjectIndexerAttribute: bc11b3a6c3213fcdd17b65e7da85e133 -> 
  custom:audio-encoder-webm-vorbis: bf7c407c2cedff20999df2af8eb42d56 -> 
  custom:framework-win-MediaFoundation: 216162199b28c13a410421893ffa2e32 -> 
  custom:SearchIndexIgnoredProperties: e643bd26f0fe6173181afceb89e7c659 -> 
  custom:container-demuxer-ogg: 62fdf1f143b41e24485cea50d1cbac27 -> 
  custom:video-decoder-webm-vp8: 9c59270c3fd7afecdb556c50c9e8de78 -> 
  custom:audio-decoder-ogg-vorbis: bf7c407c2cedff20999df2af8eb42d56 -> 
========================================================================
Received Prepare
Registering precompiled user dll's ...
Registered in 0.003796 seconds.
Begin MonoManager ReloadAssembly
Native extension for WindowsStandalone target not found
Failed to load: C:/Program Files/Unity/Hub/Editor/2021.3.36f1/Editor/Data/PlaybackEngines/iOSSupport\x64\UnityEditor.iOS.Native.dll
Native extension for iOS target not found
Native extension for Android target not found
Native extension for WebGL target not found
Refreshing native plugins compatible for Editor in 1.22 ms, found 3 plugins.
Preloading 0 native plugins for Editor in 0.00 ms.
[Package Manager] Server::EnsureServerProcessIsRunning -- launch failed, reason: Unity was launched with the -noUpm command-line argument
[Package Manager] Cannot connect to Unity Package Manager local server
[Package Manager] Server::EnsureServerProcessIsRunning -- launch failed, reason: Unity was launched with the -noUpm command-line argument
[Package Manager] Cannot connect to Unity Package Manager local server
[ScriptCompilation] NOT recompiling all scripts because this is an import worker process. Reason to compile was: Define symbols changed
Mono: successfully reloaded assembly
- Completed reload, in  1.647 seconds
Domain Reload Profiling:
	ReloadAssembly (1648ms)
		BeginReloadAssembly (123ms)
			ExecutionOrderSort (0ms)
			DisableScriptedObjects (4ms)
			BackupInstance (0ms)
			ReleaseScriptingObjects (0ms)
			CreateAndSetChildDomain (27ms)
		EndReloadAssembly (1449ms)
			LoadAssemblies (84ms)
			RebuildTransferFunctionScriptingTraits (0ms)
			SetupTypeCache (317ms)
			ReleaseScriptCaches (2ms)
			RebuildScriptCaches (58ms)
			SetupLoadedEditorAssemblies (889ms)
				LogAssemblyErrors (0ms)
				InitializePlatformSupportModulesInManaged (57ms)
				SetLoadedEditorAssemblies (1ms)
				RefreshPlugins (1ms)
				BeforeProcessingInitializeOnLoad (121ms)
				ProcessInitializeOnLoadAttributes (604ms)
				ProcessInitializeOnLoadMethodAttributes (96ms)
				AfterProcessingInitializeOnLoad (8ms)
				EditorAssembliesLoaded (0ms)
			ExecutionOrderSort2 (0ms)
			AwakeInstancesAfterBackupRestoration (9ms)
Platform modules already initialized, skipping
Refreshing native plugins compatible for Editor in 1.31 ms, found 3 plugins.
Preloading 0 native plugins for Editor in 0.00 ms.
Unloading 4415 Unused Serialized files (Serialized files now loaded: 0)
Unloading 53 unused Assets / (167.2 KB). Loaded Objects now: 5067.
Memory consumption went from 159.4 MB to 159.2 MB.
Total: 5.050800 ms (FindLiveObjects: 0.400300 ms CreateObjectMapping: 0.205700 ms MarkObjects: 4.353600 ms  DeleteObjects: 0.089300 ms)

AssetImportParameters requested are different than current active one (requested -> active):
  custom:video-decoder-ogg-theora: a1e56fd34408186e4bbccfd4996cb3dc -> 
  custom:container-muxer-webm: aa71ff27fc2769a1b78a27578f13a17b -> 
  custom:container-demuxer-webm: 4f35f7cbe854078d1ac9338744f61a02 -> 
  custom:video-encoder-webm-vp8: eb34c28f22e8b96e1ab97ce403110664 -> 
  custom:video-codec-MediaFoundation-h265: 746d11721c4dcdbdad8f713fa42b33f4 -> 
  custom:CustomObjectIndexerAttribute: bc11b3a6c3213fcdd17b65e7da85e133 -> 
  custom:audio-encoder-webm-vorbis: bf7c407c2cedff20999df2af8eb42d56 -> 
  custom:framework-win-MediaFoundation: 216162199b28c13a410421893ffa2e32 -> 
  custom:SearchIndexIgnoredProperties: e643bd26f0fe6173181afceb89e7c659 -> 
  custom:container-demuxer-ogg: 62fdf1f143b41e24485cea50d1cbac27 -> 
  custom:video-decoder-webm-vp8: 9c59270c3fd7afecdb556c50c9e8de78 -> 
  custom:audio-decoder-ogg-vorbis: bf7c407c2cedff20999df2af8eb42d56 -> 
========================================================================
Received Prepare
Registering precompiled user dll's ...
Registered in 0.005748 seconds.
Begin MonoManager ReloadAssembly
Native extension for WindowsStandalone target not found
Failed to load: C:/Program Files/Unity/Hub/Editor/2021.3.36f1/Editor/Data/PlaybackEngines/iOSSupport\x64\UnityEditor.iOS.Native.dll
Native extension for iOS target not found
Native extension for Android target not found
Native extension for WebGL target not found
Refreshing native plugins compatible for Editor in 0.98 ms, found 3 plugins.
Preloading 0 native plugins for Editor in 0.00 ms.
[Package Manager] Server::EnsureServerProcessIsRunning -- launch failed, reason: Unity was launched with the -noUpm command-line argument
[Package Manager] Cannot connect to Unity Package Manager local server
[Package Manager] Server::EnsureServerProcessIsRunning -- launch failed, reason: Unity was launched with the -noUpm command-line argument
[Package Manager] Cannot connect to Unity Package Manager local server
[ScriptCompilation] NOT recompiling all scripts because this is an import worker process. Reason to compile was: Define symbols changed
Mono: successfully reloaded assembly
- Completed reload, in  1.986 seconds
Domain Reload Profiling:
	ReloadAssembly (1988ms)
		BeginReloadAssembly (194ms)
			ExecutionOrderSort (0ms)
			DisableScriptedObjects (8ms)
			BackupInstance (0ms)
			ReleaseScriptingObjects (0ms)
			CreateAndSetChildDomain (44ms)
		EndReloadAssembly (1662ms)
			LoadAssemblies (134ms)
			RebuildTransferFunctionScriptingTraits (0ms)
			SetupTypeCache (364ms)
			ReleaseScriptCaches (2ms)
			RebuildScriptCaches (64ms)
			SetupLoadedEditorAssemblies (1033ms)
				LogAssemblyErrors (0ms)
				InitializePlatformSupportModulesInManaged (41ms)
				SetLoadedEditorAssemblies (1ms)
				RefreshPlugins (1ms)
				BeforeProcessingInitializeOnLoad (105ms)
				ProcessInitializeOnLoadAttributes (727ms)
				ProcessInitializeOnLoadMethodAttributes (144ms)
				AfterProcessingInitializeOnLoad (13ms)
				EditorAssembliesLoaded (0ms)
			ExecutionOrderSort2 (0ms)
			AwakeInstancesAfterBackupRestoration (14ms)
Platform modules already initialized, skipping
Refreshing native plugins compatible for Editor in 1.69 ms, found 3 plugins.
Preloading 0 native plugins for Editor in 0.00 ms.
Unloading 4415 Unused Serialized files (Serialized files now loaded: 0)
Unloading 53 unused Assets / (169.0 KB). Loaded Objects now: 5070.
Memory consumption went from 159.4 MB to 159.2 MB.
Total: 5.277000 ms (FindLiveObjects: 0.489400 ms CreateObjectMapping: 0.233600 ms MarkObjects: 4.414700 ms  DeleteObjects: 0.137100 ms)

AssetImportParameters requested are different than current active one (requested -> active):
  custom:video-decoder-ogg-theora: a1e56fd34408186e4bbccfd4996cb3dc -> 
  custom:container-muxer-webm: aa71ff27fc2769a1b78a27578f13a17b -> 
  custom:container-demuxer-webm: 4f35f7cbe854078d1ac9338744f61a02 -> 
  custom:video-encoder-webm-vp8: eb34c28f22e8b96e1ab97ce403110664 -> 
  custom:video-codec-MediaFoundation-h265: 746d11721c4dcdbdad8f713fa42b33f4 -> 
  custom:CustomObjectIndexerAttribute: bc11b3a6c3213fcdd17b65e7da85e133 -> 
  custom:audio-encoder-webm-vorbis: bf7c407c2cedff20999df2af8eb42d56 -> 
  custom:framework-win-MediaFoundation: 216162199b28c13a410421893ffa2e32 -> 
  custom:SearchIndexIgnoredProperties: e643bd26f0fe6173181afceb89e7c659 -> 
  custom:container-demuxer-ogg: 62fdf1f143b41e24485cea50d1cbac27 -> 
  custom:video-decoder-webm-vp8: 9c59270c3fd7afecdb556c50c9e8de78 -> 
  custom:audio-decoder-ogg-vorbis: bf7c407c2cedff20999df2af8eb42d56 -> 
========================================================================
Received Prepare
Registering precompiled user dll's ...
Registered in 0.009970 seconds.
Begin MonoManager ReloadAssembly
Native extension for WindowsStandalone target not found
Failed to load: C:/Program Files/Unity/Hub/Editor/2021.3.36f1/Editor/Data/PlaybackEngines/iOSSupport\x64\UnityEditor.iOS.Native.dll
Native extension for iOS target not found
Native extension for Android target not found
Native extension for WebGL target not found
Refreshing native plugins compatible for Editor in 1.70 ms, found 3 plugins.
Preloading 0 native plugins for Editor in 0.00 ms.
[Package Manager] Server::EnsureServerProcessIsRunning -- launch failed, reason: Unity was launched with the -noUpm command-line argument
[Package Manager] Cannot connect to Unity Package Manager local server
[Package Manager] Server::EnsureServerProcessIsRunning -- launch failed, reason: Unity was launched with the -noUpm command-line argument
[Package Manager] Cannot connect to Unity Package Manager local server
System.IO.IOException: Sharing violation on path C:\UnityProject\Run\Assets\PluginYourGames\Editor\ModulesListYG2.txt
  at System.IO.FileStream..ctor (System.String path, System.IO.FileMode mode, System.IO.FileAccess access, System.IO.FileShare share, System.Int32 bufferSize, System.Boolean anonymous, System.IO.FileOptions options) [0x0019e] in <b4dec521950c405ea4b0b85c62087906>:0 
  at System.IO.FileStream..ctor (System.String path, System.IO.FileMode mode, System.IO.FileAccess access, System.IO.FileShare share, System.Int32 bufferSize, System.IO.FileOptions options) [0x00000] in <b4dec521950c405ea4b0b85c62087906>:0 
  at (wrapper remoting-invoke-with-check) System.IO.FileStream..ctor(string,System.IO.FileMode,System.IO.FileAccess,System.IO.FileShare,int,System.IO.FileOptions)
  at System.IO.StreamWriter..ctor (System.String path, System.Boolean append, System.Text.Encoding encoding, System.Int32 bufferSize) [0x00055] in <b4dec521950c405ea4b0b85c62087906>:0 
  at System.IO.StreamWriter..ctor (System.String path) [0x00008] in <b4dec521950c405ea4b0b85c62087906>:0 
  at (wrapper remoting-invoke-with-check) System.IO.StreamWriter..ctor(string)
  at System.IO.File.WriteAllText (System.String path, System.String contents) [0x00026] in <b4dec521950c405ea4b0b85c62087906>:0 
  at YG.EditorScr.DefineSymbols.ModulesDefineSymbols () [0x001e9] in C:\UnityProject\Run\Assets\PluginYourGames\Scripts\EditorScr\DefineSymbols.cs:215 
  at YG.EditorScr.DefineSymbols.UpdateDefineSymbols () [0x0000f] in C:\UnityProject\Run\Assets\PluginYourGames\Scripts\EditorScr\DefineSymbols.cs:57 
  at YG.EditorScr.DefineSymbols..cctor () [0x00023] in C:\UnityProject\Run\Assets\PluginYourGames\Scripts\EditorScr\DefineSymbols.cs:31 
UnityEngine.StackTraceUtility:ExtractStackTrace ()
UnityEngine.DebugLogHandler:LogFormat (UnityEngine.LogType,UnityEngine.Object,string,object[])
UnityEngine.Logger:Log (UnityEngine.LogType,object)
UnityEngine.Debug:LogError (object)
UnityEditor.EditorAssemblies:ProcessInitializeOnLoadAttributes (System.Type[])

Mono: successfully reloaded assembly
- Completed reload, in  2.183 seconds
Domain Reload Profiling:
	ReloadAssembly (2184ms)
		BeginReloadAssembly (244ms)
			ExecutionOrderSort (0ms)
			DisableScriptedObjects (11ms)
			BackupInstance (0ms)
			ReleaseScriptingObjects (0ms)
			CreateAndSetChildDomain (55ms)
		EndReloadAssembly (1778ms)
			LoadAssemblies (158ms)
			RebuildTransferFunctionScriptingTraits (0ms)
			SetupTypeCache (421ms)
			ReleaseScriptCaches (2ms)
			RebuildScriptCaches (79ms)
			SetupLoadedEditorAssemblies (1064ms)
				LogAssemblyErrors (0ms)
				InitializePlatformSupportModulesInManaged (75ms)
				SetLoadedEditorAssemblies (1ms)
				RefreshPlugins (2ms)
				BeforeProcessingInitializeOnLoad (159ms)
				ProcessInitializeOnLoadAttributes (721ms)
				ProcessInitializeOnLoadMethodAttributes (96ms)
				AfterProcessingInitializeOnLoad (9ms)
				EditorAssembliesLoaded (0ms)
			ExecutionOrderSort2 (0ms)
			AwakeInstancesAfterBackupRestoration (12ms)
Platform modules already initialized, skipping
Refreshing native plugins compatible for Editor in 2.03 ms, found 3 plugins.
Preloading 0 native plugins for Editor in 0.00 ms.
Unloading 4415 Unused Serialized files (Serialized files now loaded: 0)
Unloading 53 unused Assets / (168.3 KB). Loaded Objects now: 5073.
Memory consumption went from 159.4 MB to 159.3 MB.
Total: 6.518600 ms (FindLiveObjects: 0.519700 ms CreateObjectMapping: 0.416300 ms MarkObjects: 5.470100 ms  DeleteObjects: 0.110100 ms)

AssetImportParameters requested are different than current active one (requested -> active):
  custom:video-decoder-ogg-theora: a1e56fd34408186e4bbccfd4996cb3dc -> 
  custom:container-muxer-webm: aa71ff27fc2769a1b78a27578f13a17b -> 
  custom:container-demuxer-webm: 4f35f7cbe854078d1ac9338744f61a02 -> 
  custom:video-encoder-webm-vp8: eb34c28f22e8b96e1ab97ce403110664 -> 
  custom:video-codec-MediaFoundation-h265: 746d11721c4dcdbdad8f713fa42b33f4 -> 
  custom:CustomObjectIndexerAttribute: bc11b3a6c3213fcdd17b65e7da85e133 -> 
  custom:audio-encoder-webm-vorbis: bf7c407c2cedff20999df2af8eb42d56 -> 
  custom:framework-win-MediaFoundation: 216162199b28c13a410421893ffa2e32 -> 
  custom:SearchIndexIgnoredProperties: e643bd26f0fe6173181afceb89e7c659 -> 
  custom:container-demuxer-ogg: 62fdf1f143b41e24485cea50d1cbac27 -> 
  custom:video-decoder-webm-vp8: 9c59270c3fd7afecdb556c50c9e8de78 -> 
  custom:audio-decoder-ogg-vorbis: bf7c407c2cedff20999df2af8eb42d56 -> 
========================================================================
Received Prepare
Registering precompiled user dll's ...
Registered in 0.008889 seconds.
Begin MonoManager ReloadAssembly
Native extension for WindowsStandalone target not found
Failed to load: C:/Program Files/Unity/Hub/Editor/2021.3.36f1/Editor/Data/PlaybackEngines/iOSSupport\x64\UnityEditor.iOS.Native.dll
Native extension for iOS target not found
Native extension for Android target not found
Native extension for WebGL target not found
Refreshing native plugins compatible for Editor in 1.02 ms, found 3 plugins.
Preloading 0 native plugins for Editor in 0.00 ms.
[Package Manager] Server::EnsureServerProcessIsRunning -- launch failed, reason: Unity was launched with the -noUpm command-line argument
[Package Manager] Cannot connect to Unity Package Manager local server
[Package Manager] Server::EnsureServerProcessIsRunning -- launch failed, reason: Unity was launched with the -noUpm command-line argument
[Package Manager] Cannot connect to Unity Package Manager local server
[ScriptCompilation] NOT recompiling all scripts because this is an import worker process. Reason to compile was: Define symbols changed
Mono: successfully reloaded assembly
- Completed reload, in  1.984 seconds
Domain Reload Profiling:
	ReloadAssembly (1985ms)
		BeginReloadAssembly (196ms)
			ExecutionOrderSort (0ms)
			DisableScriptedObjects (8ms)
			BackupInstance (0ms)
			ReleaseScriptingObjects (0ms)
			CreateAndSetChildDomain (48ms)
		EndReloadAssembly (1645ms)
			LoadAssemblies (135ms)
			RebuildTransferFunctionScriptingTraits (0ms)
			SetupTypeCache (371ms)
			ReleaseScriptCaches (2ms)
			RebuildScriptCaches (64ms)
			SetupLoadedEditorAssemblies (1005ms)
				LogAssemblyErrors (0ms)
				InitializePlatformSupportModulesInManaged (42ms)
				SetLoadedEditorAssemblies (1ms)
				RefreshPlugins (1ms)
				BeforeProcessingInitializeOnLoad (91ms)
				ProcessInitializeOnLoadAttributes (715ms)
				ProcessInitializeOnLoadMethodAttributes (142ms)
				AfterProcessingInitializeOnLoad (12ms)
				EditorAssembliesLoaded (0ms)
			ExecutionOrderSort2 (0ms)
			AwakeInstancesAfterBackupRestoration (13ms)
Platform modules already initialized, skipping
Refreshing native plugins compatible for Editor in 1.57 ms, found 3 plugins.
Preloading 0 native plugins for Editor in 0.00 ms.
Unloading 4415 Unused Serialized files (Serialized files now loaded: 0)
Unloading 53 unused Assets / (168.3 KB). Loaded Objects now: 5076.
Memory consumption went from 159.2 MB to 159.1 MB.
Total: 9.204000 ms (FindLiveObjects: 0.649400 ms CreateObjectMapping: 0.316900 ms MarkObjects: 8.092300 ms  DeleteObjects: 0.142300 ms)

AssetImportParameters requested are different than current active one (requested -> active):
  custom:video-decoder-ogg-theora: a1e56fd34408186e4bbccfd4996cb3dc -> 
  custom:container-muxer-webm: aa71ff27fc2769a1b78a27578f13a17b -> 
  custom:container-demuxer-webm: 4f35f7cbe854078d1ac9338744f61a02 -> 
  custom:video-encoder-webm-vp8: eb34c28f22e8b96e1ab97ce403110664 -> 
  custom:video-codec-MediaFoundation-h265: 746d11721c4dcdbdad8f713fa42b33f4 -> 
  custom:CustomObjectIndexerAttribute: bc11b3a6c3213fcdd17b65e7da85e133 -> 
  custom:audio-encoder-webm-vorbis: bf7c407c2cedff20999df2af8eb42d56 -> 
  custom:framework-win-MediaFoundation: 216162199b28c13a410421893ffa2e32 -> 
  custom:SearchIndexIgnoredProperties: e643bd26f0fe6173181afceb89e7c659 -> 
  custom:container-demuxer-ogg: 62fdf1f143b41e24485cea50d1cbac27 -> 
  custom:video-decoder-webm-vp8: 9c59270c3fd7afecdb556c50c9e8de78 -> 
  custom:audio-decoder-ogg-vorbis: bf7c407c2cedff20999df2af8eb42d56 -> 
========================================================================
Received Prepare
Registering precompiled user dll's ...
Registered in 0.003635 seconds.
Begin MonoManager ReloadAssembly
Native extension for WindowsStandalone target not found
Failed to load: C:/Program Files/Unity/Hub/Editor/2021.3.36f1/Editor/Data/PlaybackEngines/iOSSupport\x64\UnityEditor.iOS.Native.dll
Native extension for iOS target not found
Native extension for Android target not found
Native extension for WebGL target not found
Refreshing native plugins compatible for Editor in 0.98 ms, found 3 plugins.
Preloading 0 native plugins for Editor in 0.00 ms.
[Package Manager] Server::EnsureServerProcessIsRunning -- launch failed, reason: Unity was launched with the -noUpm command-line argument
[Package Manager] Cannot connect to Unity Package Manager local server
[Package Manager] Server::EnsureServerProcessIsRunning -- launch failed, reason: Unity was launched with the -noUpm command-line argument
[Package Manager] Cannot connect to Unity Package Manager local server
System.IO.IOException: Sharing violation on path C:\UnityProject\Run\Assets\PluginYourGames\Editor\ModulesListYG2.txt
  at System.IO.FileStream..ctor (System.String path, System.IO.FileMode mode, System.IO.FileAccess access, System.IO.FileShare share, System.Int32 bufferSize, System.Boolean anonymous, System.IO.FileOptions options) [0x0019e] in <b4dec521950c405ea4b0b85c62087906>:0 
  at System.IO.FileStream..ctor (System.String path, System.IO.FileMode mode, System.IO.FileAccess access, System.IO.FileShare share, System.Int32 bufferSize, System.IO.FileOptions options) [0x00000] in <b4dec521950c405ea4b0b85c62087906>:0 
  at (wrapper remoting-invoke-with-check) System.IO.FileStream..ctor(string,System.IO.FileMode,System.IO.FileAccess,System.IO.FileShare,int,System.IO.FileOptions)
  at System.IO.StreamWriter..ctor (System.String path, System.Boolean append, System.Text.Encoding encoding, System.Int32 bufferSize) [0x00055] in <b4dec521950c405ea4b0b85c62087906>:0 
  at System.IO.StreamWriter..ctor (System.String path) [0x00008] in <b4dec521950c405ea4b0b85c62087906>:0 
  at (wrapper remoting-invoke-with-check) System.IO.StreamWriter..ctor(string)
  at System.IO.File.WriteAllText (System.String path, System.String contents) [0x00026] in <b4dec521950c405ea4b0b85c62087906>:0 
  at YG.EditorScr.DefineSymbols.ModulesDefineSymbols () [0x001e9] in C:\UnityProject\Run\Assets\PluginYourGames\Scripts\EditorScr\DefineSymbols.cs:215 
  at YG.EditorScr.DefineSymbols.UpdateDefineSymbols () [0x0000f] in C:\UnityProject\Run\Assets\PluginYourGames\Scripts\EditorScr\DefineSymbols.cs:57 
  at YG.EditorScr.DefineSymbols..cctor () [0x00023] in C:\UnityProject\Run\Assets\PluginYourGames\Scripts\EditorScr\DefineSymbols.cs:31 
UnityEngine.StackTraceUtility:ExtractStackTrace ()
UnityEngine.DebugLogHandler:LogFormat (UnityEngine.LogType,UnityEngine.Object,string,object[])
UnityEngine.Logger:Log (UnityEngine.LogType,object)
UnityEngine.Debug:LogError (object)
UnityEditor.EditorAssemblies:ProcessInitializeOnLoadAttributes (System.Type[])

Mono: successfully reloaded assembly
- Completed reload, in  1.943 seconds
Domain Reload Profiling:
	ReloadAssembly (1944ms)
		BeginReloadAssembly (119ms)
			ExecutionOrderSort (0ms)
			DisableScriptedObjects (4ms)
			BackupInstance (0ms)
			ReleaseScriptingObjects (0ms)
			CreateAndSetChildDomain (27ms)
		EndReloadAssembly (1742ms)
			LoadAssemblies (83ms)
			RebuildTransferFunctionScriptingTraits (0ms)
			SetupTypeCache (338ms)
			ReleaseScriptCaches (2ms)
			RebuildScriptCaches (54ms)
			SetupLoadedEditorAssemblies (1161ms)
				LogAssemblyErrors (0ms)
				InitializePlatformSupportModulesInManaged (39ms)
				SetLoadedEditorAssemblies (0ms)
				RefreshPlugins (1ms)
				BeforeProcessingInitializeOnLoad (85ms)
				ProcessInitializeOnLoadAttributes (875ms)
				ProcessInitializeOnLoadMethodAttributes (149ms)
				AfterProcessingInitializeOnLoad (11ms)
				EditorAssembliesLoaded (0ms)
			ExecutionOrderSort2 (0ms)
			AwakeInstancesAfterBackupRestoration (14ms)
Platform modules already initialized, skipping
Refreshing native plugins compatible for Editor in 1.72 ms, found 3 plugins.
Preloading 0 native plugins for Editor in 0.00 ms.
Unloading 4415 Unused Serialized files (Serialized files now loaded: 0)
Unloading 53 unused Assets / (168.2 KB). Loaded Objects now: 5079.
Memory consumption went from 159.5 MB to 159.3 MB.
Total: 6.379700 ms (FindLiveObjects: 0.487600 ms CreateObjectMapping: 0.264400 ms MarkObjects: 5.514600 ms  DeleteObjects: 0.110900 ms)

AssetImportParameters requested are different than current active one (requested -> active):
  custom:video-decoder-ogg-theora: a1e56fd34408186e4bbccfd4996cb3dc -> 
  custom:container-muxer-webm: aa71ff27fc2769a1b78a27578f13a17b -> 
  custom:container-demuxer-webm: 4f35f7cbe854078d1ac9338744f61a02 -> 
  custom:video-encoder-webm-vp8: eb34c28f22e8b96e1ab97ce403110664 -> 
  custom:video-codec-MediaFoundation-h265: 746d11721c4dcdbdad8f713fa42b33f4 -> 
  custom:CustomObjectIndexerAttribute: bc11b3a6c3213fcdd17b65e7da85e133 -> 
  custom:audio-encoder-webm-vorbis: bf7c407c2cedff20999df2af8eb42d56 -> 
  custom:framework-win-MediaFoundation: 216162199b28c13a410421893ffa2e32 -> 
  custom:SearchIndexIgnoredProperties: e643bd26f0fe6173181afceb89e7c659 -> 
  custom:container-demuxer-ogg: 62fdf1f143b41e24485cea50d1cbac27 -> 
  custom:video-decoder-webm-vp8: 9c59270c3fd7afecdb556c50c9e8de78 -> 
  custom:audio-decoder-ogg-vorbis: bf7c407c2cedff20999df2af8eb42d56 -> 
========================================================================
Received Prepare
Registering precompiled user dll's ...
Registered in 0.005487 seconds.
Begin MonoManager ReloadAssembly
Native extension for WindowsStandalone target not found
Failed to load: C:/Program Files/Unity/Hub/Editor/2021.3.36f1/Editor/Data/PlaybackEngines/iOSSupport\x64\UnityEditor.iOS.Native.dll
Native extension for iOS target not found
Native extension for Android target not found
Native extension for WebGL target not found
Refreshing native plugins compatible for Editor in 0.99 ms, found 3 plugins.
Preloading 0 native plugins for Editor in 0.00 ms.
[Package Manager] Server::EnsureServerProcessIsRunning -- launch failed, reason: Unity was launched with the -noUpm command-line argument
[Package Manager] Cannot connect to Unity Package Manager local server
[Package Manager] Server::EnsureServerProcessIsRunning -- launch failed, reason: Unity was launched with the -noUpm command-line argument
[Package Manager] Cannot connect to Unity Package Manager local server
[ScriptCompilation] NOT recompiling all scripts because this is an import worker process. Reason to compile was: Define symbols changed
Mono: successfully reloaded assembly
- Completed reload, in  1.987 seconds
Domain Reload Profiling:
	ReloadAssembly (1988ms)
		BeginReloadAssembly (187ms)
			ExecutionOrderSort (0ms)
			DisableScriptedObjects (10ms)
			BackupInstance (0ms)
			ReleaseScriptingObjects (0ms)
			CreateAndSetChildDomain (41ms)
		EndReloadAssembly (1678ms)
			LoadAssemblies (130ms)
			RebuildTransferFunctionScriptingTraits (0ms)
			SetupTypeCache (390ms)
			ReleaseScriptCaches (2ms)
			RebuildScriptCaches (60ms)
			SetupLoadedEditorAssemblies (1019ms)
				LogAssemblyErrors (0ms)
				InitializePlatformSupportModulesInManaged (43ms)
				SetLoadedEditorAssemblies (1ms)
				RefreshPlugins (1ms)
				BeforeProcessingInitializeOnLoad (100ms)
				ProcessInitializeOnLoadAttributes (704ms)
				ProcessInitializeOnLoadMethodAttributes (157ms)
				AfterProcessingInitializeOnLoad (12ms)
				EditorAssembliesLoaded (0ms)
			ExecutionOrderSort2 (0ms)
			AwakeInstancesAfterBackupRestoration (14ms)
Platform modules already initialized, skipping
Refreshing native plugins compatible for Editor in 2.39 ms, found 3 plugins.
Preloading 0 native plugins for Editor in 0.00 ms.
Unloading 4415 Unused Serialized files (Serialized files now loaded: 0)
Unloading 53 unused Assets / (167.2 KB). Loaded Objects now: 5082.
Memory consumption went from 159.5 MB to 159.3 MB.
Total: 7.443600 ms (FindLiveObjects: 0.529500 ms CreateObjectMapping: 0.330400 ms MarkObjects: 6.383400 ms  DeleteObjects: 0.198100 ms)

AssetImportParameters requested are different than current active one (requested -> active):
  custom:video-decoder-ogg-theora: a1e56fd34408186e4bbccfd4996cb3dc -> 
  custom:container-muxer-webm: aa71ff27fc2769a1b78a27578f13a17b -> 
  custom:container-demuxer-webm: 4f35f7cbe854078d1ac9338744f61a02 -> 
  custom:video-encoder-webm-vp8: eb34c28f22e8b96e1ab97ce403110664 -> 
  custom:video-codec-MediaFoundation-h265: 746d11721c4dcdbdad8f713fa42b33f4 -> 
  custom:CustomObjectIndexerAttribute: bc11b3a6c3213fcdd17b65e7da85e133 -> 
  custom:audio-encoder-webm-vorbis: bf7c407c2cedff20999df2af8eb42d56 -> 
  custom:framework-win-MediaFoundation: 216162199b28c13a410421893ffa2e32 -> 
  custom:SearchIndexIgnoredProperties: e643bd26f0fe6173181afceb89e7c659 -> 
  custom:container-demuxer-ogg: 62fdf1f143b41e24485cea50d1cbac27 -> 
  custom:video-decoder-webm-vp8: 9c59270c3fd7afecdb556c50c9e8de78 -> 
  custom:audio-decoder-ogg-vorbis: bf7c407c2cedff20999df2af8eb42d56 -> 
========================================================================
Received Prepare
Registering precompiled user dll's ...
Registered in 0.005862 seconds.
Begin MonoManager ReloadAssembly
Native extension for WindowsStandalone target not found
Failed to load: C:/Program Files/Unity/Hub/Editor/2021.3.36f1/Editor/Data/PlaybackEngines/iOSSupport\x64\UnityEditor.iOS.Native.dll
Native extension for iOS target not found
Native extension for Android target not found
Native extension for WebGL target not found
Refreshing native plugins compatible for Editor in 1.06 ms, found 3 plugins.
Preloading 0 native plugins for Editor in 0.00 ms.
[Package Manager] Server::EnsureServerProcessIsRunning -- launch failed, reason: Unity was launched with the -noUpm command-line argument
[Package Manager] Cannot connect to Unity Package Manager local server
[Package Manager] Server::EnsureServerProcessIsRunning -- launch failed, reason: Unity was launched with the -noUpm command-line argument
[Package Manager] Cannot connect to Unity Package Manager local server
[ScriptCompilation] NOT recompiling all scripts because this is an import worker process. Reason to compile was: Define symbols changed
Mono: successfully reloaded assembly
- Completed reload, in  1.979 seconds
Domain Reload Profiling:
	ReloadAssembly (1981ms)
		BeginReloadAssembly (190ms)
			ExecutionOrderSort (0ms)
			DisableScriptedObjects (7ms)
			BackupInstance (0ms)
			ReleaseScriptingObjects (0ms)
			CreateAndSetChildDomain (41ms)
		EndReloadAssembly (1663ms)
			LoadAssemblies (136ms)
			RebuildTransferFunctionScriptingTraits (0ms)
			SetupTypeCache (387ms)
			ReleaseScriptCaches (3ms)
			RebuildScriptCaches (63ms)
			SetupLoadedEditorAssemblies (1009ms)
				LogAssemblyErrors (0ms)
				InitializePlatformSupportModulesInManaged (42ms)
				SetLoadedEditorAssemblies (1ms)
				RefreshPlugins (1ms)
				BeforeProcessingInitializeOnLoad (104ms)
				ProcessInitializeOnLoadAttributes (711ms)
				ProcessInitializeOnLoadMethodAttributes (140ms)
				AfterProcessingInitializeOnLoad (10ms)
				EditorAssembliesLoaded (0ms)
			ExecutionOrderSort2 (0ms)
			AwakeInstancesAfterBackupRestoration (13ms)
Platform modules already initialized, skipping
Refreshing native plugins compatible for Editor in 1.32 ms, found 3 plugins.
Preloading 0 native plugins for Editor in 0.00 ms.
Unloading 4415 Unused Serialized files (Serialized files now loaded: 0)
Unloading 53 unused Assets / (167.2 KB). Loaded Objects now: 5085.
Memory consumption went from 159.5 MB to 159.3 MB.
Total: 5.900400 ms (FindLiveObjects: 0.478700 ms CreateObjectMapping: 0.265400 ms MarkObjects: 5.006000 ms  DeleteObjects: 0.148000 ms)

AssetImportParameters requested are different than current active one (requested -> active):
  custom:video-decoder-ogg-theora: a1e56fd34408186e4bbccfd4996cb3dc -> 
  custom:container-muxer-webm: aa71ff27fc2769a1b78a27578f13a17b -> 
  custom:container-demuxer-webm: 4f35f7cbe854078d1ac9338744f61a02 -> 
  custom:video-encoder-webm-vp8: eb34c28f22e8b96e1ab97ce403110664 -> 
  custom:video-codec-MediaFoundation-h265: 746d11721c4dcdbdad8f713fa42b33f4 -> 
  custom:CustomObjectIndexerAttribute: bc11b3a6c3213fcdd17b65e7da85e133 -> 
  custom:audio-encoder-webm-vorbis: bf7c407c2cedff20999df2af8eb42d56 -> 
  custom:framework-win-MediaFoundation: 216162199b28c13a410421893ffa2e32 -> 
  custom:SearchIndexIgnoredProperties: e643bd26f0fe6173181afceb89e7c659 -> 
  custom:container-demuxer-ogg: 62fdf1f143b41e24485cea50d1cbac27 -> 
  custom:video-decoder-webm-vp8: 9c59270c3fd7afecdb556c50c9e8de78 -> 
  custom:audio-decoder-ogg-vorbis: bf7c407c2cedff20999df2af8eb42d56 -> 
========================================================================
Received Prepare
Registering precompiled user dll's ...
Registered in 0.006275 seconds.
Begin MonoManager ReloadAssembly
Native extension for WindowsStandalone target not found
Failed to load: C:/Program Files/Unity/Hub/Editor/2021.3.36f1/Editor/Data/PlaybackEngines/iOSSupport\x64\UnityEditor.iOS.Native.dll
Native extension for iOS target not found
Native extension for Android target not found
Native extension for WebGL target not found
Refreshing native plugins compatible for Editor in 1.09 ms, found 3 plugins.
Preloading 0 native plugins for Editor in 0.00 ms.
[Package Manager] Server::EnsureServerProcessIsRunning -- launch failed, reason: Unity was launched with the -noUpm command-line argument
[Package Manager] Cannot connect to Unity Package Manager local server
[Package Manager] Server::EnsureServerProcessIsRunning -- launch failed, reason: Unity was launched with the -noUpm command-line argument
[Package Manager] Cannot connect to Unity Package Manager local server
[ScriptCompilation] NOT recompiling all scripts because this is an import worker process. Reason to compile was: Define symbols changed
Mono: successfully reloaded assembly
- Completed reload, in  2.021 seconds
Domain Reload Profiling:
	ReloadAssembly (2022ms)
		BeginReloadAssembly (193ms)
			ExecutionOrderSort (0ms)
			DisableScriptedObjects (9ms)
			BackupInstance (0ms)
			ReleaseScriptingObjects (0ms)
			CreateAndSetChildDomain (42ms)
		EndReloadAssembly (1699ms)
			LoadAssemblies (146ms)
			RebuildTransferFunctionScriptingTraits (0ms)
			SetupTypeCache (392ms)
			ReleaseScriptCaches (2ms)
			RebuildScriptCaches (59ms)
			SetupLoadedEditorAssemblies (1038ms)
				LogAssemblyErrors (0ms)
				InitializePlatformSupportModulesInManaged (47ms)
				SetLoadedEditorAssemblies (1ms)
				RefreshPlugins (1ms)
				BeforeProcessingInitializeOnLoad (100ms)
				ProcessInitializeOnLoadAttributes (731ms)
				ProcessInitializeOnLoadMethodAttributes (145ms)
				AfterProcessingInitializeOnLoad (13ms)
				EditorAssembliesLoaded (0ms)
			ExecutionOrderSort2 (0ms)
			AwakeInstancesAfterBackupRestoration (15ms)
Platform modules already initialized, skipping
Refreshing native plugins compatible for Editor in 1.99 ms, found 3 plugins.
Preloading 0 native plugins for Editor in 0.00 ms.
Unloading 4415 Unused Serialized files (Serialized files now loaded: 0)
Unloading 53 unused Assets / (167.3 KB). Loaded Objects now: 5088.
Memory consumption went from 159.5 MB to 159.4 MB.
Total: 7.189300 ms (FindLiveObjects: 0.752900 ms CreateObjectMapping: 0.312600 ms MarkObjects: 5.902700 ms  DeleteObjects: 0.217600 ms)

AssetImportParameters requested are different than current active one (requested -> active):
  custom:video-decoder-ogg-theora: a1e56fd34408186e4bbccfd4996cb3dc -> 
  custom:container-muxer-webm: aa71ff27fc2769a1b78a27578f13a17b -> 
  custom:container-demuxer-webm: 4f35f7cbe854078d1ac9338744f61a02 -> 
  custom:video-encoder-webm-vp8: eb34c28f22e8b96e1ab97ce403110664 -> 
  custom:video-codec-MediaFoundation-h265: 746d11721c4dcdbdad8f713fa42b33f4 -> 
  custom:CustomObjectIndexerAttribute: bc11b3a6c3213fcdd17b65e7da85e133 -> 
  custom:audio-encoder-webm-vorbis: bf7c407c2cedff20999df2af8eb42d56 -> 
  custom:framework-win-MediaFoundation: 216162199b28c13a410421893ffa2e32 -> 
  custom:SearchIndexIgnoredProperties: e643bd26f0fe6173181afceb89e7c659 -> 
  custom:container-demuxer-ogg: 62fdf1f143b41e24485cea50d1cbac27 -> 
  custom:video-decoder-webm-vp8: 9c59270c3fd7afecdb556c50c9e8de78 -> 
  custom:audio-decoder-ogg-vorbis: bf7c407c2cedff20999df2af8eb42d56 -> 
========================================================================
Received Prepare
Registering precompiled user dll's ...
Registered in 0.006685 seconds.
Begin MonoManager ReloadAssembly
Native extension for WindowsStandalone target not found
Failed to load: C:/Program Files/Unity/Hub/Editor/2021.3.36f1/Editor/Data/PlaybackEngines/iOSSupport\x64\UnityEditor.iOS.Native.dll
Native extension for iOS target not found
Native extension for Android target not found
Native extension for WebGL target not found
Refreshing native plugins compatible for Editor in 1.16 ms, found 3 plugins.
Preloading 0 native plugins for Editor in 0.00 ms.
[Package Manager] Server::EnsureServerProcessIsRunning -- launch failed, reason: Unity was launched with the -noUpm command-line argument
[Package Manager] Cannot connect to Unity Package Manager local server
[Package Manager] Server::EnsureServerProcessIsRunning -- launch failed, reason: Unity was launched with the -noUpm command-line argument
[Package Manager] Cannot connect to Unity Package Manager local server
[ScriptCompilation] NOT recompiling all scripts because this is an import worker process. Reason to compile was: Define symbols changed
Mono: successfully reloaded assembly
- Completed reload, in  1.777 seconds
Domain Reload Profiling:
	ReloadAssembly (1778ms)
		BeginReloadAssembly (192ms)
			ExecutionOrderSort (0ms)
			DisableScriptedObjects (6ms)
			BackupInstance (0ms)
			ReleaseScriptingObjects (0ms)
			CreateAndSetChildDomain (39ms)
		EndReloadAssembly (1452ms)
			LoadAssemblies (139ms)
			RebuildTransferFunctionScriptingTraits (0ms)
			SetupTypeCache (370ms)
			ReleaseScriptCaches (2ms)
			RebuildScriptCaches (61ms)
			SetupLoadedEditorAssemblies (844ms)
				LogAssemblyErrors (0ms)
				InitializePlatformSupportModulesInManaged (55ms)
				SetLoadedEditorAssemblies (1ms)
				RefreshPlugins (1ms)
				BeforeProcessingInitializeOnLoad (114ms)
				ProcessInitializeOnLoadAttributes (605ms)
				ProcessInitializeOnLoadMethodAttributes (62ms)
				AfterProcessingInitializeOnLoad (5ms)
				EditorAssembliesLoaded (0ms)
			ExecutionOrderSort2 (0ms)
			AwakeInstancesAfterBackupRestoration (6ms)
Platform modules already initialized, skipping
Refreshing native plugins compatible for Editor in 0.98 ms, found 3 plugins.
Preloading 0 native plugins for Editor in 0.00 ms.
Unloading 4415 Unused Serialized files (Serialized files now loaded: 0)
Unloading 53 unused Assets / (168.2 KB). Loaded Objects now: 5091.
Memory consumption went from 159.3 MB to 159.2 MB.
Total: 4.949300 ms (FindLiveObjects: 0.340100 ms CreateObjectMapping: 0.185900 ms MarkObjects: 4.309200 ms  DeleteObjects: 0.112400 ms)

AssetImportParameters requested are different than current active one (requested -> active):
  custom:video-decoder-ogg-theora: a1e56fd34408186e4bbccfd4996cb3dc -> 
  custom:container-muxer-webm: aa71ff27fc2769a1b78a27578f13a17b -> 
  custom:container-demuxer-webm: 4f35f7cbe854078d1ac9338744f61a02 -> 
  custom:video-encoder-webm-vp8: eb34c28f22e8b96e1ab97ce403110664 -> 
  custom:video-codec-MediaFoundation-h265: 746d11721c4dcdbdad8f713fa42b33f4 -> 
  custom:CustomObjectIndexerAttribute: bc11b3a6c3213fcdd17b65e7da85e133 -> 
  custom:audio-encoder-webm-vorbis: bf7c407c2cedff20999df2af8eb42d56 -> 
  custom:framework-win-MediaFoundation: 216162199b28c13a410421893ffa2e32 -> 
  custom:SearchIndexIgnoredProperties: e643bd26f0fe6173181afceb89e7c659 -> 
  custom:container-demuxer-ogg: 62fdf1f143b41e24485cea50d1cbac27 -> 
  custom:video-decoder-webm-vp8: 9c59270c3fd7afecdb556c50c9e8de78 -> 
  custom:audio-decoder-ogg-vorbis: bf7c407c2cedff20999df2af8eb42d56 -> 
========================================================================
Received Prepare
Registering precompiled user dll's ...
Registered in 0.004960 seconds.
Begin MonoManager ReloadAssembly
Native extension for WindowsStandalone target not found
Failed to load: C:/Program Files/Unity/Hub/Editor/2021.3.36f1/Editor/Data/PlaybackEngines/iOSSupport\x64\UnityEditor.iOS.Native.dll
Native extension for iOS target not found
Native extension for Android target not found
Native extension for WebGL target not found
Refreshing native plugins compatible for Editor in 0.97 ms, found 3 plugins.
Preloading 0 native plugins for Editor in 0.00 ms.
[Package Manager] Server::EnsureServerProcessIsRunning -- launch failed, reason: Unity was launched with the -noUpm command-line argument
[Package Manager] Cannot connect to Unity Package Manager local server
[Package Manager] Server::EnsureServerProcessIsRunning -- launch failed, reason: Unity was launched with the -noUpm command-line argument
[Package Manager] Cannot connect to Unity Package Manager local server
[ScriptCompilation] NOT recompiling all scripts because this is an import worker process. Reason to compile was: Define symbols changed
Mono: successfully reloaded assembly
- Completed reload, in  2.022 seconds
Domain Reload Profiling:
	ReloadAssembly (2023ms)
		BeginReloadAssembly (211ms)
			ExecutionOrderSort (0ms)
			DisableScriptedObjects (7ms)
			BackupInstance (0ms)
			ReleaseScriptingObjects (0ms)
			CreateAndSetChildDomain (49ms)
		EndReloadAssembly (1688ms)
			LoadAssemblies (144ms)
			RebuildTransferFunctionScriptingTraits (0ms)
			SetupTypeCache (363ms)
			ReleaseScriptCaches (2ms)
			RebuildScriptCaches (60ms)
			SetupLoadedEditorAssemblies (1068ms)
				LogAssemblyErrors (0ms)
				InitializePlatformSupportModulesInManaged (39ms)
				SetLoadedEditorAssemblies (1ms)
				RefreshPlugins (1ms)
				BeforeProcessingInitializeOnLoad (84ms)
				ProcessInitializeOnLoadAttributes (778ms)
				ProcessInitializeOnLoadMethodAttributes (154ms)
				AfterProcessingInitializeOnLoad (11ms)
				EditorAssembliesLoaded (0ms)
			ExecutionOrderSort2 (0ms)
			AwakeInstancesAfterBackupRestoration (14ms)
Platform modules already initialized, skipping
Refreshing native plugins compatible for Editor in 1.73 ms, found 3 plugins.
Preloading 0 native plugins for Editor in 0.00 ms.
Unloading 4415 Unused Serialized files (Serialized files now loaded: 0)
Unloading 53 unused Assets / (168.3 KB). Loaded Objects now: 5094.
Memory consumption went from 159.5 MB to 159.4 MB.
Total: 5.897300 ms (FindLiveObjects: 0.496100 ms CreateObjectMapping: 0.268900 ms MarkObjects: 5.021300 ms  DeleteObjects: 0.108500 ms)

AssetImportParameters requested are different than current active one (requested -> active):
  custom:video-decoder-ogg-theora: a1e56fd34408186e4bbccfd4996cb3dc -> 
  custom:container-muxer-webm: aa71ff27fc2769a1b78a27578f13a17b -> 
  custom:container-demuxer-webm: 4f35f7cbe854078d1ac9338744f61a02 -> 
  custom:video-encoder-webm-vp8: eb34c28f22e8b96e1ab97ce403110664 -> 
  custom:video-codec-MediaFoundation-h265: 746d11721c4dcdbdad8f713fa42b33f4 -> 
  custom:CustomObjectIndexerAttribute: bc11b3a6c3213fcdd17b65e7da85e133 -> 
  custom:audio-encoder-webm-vorbis: bf7c407c2cedff20999df2af8eb42d56 -> 
  custom:framework-win-MediaFoundation: 216162199b28c13a410421893ffa2e32 -> 
  custom:SearchIndexIgnoredProperties: e643bd26f0fe6173181afceb89e7c659 -> 
  custom:container-demuxer-ogg: 62fdf1f143b41e24485cea50d1cbac27 -> 
  custom:video-decoder-webm-vp8: 9c59270c3fd7afecdb556c50c9e8de78 -> 
  custom:audio-decoder-ogg-vorbis: bf7c407c2cedff20999df2af8eb42d56 -> 
========================================================================
Received Prepare
Registering precompiled user dll's ...
Registered in 0.012294 seconds.
Begin MonoManager ReloadAssembly
Native extension for WindowsStandalone target not found
Failed to load: C:/Program Files/Unity/Hub/Editor/2021.3.36f1/Editor/Data/PlaybackEngines/iOSSupport\x64\UnityEditor.iOS.Native.dll
Native extension for iOS target not found
Native extension for Android target not found
Native extension for WebGL target not found
Refreshing native plugins compatible for Editor in 6.77 ms, found 3 plugins.
Preloading 0 native plugins for Editor in 0.00 ms.
[Package Manager] Server::EnsureServerProcessIsRunning -- launch failed, reason: Unity was launched with the -noUpm command-line argument
[Package Manager] Cannot connect to Unity Package Manager local server
[Package Manager] Server::EnsureServerProcessIsRunning -- launch failed, reason: Unity was launched with the -noUpm command-line argument
[Package Manager] Cannot connect to Unity Package Manager local server
System.IO.IOException: Sharing violation on path C:\UnityProject\Run\Assets\PluginYourGames\Editor\ModulesListYG2.txt
  at System.IO.FileStream..ctor (System.String path, System.IO.FileMode mode, System.IO.FileAccess access, System.IO.FileShare share, System.Int32 bufferSize, System.Boolean anonymous, System.IO.FileOptions options) [0x0019e] in <b4dec521950c405ea4b0b85c62087906>:0 
  at System.IO.FileStream..ctor (System.String path, System.IO.FileMode mode, System.IO.FileAccess access, System.IO.FileShare share, System.Int32 bufferSize, System.IO.FileOptions options) [0x00000] in <b4dec521950c405ea4b0b85c62087906>:0 
  at (wrapper remoting-invoke-with-check) System.IO.FileStream..ctor(string,System.IO.FileMode,System.IO.FileAccess,System.IO.FileShare,int,System.IO.FileOptions)
  at System.IO.StreamWriter..ctor (System.String path, System.Boolean append, System.Text.Encoding encoding, System.Int32 bufferSize) [0x00055] in <b4dec521950c405ea4b0b85c62087906>:0 
  at System.IO.StreamWriter..ctor (System.String path) [0x00008] in <b4dec521950c405ea4b0b85c62087906>:0 
  at (wrapper remoting-invoke-with-check) System.IO.StreamWriter..ctor(string)
  at System.IO.File.WriteAllText (System.String path, System.String contents) [0x00026] in <b4dec521950c405ea4b0b85c62087906>:0 
  at YG.EditorScr.DefineSymbols.ModulesDefineSymbols () [0x001e9] in C:\UnityProject\Run\Assets\PluginYourGames\Scripts\EditorScr\DefineSymbols.cs:215 
  at YG.EditorScr.DefineSymbols.UpdateDefineSymbols () [0x0000f] in C:\UnityProject\Run\Assets\PluginYourGames\Scripts\EditorScr\DefineSymbols.cs:57 
  at YG.EditorScr.DefineSymbols..cctor () [0x00023] in C:\UnityProject\Run\Assets\PluginYourGames\Scripts\EditorScr\DefineSymbols.cs:31 
UnityEngine.StackTraceUtility:ExtractStackTrace ()
UnityEngine.DebugLogHandler:LogFormat (UnityEngine.LogType,UnityEngine.Object,string,object[])
UnityEngine.Logger:Log (UnityEngine.LogType,object)
UnityEngine.Debug:LogError (object)
UnityEditor.EditorAssemblies:ProcessInitializeOnLoadAttributes (System.Type[])

Mono: successfully reloaded assembly
- Completed reload, in  3.587 seconds
Domain Reload Profiling:
	ReloadAssembly (3589ms)
		BeginReloadAssembly (337ms)
			ExecutionOrderSort (0ms)
			DisableScriptedObjects (12ms)
			BackupInstance (0ms)
			ReleaseScriptingObjects (0ms)
			CreateAndSetChildDomain (89ms)
		EndReloadAssembly (3088ms)
			LoadAssemblies (210ms)
			RebuildTransferFunctionScriptingTraits (0ms)
			SetupTypeCache (579ms)
			ReleaseScriptCaches (3ms)
			RebuildScriptCaches (86ms)
			SetupLoadedEditorAssemblies (2059ms)
				LogAssemblyErrors (0ms)
				InitializePlatformSupportModulesInManaged (130ms)
				SetLoadedEditorAssemblies (3ms)
				RefreshPlugins (7ms)
				BeforeProcessingInitializeOnLoad (250ms)
				ProcessInitializeOnLoadAttributes (1270ms)
				ProcessInitializeOnLoadMethodAttributes (312ms)
				AfterProcessingInitializeOnLoad (85ms)
				EditorAssembliesLoaded (1ms)
			ExecutionOrderSort2 (0ms)
			AwakeInstancesAfterBackupRestoration (24ms)
Platform modules already initialized, skipping
Refreshing native plugins compatible for Editor in 2.33 ms, found 3 plugins.
Preloading 0 native plugins for Editor in 0.00 ms.
Unloading 4429 Unused Serialized files (Serialized files now loaded: 0)
Unloading 57 unused Assets / (1.1 MB). Loaded Objects now: 5107.
Memory consumption went from 161.7 MB to 160.6 MB.
Total: 8.312700 ms (FindLiveObjects: 0.715800 ms CreateObjectMapping: 0.958800 ms MarkObjects: 5.575200 ms  DeleteObjects: 1.060400 ms)

AssetImportParameters requested are different than current active one (requested -> active):
  custom:video-decoder-ogg-theora: a1e56fd34408186e4bbccfd4996cb3dc -> 
  custom:container-muxer-webm: aa71ff27fc2769a1b78a27578f13a17b -> 
  custom:container-demuxer-webm: 4f35f7cbe854078d1ac9338744f61a02 -> 
  custom:video-encoder-webm-vp8: eb34c28f22e8b96e1ab97ce403110664 -> 
  custom:video-codec-MediaFoundation-h265: 746d11721c4dcdbdad8f713fa42b33f4 -> 
  custom:CustomObjectIndexerAttribute: bc11b3a6c3213fcdd17b65e7da85e133 -> 
  custom:audio-encoder-webm-vorbis: bf7c407c2cedff20999df2af8eb42d56 -> 
  custom:framework-win-MediaFoundation: 216162199b28c13a410421893ffa2e32 -> 
  custom:SearchIndexIgnoredProperties: e643bd26f0fe6173181afceb89e7c659 -> 
  custom:container-demuxer-ogg: 62fdf1f143b41e24485cea50d1cbac27 -> 
  custom:video-decoder-webm-vp8: 9c59270c3fd7afecdb556c50c9e8de78 -> 
  custom:audio-decoder-ogg-vorbis: bf7c407c2cedff20999df2af8eb42d56 -> 
========================================================================
Received Import Request.
  Time since last request: 11153.325544 seconds.
  path: Assets/Store Assets/Adaptive Performance/Provider/Samsung Android Provider Loader.asset
  artifactKey: Guid(7e2ab615b5c128842a19418c2d421777) Importer(815301076,1909f56bfc062723c751e8b465ee728b)
Number of updated assets reloaded before import = 0
Start importing Assets/Store Assets/Adaptive Performance/Provider/Samsung Android Provider Loader.asset using Guid(7e2ab615b5c128842a19418c2d421777) Importer(815301076,1909f56bfc062723c751e8b465ee728b)  -> (artifact id: '4b1e04dcb905e9323f048bf662d0682c') in 0.045290 seconds 
Number of asset objects unloaded after import = 1
========================================================================
Received Import Request.
  Time since last request: 22.840182 seconds.
  path: Assets/Store Assets/Meshtint Free Chicken Mega Toon Series/Materials/Ground.mat
  artifactKey: Guid(eada0a3852f7626479047625b03134b0) Importer(815301076,1909f56bfc062723c751e8b465ee728b)
Number of updated assets reloaded before import = 0
Start importing Assets/Store Assets/Meshtint Free Chicken Mega Toon Series/Materials/Ground.mat using Guid(eada0a3852f7626479047625b03134b0) Importer(815301076,1909f56bfc062723c751e8b465ee728b)  -> (artifact id: '8b17868d4b70533b1c5812cc01ab6c89') in 0.120747 seconds 
Number of asset objects unloaded after import = 1
========================================================================
Received Prepare
Registering precompiled user dll's ...
Registered in 0.004828 seconds.
Begin MonoManager ReloadAssembly
Native extension for WindowsStandalone target not found
Failed to load: C:/Program Files/Unity/Hub/Editor/2021.3.36f1/Editor/Data/PlaybackEngines/iOSSupport\x64\UnityEditor.iOS.Native.dll
Native extension for iOS target not found
Native extension for Android target not found
Native extension for WebGL target not found
Refreshing native plugins compatible for Editor in 1.16 ms, found 3 plugins.
Preloading 0 native plugins for Editor in 0.00 ms.
[Package Manager] Server::EnsureServerProcessIsRunning -- launch failed, reason: Unity was launched with the -noUpm command-line argument
[Package Manager] Cannot connect to Unity Package Manager local server
[Package Manager] Server::EnsureServerProcessIsRunning -- launch failed, reason: Unity was launched with the -noUpm command-line argument
[Package Manager] Cannot connect to Unity Package Manager local server
System.IO.IOException: Sharing violation on path C:\UnityProject\Run\Assets\PluginYourGames\Editor\ModulesListYG2.txt
  at System.IO.FileStream..ctor (System.String path, System.IO.FileMode mode, System.IO.FileAccess access, System.IO.FileShare share, System.Int32 bufferSize, System.Boolean anonymous, System.IO.FileOptions options) [0x0019e] in <b4dec521950c405ea4b0b85c62087906>:0 
  at System.IO.FileStream..ctor (System.String path, System.IO.FileMode mode, System.IO.FileAccess access, System.IO.FileShare share, System.Int32 bufferSize, System.IO.FileOptions options) [0x00000] in <b4dec521950c405ea4b0b85c62087906>:0 
  at (wrapper remoting-invoke-with-check) System.IO.FileStream..ctor(string,System.IO.FileMode,System.IO.FileAccess,System.IO.FileShare,int,System.IO.FileOptions)
  at System.IO.StreamWriter..ctor (System.String path, System.Boolean append, System.Text.Encoding encoding, System.Int32 bufferSize) [0x00055] in <b4dec521950c405ea4b0b85c62087906>:0 
  at System.IO.StreamWriter..ctor (System.String path) [0x00008] in <b4dec521950c405ea4b0b85c62087906>:0 
  at (wrapper remoting-invoke-with-check) System.IO.StreamWriter..ctor(string)
  at System.IO.File.WriteAllText (System.String path, System.String contents) [0x00026] in <b4dec521950c405ea4b0b85c62087906>:0 
  at YG.EditorScr.DefineSymbols.ModulesDefineSymbols () [0x001e9] in C:\UnityProject\Run\Assets\PluginYourGames\Scripts\EditorScr\DefineSymbols.cs:215 
  at YG.EditorScr.DefineSymbols.UpdateDefineSymbols () [0x0000f] in C:\UnityProject\Run\Assets\PluginYourGames\Scripts\EditorScr\DefineSymbols.cs:57 
  at YG.EditorScr.DefineSymbols..cctor () [0x00023] in C:\UnityProject\Run\Assets\PluginYourGames\Scripts\EditorScr\DefineSymbols.cs:31 
UnityEngine.StackTraceUtility:ExtractStackTrace ()
UnityEngine.DebugLogHandler:LogFormat (UnityEngine.LogType,UnityEngine.Object,string,object[])
UnityEngine.Logger:Log (UnityEngine.LogType,object)
UnityEngine.Debug:LogError (object)
UnityEditor.EditorAssemblies:ProcessInitializeOnLoadAttributes (System.Type[])

Mono: successfully reloaded assembly
- Completed reload, in  1.752 seconds
Domain Reload Profiling:
	ReloadAssembly (1753ms)
		BeginReloadAssembly (188ms)
			ExecutionOrderSort (0ms)
			DisableScriptedObjects (5ms)
			BackupInstance (0ms)
			ReleaseScriptingObjects (0ms)
			CreateAndSetChildDomain (46ms)
		EndReloadAssembly (1441ms)
			LoadAssemblies (131ms)
			RebuildTransferFunctionScriptingTraits (0ms)
			SetupTypeCache (392ms)
			ReleaseScriptCaches (3ms)
			RebuildScriptCaches (65ms)
			SetupLoadedEditorAssemblies (804ms)
				LogAssemblyErrors (0ms)
				InitializePlatformSupportModulesInManaged (53ms)
				SetLoadedEditorAssemblies (1ms)
				RefreshPlugins (1ms)
				BeforeProcessingInitializeOnLoad (101ms)
				ProcessInitializeOnLoadAttributes (580ms)
				ProcessInitializeOnLoadMethodAttributes (64ms)
				AfterProcessingInitializeOnLoad (5ms)
				EditorAssembliesLoaded (0ms)
			ExecutionOrderSort2 (0ms)
			AwakeInstancesAfterBackupRestoration (6ms)
Platform modules already initialized, skipping
Refreshing native plugins compatible for Editor in 1.18 ms, found 3 plugins.
Preloading 0 native plugins for Editor in 0.00 ms.
Unloading 4427 Unused Serialized files (Serialized files now loaded: 0)
Unloading 58 unused Assets / (1.1 MB). Loaded Objects now: 5146.
Memory consumption went from 161.9 MB to 160.7 MB.
Total: 5.228900 ms (FindLiveObjects: 0.427100 ms CreateObjectMapping: 0.203100 ms MarkObjects: 4.000400 ms  DeleteObjects: 0.596000 ms)

AssetImportParameters requested are different than current active one (requested -> active):
  custom:video-decoder-ogg-theora: a1e56fd34408186e4bbccfd4996cb3dc -> 
  custom:container-muxer-webm: aa71ff27fc2769a1b78a27578f13a17b -> 
  custom:container-demuxer-webm: 4f35f7cbe854078d1ac9338744f61a02 -> 
  custom:video-encoder-webm-vp8: eb34c28f22e8b96e1ab97ce403110664 -> 
  custom:video-codec-MediaFoundation-h265: 746d11721c4dcdbdad8f713fa42b33f4 -> 
  custom:CustomObjectIndexerAttribute: bc11b3a6c3213fcdd17b65e7da85e133 -> 
  custom:audio-encoder-webm-vorbis: bf7c407c2cedff20999df2af8eb42d56 -> 
  custom:framework-win-MediaFoundation: 216162199b28c13a410421893ffa2e32 -> 
  custom:SearchIndexIgnoredProperties: e643bd26f0fe6173181afceb89e7c659 -> 
  custom:container-demuxer-ogg: 62fdf1f143b41e24485cea50d1cbac27 -> 
  custom:video-decoder-webm-vp8: 9c59270c3fd7afecdb556c50c9e8de78 -> 
  custom:audio-decoder-ogg-vorbis: bf7c407c2cedff20999df2af8eb42d56 -> 
========================================================================
Received Import Request.
  Time since last request: 54.687379 seconds.
  path: Assets/Store Assets/Free Stylized Hand-Painted Skybox/Materials/Cloudy02.mat
  artifactKey: Guid(d4393bf45f92e74499f230d78e8cab9f) Importer(815301076,1909f56bfc062723c751e8b465ee728b)
Number of updated assets reloaded before import = 0
Start importing Assets/Store Assets/Free Stylized Hand-Painted Skybox/Materials/Cloudy02.mat using Guid(d4393bf45f92e74499f230d78e8cab9f) Importer(815301076,1909f56bfc062723c751e8b465ee728b)  -> (artifact id: '2625901f1f76524de3d2b4c7fe82236f') in 0.135540 seconds 
Number of asset objects unloaded after import = 2
========================================================================
Received Import Request.
  Time since last request: 0.000024 seconds.
  path: Assets/Store Assets/Free Stylized Hand-Painted Skybox/Materials/Midnight_Stars.mat
  artifactKey: Guid(b7c00be18a6e7a2428b01c61aea8c5b6) Importer(815301076,1909f56bfc062723c751e8b465ee728b)
Number of updated assets reloaded before import = 0
Start importing Assets/Store Assets/Free Stylized Hand-Painted Skybox/Materials/Midnight_Stars.mat using Guid(b7c00be18a6e7a2428b01c61aea8c5b6) Importer(815301076,1909f56bfc062723c751e8b465ee728b)  -> (artifact id: '1bd601f98d944e03b78312871a58d901') in 0.093952 seconds 
Number of asset objects unloaded after import = 2
========================================================================
Received Import Request.
  Time since last request: 0.000030 seconds.
  path: Assets/Store Assets/Free Stylized Hand-Painted Skybox/Materials/Sunset_Cloudy.mat
  artifactKey: Guid(bebabbca203115940bf67dfe65237b36) Importer(815301076,1909f56bfc062723c751e8b465ee728b)
Number of updated assets reloaded before import = 0
Start importing Assets/Store Assets/Free Stylized Hand-Painted Skybox/Materials/Sunset_Cloudy.mat using Guid(bebabbca203115940bf67dfe65237b36) Importer(815301076,1909f56bfc062723c751e8b465ee728b)  -> (artifact id: 'c49e9643466cbfcd86c4d0075e83ded7') in 0.090069 seconds 
Number of asset objects unloaded after import = 2
========================================================================
Received Import Request.
  Time since last request: 0.000020 seconds.
  path: Assets/Store Assets/Free Stylized Hand-Painted Skybox/Materials/Dawn.mat
  artifactKey: Guid(b73dc2c0c9eceae4486bdb5b744fceb9) Importer(815301076,1909f56bfc062723c751e8b465ee728b)
Number of updated assets reloaded before import = 0
Start importing Assets/Store Assets/Free Stylized Hand-Painted Skybox/Materials/Dawn.mat using Guid(b73dc2c0c9eceae4486bdb5b744fceb9) Importer(815301076,1909f56bfc062723c751e8b465ee728b)  -> (artifact id: '0d2cbf9cd1408d13fcdfed08be47b630') in 0.079578 seconds 
Number of asset objects unloaded after import = 2
========================================================================
Received Import Request.
  Time since last request: 0.000029 seconds.
  path: Assets/Store Assets/Free Stylized Hand-Painted Skybox/Materials/Day_Clear.mat
  artifactKey: Guid(1e5e82b01cae80b44b78975b9c2d7741) Importer(815301076,1909f56bfc062723c751e8b465ee728b)
Number of updated assets reloaded before import = 0
Start importing Assets/Store Assets/Free Stylized Hand-Painted Skybox/Materials/Day_Clear.mat using Guid(1e5e82b01cae80b44b78975b9c2d7741) Importer(815301076,1909f56bfc062723c751e8b465ee728b)  -> (artifact id: '379139fd3c1a1f11120c0945fe23e18d') in 0.083543 seconds 
Number of asset objects unloaded after import = 2
========================================================================
Received Import Request.
  Time since last request: 0.000031 seconds.
  path: Assets/Store Assets/Free Stylized Hand-Painted Skybox/Materials/Midnight.mat
  artifactKey: Guid(5eae8f65eabf7ee4994b422cd10214bc) Importer(815301076,1909f56bfc062723c751e8b465ee728b)
Number of updated assets reloaded before import = 0
Start importing Assets/Store Assets/Free Stylized Hand-Painted Skybox/Materials/Midnight.mat using Guid(5eae8f65eabf7ee4994b422cd10214bc) Importer(815301076,1909f56bfc062723c751e8b465ee728b)  -> (artifact id: '30590e9613eb8eb83b7dfb57ca517bd7') in 0.068163 seconds 
Number of asset objects unloaded after import = 2
========================================================================
Received Import Request.
  Time since last request: 34.219284 seconds.
  path: Assets/UnityTechnologies/ParticlePack/Main Camera Profile.asset
  artifactKey: Guid(a2c5621595413ca4a81d437f1d534aff) Importer(815301076,1909f56bfc062723c751e8b465ee728b)
Number of updated assets reloaded before import = 0
Start importing Assets/UnityTechnologies/ParticlePack/Main Camera Profile.asset using Guid(a2c5621595413ca4a81d437f1d534aff) Importer(815301076,1909f56bfc062723c751e8b465ee728b)  -> (artifact id: 'a10445c89244076458e0e31b79dabafe') in 0.018357 seconds 
Number of asset objects unloaded after import = 1
========================================================================
Received Import Request.
  Time since last request: 0.000025 seconds.
  path: Assets/UnityTechnologies/ParticlePack/URP.asset
  artifactKey: Guid(acf70799bbbe842438b93b6c87c0c24c) Importer(815301076,1909f56bfc062723c751e8b465ee728b)
Number of updated assets reloaded before import = 0
Start importing Assets/UnityTechnologies/ParticlePack/URP.asset using Guid(acf70799bbbe842438b93b6c87c0c24c) Importer(815301076,1909f56bfc062723c751e8b465ee728b)  -> (artifact id: 'b2427d40dfff298eb5d53648ebe356ba') in 0.022206 seconds 
Number of asset objects unloaded after import = 1
========================================================================
Received Import Request.
  Time since last request: 4.680597 seconds.
  path: Assets/UnityTechnologies/ParticlePack/EffectExamples/Fire & Explosion Effects/Prefabs/EnergyExplosion.prefab
  artifactKey: Guid(9bba9cf244c53c5439505dfc96fdd11c) Importer(815301076,1909f56bfc062723c751e8b465ee728b)
Number of updated assets reloaded before import = 0
Start importing Assets/UnityTechnologies/ParticlePack/EffectExamples/Fire & Explosion Effects/Prefabs/EnergyExplosion.prefab using Guid(9bba9cf244c53c5439505dfc96fdd11c) Importer(815301076,1909f56bfc062723c751e8b465ee728b)  -> (artifact id: '286c0667d5f3bbed30f32c274058e6d3') in 0.062066 seconds 
Number of asset objects unloaded after import = 28
========================================================================
Received Import Request.
  Time since last request: 0.000022 seconds.
  path: Assets/UnityTechnologies/ParticlePack/EffectExamples/Fire & Explosion Effects/Prefabs/WildFire.prefab
  artifactKey: Guid(f293a2dcc753a4a489fefe7f8f312d69) Importer(815301076,1909f56bfc062723c751e8b465ee728b)
Number of updated assets reloaded before import = 0
Start importing Assets/UnityTechnologies/ParticlePack/EffectExamples/Fire & Explosion Effects/Prefabs/WildFire.prefab using Guid(f293a2dcc753a4a489fefe7f8f312d69) Importer(815301076,1909f56bfc062723c751e8b465ee728b)  -> (artifact id: '9fbad62f891e8dfcb3260f11f3d4e04b') in 0.040182 seconds 
Number of asset objects unloaded after import = 21
========================================================================
Received Import Request.
  Time since last request: 0.000038 seconds.
  path: Assets/UnityTechnologies/ParticlePack/EffectExamples/Fire & Explosion Effects/Prefabs/ParticlesLight.prefab
  artifactKey: Guid(fa35d75604d172d48b7a6b62a07c7dbf) Importer(815301076,1909f56bfc062723c751e8b465ee728b)
Number of updated assets reloaded before import = 0
Start importing Assets/UnityTechnologies/ParticlePack/EffectExamples/Fire & Explosion Effects/Prefabs/ParticlesLight.prefab using Guid(fa35d75604d172d48b7a6b62a07c7dbf) Importer(815301076,1909f56bfc062723c751e8b465ee728b)  -> (artifact id: 'f770359377c845a0bf48b220bb07cfba') in 0.018695 seconds 
Number of asset objects unloaded after import = 6
========================================================================
Received Import Request.
  Time since last request: 0.000021 seconds.
  path: Assets/UnityTechnologies/ParticlePack/EffectExamples/Fire & Explosion Effects/Prefabs/SmallExplosion.prefab
  artifactKey: Guid(64891a0eb28db934898420d80ca07cb3) Importer(815301076,1909f56bfc062723c751e8b465ee728b)
Number of updated assets reloaded before import = 0
Start importing Assets/UnityTechnologies/ParticlePack/EffectExamples/Fire & Explosion Effects/Prefabs/SmallExplosion.prefab using Guid(64891a0eb28db934898420d80ca07cb3) Importer(815301076,1909f56bfc062723c751e8b465ee728b)  -> (artifact id: '4b76476be417b17872a7028e3a280bd8') in 0.046274 seconds 
Number of asset objects unloaded after import = 29
========================================================================
Received Import Request.
  Time since last request: 31.362737 seconds.
  path: Assets/UnityTechnologies/ParticlePack/EffectExamples/Fire & Explosion Effects/Materials/ExplosionDistortion.mat
  artifactKey: Guid(fafa06e8ef8c7fb4eac7a74c65cf3a06) Importer(815301076,1909f56bfc062723c751e8b465ee728b)
Number of updated assets reloaded before import = 0
Start importing Assets/UnityTechnologies/ParticlePack/EffectExamples/Fire & Explosion Effects/Materials/ExplosionDistortion.mat using Guid(fafa06e8ef8c7fb4eac7a74c65cf3a06) Importer(815301076,1909f56bfc062723c751e8b465ee728b)  -> (artifact id: '8b11e6f2aa4ad4ff4f0d8e0dda18e5a7') in 0.030118 seconds 
Number of asset objects unloaded after import = 3
Editor requested this worker to shutdown with reason: Scaling down because of idle timeout
AssetImportWorker is now disconnected from the server
Process exiting
Exiting without the bug reporter. Application will terminate with return code 0