Using pre-set license
Built from '2021.3/staging' branch; Version is '2021.3.36f1 (7a0645017be0) revision 7996997'; Using compiler version '192829333'; Build Type 'Release'
OS: 'Windows 11  (10.0.26100) 64bit Professional' Language: 'ru' Physical Memory: 16104 MB
BatchMode: 1, IsHumanControllingUs: 0, StartBugReporterOnCrash: 0, Is64bit: 1, IsPro: 1

COMMAND LINE ARGUMENTS:
C:\Program Files\Unity\Hub\Editor\2021.3.36f1\Editor\Unity.exe
-adb2
-batchMode
-noUpm
-name
AssetImportWorker4
-projectPath
C:/UnityProject/Run
-logFile
Logs/AssetImportWorker4.log
-srvPort
65298
Successfully changed project path to: C:/UnityProject/Run
C:/UnityProject/Run
[UnityMemory] Configuration Parameters - Can be set up in boot.config
    "memorysetup-bucket-allocator-granularity=16"
    "memorysetup-bucket-allocator-bucket-count=8"
    "memorysetup-bucket-allocator-block-size=33554432"
    "memorysetup-bucket-allocator-block-count=8"
    "memorysetup-main-allocator-block-size=16777216"
    "memorysetup-thread-allocator-block-size=16777216"
    "memorysetup-gfx-main-allocator-block-size=16777216"
    "memorysetup-gfx-thread-allocator-block-size=16777216"
    "memorysetup-cache-allocator-block-size=4194304"
    "memorysetup-typetree-allocator-block-size=2097152"
    "memorysetup-profiler-bucket-allocator-granularity=16"
    "memorysetup-profiler-bucket-allocator-bucket-count=8"
    "memorysetup-profiler-bucket-allocator-block-size=33554432"
    "memorysetup-profiler-bucket-allocator-block-count=8"
    "memorysetup-profiler-allocator-block-size=16777216"
    "memorysetup-profiler-editor-allocator-block-size=1048576"
    "memorysetup-temp-allocator-size-main=16777216"
    "memorysetup-job-temp-allocator-block-size=2097152"
    "memorysetup-job-temp-allocator-block-size-background=1048576"
    "memorysetup-job-temp-allocator-reduction-small-platforms=262144"
    "memorysetup-temp-allocator-size-background-worker=32768"
    "memorysetup-temp-allocator-size-job-worker=262144"
    "memorysetup-temp-allocator-size-preload-manager=33554432"
    "memorysetup-temp-allocator-size-nav-mesh-worker=65536"
    "memorysetup-temp-allocator-size-audio-worker=65536"
    "memorysetup-temp-allocator-size-cloud-worker=32768"
    "memorysetup-temp-allocator-size-gi-baking-worker=262144"
    "memorysetup-temp-allocator-size-gfx=262144"
Player connection [25408] Host "[IP] 172.16.0.2 [Port] 0 [Flags] 2 [Guid] 2522128516 [EditorId] 2522128516 [Version] 1048832 [Id] WindowsEditor(7,Ilyas) [Debug] 1 [PackageName] WindowsEditor [ProjectName] Editor" joined multi-casting on [225.0.0.222:54997]...

Player connection [25408] Host "[IP] 172.16.0.2 [Port] 0 [Flags] 2 [Guid] 2522128516 [EditorId] 2522128516 [Version] 1048832 [Id] WindowsEditor(7,Ilyas) [Debug] 1 [PackageName] WindowsEditor [ProjectName] Editor" joined alternative multi-casting on [225.0.0.222:34997]...

[Physics::Module] Initialized MultithreadedJobDispatcher with {0} workers.
Refreshing native plugins compatible for Editor in 72.79 ms, found 3 plugins.
Preloading 0 native plugins for Editor in 0.00 ms.
Initialize engine version: 2021.3.36f1 (7a0645017be0)
[Subsystems] Discovering subsystems at path C:/Program Files/Unity/Hub/Editor/2021.3.36f1/Editor/Data/Resources/UnitySubsystems
[Subsystems] Discovering subsystems at path C:/UnityProject/Run/Assets
GfxDevice: creating device client; threaded=0; jobified=0
Direct3D:
    Version:  Direct3D 11.0 [level 11.1]
    Renderer: NVIDIA GeForce RTX 4050 Laptop GPU (ID=0x28a1)
    Vendor:   NVIDIA
    VRAM:     5921 MB
    Driver:   31.0.15.5222
Initialize mono
Mono path[0] = 'C:/Program Files/Unity/Hub/Editor/2021.3.36f1/Editor/Data/Managed'
Mono path[1] = 'C:/Program Files/Unity/Hub/Editor/2021.3.36f1/Editor/Data/MonoBleedingEdge/lib/mono/unityjit-win32'
Mono config path = 'C:/Program Files/Unity/Hub/Editor/2021.3.36f1/Editor/Data/MonoBleedingEdge/etc'
Using monoOptions --debugger-agent=transport=dt_socket,embedding=1,server=y,suspend=n,address=127.0.0.1:56584
Begin MonoManager ReloadAssembly
Registering precompiled unity dll's ...
Register platform support module: C:/Program Files/Unity/Hub/Editor/2021.3.36f1/Editor/Data/PlaybackEngines/WebGLSupport/UnityEditor.WebGL.Extensions.dll
Register platform support module: C:/Program Files/Unity/Hub/Editor/2021.3.36f1/Editor/Data/PlaybackEngines/AndroidPlayer/UnityEditor.Android.Extensions.dll
Register platform support module: C:/Program Files/Unity/Hub/Editor/2021.3.36f1/Editor/Data/PlaybackEngines/iOSSupport/UnityEditor.iOS.Extensions.dll
Register platform support module: C:/Program Files/Unity/Hub/Editor/2021.3.36f1/Editor/Data/PlaybackEngines/WindowsStandaloneSupport/UnityEditor.WindowsStandalone.Extensions.dll
Registered in 0.005041 seconds.
Native extension for WindowsStandalone target not found
Failed to load: C:/Program Files/Unity/Hub/Editor/2021.3.36f1/Editor/Data/PlaybackEngines/iOSSupport\x64\UnityEditor.iOS.Native.dll
Native extension for iOS target not found
Native extension for Android target not found
Android Extension - Scanning For ADB Devices 280 ms
Native extension for WebGL target not found
Refreshing native plugins compatible for Editor in 74.39 ms, found 3 plugins.
Preloading 0 native plugins for Editor in 0.00 ms.
Mono: successfully reloaded assembly
- Completed reload, in  0.857 seconds
Domain Reload Profiling:
	ReloadAssembly (857ms)
		BeginReloadAssembly (70ms)
			ExecutionOrderSort (0ms)
			DisableScriptedObjects (0ms)
			BackupInstance (0ms)
			ReleaseScriptingObjects (0ms)
			CreateAndSetChildDomain (1ms)
		EndReloadAssembly (715ms)
			LoadAssemblies (69ms)
			RebuildTransferFunctionScriptingTraits (0ms)
			SetupTypeCache (83ms)
			ReleaseScriptCaches (0ms)
			RebuildScriptCaches (20ms)
			SetupLoadedEditorAssemblies (580ms)
				LogAssemblyErrors (0ms)
				InitializePlatformSupportModulesInManaged (397ms)
				SetLoadedEditorAssemblies (0ms)
				RefreshPlugins (74ms)
				BeforeProcessingInitializeOnLoad (1ms)
				ProcessInitializeOnLoadAttributes (73ms)
				ProcessInitializeOnLoadMethodAttributes (34ms)
				AfterProcessingInitializeOnLoad (0ms)
				EditorAssembliesLoaded (0ms)
			ExecutionOrderSort2 (0ms)
			AwakeInstancesAfterBackupRestoration (0ms)
Platform modules already initialized, skipping
Registering precompiled user dll's ...
Registered in 0.005686 seconds.
Begin MonoManager ReloadAssembly
Native extension for WindowsStandalone target not found
Failed to load: C:/Program Files/Unity/Hub/Editor/2021.3.36f1/Editor/Data/PlaybackEngines/iOSSupport\x64\UnityEditor.iOS.Native.dll
Native extension for iOS target not found
Native extension for Android target not found
Native extension for WebGL target not found
Refreshing native plugins compatible for Editor in 163.55 ms, found 3 plugins.
Preloading 0 native plugins for Editor in 0.00 ms.
Package Manager log level set to [2]
[Package Manager] Server::EnsureServerProcessIsRunning -- launch failed, reason: Unity was launched with the -noUpm command-line argument
[Package Manager] Cannot connect to Unity Package Manager local server
System.IO.IOException: Sharing violation on path C:\UnityProject\Run\Assets\PluginYourGames\Editor\ModulesListYG2.txt
  at System.IO.FileStream..ctor (System.String path, System.IO.FileMode mode, System.IO.FileAccess access, System.IO.FileShare share, System.Int32 bufferSize, System.Boolean anonymous, System.IO.FileOptions options) [0x0019e] in <b4dec521950c405ea4b0b85c62087906>:0 
  at System.IO.FileStream..ctor (System.String path, System.IO.FileMode mode, System.IO.FileAccess access, System.IO.FileShare share, System.Int32 bufferSize, System.IO.FileOptions options) [0x00000] in <b4dec521950c405ea4b0b85c62087906>:0 
  at (wrapper remoting-invoke-with-check) System.IO.FileStream..ctor(string,System.IO.FileMode,System.IO.FileAccess,System.IO.FileShare,int,System.IO.FileOptions)
  at System.IO.StreamWriter..ctor (System.String path, System.Boolean append, System.Text.Encoding encoding, System.Int32 bufferSize) [0x00055] in <b4dec521950c405ea4b0b85c62087906>:0 
  at System.IO.StreamWriter..ctor (System.String path) [0x00008] in <b4dec521950c405ea4b0b85c62087906>:0 
  at (wrapper remoting-invoke-with-check) System.IO.StreamWriter..ctor(string)
  at System.IO.File.WriteAllText (System.String path, System.String contents) [0x00026] in <b4dec521950c405ea4b0b85c62087906>:0 
  at YG.EditorScr.DefineSymbols.ModulesDefineSymbols () [0x001e9] in C:\UnityProject\Run\Assets\PluginYourGames\Scripts\EditorScr\DefineSymbols.cs:215 
  at YG.EditorScr.DefineSymbols.UpdateDefineSymbols () [0x0000f] in C:\UnityProject\Run\Assets\PluginYourGames\Scripts\EditorScr\DefineSymbols.cs:57 
  at YG.EditorScr.DefineSymbols..cctor () [0x00023] in C:\UnityProject\Run\Assets\PluginYourGames\Scripts\EditorScr\DefineSymbols.cs:31 
UnityEngine.StackTraceUtility:ExtractStackTrace ()
UnityEngine.DebugLogHandler:LogFormat (UnityEngine.LogType,UnityEngine.Object,string,object[])
UnityEngine.Logger:Log (UnityEngine.LogType,object)
UnityEngine.Debug:LogError (object)
UnityEditor.EditorAssemblies:ProcessInitializeOnLoadAttributes (System.Type[])

Mono: successfully reloaded assembly
- Completed reload, in  1.971 seconds
Domain Reload Profiling:
	ReloadAssembly (1971ms)
		BeginReloadAssembly (110ms)
			ExecutionOrderSort (0ms)
			DisableScriptedObjects (5ms)
			BackupInstance (0ms)
			ReleaseScriptingObjects (0ms)
			CreateAndSetChildDomain (17ms)
		EndReloadAssembly (1738ms)
			LoadAssemblies (101ms)
			RebuildTransferFunctionScriptingTraits (0ms)
			SetupTypeCache (423ms)
			ReleaseScriptCaches (1ms)
			RebuildScriptCaches (75ms)
			SetupLoadedEditorAssemblies (1070ms)
				LogAssemblyErrors (0ms)
				InitializePlatformSupportModulesInManaged (47ms)
				SetLoadedEditorAssemblies (0ms)
				RefreshPlugins (164ms)
				BeforeProcessingInitializeOnLoad (140ms)
				ProcessInitializeOnLoadAttributes (646ms)
				ProcessInitializeOnLoadMethodAttributes (66ms)
				AfterProcessingInitializeOnLoad (6ms)
				EditorAssembliesLoaded (0ms)
			ExecutionOrderSort2 (0ms)
			AwakeInstancesAfterBackupRestoration (6ms)
Platform modules already initialized, skipping
========================================================================
Worker process is ready to serve import requests
Launched and connected shader compiler UnityShaderCompiler.exe after 0.05 seconds
Refreshing native plugins compatible for Editor in 1.00 ms, found 3 plugins.
Preloading 0 native plugins for Editor in 0.00 ms.
Unloading 4471 Unused Serialized files (Serialized files now loaded: 0)
Unloading 58 unused Assets / (193.9 KB). Loaded Objects now: 4906.
Memory consumption went from 164.7 MB to 164.5 MB.
Total: 4.644400 ms (FindLiveObjects: 0.337400 ms CreateObjectMapping: 0.188500 ms MarkObjects: 3.960500 ms  DeleteObjects: 0.156200 ms)

AssetImportParameters requested are different than current active one (requested -> active):
  custom:video-decoder-ogg-theora: a1e56fd34408186e4bbccfd4996cb3dc -> 
  custom:container-muxer-webm: aa71ff27fc2769a1b78a27578f13a17b -> 
  custom:container-demuxer-webm: 4f35f7cbe854078d1ac9338744f61a02 -> 
  custom:video-encoder-webm-vp8: eb34c28f22e8b96e1ab97ce403110664 -> 
  custom:video-codec-MediaFoundation-h265: 746d11721c4dcdbdad8f713fa42b33f4 -> 
  custom:CustomObjectIndexerAttribute: bc11b3a6c3213fcdd17b65e7da85e133 -> 
  custom:audio-encoder-webm-vorbis: bf7c407c2cedff20999df2af8eb42d56 -> 
  custom:framework-win-MediaFoundation: 216162199b28c13a410421893ffa2e32 -> 
  custom:SearchIndexIgnoredProperties: e643bd26f0fe6173181afceb89e7c659 -> 
  custom:container-demuxer-ogg: 62fdf1f143b41e24485cea50d1cbac27 -> 
  custom:video-decoder-webm-vp8: 9c59270c3fd7afecdb556c50c9e8de78 -> 
  custom:audio-decoder-ogg-vorbis: bf7c407c2cedff20999df2af8eb42d56 -> 
========================================================================
Received Import Request.
  Time since last request: 226517.972483 seconds.
  path: Assets/TextMesh Pro/Resources/Fonts & Materials/LiberationSans SDF - Fallback.asset
  artifactKey: Guid(2e498d1c8094910479dc3e1b768306a4) Importer(815301076,1909f56bfc062723c751e8b465ee728b)
Number of updated assets reloaded before import = 0
Start importing Assets/TextMesh Pro/Resources/Fonts & Materials/LiberationSans SDF - Fallback.asset using Guid(2e498d1c8094910479dc3e1b768306a4) Importer(815301076,1909f56bfc062723c751e8b465ee728b)  -> (artifact id: 'e5c7a245b9b40e6c8c3a26f50ceb0971') in 0.311875 seconds 
Number of asset objects unloaded after import = 6
========================================================================
Received Prepare
Registering precompiled user dll's ...
Registered in 0.003249 seconds.
Begin MonoManager ReloadAssembly
Native extension for WindowsStandalone target not found
Failed to load: C:/Program Files/Unity/Hub/Editor/2021.3.36f1/Editor/Data/PlaybackEngines/iOSSupport\x64\UnityEditor.iOS.Native.dll
Native extension for iOS target not found
Native extension for Android target not found
Native extension for WebGL target not found
Refreshing native plugins compatible for Editor in 1.02 ms, found 3 plugins.
Preloading 0 native plugins for Editor in 0.00 ms.
[Package Manager] Server::EnsureServerProcessIsRunning -- launch failed, reason: Unity was launched with the -noUpm command-line argument
[Package Manager] Cannot connect to Unity Package Manager local server
[Package Manager] Server::EnsureServerProcessIsRunning -- launch failed, reason: Unity was launched with the -noUpm command-line argument
[Package Manager] Cannot connect to Unity Package Manager local server
[Package Manager] Server::EnsureServerProcessIsRunning -- launch failed, reason: Unity was launched with the -noUpm command-line argument
[Package Manager] Cannot connect to Unity Package Manager local server
[ScriptCompilation] NOT recompiling all scripts because this is an import worker process. Reason to compile was: Define symbols changed
Mono: successfully reloaded assembly
- Completed reload, in  2.174 seconds
Domain Reload Profiling:
	ReloadAssembly (2176ms)
		BeginReloadAssembly (177ms)
			ExecutionOrderSort (0ms)
			DisableScriptedObjects (4ms)
			BackupInstance (0ms)
			ReleaseScriptingObjects (0ms)
			CreateAndSetChildDomain (44ms)
		EndReloadAssembly (1864ms)
			LoadAssemblies (131ms)
			RebuildTransferFunctionScriptingTraits (0ms)
			SetupTypeCache (366ms)
			ReleaseScriptCaches (2ms)
			RebuildScriptCaches (65ms)
			SetupLoadedEditorAssemblies (1184ms)
				LogAssemblyErrors (0ms)
				InitializePlatformSupportModulesInManaged (46ms)
				SetLoadedEditorAssemblies (1ms)
				RefreshPlugins (1ms)
				BeforeProcessingInitializeOnLoad (97ms)
				ProcessInitializeOnLoadAttributes (777ms)
				ProcessInitializeOnLoadMethodAttributes (237ms)
				AfterProcessingInitializeOnLoad (24ms)
				EditorAssembliesLoaded (1ms)
			ExecutionOrderSort2 (0ms)
			AwakeInstancesAfterBackupRestoration (18ms)
Platform modules already initialized, skipping
Refreshing native plugins compatible for Editor in 1.70 ms, found 3 plugins.
Preloading 0 native plugins for Editor in 0.00 ms.
Unloading 4413 Unused Serialized files (Serialized files now loaded: 0)
Unloading 53 unused Assets / (167.2 KB). Loaded Objects now: 4952.
Memory consumption went from 159.2 MB to 159.0 MB.
Total: 6.222600 ms (FindLiveObjects: 0.464300 ms CreateObjectMapping: 0.218800 ms MarkObjects: 5.430300 ms  DeleteObjects: 0.107000 ms)

AssetImportParameters requested are different than current active one (requested -> active):
  custom:video-decoder-ogg-theora: a1e56fd34408186e4bbccfd4996cb3dc -> 
  custom:container-muxer-webm: aa71ff27fc2769a1b78a27578f13a17b -> 
  custom:container-demuxer-webm: 4f35f7cbe854078d1ac9338744f61a02 -> 
  custom:video-encoder-webm-vp8: eb34c28f22e8b96e1ab97ce403110664 -> 
  custom:video-codec-MediaFoundation-h265: 746d11721c4dcdbdad8f713fa42b33f4 -> 
  custom:CustomObjectIndexerAttribute: bc11b3a6c3213fcdd17b65e7da85e133 -> 
  custom:audio-encoder-webm-vorbis: bf7c407c2cedff20999df2af8eb42d56 -> 
  custom:framework-win-MediaFoundation: 216162199b28c13a410421893ffa2e32 -> 
  custom:SearchIndexIgnoredProperties: e643bd26f0fe6173181afceb89e7c659 -> 
  custom:container-demuxer-ogg: 62fdf1f143b41e24485cea50d1cbac27 -> 
  custom:video-decoder-webm-vp8: 9c59270c3fd7afecdb556c50c9e8de78 -> 
  custom:audio-decoder-ogg-vorbis: bf7c407c2cedff20999df2af8eb42d56 -> 
========================================================================
Received Prepare
Registering precompiled user dll's ...
Registered in 0.004191 seconds.
Begin MonoManager ReloadAssembly
Native extension for WindowsStandalone target not found
Failed to load: C:/Program Files/Unity/Hub/Editor/2021.3.36f1/Editor/Data/PlaybackEngines/iOSSupport\x64\UnityEditor.iOS.Native.dll
Native extension for iOS target not found
Native extension for Android target not found
Native extension for WebGL target not found
Refreshing native plugins compatible for Editor in 0.72 ms, found 3 plugins.
Preloading 0 native plugins for Editor in 0.00 ms.
[Package Manager] Server::EnsureServerProcessIsRunning -- launch failed, reason: Unity was launched with the -noUpm command-line argument
[Package Manager] Cannot connect to Unity Package Manager local server
[Package Manager] Server::EnsureServerProcessIsRunning -- launch failed, reason: Unity was launched with the -noUpm command-line argument
[Package Manager] Cannot connect to Unity Package Manager local server
System.IO.IOException: Sharing violation on path C:\UnityProject\Run\Assets\PluginYourGames\Editor\ModulesListYG2.txt
  at System.IO.FileStream..ctor (System.String path, System.IO.FileMode mode, System.IO.FileAccess access, System.IO.FileShare share, System.Int32 bufferSize, System.Boolean anonymous, System.IO.FileOptions options) [0x0019e] in <b4dec521950c405ea4b0b85c62087906>:0 
  at System.IO.FileStream..ctor (System.String path, System.IO.FileMode mode, System.IO.FileAccess access, System.IO.FileShare share, System.Int32 bufferSize, System.IO.FileOptions options) [0x00000] in <b4dec521950c405ea4b0b85c62087906>:0 
  at (wrapper remoting-invoke-with-check) System.IO.FileStream..ctor(string,System.IO.FileMode,System.IO.FileAccess,System.IO.FileShare,int,System.IO.FileOptions)
  at System.IO.StreamWriter..ctor (System.String path, System.Boolean append, System.Text.Encoding encoding, System.Int32 bufferSize) [0x00055] in <b4dec521950c405ea4b0b85c62087906>:0 
  at System.IO.StreamWriter..ctor (System.String path) [0x00008] in <b4dec521950c405ea4b0b85c62087906>:0 
  at (wrapper remoting-invoke-with-check) System.IO.StreamWriter..ctor(string)
  at System.IO.File.WriteAllText (System.String path, System.String contents) [0x00026] in <b4dec521950c405ea4b0b85c62087906>:0 
  at YG.EditorScr.DefineSymbols.ModulesDefineSymbols () [0x001e9] in C:\UnityProject\Run\Assets\PluginYourGames\Scripts\EditorScr\DefineSymbols.cs:215 
  at YG.EditorScr.DefineSymbols.UpdateDefineSymbols () [0x0000f] in C:\UnityProject\Run\Assets\PluginYourGames\Scripts\EditorScr\DefineSymbols.cs:57 
  at YG.EditorScr.DefineSymbols..cctor () [0x00023] in C:\UnityProject\Run\Assets\PluginYourGames\Scripts\EditorScr\DefineSymbols.cs:31 
UnityEngine.StackTraceUtility:ExtractStackTrace ()
UnityEngine.DebugLogHandler:LogFormat (UnityEngine.LogType,UnityEngine.Object,string,object[])
UnityEngine.Logger:Log (UnityEngine.LogType,object)
UnityEngine.Debug:LogError (object)
UnityEditor.EditorAssemblies:ProcessInitializeOnLoadAttributes (System.Type[])

Mono: successfully reloaded assembly
- Completed reload, in  1.597 seconds
Domain Reload Profiling:
	ReloadAssembly (1598ms)
		BeginReloadAssembly (131ms)
			ExecutionOrderSort (0ms)
			DisableScriptedObjects (4ms)
			BackupInstance (0ms)
			ReleaseScriptingObjects (0ms)
			CreateAndSetChildDomain (35ms)
		EndReloadAssembly (1392ms)
			LoadAssemblies (89ms)
			RebuildTransferFunctionScriptingTraits (0ms)
			SetupTypeCache (246ms)
			ReleaseScriptCaches (2ms)
			RebuildScriptCaches (37ms)
			SetupLoadedEditorAssemblies (950ms)
				LogAssemblyErrors (0ms)
				InitializePlatformSupportModulesInManaged (28ms)
				SetLoadedEditorAssemblies (0ms)
				RefreshPlugins (1ms)
				BeforeProcessingInitializeOnLoad (73ms)
				ProcessInitializeOnLoadAttributes (690ms)
				ProcessInitializeOnLoadMethodAttributes (145ms)
				AfterProcessingInitializeOnLoad (12ms)
				EditorAssembliesLoaded (0ms)
			ExecutionOrderSort2 (0ms)
			AwakeInstancesAfterBackupRestoration (14ms)
Platform modules already initialized, skipping
Refreshing native plugins compatible for Editor in 1.83 ms, found 3 plugins.
Preloading 0 native plugins for Editor in 0.00 ms.
Unloading 4413 Unused Serialized files (Serialized files now loaded: 0)
Unloading 53 unused Assets / (167.2 KB). Loaded Objects now: 4955.
Memory consumption went from 159.2 MB to 159.1 MB.
Total: 6.916400 ms (FindLiveObjects: 0.506000 ms CreateObjectMapping: 0.334800 ms MarkObjects: 5.944400 ms  DeleteObjects: 0.128400 ms)

AssetImportParameters requested are different than current active one (requested -> active):
  custom:video-decoder-ogg-theora: a1e56fd34408186e4bbccfd4996cb3dc -> 
  custom:container-muxer-webm: aa71ff27fc2769a1b78a27578f13a17b -> 
  custom:container-demuxer-webm: 4f35f7cbe854078d1ac9338744f61a02 -> 
  custom:video-encoder-webm-vp8: eb34c28f22e8b96e1ab97ce403110664 -> 
  custom:video-codec-MediaFoundation-h265: 746d11721c4dcdbdad8f713fa42b33f4 -> 
  custom:CustomObjectIndexerAttribute: bc11b3a6c3213fcdd17b65e7da85e133 -> 
  custom:audio-encoder-webm-vorbis: bf7c407c2cedff20999df2af8eb42d56 -> 
  custom:framework-win-MediaFoundation: 216162199b28c13a410421893ffa2e32 -> 
  custom:SearchIndexIgnoredProperties: e643bd26f0fe6173181afceb89e7c659 -> 
  custom:container-demuxer-ogg: 62fdf1f143b41e24485cea50d1cbac27 -> 
  custom:video-decoder-webm-vp8: 9c59270c3fd7afecdb556c50c9e8de78 -> 
  custom:audio-decoder-ogg-vorbis: bf7c407c2cedff20999df2af8eb42d56 -> 
========================================================================
Received Prepare
Registering precompiled user dll's ...
Registered in 0.004163 seconds.
Begin MonoManager ReloadAssembly
Native extension for WindowsStandalone target not found
Failed to load: C:/Program Files/Unity/Hub/Editor/2021.3.36f1/Editor/Data/PlaybackEngines/iOSSupport\x64\UnityEditor.iOS.Native.dll
Native extension for iOS target not found
Native extension for Android target not found
Native extension for WebGL target not found
Refreshing native plugins compatible for Editor in 1.46 ms, found 3 plugins.
Preloading 0 native plugins for Editor in 0.00 ms.
[Package Manager] Server::EnsureServerProcessIsRunning -- launch failed, reason: Unity was launched with the -noUpm command-line argument
[Package Manager] Cannot connect to Unity Package Manager local server
[Package Manager] Server::EnsureServerProcessIsRunning -- launch failed, reason: Unity was launched with the -noUpm command-line argument
[Package Manager] Cannot connect to Unity Package Manager local server
[ScriptCompilation] NOT recompiling all scripts because this is an import worker process. Reason to compile was: Define symbols changed
Mono: successfully reloaded assembly
- Completed reload, in  1.754 seconds
Domain Reload Profiling:
	ReloadAssembly (1756ms)
		BeginReloadAssembly (127ms)
			ExecutionOrderSort (0ms)
			DisableScriptedObjects (4ms)
			BackupInstance (0ms)
			ReleaseScriptingObjects (0ms)
			CreateAndSetChildDomain (33ms)
		EndReloadAssembly (1554ms)
			LoadAssemblies (88ms)
			RebuildTransferFunctionScriptingTraits (0ms)
			SetupTypeCache (233ms)
			ReleaseScriptCaches (2ms)
			RebuildScriptCaches (42ms)
			SetupLoadedEditorAssemblies (1121ms)
				LogAssemblyErrors (0ms)
				InitializePlatformSupportModulesInManaged (41ms)
				SetLoadedEditorAssemblies (1ms)
				RefreshPlugins (2ms)
				BeforeProcessingInitializeOnLoad (106ms)
				ProcessInitializeOnLoadAttributes (811ms)
				ProcessInitializeOnLoadMethodAttributes (148ms)
				AfterProcessingInitializeOnLoad (12ms)
				EditorAssembliesLoaded (0ms)
			ExecutionOrderSort2 (0ms)
			AwakeInstancesAfterBackupRestoration (13ms)
Platform modules already initialized, skipping
Refreshing native plugins compatible for Editor in 1.85 ms, found 3 plugins.
Preloading 0 native plugins for Editor in 0.00 ms.
Unloading 4413 Unused Serialized files (Serialized files now loaded: 0)
Unloading 53 unused Assets / (167.4 KB). Loaded Objects now: 4958.
Memory consumption went from 159.2 MB to 159.1 MB.
Total: 6.908000 ms (FindLiveObjects: 0.748900 ms CreateObjectMapping: 0.318200 ms MarkObjects: 5.705200 ms  DeleteObjects: 0.132800 ms)

AssetImportParameters requested are different than current active one (requested -> active):
  custom:video-decoder-ogg-theora: a1e56fd34408186e4bbccfd4996cb3dc -> 
  custom:container-muxer-webm: aa71ff27fc2769a1b78a27578f13a17b -> 
  custom:container-demuxer-webm: 4f35f7cbe854078d1ac9338744f61a02 -> 
  custom:video-encoder-webm-vp8: eb34c28f22e8b96e1ab97ce403110664 -> 
  custom:video-codec-MediaFoundation-h265: 746d11721c4dcdbdad8f713fa42b33f4 -> 
  custom:CustomObjectIndexerAttribute: bc11b3a6c3213fcdd17b65e7da85e133 -> 
  custom:audio-encoder-webm-vorbis: bf7c407c2cedff20999df2af8eb42d56 -> 
  custom:framework-win-MediaFoundation: 216162199b28c13a410421893ffa2e32 -> 
  custom:SearchIndexIgnoredProperties: e643bd26f0fe6173181afceb89e7c659 -> 
  custom:container-demuxer-ogg: 62fdf1f143b41e24485cea50d1cbac27 -> 
  custom:video-decoder-webm-vp8: 9c59270c3fd7afecdb556c50c9e8de78 -> 
  custom:audio-decoder-ogg-vorbis: bf7c407c2cedff20999df2af8eb42d56 -> 
========================================================================
Received Prepare
Registering precompiled user dll's ...
Registered in 0.003769 seconds.
Begin MonoManager ReloadAssembly
Native extension for WindowsStandalone target not found
Failed to load: C:/Program Files/Unity/Hub/Editor/2021.3.36f1/Editor/Data/PlaybackEngines/iOSSupport\x64\UnityEditor.iOS.Native.dll
Native extension for iOS target not found
Native extension for Android target not found
Native extension for WebGL target not found
Refreshing native plugins compatible for Editor in 0.78 ms, found 3 plugins.
Preloading 0 native plugins for Editor in 0.00 ms.
[Package Manager] Server::EnsureServerProcessIsRunning -- launch failed, reason: Unity was launched with the -noUpm command-line argument
[Package Manager] Cannot connect to Unity Package Manager local server
[Package Manager] Server::EnsureServerProcessIsRunning -- launch failed, reason: Unity was launched with the -noUpm command-line argument
[Package Manager] Cannot connect to Unity Package Manager local server
[ScriptCompilation] NOT recompiling all scripts because this is an import worker process. Reason to compile was: Define symbols changed
Mono: successfully reloaded assembly
- Completed reload, in  1.640 seconds
Domain Reload Profiling:
	ReloadAssembly (1642ms)
		BeginReloadAssembly (128ms)
			ExecutionOrderSort (0ms)
			DisableScriptedObjects (4ms)
			BackupInstance (0ms)
			ReleaseScriptingObjects (0ms)
			CreateAndSetChildDomain (32ms)
		EndReloadAssembly (1437ms)
			LoadAssemblies (89ms)
			RebuildTransferFunctionScriptingTraits (0ms)
			SetupTypeCache (243ms)
			ReleaseScriptCaches (2ms)
			RebuildScriptCaches (35ms)
			SetupLoadedEditorAssemblies (1012ms)
				LogAssemblyErrors (0ms)
				InitializePlatformSupportModulesInManaged (27ms)
				SetLoadedEditorAssemblies (1ms)
				RefreshPlugins (1ms)
				BeforeProcessingInitializeOnLoad (63ms)
				ProcessInitializeOnLoadAttributes (757ms)
				ProcessInitializeOnLoadMethodAttributes (151ms)
				AfterProcessingInitializeOnLoad (11ms)
				EditorAssembliesLoaded (1ms)
			ExecutionOrderSort2 (0ms)
			AwakeInstancesAfterBackupRestoration (12ms)
Platform modules already initialized, skipping
Refreshing native plugins compatible for Editor in 2.07 ms, found 3 plugins.
Preloading 0 native plugins for Editor in 0.00 ms.
Unloading 4413 Unused Serialized files (Serialized files now loaded: 0)
Unloading 53 unused Assets / (167.3 KB). Loaded Objects now: 4961.
Memory consumption went from 159.2 MB to 159.1 MB.
Total: 6.589800 ms (FindLiveObjects: 0.470500 ms CreateObjectMapping: 0.307800 ms MarkObjects: 5.686400 ms  DeleteObjects: 0.122500 ms)

AssetImportParameters requested are different than current active one (requested -> active):
  custom:video-decoder-ogg-theora: a1e56fd34408186e4bbccfd4996cb3dc -> 
  custom:container-muxer-webm: aa71ff27fc2769a1b78a27578f13a17b -> 
  custom:container-demuxer-webm: 4f35f7cbe854078d1ac9338744f61a02 -> 
  custom:video-encoder-webm-vp8: eb34c28f22e8b96e1ab97ce403110664 -> 
  custom:video-codec-MediaFoundation-h265: 746d11721c4dcdbdad8f713fa42b33f4 -> 
  custom:CustomObjectIndexerAttribute: bc11b3a6c3213fcdd17b65e7da85e133 -> 
  custom:audio-encoder-webm-vorbis: bf7c407c2cedff20999df2af8eb42d56 -> 
  custom:framework-win-MediaFoundation: 216162199b28c13a410421893ffa2e32 -> 
  custom:SearchIndexIgnoredProperties: e643bd26f0fe6173181afceb89e7c659 -> 
  custom:container-demuxer-ogg: 62fdf1f143b41e24485cea50d1cbac27 -> 
  custom:video-decoder-webm-vp8: 9c59270c3fd7afecdb556c50c9e8de78 -> 
  custom:audio-decoder-ogg-vorbis: bf7c407c2cedff20999df2af8eb42d56 -> 
========================================================================
Received Prepare
Registering precompiled user dll's ...
Registered in 0.011077 seconds.
Begin MonoManager ReloadAssembly
Native extension for WindowsStandalone target not found
Failed to load: C:/Program Files/Unity/Hub/Editor/2021.3.36f1/Editor/Data/PlaybackEngines/iOSSupport\x64\UnityEditor.iOS.Native.dll
Native extension for iOS target not found
Native extension for Android target not found
Native extension for WebGL target not found
Refreshing native plugins compatible for Editor in 1.01 ms, found 3 plugins.
Preloading 0 native plugins for Editor in 0.00 ms.
[Package Manager] Server::EnsureServerProcessIsRunning -- launch failed, reason: Unity was launched with the -noUpm command-line argument
[Package Manager] Cannot connect to Unity Package Manager local server
[Package Manager] Server::EnsureServerProcessIsRunning -- launch failed, reason: Unity was launched with the -noUpm command-line argument
[Package Manager] Cannot connect to Unity Package Manager local server
[ScriptCompilation] NOT recompiling all scripts because this is an import worker process. Reason to compile was: Define symbols changed
Mono: successfully reloaded assembly
- Completed reload, in  1.981 seconds
Domain Reload Profiling:
	ReloadAssembly (1982ms)
		BeginReloadAssembly (195ms)
			ExecutionOrderSort (0ms)
			DisableScriptedObjects (6ms)
			BackupInstance (0ms)
			ReleaseScriptingObjects (0ms)
			CreateAndSetChildDomain (47ms)
		EndReloadAssembly (1667ms)
			LoadAssemblies (143ms)
			RebuildTransferFunctionScriptingTraits (0ms)
			SetupTypeCache (373ms)
			ReleaseScriptCaches (2ms)
			RebuildScriptCaches (52ms)
			SetupLoadedEditorAssemblies (1055ms)
				LogAssemblyErrors (0ms)
				InitializePlatformSupportModulesInManaged (47ms)
				SetLoadedEditorAssemblies (1ms)
				RefreshPlugins (1ms)
				BeforeProcessingInitializeOnLoad (98ms)
				ProcessInitializeOnLoadAttributes (770ms)
				ProcessInitializeOnLoadMethodAttributes (128ms)
				AfterProcessingInitializeOnLoad (9ms)
				EditorAssembliesLoaded (0ms)
			ExecutionOrderSort2 (0ms)
			AwakeInstancesAfterBackupRestoration (13ms)
Platform modules already initialized, skipping
Refreshing native plugins compatible for Editor in 1.57 ms, found 3 plugins.
Preloading 0 native plugins for Editor in 0.00 ms.
Unloading 4413 Unused Serialized files (Serialized files now loaded: 0)
Unloading 53 unused Assets / (167.3 KB). Loaded Objects now: 4964.
Memory consumption went from 159.1 MB to 158.9 MB.
Total: 7.239400 ms (FindLiveObjects: 0.450800 ms CreateObjectMapping: 0.260800 ms MarkObjects: 6.348100 ms  DeleteObjects: 0.177000 ms)

AssetImportParameters requested are different than current active one (requested -> active):
  custom:video-decoder-ogg-theora: a1e56fd34408186e4bbccfd4996cb3dc -> 
  custom:container-muxer-webm: aa71ff27fc2769a1b78a27578f13a17b -> 
  custom:container-demuxer-webm: 4f35f7cbe854078d1ac9338744f61a02 -> 
  custom:video-encoder-webm-vp8: eb34c28f22e8b96e1ab97ce403110664 -> 
  custom:video-codec-MediaFoundation-h265: 746d11721c4dcdbdad8f713fa42b33f4 -> 
  custom:CustomObjectIndexerAttribute: bc11b3a6c3213fcdd17b65e7da85e133 -> 
  custom:audio-encoder-webm-vorbis: bf7c407c2cedff20999df2af8eb42d56 -> 
  custom:framework-win-MediaFoundation: 216162199b28c13a410421893ffa2e32 -> 
  custom:SearchIndexIgnoredProperties: e643bd26f0fe6173181afceb89e7c659 -> 
  custom:container-demuxer-ogg: 62fdf1f143b41e24485cea50d1cbac27 -> 
  custom:video-decoder-webm-vp8: 9c59270c3fd7afecdb556c50c9e8de78 -> 
  custom:audio-decoder-ogg-vorbis: bf7c407c2cedff20999df2af8eb42d56 -> 
========================================================================
Received Prepare
Registering precompiled user dll's ...
Registered in 0.005736 seconds.
Begin MonoManager ReloadAssembly
Native extension for WindowsStandalone target not found
Failed to load: C:/Program Files/Unity/Hub/Editor/2021.3.36f1/Editor/Data/PlaybackEngines/iOSSupport\x64\UnityEditor.iOS.Native.dll
Native extension for iOS target not found
Native extension for Android target not found
Native extension for WebGL target not found
Refreshing native plugins compatible for Editor in 1.06 ms, found 3 plugins.
Preloading 0 native plugins for Editor in 0.00 ms.
[Package Manager] Server::EnsureServerProcessIsRunning -- launch failed, reason: Unity was launched with the -noUpm command-line argument
[Package Manager] Cannot connect to Unity Package Manager local server
[Package Manager] Server::EnsureServerProcessIsRunning -- launch failed, reason: Unity was launched with the -noUpm command-line argument
[Package Manager] Cannot connect to Unity Package Manager local server
System.IO.IOException: Sharing violation on path C:\UnityProject\Run\Assets\PluginYourGames\Editor\ModulesListYG2.txt
  at System.IO.FileStream..ctor (System.String path, System.IO.FileMode mode, System.IO.FileAccess access, System.IO.FileShare share, System.Int32 bufferSize, System.Boolean anonymous, System.IO.FileOptions options) [0x0019e] in <b4dec521950c405ea4b0b85c62087906>:0 
  at System.IO.FileStream..ctor (System.String path, System.IO.FileMode mode, System.IO.FileAccess access, System.IO.FileShare share, System.Int32 bufferSize, System.IO.FileOptions options) [0x00000] in <b4dec521950c405ea4b0b85c62087906>:0 
  at (wrapper remoting-invoke-with-check) System.IO.FileStream..ctor(string,System.IO.FileMode,System.IO.FileAccess,System.IO.FileShare,int,System.IO.FileOptions)
  at System.IO.StreamReader..ctor (System.String path, System.Text.Encoding encoding, System.Boolean detectEncodingFromByteOrderMarks, System.Int32 bufferSize) [0x00055] in <b4dec521950c405ea4b0b85c62087906>:0 
  at System.IO.StreamReader..ctor (System.String path, System.Text.Encoding encoding) [0x00000] in <b4dec521950c405ea4b0b85c62087906>:0 
  at (wrapper remoting-invoke-with-check) System.IO.StreamReader..ctor(string,System.Text.Encoding)
  at System.IO.File.InternalReadAllLines (System.String path, System.Text.Encoding encoding) [0x00006] in <b4dec521950c405ea4b0b85c62087906>:0 
  at System.IO.File.ReadAllLines (System.String path) [0x0002c] in <b4dec521950c405ea4b0b85c62087906>:0 
  at YG.EditorScr.DefineSymbols.ModulesDefineSymbols () [0x00035] in C:\UnityProject\Run\Assets\PluginYourGames\Scripts\EditorScr\DefineSymbols.cs:146 
  at YG.EditorScr.DefineSymbols.UpdateDefineSymbols () [0x0000f] in C:\UnityProject\Run\Assets\PluginYourGames\Scripts\EditorScr\DefineSymbols.cs:57 
  at YG.EditorScr.DefineSymbols..cctor () [0x00023] in C:\UnityProject\Run\Assets\PluginYourGames\Scripts\EditorScr\DefineSymbols.cs:31 
UnityEngine.StackTraceUtility:ExtractStackTrace ()
UnityEngine.DebugLogHandler:LogFormat (UnityEngine.LogType,UnityEngine.Object,string,object[])
UnityEngine.Logger:Log (UnityEngine.LogType,object)
UnityEngine.Debug:LogError (object)
UnityEditor.EditorAssemblies:ProcessInitializeOnLoadAttributes (System.Type[])

Mono: successfully reloaded assembly
- Completed reload, in  2.020 seconds
Domain Reload Profiling:
	ReloadAssembly (2021ms)
		BeginReloadAssembly (203ms)
			ExecutionOrderSort (0ms)
			DisableScriptedObjects (6ms)
			BackupInstance (0ms)
			ReleaseScriptingObjects (0ms)
			CreateAndSetChildDomain (53ms)
		EndReloadAssembly (1679ms)
			LoadAssemblies (138ms)
			RebuildTransferFunctionScriptingTraits (0ms)
			SetupTypeCache (387ms)
			ReleaseScriptCaches (2ms)
			RebuildScriptCaches (59ms)
			SetupLoadedEditorAssemblies (1046ms)
				LogAssemblyErrors (0ms)
				InitializePlatformSupportModulesInManaged (48ms)
				SetLoadedEditorAssemblies (1ms)
				RefreshPlugins (1ms)
				BeforeProcessingInitializeOnLoad (99ms)
				ProcessInitializeOnLoadAttributes (761ms)
				ProcessInitializeOnLoadMethodAttributes (126ms)
				AfterProcessingInitializeOnLoad (10ms)
				EditorAssembliesLoaded (0ms)
			ExecutionOrderSort2 (0ms)
			AwakeInstancesAfterBackupRestoration (11ms)
Platform modules already initialized, skipping
Refreshing native plugins compatible for Editor in 1.62 ms, found 3 plugins.
Preloading 0 native plugins for Editor in 0.00 ms.
Unloading 4413 Unused Serialized files (Serialized files now loaded: 0)
Unloading 53 unused Assets / (167.3 KB). Loaded Objects now: 4967.
Memory consumption went from 159.3 MB to 159.1 MB.
Total: 9.162500 ms (FindLiveObjects: 0.701900 ms CreateObjectMapping: 0.417600 ms MarkObjects: 7.845900 ms  DeleteObjects: 0.194300 ms)

AssetImportParameters requested are different than current active one (requested -> active):
  custom:video-decoder-ogg-theora: a1e56fd34408186e4bbccfd4996cb3dc -> 
  custom:container-muxer-webm: aa71ff27fc2769a1b78a27578f13a17b -> 
  custom:container-demuxer-webm: 4f35f7cbe854078d1ac9338744f61a02 -> 
  custom:video-encoder-webm-vp8: eb34c28f22e8b96e1ab97ce403110664 -> 
  custom:video-codec-MediaFoundation-h265: 746d11721c4dcdbdad8f713fa42b33f4 -> 
  custom:CustomObjectIndexerAttribute: bc11b3a6c3213fcdd17b65e7da85e133 -> 
  custom:audio-encoder-webm-vorbis: bf7c407c2cedff20999df2af8eb42d56 -> 
  custom:framework-win-MediaFoundation: 216162199b28c13a410421893ffa2e32 -> 
  custom:SearchIndexIgnoredProperties: e643bd26f0fe6173181afceb89e7c659 -> 
  custom:container-demuxer-ogg: 62fdf1f143b41e24485cea50d1cbac27 -> 
  custom:video-decoder-webm-vp8: 9c59270c3fd7afecdb556c50c9e8de78 -> 
  custom:audio-decoder-ogg-vorbis: bf7c407c2cedff20999df2af8eb42d56 -> 
========================================================================
Received Import Request.
  Time since last request: 574.896948 seconds.
  path: Assets/Violet Theme Ui/Buttons/Misc/80x80 Background.png
  artifactKey: Guid(a64f98d7a00501442ae40845562f1c20) Importer(815301076,1909f56bfc062723c751e8b465ee728b)
Number of updated assets reloaded before import = 0
Start importing Assets/Violet Theme Ui/Buttons/Misc/80x80 Background.png using Guid(a64f98d7a00501442ae40845562f1c20) Importer(815301076,1909f56bfc062723c751e8b465ee728b)  -> (artifact id: 'c981ffe7f093abbcc25a4c6e265f9f65') in 0.092846 seconds 
Number of asset objects unloaded after import = 3
========================================================================
Received Import Request.
  Time since last request: 0.000025 seconds.
  path: Assets/Store Assets/Traint/Free Casual Buttons Pack/Sprites/008 Light Blue/Button 001.png
  artifactKey: Guid(4c6988c9a9900f045919ebf9cfd7c7eb) Importer(815301076,1909f56bfc062723c751e8b465ee728b)
Number of updated assets reloaded before import = 0
Start importing Assets/Store Assets/Traint/Free Casual Buttons Pack/Sprites/008 Light Blue/Button 001.png using Guid(4c6988c9a9900f045919ebf9cfd7c7eb) Importer(815301076,1909f56bfc062723c751e8b465ee728b)  -> (artifact id: 'a0626621c8f7e47d7a912b3580cac57a') in 0.059317 seconds 
Number of asset objects unloaded after import = 3
========================================================================
Received Import Request.
  Time since last request: 0.000032 seconds.
  path: Assets/Store Assets/Traint/Free Casual Buttons Pack/Sprites/009 Blue/Button 004.png
  artifactKey: Guid(67818d19806f1df49a1dfe88207eb9e7) Importer(815301076,1909f56bfc062723c751e8b465ee728b)
Number of updated assets reloaded before import = 0
Start importing Assets/Store Assets/Traint/Free Casual Buttons Pack/Sprites/009 Blue/Button 004.png using Guid(67818d19806f1df49a1dfe88207eb9e7) Importer(815301076,1909f56bfc062723c751e8b465ee728b)  -> (artifact id: '2b504e7cf3544e19ca13e4f8e5172700') in 0.046747 seconds 
Number of asset objects unloaded after import = 3
========================================================================
Received Import Request.
  Time since last request: 0.000024 seconds.
  path: Assets/Store Assets/Traint/Free Casual Buttons Pack/Sprites/001 Red/Button 006.png
  artifactKey: Guid(9f7492e7832dea94e956dc726aa8d5ce) Importer(815301076,1909f56bfc062723c751e8b465ee728b)
Number of updated assets reloaded before import = 0
Start importing Assets/Store Assets/Traint/Free Casual Buttons Pack/Sprites/001 Red/Button 006.png using Guid(9f7492e7832dea94e956dc726aa8d5ce) Importer(815301076,1909f56bfc062723c751e8b465ee728b)  -> (artifact id: '85721a583a546ee895b93a6bc51cf46f') in 0.059034 seconds 
Number of asset objects unloaded after import = 3
========================================================================
Received Import Request.
  Time since last request: 0.000020 seconds.
  path: Assets/Store Assets/Traint/Free Casual Buttons Pack/Sprites/007 Light Green/Button 003.png
  artifactKey: Guid(5f3d1929273d5b54cbc8bb54075f3049) Importer(815301076,1909f56bfc062723c751e8b465ee728b)
Number of updated assets reloaded before import = 0
Start importing Assets/Store Assets/Traint/Free Casual Buttons Pack/Sprites/007 Light Green/Button 003.png using Guid(5f3d1929273d5b54cbc8bb54075f3049) Importer(815301076,1909f56bfc062723c751e8b465ee728b)  -> (artifact id: '6fd199c78d9a79d237d43f88bf573554') in 0.048515 seconds 
Number of asset objects unloaded after import = 3
========================================================================
Received Import Request.
  Time since last request: 0.000036 seconds.
  path: Assets/Violet Theme Ui/Buttons/Misc/Background.png
  artifactKey: Guid(103ed4397ca7479479873ab55626ff41) Importer(815301076,1909f56bfc062723c751e8b465ee728b)
Number of updated assets reloaded before import = 0
Start importing Assets/Violet Theme Ui/Buttons/Misc/Background.png using Guid(103ed4397ca7479479873ab55626ff41) Importer(815301076,1909f56bfc062723c751e8b465ee728b)  -> (artifact id: '53e4973c25787222518f9caf70a96fb4') in 0.151183 seconds 
Number of asset objects unloaded after import = 3
========================================================================
Received Import Request.
  Time since last request: 0.000028 seconds.
  path: Assets/Store Assets/Traint/Free Casual Buttons Pack/Sprites/002 Bright Red/Button 003.png
  artifactKey: Guid(1c3d49df83f842e41bddee3cdaecb8aa) Importer(815301076,1909f56bfc062723c751e8b465ee728b)
Number of updated assets reloaded before import = 0
Start importing Assets/Store Assets/Traint/Free Casual Buttons Pack/Sprites/002 Bright Red/Button 003.png using Guid(1c3d49df83f842e41bddee3cdaecb8aa) Importer(815301076,1909f56bfc062723c751e8b465ee728b)  -> (artifact id: '090ec584e285c9e5a413d56de29a8c23') in 0.043626 seconds 
Number of asset objects unloaded after import = 3
========================================================================
Received Import Request.
  Time since last request: 0.000062 seconds.
  path: Assets/Store Assets/Traint/Free Casual Buttons Pack/Sprites/003 Orange/Button 001.png
  artifactKey: Guid(7ee2878f1b03a06489d6622c515348d7) Importer(815301076,1909f56bfc062723c751e8b465ee728b)
Number of updated assets reloaded before import = 0
Start importing Assets/Store Assets/Traint/Free Casual Buttons Pack/Sprites/003 Orange/Button 001.png using Guid(7ee2878f1b03a06489d6622c515348d7) Importer(815301076,1909f56bfc062723c751e8b465ee728b)  -> (artifact id: 'a990bd6b21fadcea8bfc817c297f4959') in 0.041911 seconds 
Number of asset objects unloaded after import = 3
========================================================================
Received Import Request.
  Time since last request: 0.000025 seconds.
  path: Assets/Store Assets/Traint/Free Casual Buttons Pack/Sprites/005 Yellow/Button 005.png
  artifactKey: Guid(3aa6f024b9a9f0a439365338d0475424) Importer(815301076,1909f56bfc062723c751e8b465ee728b)
Number of updated assets reloaded before import = 0
Start importing Assets/Store Assets/Traint/Free Casual Buttons Pack/Sprites/005 Yellow/Button 005.png using Guid(3aa6f024b9a9f0a439365338d0475424) Importer(815301076,1909f56bfc062723c751e8b465ee728b)  -> (artifact id: '9e126a71066e128abaececbd45241d33') in 0.047654 seconds 
Number of asset objects unloaded after import = 3
========================================================================
Received Import Request.
  Time since last request: 0.000024 seconds.
  path: Assets/Store Assets/Traint/Free Casual Buttons Pack/Sprites/002 Bright Red/Button 002.png
  artifactKey: Guid(057909bdd6066984f8f7744eb3efb9a9) Importer(815301076,1909f56bfc062723c751e8b465ee728b)
Number of updated assets reloaded before import = 0
Start importing Assets/Store Assets/Traint/Free Casual Buttons Pack/Sprites/002 Bright Red/Button 002.png using Guid(057909bdd6066984f8f7744eb3efb9a9) Importer(815301076,1909f56bfc062723c751e8b465ee728b)  -> (artifact id: '9ed45e7a62a28be0668d8180897f8024') in 0.041442 seconds 
Number of asset objects unloaded after import = 3
========================================================================
Received Import Request.
  Time since last request: 0.000036 seconds.
  path: Assets/Store Assets/Traint/Free Casual Buttons Pack/Sprites/004 Light Orange/Button 001.png
  artifactKey: Guid(4b02146e17835a044b97dd6b10ec0ddc) Importer(815301076,1909f56bfc062723c751e8b465ee728b)
Number of updated assets reloaded before import = 0
Start importing Assets/Store Assets/Traint/Free Casual Buttons Pack/Sprites/004 Light Orange/Button 001.png using Guid(4b02146e17835a044b97dd6b10ec0ddc) Importer(815301076,1909f56bfc062723c751e8b465ee728b)  -> (artifact id: '8af82accf35a1574af151b10bac33f4f') in 0.046210 seconds 
Number of asset objects unloaded after import = 3
========================================================================
Received Import Request.
  Time since last request: 0.000023 seconds.
  path: Assets/Store Assets/Traint/Free Casual Buttons Pack/Sprites/008 Light Blue/Button 002.png
  artifactKey: Guid(455ef2cc0af4e8a4b8b407b6c32cd749) Importer(815301076,1909f56bfc062723c751e8b465ee728b)
Number of updated assets reloaded before import = 0
Start importing Assets/Store Assets/Traint/Free Casual Buttons Pack/Sprites/008 Light Blue/Button 002.png using Guid(455ef2cc0af4e8a4b8b407b6c32cd749) Importer(815301076,1909f56bfc062723c751e8b465ee728b)  -> (artifact id: 'fcefaea2dc78366101bb2e079a74ecde') in 0.045537 seconds 
Number of asset objects unloaded after import = 3
========================================================================
Received Import Request.
  Time since last request: 0.000024 seconds.
  path: Assets/Violet Theme Ui/Colored Icons/Badge.png
  artifactKey: Guid(55b1b7c646982a049b43cadc6fe191fa) Importer(815301076,1909f56bfc062723c751e8b465ee728b)
Number of updated assets reloaded before import = 0
Start importing Assets/Violet Theme Ui/Colored Icons/Badge.png using Guid(55b1b7c646982a049b43cadc6fe191fa) Importer(815301076,1909f56bfc062723c751e8b465ee728b)  -> (artifact id: '6a7a93456a9ef1efb3497b0f2dc89ab7') in 0.034652 seconds 
Number of asset objects unloaded after import = 3
========================================================================
Received Import Request.
  Time since last request: 0.000028 seconds.
  path: Assets/Store Assets/Traint/Free Casual Buttons Pack/Sprites/003 Orange/Button 004.png
  artifactKey: Guid(fad11dca39fbb2547ad2157b6ffd583c) Importer(815301076,1909f56bfc062723c751e8b465ee728b)
Number of updated assets reloaded before import = 0
Start importing Assets/Store Assets/Traint/Free Casual Buttons Pack/Sprites/003 Orange/Button 004.png using Guid(fad11dca39fbb2547ad2157b6ffd583c) Importer(815301076,1909f56bfc062723c751e8b465ee728b)  -> (artifact id: '9e5eeb205ffa7c6d9312ea7e52f32fa4') in 0.045316 seconds 
Number of asset objects unloaded after import = 3
========================================================================
Received Import Request.
  Time since last request: 0.000022 seconds.
  path: Assets/Store Assets/Traint/Free Casual Buttons Pack/Sprites/003 Orange/Button 005.png
  artifactKey: Guid(29d4af30d7582ae4fbf552f1684425ba) Importer(815301076,1909f56bfc062723c751e8b465ee728b)
Number of updated assets reloaded before import = 0
Start importing Assets/Store Assets/Traint/Free Casual Buttons Pack/Sprites/003 Orange/Button 005.png using Guid(29d4af30d7582ae4fbf552f1684425ba) Importer(815301076,1909f56bfc062723c751e8b465ee728b)  -> (artifact id: 'bb38c9398706470c464fe3b3f1645cee') in 0.044477 seconds 
Number of asset objects unloaded after import = 3
========================================================================
Received Import Request.
  Time since last request: 0.000018 seconds.
  path: Assets/Violet Theme Ui/Colored Icons/Book.png
  artifactKey: Guid(29243acfb820a2c4bbc18d922ca0c39f) Importer(815301076,1909f56bfc062723c751e8b465ee728b)
Number of updated assets reloaded before import = 0
Start importing Assets/Violet Theme Ui/Colored Icons/Book.png using Guid(29243acfb820a2c4bbc18d922ca0c39f) Importer(815301076,1909f56bfc062723c751e8b465ee728b)  -> (artifact id: '2c6151337c75236392b05dbeb5056c89') in 0.033536 seconds 
Number of asset objects unloaded after import = 3
========================================================================
Received Import Request.
  Time since last request: 0.000029 seconds.
  path: Assets/Store Assets/Traint/Free Casual Buttons Pack/Sprites/006 Light Yellow/Button 005.png
  artifactKey: Guid(be6d822221049fc4fa2f67a0e513827b) Importer(815301076,1909f56bfc062723c751e8b465ee728b)
Number of updated assets reloaded before import = 0
Start importing Assets/Store Assets/Traint/Free Casual Buttons Pack/Sprites/006 Light Yellow/Button 005.png using Guid(be6d822221049fc4fa2f67a0e513827b) Importer(815301076,1909f56bfc062723c751e8b465ee728b)  -> (artifact id: '760abcd1dcbe7c44f3a09ed37e211110') in 0.045029 seconds 
Number of asset objects unloaded after import = 3
========================================================================
Received Import Request.
  Time since last request: 0.000022 seconds.
  path: Assets/Violet Theme Ui/Colored Icons/axe.png
  artifactKey: Guid(7abd59d488ec3484089d5f418816dbdb) Importer(815301076,1909f56bfc062723c751e8b465ee728b)
Number of updated assets reloaded before import = 0
Start importing Assets/Violet Theme Ui/Colored Icons/axe.png using Guid(7abd59d488ec3484089d5f418816dbdb) Importer(815301076,1909f56bfc062723c751e8b465ee728b)  -> (artifact id: 'c473805eea9569d274a3dd412ae88e7f') in 0.028502 seconds 
Number of asset objects unloaded after import = 3
========================================================================
Received Import Request.
  Time since last request: 0.000039 seconds.
  path: Assets/Store Assets/Traint/Free Casual Buttons Pack/Sprites/009 Blue/Button 002.png
  artifactKey: Guid(d15d5e18d3d361c419b767118578dafa) Importer(815301076,1909f56bfc062723c751e8b465ee728b)
Number of updated assets reloaded before import = 0
Start importing Assets/Store Assets/Traint/Free Casual Buttons Pack/Sprites/009 Blue/Button 002.png using Guid(d15d5e18d3d361c419b767118578dafa) Importer(815301076,1909f56bfc062723c751e8b465ee728b)  -> (artifact id: '820f8069a802655a5e7a36a0e06a2d01') in 0.050535 seconds 
Number of asset objects unloaded after import = 3
========================================================================
Received Import Request.
  Time since last request: 0.000034 seconds.
  path: Assets/Violet Theme Ui/Colored Icons/apple red.png
  artifactKey: Guid(dc095ce8d2086f541bd26c7e3a71ef12) Importer(815301076,1909f56bfc062723c751e8b465ee728b)
Number of updated assets reloaded before import = 0
Start importing Assets/Violet Theme Ui/Colored Icons/apple red.png using Guid(dc095ce8d2086f541bd26c7e3a71ef12) Importer(815301076,1909f56bfc062723c751e8b465ee728b)  -> (artifact id: '7361a80974fd5116102196407c7e8411') in 0.036112 seconds 
Number of asset objects unloaded after import = 3
========================================================================
Received Import Request.
  Time since last request: 0.000024 seconds.
  path: Assets/Store Assets/Traint/Free Casual Buttons Pack/Sprites/007 Light Green/Button 005.png
  artifactKey: Guid(927fbb1341e35e34f88d421b1a9848a4) Importer(815301076,1909f56bfc062723c751e8b465ee728b)
Number of updated assets reloaded before import = 0
Start importing Assets/Store Assets/Traint/Free Casual Buttons Pack/Sprites/007 Light Green/Button 005.png using Guid(927fbb1341e35e34f88d421b1a9848a4) Importer(815301076,1909f56bfc062723c751e8b465ee728b)  -> (artifact id: '772e2643088c40891a400a7322ca41c0') in 0.045281 seconds 
Number of asset objects unloaded after import = 3
========================================================================
Received Import Request.
  Time since last request: 0.000020 seconds.
  path: Assets/Store Assets/Traint/Free Casual Buttons Pack/Sprites/001 Red/Button 002.png
  artifactKey: Guid(e0041590536ab0e4fafb7fa14886c4b1) Importer(815301076,1909f56bfc062723c751e8b465ee728b)
Number of updated assets reloaded before import = 0
Start importing Assets/Store Assets/Traint/Free Casual Buttons Pack/Sprites/001 Red/Button 002.png using Guid(e0041590536ab0e4fafb7fa14886c4b1) Importer(815301076,1909f56bfc062723c751e8b465ee728b)  -> (artifact id: 'b0936b37970fc5a770f5fc707e21577d') in 0.042587 seconds 
Number of asset objects unloaded after import = 3
========================================================================
Received Import Request.
  Time since last request: 0.000027 seconds.
  path: Assets/Store Assets/Traint/Free Casual Buttons Pack/Sprites/006 Light Yellow/Button 001.png
  artifactKey: Guid(621b653840fc876429982f3bce4dc12d) Importer(815301076,1909f56bfc062723c751e8b465ee728b)
Number of updated assets reloaded before import = 0
Start importing Assets/Store Assets/Traint/Free Casual Buttons Pack/Sprites/006 Light Yellow/Button 001.png using Guid(621b653840fc876429982f3bce4dc12d) Importer(815301076,1909f56bfc062723c751e8b465ee728b)  -> (artifact id: '76c5ff2dbe92e73b6255b3584c1906ba') in 0.048140 seconds 
Number of asset objects unloaded after import = 3
========================================================================
Received Import Request.
  Time since last request: 0.000020 seconds.
  path: Assets/Store Assets/Traint/Free Casual Buttons Pack/Sprites/008 Light Blue/Button 004.png
  artifactKey: Guid(6cfe1375d53c33c4da30eb07c2eaf527) Importer(815301076,1909f56bfc062723c751e8b465ee728b)
Number of updated assets reloaded before import = 0
Start importing Assets/Store Assets/Traint/Free Casual Buttons Pack/Sprites/008 Light Blue/Button 004.png using Guid(6cfe1375d53c33c4da30eb07c2eaf527) Importer(815301076,1909f56bfc062723c751e8b465ee728b)  -> (artifact id: '21c9b7af3824cfcc6075ea7b3d9bc2d7') in 0.050808 seconds 
Number of asset objects unloaded after import = 3
========================================================================
Received Import Request.
  Time since last request: 0.000026 seconds.
  path: Assets/Store Assets/Traint/Free Casual Buttons Pack/Sprites/002 Bright Red/Button 001.png
  artifactKey: Guid(5cdd709a47e979f468da8440736907c9) Importer(815301076,1909f56bfc062723c751e8b465ee728b)
Number of updated assets reloaded before import = 0
Start importing Assets/Store Assets/Traint/Free Casual Buttons Pack/Sprites/002 Bright Red/Button 001.png using Guid(5cdd709a47e979f468da8440736907c9) Importer(815301076,1909f56bfc062723c751e8b465ee728b)  -> (artifact id: 'afb2ba0be9ab8aa6c1a9269a38bc8d80') in 0.046216 seconds 
Number of asset objects unloaded after import = 3
========================================================================
Received Import Request.
  Time since last request: 0.000033 seconds.
  path: Assets/Store Assets/Traint/Free Casual Buttons Pack/Sprites/009 Blue/Button 001.png
  artifactKey: Guid(77ffb7fedfb6d7742a432ec264cdc602) Importer(815301076,1909f56bfc062723c751e8b465ee728b)
Number of updated assets reloaded before import = 0
Start importing Assets/Store Assets/Traint/Free Casual Buttons Pack/Sprites/009 Blue/Button 001.png using Guid(77ffb7fedfb6d7742a432ec264cdc602) Importer(815301076,1909f56bfc062723c751e8b465ee728b)  -> (artifact id: '7bb9db490d7b09d4e4a2f503fbf51704') in 0.047216 seconds 
Number of asset objects unloaded after import = 3
========================================================================
Received Import Request.
  Time since last request: 0.000021 seconds.
  path: Assets/Store Assets/Traint/Free Casual Buttons Pack/Sprites/008 Light Blue/Button 003.png
  artifactKey: Guid(818cf846bcfde7946b13a172672df069) Importer(815301076,1909f56bfc062723c751e8b465ee728b)
Number of updated assets reloaded before import = 0
Start importing Assets/Store Assets/Traint/Free Casual Buttons Pack/Sprites/008 Light Blue/Button 003.png using Guid(818cf846bcfde7946b13a172672df069) Importer(815301076,1909f56bfc062723c751e8b465ee728b)  -> (artifact id: '441fff291b831845a0c94d2b1c1efb26') in 0.046428 seconds 
Number of asset objects unloaded after import = 3
========================================================================
Received Import Request.
  Time since last request: 0.000022 seconds.
  path: Assets/Store Assets/Traint/Free Casual Buttons Pack/Sprites/004 Light Orange/Button 005.png
  artifactKey: Guid(8fbba1bae0adef0418d6419e59d352d1) Importer(815301076,1909f56bfc062723c751e8b465ee728b)
Number of updated assets reloaded before import = 0
Start importing Assets/Store Assets/Traint/Free Casual Buttons Pack/Sprites/004 Light Orange/Button 005.png using Guid(8fbba1bae0adef0418d6419e59d352d1) Importer(815301076,1909f56bfc062723c751e8b465ee728b)  -> (artifact id: '398065bc2001276e0399603e76dddee8') in 0.043055 seconds 
Number of asset objects unloaded after import = 3
========================================================================
Received Import Request.
  Time since last request: 0.000061 seconds.
  path: Assets/Violet Theme Ui/Colored Icons/Battery.png
  artifactKey: Guid(4373b5a1916f3a8468bc2b0fdefa655e) Importer(815301076,1909f56bfc062723c751e8b465ee728b)
Number of updated assets reloaded before import = 0
Start importing Assets/Violet Theme Ui/Colored Icons/Battery.png using Guid(4373b5a1916f3a8468bc2b0fdefa655e) Importer(815301076,1909f56bfc062723c751e8b465ee728b)  -> (artifact id: 'dc3384a71ccd9370758f3fe0b8eca49a') in 0.035654 seconds 
Number of asset objects unloaded after import = 3
========================================================================
Received Import Request.
  Time since last request: 0.000026 seconds.
  path: Assets/Store Assets/Traint/Free Casual Buttons Pack/Sprites/006 Light Yellow/Button 002.png
  artifactKey: Guid(e247c30db88e74049978ebeaa3714e7c) Importer(815301076,1909f56bfc062723c751e8b465ee728b)
Number of updated assets reloaded before import = 0
Start importing Assets/Store Assets/Traint/Free Casual Buttons Pack/Sprites/006 Light Yellow/Button 002.png using Guid(e247c30db88e74049978ebeaa3714e7c) Importer(815301076,1909f56bfc062723c751e8b465ee728b)  -> (artifact id: '6b4fae6f7e927f2c29efec220eb207ef') in 0.045247 seconds 
Number of asset objects unloaded after import = 3
========================================================================
Received Import Request.
  Time since last request: 3.021815 seconds.
  path: Assets/Store Assets/Traint/Free Casual Buttons Pack/Sprites/009 Blue/Button 006.png
  artifactKey: Guid(9338dee437edcc14d821fc63676d186d) Importer(815301076,1909f56bfc062723c751e8b465ee728b)
Number of updated assets reloaded before import = 0
Start importing Assets/Store Assets/Traint/Free Casual Buttons Pack/Sprites/009 Blue/Button 006.png using Guid(9338dee437edcc14d821fc63676d186d) Importer(815301076,1909f56bfc062723c751e8b465ee728b)  -> (artifact id: '8734da1690d318aca0b694124893737b') in 0.054832 seconds 
Number of asset objects unloaded after import = 3
========================================================================
Received Import Request.
  Time since last request: 0.000026 seconds.
  path: Assets/Store Assets/Traint/Free Casual Buttons Pack/Sprites/005 Yellow/Button 007.png
  artifactKey: Guid(ee3aac7bb491bf94aba5cafa230717c6) Importer(815301076,1909f56bfc062723c751e8b465ee728b)
Number of updated assets reloaded before import = 0
Start importing Assets/Store Assets/Traint/Free Casual Buttons Pack/Sprites/005 Yellow/Button 007.png using Guid(ee3aac7bb491bf94aba5cafa230717c6) Importer(815301076,1909f56bfc062723c751e8b465ee728b)  -> (artifact id: '14219e7824ac5baeb30e1a578d6ed858') in 0.048949 seconds 
Number of asset objects unloaded after import = 3
========================================================================
Received Import Request.
  Time since last request: 0.000024 seconds.
  path: Assets/Store Assets/Traint/Free Casual Buttons Pack/Sprites/006 Light Yellow/Button 007.png
  artifactKey: Guid(f82e63c729924f442b44c3bcc0955a6c) Importer(815301076,1909f56bfc062723c751e8b465ee728b)
Number of updated assets reloaded before import = 0
Start importing Assets/Store Assets/Traint/Free Casual Buttons Pack/Sprites/006 Light Yellow/Button 007.png using Guid(f82e63c729924f442b44c3bcc0955a6c) Importer(815301076,1909f56bfc062723c751e8b465ee728b)  -> (artifact id: '95ba80e6770ce9a431ca26a9a8920105') in 0.041120 seconds 
Number of asset objects unloaded after import = 3
========================================================================
Received Import Request.
  Time since last request: 0.000022 seconds.
  path: Assets/Store Assets/Traint/Free Casual Buttons Pack/Sprites/007 Light Green/Button 007.png
  artifactKey: Guid(c090b24f29649964fa146fb8e8143d5c) Importer(815301076,1909f56bfc062723c751e8b465ee728b)
Number of updated assets reloaded before import = 0
Start importing Assets/Store Assets/Traint/Free Casual Buttons Pack/Sprites/007 Light Green/Button 007.png using Guid(c090b24f29649964fa146fb8e8143d5c) Importer(815301076,1909f56bfc062723c751e8b465ee728b)  -> (artifact id: '3b6e49aa2c0355e54e7d15450aae0a63') in 0.047146 seconds 
Number of asset objects unloaded after import = 3
========================================================================
Received Import Request.
  Time since last request: 0.000023 seconds.
  path: Assets/Store Assets/Traint/Free Casual Buttons Pack/Sprites/003 Orange/Button 007.png
  artifactKey: Guid(082b2e4e39244aa40bb7e0987ad8724a) Importer(815301076,1909f56bfc062723c751e8b465ee728b)
Number of updated assets reloaded before import = 0
Start importing Assets/Store Assets/Traint/Free Casual Buttons Pack/Sprites/003 Orange/Button 007.png using Guid(082b2e4e39244aa40bb7e0987ad8724a) Importer(815301076,1909f56bfc062723c751e8b465ee728b)  -> (artifact id: '8fc905d4458067bc101ce88433c334ef') in 0.051859 seconds 
Number of asset objects unloaded after import = 3
========================================================================
Received Import Request.
  Time since last request: 0.000017 seconds.
  path: Assets/Store Assets/Traint/Free Casual Buttons Pack/Sprites/007 Light Green/Button 008.png
  artifactKey: Guid(5d828bebef42ea24787f53df26b0ec1d) Importer(815301076,1909f56bfc062723c751e8b465ee728b)
Number of updated assets reloaded before import = 0
Start importing Assets/Store Assets/Traint/Free Casual Buttons Pack/Sprites/007 Light Green/Button 008.png using Guid(5d828bebef42ea24787f53df26b0ec1d) Importer(815301076,1909f56bfc062723c751e8b465ee728b)  -> (artifact id: '24aea235ef686ee147bdbce7871d4011') in 0.045887 seconds 
Number of asset objects unloaded after import = 3
========================================================================
Received Import Request.
  Time since last request: 0.000022 seconds.
  path: Assets/Store Assets/Traint/Free Casual Buttons Pack/Sprites/005 Yellow/Button 008.png
  artifactKey: Guid(340f63e1a789b084dabc4fbc686bcf0f) Importer(815301076,1909f56bfc062723c751e8b465ee728b)
Number of updated assets reloaded before import = 0
Start importing Assets/Store Assets/Traint/Free Casual Buttons Pack/Sprites/005 Yellow/Button 008.png using Guid(340f63e1a789b084dabc4fbc686bcf0f) Importer(815301076,1909f56bfc062723c751e8b465ee728b)  -> (artifact id: '86e7522422a104b74eb45e86c5083b59') in 0.047673 seconds 
Number of asset objects unloaded after import = 3
========================================================================
Received Import Request.
  Time since last request: 0.000022 seconds.
  path: Assets/Store Assets/Traint/Free Casual Buttons Pack/Sprites/001 Red/Button 007.png
  artifactKey: Guid(93874ab82fdc91e45b3e77859450b7a6) Importer(815301076,1909f56bfc062723c751e8b465ee728b)
Number of updated assets reloaded before import = 0
Start importing Assets/Store Assets/Traint/Free Casual Buttons Pack/Sprites/001 Red/Button 007.png using Guid(93874ab82fdc91e45b3e77859450b7a6) Importer(815301076,1909f56bfc062723c751e8b465ee728b)  -> (artifact id: '01cf14fa91ea1fcdc3355511ca06878b') in 0.046668 seconds 
Number of asset objects unloaded after import = 3
========================================================================
Received Import Request.
  Time since last request: 0.000028 seconds.
  path: Assets/Store Assets/Traint/Free Casual Buttons Pack/Sprites/004 Light Orange/Button 008.png
  artifactKey: Guid(c9f5be76d7d82de46a0b07bfd23ea787) Importer(815301076,1909f56bfc062723c751e8b465ee728b)
Number of updated assets reloaded before import = 0
Start importing Assets/Store Assets/Traint/Free Casual Buttons Pack/Sprites/004 Light Orange/Button 008.png using Guid(c9f5be76d7d82de46a0b07bfd23ea787) Importer(815301076,1909f56bfc062723c751e8b465ee728b)  -> (artifact id: 'abe4b761dc60352fb82bdf333d8341b7') in 0.045898 seconds 
Number of asset objects unloaded after import = 3
========================================================================
Received Import Request.
  Time since last request: 0.196363 seconds.
  path: Assets/Store Assets/Traint/Free Casual Buttons Pack/Sprites/005 Yellow/Button 009.png
  artifactKey: Guid(29504420b7f82db44b1867aa03321713) Importer(815301076,1909f56bfc062723c751e8b465ee728b)
Number of updated assets reloaded before import = 0
Start importing Assets/Store Assets/Traint/Free Casual Buttons Pack/Sprites/005 Yellow/Button 009.png using Guid(29504420b7f82db44b1867aa03321713) Importer(815301076,1909f56bfc062723c751e8b465ee728b)  -> (artifact id: 'd7d0c77a0df86bc3323325cd439f4d5f') in 0.081587 seconds 
Number of asset objects unloaded after import = 3
========================================================================
Received Import Request.
  Time since last request: 0.000021 seconds.
  path: Assets/Store Assets/Traint/Free Casual Buttons Pack/Sprites/006 Light Yellow/Button 009.png
  artifactKey: Guid(a7e8b917e9576734f8cd1a1c97f092f1) Importer(815301076,1909f56bfc062723c751e8b465ee728b)
Number of updated assets reloaded before import = 0
Start importing Assets/Store Assets/Traint/Free Casual Buttons Pack/Sprites/006 Light Yellow/Button 009.png using Guid(a7e8b917e9576734f8cd1a1c97f092f1) Importer(815301076,1909f56bfc062723c751e8b465ee728b)  -> (artifact id: 'a25ea75af9b2eb0c64727ca5461f65fc') in 0.047559 seconds 
Number of asset objects unloaded after import = 3
========================================================================
Received Import Request.
  Time since last request: 0.000020 seconds.
  path: Assets/Store Assets/Traint/Free Casual Buttons Pack/Sprites/003 Orange/Button 010.png
  artifactKey: Guid(2fde25d7593d6bf4bad0d57a4e024d65) Importer(815301076,1909f56bfc062723c751e8b465ee728b)
Number of updated assets reloaded before import = 0
Start importing Assets/Store Assets/Traint/Free Casual Buttons Pack/Sprites/003 Orange/Button 010.png using Guid(2fde25d7593d6bf4bad0d57a4e024d65) Importer(815301076,1909f56bfc062723c751e8b465ee728b)  -> (artifact id: 'd4b60ad13f04c0bb9fc119c62bf7cf88') in 0.053616 seconds 
Number of asset objects unloaded after import = 3
========================================================================
Received Import Request.
  Time since last request: 0.000026 seconds.
  path: Assets/Store Assets/Traint/Free Casual Buttons Pack/Sprites/004 Light Orange/Button 009.png
  artifactKey: Guid(f7b95c0064b46f042ba9e6ec89b710c7) Importer(815301076,1909f56bfc062723c751e8b465ee728b)
Number of updated assets reloaded before import = 0
Start importing Assets/Store Assets/Traint/Free Casual Buttons Pack/Sprites/004 Light Orange/Button 009.png using Guid(f7b95c0064b46f042ba9e6ec89b710c7) Importer(815301076,1909f56bfc062723c751e8b465ee728b)  -> (artifact id: '918eda651e8f170cefbb4f749581e1ef') in 0.038706 seconds 
Number of asset objects unloaded after import = 3
========================================================================
Received Import Request.
  Time since last request: 0.000032 seconds.
  path: Assets/Store Assets/Traint/Free Casual Buttons Pack/Sprites/003 Orange/Button 011.png
  artifactKey: Guid(2c937fd4f4efc5d4e8718073402ec85d) Importer(815301076,1909f56bfc062723c751e8b465ee728b)
Number of updated assets reloaded before import = 0
Start importing Assets/Store Assets/Traint/Free Casual Buttons Pack/Sprites/003 Orange/Button 011.png using Guid(2c937fd4f4efc5d4e8718073402ec85d) Importer(815301076,1909f56bfc062723c751e8b465ee728b)  -> (artifact id: '6be755e52621a904492d981b20fb10c1') in 0.062046 seconds 
Number of asset objects unloaded after import = 3
========================================================================
Received Import Request.
  Time since last request: 0.000023 seconds.
  path: Assets/Store Assets/Traint/Free Casual Buttons Pack/Sprites/005 Yellow/Button 010.png
  artifactKey: Guid(dbd46b23c989fc64bae6224c97852f2f) Importer(815301076,1909f56bfc062723c751e8b465ee728b)
Number of updated assets reloaded before import = 0
Start importing Assets/Store Assets/Traint/Free Casual Buttons Pack/Sprites/005 Yellow/Button 010.png using Guid(dbd46b23c989fc64bae6224c97852f2f) Importer(815301076,1909f56bfc062723c751e8b465ee728b)  -> (artifact id: '89a53e40ebcd4676b9b67a51708e6847') in 0.051457 seconds 
Number of asset objects unloaded after import = 3
========================================================================
Received Import Request.
  Time since last request: 0.000021 seconds.
  path: Assets/Store Assets/Traint/Free Casual Buttons Pack/Sprites/006 Light Yellow/Button 011.png
  artifactKey: Guid(88af521b8579b7a4e868bc3cf689a679) Importer(815301076,1909f56bfc062723c751e8b465ee728b)
Number of updated assets reloaded before import = 0
Start importing Assets/Store Assets/Traint/Free Casual Buttons Pack/Sprites/006 Light Yellow/Button 011.png using Guid(88af521b8579b7a4e868bc3cf689a679) Importer(815301076,1909f56bfc062723c751e8b465ee728b)  -> (artifact id: 'ce44033a5514aed5272838b59b4598a9') in 0.051616 seconds 
Number of asset objects unloaded after import = 3
========================================================================
Received Import Request.
  Time since last request: 0.000024 seconds.
  path: Assets/Store Assets/Traint/Free Casual Buttons Pack/Sprites/001 Red/Button 010.png
  artifactKey: Guid(92a85665d8d4a40419f1226df72b3217) Importer(815301076,1909f56bfc062723c751e8b465ee728b)
Number of updated assets reloaded before import = 0
Start importing Assets/Store Assets/Traint/Free Casual Buttons Pack/Sprites/001 Red/Button 010.png using Guid(92a85665d8d4a40419f1226df72b3217) Importer(815301076,1909f56bfc062723c751e8b465ee728b)  -> (artifact id: '05c27389f40bd81263f8f43847cf39c3') in 0.057096 seconds 
Number of asset objects unloaded after import = 3
========================================================================
Received Import Request.
  Time since last request: 0.617476 seconds.
  path: Assets/Store Assets/Traint/Free Casual Buttons Pack/Sprites/004 Light Orange/Button 011.png
  artifactKey: Guid(3f918843c0731864990e0f7bdd0b74a5) Importer(815301076,1909f56bfc062723c751e8b465ee728b)
Number of updated assets reloaded before import = 0
Start importing Assets/Store Assets/Traint/Free Casual Buttons Pack/Sprites/004 Light Orange/Button 011.png using Guid(3f918843c0731864990e0f7bdd0b74a5) Importer(815301076,1909f56bfc062723c751e8b465ee728b)  -> (artifact id: '51a73cedfe60ba98359a327d5f17348a') in 0.071606 seconds 
Number of asset objects unloaded after import = 3
========================================================================
Received Import Request.
  Time since last request: 0.000021 seconds.
  path: Assets/Store Assets/Traint/Free Casual Buttons Pack/Sprites/005 Yellow/Button 012.png
  artifactKey: Guid(f5e8e8d3c9068b847a4b4255d39c84a6) Importer(815301076,1909f56bfc062723c751e8b465ee728b)
Number of updated assets reloaded before import = 0
Start importing Assets/Store Assets/Traint/Free Casual Buttons Pack/Sprites/005 Yellow/Button 012.png using Guid(f5e8e8d3c9068b847a4b4255d39c84a6) Importer(815301076,1909f56bfc062723c751e8b465ee728b)  -> (artifact id: 'd25b8ea89be62588efcd250227a41f11') in 0.067991 seconds 
Number of asset objects unloaded after import = 3
========================================================================
Received Import Request.
  Time since last request: 0.000021 seconds.
  path: Assets/Store Assets/Traint/Free Casual Buttons Pack/Sprites/004 Light Orange/Button 012.png
  artifactKey: Guid(7433ad718d696064ca6e92e33388fa51) Importer(815301076,1909f56bfc062723c751e8b465ee728b)
Number of updated assets reloaded before import = 0
Start importing Assets/Store Assets/Traint/Free Casual Buttons Pack/Sprites/004 Light Orange/Button 012.png using Guid(7433ad718d696064ca6e92e33388fa51) Importer(815301076,1909f56bfc062723c751e8b465ee728b)  -> (artifact id: 'b35767fe6c29d2e8224539a6b2cd5425') in 0.050624 seconds 
Number of asset objects unloaded after import = 3
========================================================================
Received Import Request.
  Time since last request: 0.000031 seconds.
  path: Assets/Store Assets/Traint/Free Casual Buttons Pack/Sprites/009 Blue/Button 012.png
  artifactKey: Guid(d2eaa45929de05f458a307a849b2eb19) Importer(815301076,1909f56bfc062723c751e8b465ee728b)
Number of updated assets reloaded before import = 0
Start importing Assets/Store Assets/Traint/Free Casual Buttons Pack/Sprites/009 Blue/Button 012.png using Guid(d2eaa45929de05f458a307a849b2eb19) Importer(815301076,1909f56bfc062723c751e8b465ee728b)  -> (artifact id: '37735a60605cb93986445af62fa31438') in 0.042238 seconds 
Number of asset objects unloaded after import = 3
========================================================================
Received Import Request.
  Time since last request: 0.093894 seconds.
  path: Assets/Store Assets/Traint/Free Casual Buttons Pack/Sprites/004 Light Orange/Button 013.png
  artifactKey: Guid(f8bc30f9f9708114f8deca3cbe43e7b0) Importer(815301076,1909f56bfc062723c751e8b465ee728b)
Number of updated assets reloaded before import = 0
Start importing Assets/Store Assets/Traint/Free Casual Buttons Pack/Sprites/004 Light Orange/Button 013.png using Guid(f8bc30f9f9708114f8deca3cbe43e7b0) Importer(815301076,1909f56bfc062723c751e8b465ee728b)  -> (artifact id: 'f9f191e1ea23cef874fd415abadf8598') in 0.062980 seconds 
Number of asset objects unloaded after import = 3
========================================================================
Received Import Request.
  Time since last request: 0.000029 seconds.
  path: Assets/Store Assets/Traint/Free Casual Buttons Pack/Sprites/002 Bright Red/Button 014.png
  artifactKey: Guid(e2d7909c55fb8c14ca8849ec2f422a31) Importer(815301076,1909f56bfc062723c751e8b465ee728b)
Number of updated assets reloaded before import = 0
Start importing Assets/Store Assets/Traint/Free Casual Buttons Pack/Sprites/002 Bright Red/Button 014.png using Guid(e2d7909c55fb8c14ca8849ec2f422a31) Importer(815301076,1909f56bfc062723c751e8b465ee728b)  -> (artifact id: '7de898d2c6c1f1451cce32604c4175a6') in 0.058710 seconds 
Number of asset objects unloaded after import = 3
========================================================================
Received Import Request.
  Time since last request: 0.000030 seconds.
  path: Assets/Store Assets/Traint/Free Casual Buttons Pack/Sprites/008 Light Blue/Button 014.png
  artifactKey: Guid(a8a1a0322f58af34b9031029cff2f1dc) Importer(815301076,1909f56bfc062723c751e8b465ee728b)
Number of updated assets reloaded before import = 0
Start importing Assets/Store Assets/Traint/Free Casual Buttons Pack/Sprites/008 Light Blue/Button 014.png using Guid(a8a1a0322f58af34b9031029cff2f1dc) Importer(815301076,1909f56bfc062723c751e8b465ee728b)  -> (artifact id: '040d696d6e73b256c7928c8bcfdc81dd') in 0.053523 seconds 
Number of asset objects unloaded after import = 3
========================================================================
Received Import Request.
  Time since last request: 0.000031 seconds.
  path: Assets/Store Assets/Traint/Free Casual Buttons Pack/Sprites/001 Red/Button 013.png
  artifactKey: Guid(9025b5324aea7ba4abb5c85a4a5d3c2e) Importer(815301076,1909f56bfc062723c751e8b465ee728b)
Number of updated assets reloaded before import = 0
Start importing Assets/Store Assets/Traint/Free Casual Buttons Pack/Sprites/001 Red/Button 013.png using Guid(9025b5324aea7ba4abb5c85a4a5d3c2e) Importer(815301076,1909f56bfc062723c751e8b465ee728b)  -> (artifact id: 'b93c81ac9c4fe6f48f23dad96301cc5e') in 0.045102 seconds 
Number of asset objects unloaded after import = 3
========================================================================
Received Import Request.
  Time since last request: 0.063947 seconds.
  path: Assets/Store Assets/Traint/Free Casual Buttons Pack/Sprites/004 Light Orange/Button 014.png
  artifactKey: Guid(2a258cd2aea67b446b1ca5d4a579dced) Importer(815301076,1909f56bfc062723c751e8b465ee728b)
Number of updated assets reloaded before import = 0
Start importing Assets/Store Assets/Traint/Free Casual Buttons Pack/Sprites/004 Light Orange/Button 014.png using Guid(2a258cd2aea67b446b1ca5d4a579dced) Importer(815301076,1909f56bfc062723c751e8b465ee728b)  -> (artifact id: 'd948bcb2c35a69b5a013f544a270ab1f') in 0.058448 seconds 
Number of asset objects unloaded after import = 3
========================================================================
Received Import Request.
  Time since last request: 0.000028 seconds.
  path: Assets/Store Assets/Traint/Free Casual Buttons Pack/Sprites/003 Orange/Button 015.png
  artifactKey: Guid(7722145cdaf66634982650e4efe065d8) Importer(815301076,1909f56bfc062723c751e8b465ee728b)
Number of updated assets reloaded before import = 0
Start importing Assets/Store Assets/Traint/Free Casual Buttons Pack/Sprites/003 Orange/Button 015.png using Guid(7722145cdaf66634982650e4efe065d8) Importer(815301076,1909f56bfc062723c751e8b465ee728b)  -> (artifact id: '14b263a6e45399dcb00808976c34a8e6') in 0.073127 seconds 
Number of asset objects unloaded after import = 3
========================================================================
Received Import Request.
  Time since last request: 0.000047 seconds.
  path: Assets/Store Assets/Traint/Free Casual Buttons Pack/Sprites/007 Light Green/Button 014.png
  artifactKey: Guid(a2af1ad12d195af43911e82e06ad69d3) Importer(815301076,1909f56bfc062723c751e8b465ee728b)
Number of updated assets reloaded before import = 0
Start importing Assets/Store Assets/Traint/Free Casual Buttons Pack/Sprites/007 Light Green/Button 014.png using Guid(a2af1ad12d195af43911e82e06ad69d3) Importer(815301076,1909f56bfc062723c751e8b465ee728b)  -> (artifact id: 'a7d96e1e219f760514135775d86dceb4') in 0.054937 seconds 
Number of asset objects unloaded after import = 3
========================================================================
Received Import Request.
  Time since last request: 0.000050 seconds.
  path: Assets/Store Assets/Traint/Free Casual Buttons Pack/Sprites/009 Blue/Button 015.png
  artifactKey: Guid(9df0ef828dd6bda4288fb3523720bb3d) Importer(815301076,1909f56bfc062723c751e8b465ee728b)
Number of updated assets reloaded before import = 0
Start importing Assets/Store Assets/Traint/Free Casual Buttons Pack/Sprites/009 Blue/Button 015.png using Guid(9df0ef828dd6bda4288fb3523720bb3d) Importer(815301076,1909f56bfc062723c751e8b465ee728b)  -> (artifact id: 'd5400110a607e6059dbd17d58102300d') in 0.056137 seconds 
Number of asset objects unloaded after import = 3
========================================================================
Received Import Request.
  Time since last request: 0.000038 seconds.
  path: Assets/Store Assets/Traint/Free Casual Buttons Pack/Sprites/006 Light Yellow/Button 016.png
  artifactKey: Guid(58c0626d52d72314ca5280bb9a6bcc73) Importer(815301076,1909f56bfc062723c751e8b465ee728b)
Number of updated assets reloaded before import = 0
Start importing Assets/Store Assets/Traint/Free Casual Buttons Pack/Sprites/006 Light Yellow/Button 016.png using Guid(58c0626d52d72314ca5280bb9a6bcc73) Importer(815301076,1909f56bfc062723c751e8b465ee728b)  -> (artifact id: '9cf0a1568e9412a5d8c08c282d54b87f') in 0.063064 seconds 
Number of asset objects unloaded after import = 3
========================================================================
Received Import Request.
  Time since last request: 0.000029 seconds.
  path: Assets/Store Assets/Traint/Free Casual Buttons Pack/Sprites/004 Light Orange/Button 016.png
  artifactKey: Guid(da4463592d312d74a8c4e34010067d75) Importer(815301076,1909f56bfc062723c751e8b465ee728b)
Number of updated assets reloaded before import = 0
Start importing Assets/Store Assets/Traint/Free Casual Buttons Pack/Sprites/004 Light Orange/Button 016.png using Guid(da4463592d312d74a8c4e34010067d75) Importer(815301076,1909f56bfc062723c751e8b465ee728b)  -> (artifact id: '7852e1e4473347ab39c3390193125bbd') in 0.063196 seconds 
Number of asset objects unloaded after import = 3
========================================================================
Received Import Request.
  Time since last request: 0.000027 seconds.
  path: Assets/Store Assets/Traint/Free Casual Buttons Pack/Sprites/006 Light Yellow/Button 015.png
  artifactKey: Guid(a71d93e5f1eab7e46a7630da90614892) Importer(815301076,1909f56bfc062723c751e8b465ee728b)
Number of updated assets reloaded before import = 0
Start importing Assets/Store Assets/Traint/Free Casual Buttons Pack/Sprites/006 Light Yellow/Button 015.png using Guid(a71d93e5f1eab7e46a7630da90614892) Importer(815301076,1909f56bfc062723c751e8b465ee728b)  -> (artifact id: 'dbe8c149ce51571aa64fb1631c0f5d49') in 0.064433 seconds 
Number of asset objects unloaded after import = 3
========================================================================
Received Import Request.
  Time since last request: 0.000040 seconds.
  path: Assets/Store Assets/Traint/Free Casual Buttons Pack/Sprites/005 Yellow/Button 016.png
  artifactKey: Guid(032f28ea711d2f049b14118150780364) Importer(815301076,1909f56bfc062723c751e8b465ee728b)
Number of updated assets reloaded before import = 0
Start importing Assets/Store Assets/Traint/Free Casual Buttons Pack/Sprites/005 Yellow/Button 016.png using Guid(032f28ea711d2f049b14118150780364) Importer(815301076,1909f56bfc062723c751e8b465ee728b)  -> (artifact id: '1e1ae984c9317e77e865c878b32f3054') in 0.063587 seconds 
Number of asset objects unloaded after import = 3
========================================================================
Received Import Request.
  Time since last request: 0.338307 seconds.
  path: Assets/Store Assets/Traint/Free Casual Buttons Pack/Sprites/001 Red/Button 017.png
  artifactKey: Guid(a2abc9121a12cfd468eb6c8a89713f2e) Importer(815301076,1909f56bfc062723c751e8b465ee728b)
Number of updated assets reloaded before import = 0
Start importing Assets/Store Assets/Traint/Free Casual Buttons Pack/Sprites/001 Red/Button 017.png using Guid(a2abc9121a12cfd468eb6c8a89713f2e) Importer(815301076,1909f56bfc062723c751e8b465ee728b)  -> (artifact id: '6a935af710338031c8c417d9b9617635') in 0.078238 seconds 
Number of asset objects unloaded after import = 3
========================================================================
Received Import Request.
  Time since last request: 0.000022 seconds.
  path: Assets/Store Assets/Traint/Free Casual Buttons Pack/Sprites/009 Blue/Button 017.png
  artifactKey: Guid(1d5dc61518926cf4380d4c532ea79d9f) Importer(815301076,1909f56bfc062723c751e8b465ee728b)
Number of updated assets reloaded before import = 0
Start importing Assets/Store Assets/Traint/Free Casual Buttons Pack/Sprites/009 Blue/Button 017.png using Guid(1d5dc61518926cf4380d4c532ea79d9f) Importer(815301076,1909f56bfc062723c751e8b465ee728b)  -> (artifact id: '2f118c31df7372797ba5b08699d1d432') in 0.050893 seconds 
Number of asset objects unloaded after import = 3
========================================================================
Received Import Request.
  Time since last request: 0.000022 seconds.
  path: Assets/Store Assets/Traint/Free Casual Buttons Pack/Sprites/001 Red/Button 018.png
  artifactKey: Guid(4ff805d132cf2de4b90f208d559c88d2) Importer(815301076,1909f56bfc062723c751e8b465ee728b)
Number of updated assets reloaded before import = 0
Start importing Assets/Store Assets/Traint/Free Casual Buttons Pack/Sprites/001 Red/Button 018.png using Guid(4ff805d132cf2de4b90f208d559c88d2) Importer(815301076,1909f56bfc062723c751e8b465ee728b)  -> (artifact id: 'd068359fcc47059dae44c8bc6cdf95e6') in 0.058374 seconds 
Number of asset objects unloaded after import = 3
========================================================================
Received Import Request.
  Time since last request: 0.000025 seconds.
  path: Assets/Store Assets/Traint/Free Casual Buttons Pack/Sprites/002 Bright Red/Button 017.png
  artifactKey: Guid(e376d7aa1168a1840853dbb083131b9e) Importer(815301076,1909f56bfc062723c751e8b465ee728b)
Number of updated assets reloaded before import = 0
Start importing Assets/Store Assets/Traint/Free Casual Buttons Pack/Sprites/002 Bright Red/Button 017.png using Guid(e376d7aa1168a1840853dbb083131b9e) Importer(815301076,1909f56bfc062723c751e8b465ee728b)  -> (artifact id: '3014987429b939cf8a9247f39681f095') in 0.052059 seconds 
Number of asset objects unloaded after import = 3
========================================================================
Received Import Request.
  Time since last request: 0.009491 seconds.
  path: Assets/Store Assets/Traint/Free Casual Buttons Pack/Sprites/006 Light Yellow/Button 018.png
  artifactKey: Guid(cd99c426adc354d469b5b65203eccd1d) Importer(815301076,1909f56bfc062723c751e8b465ee728b)
Number of updated assets reloaded before import = 0
Start importing Assets/Store Assets/Traint/Free Casual Buttons Pack/Sprites/006 Light Yellow/Button 018.png using Guid(cd99c426adc354d469b5b65203eccd1d) Importer(815301076,1909f56bfc062723c751e8b465ee728b)  -> (artifact id: 'f5ab478088feda269cae9a8020759380') in 0.058479 seconds 
Number of asset objects unloaded after import = 3
========================================================================
Received Import Request.
  Time since last request: 0.000026 seconds.
  path: Assets/Store Assets/Traint/Free Casual Buttons Pack/Sprites/004 Light Orange/Button 018.png
  artifactKey: Guid(ff8dea074dbf37741b1cadbcaf08f58f) Importer(815301076,1909f56bfc062723c751e8b465ee728b)
Number of updated assets reloaded before import = 0
Start importing Assets/Store Assets/Traint/Free Casual Buttons Pack/Sprites/004 Light Orange/Button 018.png using Guid(ff8dea074dbf37741b1cadbcaf08f58f) Importer(815301076,1909f56bfc062723c751e8b465ee728b)  -> (artifact id: 'c7d4166c968aeb9201ad749302e8b683') in 0.061226 seconds 
Number of asset objects unloaded after import = 3
========================================================================
Received Import Request.
  Time since last request: 0.000032 seconds.
  path: Assets/Store Assets/Traint/Free Casual Buttons Pack/Sprites/007 Light Green/Button 018.png
  artifactKey: Guid(c224cc9d83d7c3b4ea4ab83a52cbfa07) Importer(815301076,1909f56bfc062723c751e8b465ee728b)
Number of updated assets reloaded before import = 0
Start importing Assets/Store Assets/Traint/Free Casual Buttons Pack/Sprites/007 Light Green/Button 018.png using Guid(c224cc9d83d7c3b4ea4ab83a52cbfa07) Importer(815301076,1909f56bfc062723c751e8b465ee728b)  -> (artifact id: 'b863021221c2ebe3903f311f3a9d49c5') in 0.060253 seconds 
Number of asset objects unloaded after import = 3
========================================================================
Received Import Request.
  Time since last request: 0.000053 seconds.
  path: Assets/Store Assets/Traint/Free Casual Buttons Pack/Sprites/007 Light Green/Button 019.png
  artifactKey: Guid(3da7db2c35bc2114bb9b8feed2ce796b) Importer(815301076,1909f56bfc062723c751e8b465ee728b)
Number of updated assets reloaded before import = 0
Start importing Assets/Store Assets/Traint/Free Casual Buttons Pack/Sprites/007 Light Green/Button 019.png using Guid(3da7db2c35bc2114bb9b8feed2ce796b) Importer(815301076,1909f56bfc062723c751e8b465ee728b)  -> (artifact id: '9ec87142ab28c26524120d3a8de906f8') in 0.060222 seconds 
Number of asset objects unloaded after import = 3
========================================================================
Received Import Request.
  Time since last request: 0.075140 seconds.
  path: Assets/Store Assets/Traint/Free Casual Buttons Pack/Sprites/009 Blue/Button 019.png
  artifactKey: Guid(e8875a0638999c44da11b62baea71139) Importer(815301076,1909f56bfc062723c751e8b465ee728b)
Number of updated assets reloaded before import = 0
Start importing Assets/Store Assets/Traint/Free Casual Buttons Pack/Sprites/009 Blue/Button 019.png using Guid(e8875a0638999c44da11b62baea71139) Importer(815301076,1909f56bfc062723c751e8b465ee728b)  -> (artifact id: '304b6ae57ee9aa7c63d4bf23a5e3aafb') in 0.059979 seconds 
Number of asset objects unloaded after import = 3
========================================================================
Received Import Request.
  Time since last request: 0.000029 seconds.
  path: Assets/Store Assets/Traint/Free Casual Buttons Pack/Sprites/002 Bright Red/Button 020.png
  artifactKey: Guid(990359bdaf8f53844a9908322cb77359) Importer(815301076,1909f56bfc062723c751e8b465ee728b)
Number of updated assets reloaded before import = 0
Start importing Assets/Store Assets/Traint/Free Casual Buttons Pack/Sprites/002 Bright Red/Button 020.png using Guid(990359bdaf8f53844a9908322cb77359) Importer(815301076,1909f56bfc062723c751e8b465ee728b)  -> (artifact id: '18fc0ac401e56811302b5e3d2901cb3b') in 0.079886 seconds 
Number of asset objects unloaded after import = 3
========================================================================
Received Import Request.
  Time since last request: 0.000052 seconds.
  path: Assets/Store Assets/Traint/Free Casual Buttons Pack/Sprites/004 Light Orange/Button 020.png
  artifactKey: Guid(b28c0396472aeae449be4721701f3fd6) Importer(815301076,1909f56bfc062723c751e8b465ee728b)
Number of updated assets reloaded before import = 0
Start importing Assets/Store Assets/Traint/Free Casual Buttons Pack/Sprites/004 Light Orange/Button 020.png using Guid(b28c0396472aeae449be4721701f3fd6) Importer(815301076,1909f56bfc062723c751e8b465ee728b)  -> (artifact id: '088c164e5d0b81581f8d0fde81f6ad6e') in 0.061493 seconds 
Number of asset objects unloaded after import = 3
========================================================================
Received Import Request.
  Time since last request: 0.000048 seconds.
  path: Assets/Store Assets/Traint/Free Casual Buttons Pack/Sprites/007 Light Green/Button 022.png
  artifactKey: Guid(8dcaa7a55292567409136ba46925f329) Importer(815301076,1909f56bfc062723c751e8b465ee728b)
Number of updated assets reloaded before import = 0
Start importing Assets/Store Assets/Traint/Free Casual Buttons Pack/Sprites/007 Light Green/Button 022.png using Guid(8dcaa7a55292567409136ba46925f329) Importer(815301076,1909f56bfc062723c751e8b465ee728b)  -> (artifact id: '0ac34e3e40ecfff654a68b46ecc1dd40') in 0.062866 seconds 
Number of asset objects unloaded after import = 3
========================================================================
Received Import Request.
  Time since last request: 0.000033 seconds.
  path: Assets/Store Assets/Traint/Free Casual Buttons Pack/Sprites/005 Yellow/Button 021.png
  artifactKey: Guid(0888c3cba90041b4796757e95f1ca0db) Importer(815301076,1909f56bfc062723c751e8b465ee728b)
Number of updated assets reloaded before import = 0
Start importing Assets/Store Assets/Traint/Free Casual Buttons Pack/Sprites/005 Yellow/Button 021.png using Guid(0888c3cba90041b4796757e95f1ca0db) Importer(815301076,1909f56bfc062723c751e8b465ee728b)  -> (artifact id: 'a8b11e0817b6129edfb35c14de171229') in 0.066467 seconds 
Number of asset objects unloaded after import = 3
========================================================================
Received Import Request.
  Time since last request: 0.000034 seconds.
  path: Assets/Store Assets/Traint/Free Casual Buttons Pack/Sprites/007 Light Green/Button 021.png
  artifactKey: Guid(f2722041512bd054b9cd8f7e81df2241) Importer(815301076,1909f56bfc062723c751e8b465ee728b)
Number of updated assets reloaded before import = 0
Start importing Assets/Store Assets/Traint/Free Casual Buttons Pack/Sprites/007 Light Green/Button 021.png using Guid(f2722041512bd054b9cd8f7e81df2241) Importer(815301076,1909f56bfc062723c751e8b465ee728b)  -> (artifact id: '85ce86e7eee778b511db94a5cbdb4860') in 0.062403 seconds 
Number of asset objects unloaded after import = 3
========================================================================
Received Import Request.
  Time since last request: 0.000041 seconds.
  path: Assets/Store Assets/Traint/Free Casual Buttons Pack/Sprites/001 Red/Button 021.png
  artifactKey: Guid(ebee8034fc4d7224dbc03aec706589e9) Importer(815301076,1909f56bfc062723c751e8b465ee728b)
Number of updated assets reloaded before import = 0
Start importing Assets/Store Assets/Traint/Free Casual Buttons Pack/Sprites/001 Red/Button 021.png using Guid(ebee8034fc4d7224dbc03aec706589e9) Importer(815301076,1909f56bfc062723c751e8b465ee728b)  -> (artifact id: '7e94f4f52a2e8330560963aea24b24a5') in 0.062178 seconds 
Number of asset objects unloaded after import = 3
========================================================================
Received Import Request.
  Time since last request: 0.000058 seconds.
  path: Assets/Store Assets/Traint/Free Casual Buttons Pack/Sprites/005 Yellow/Button 020.png
  artifactKey: Guid(87e8bbd9c3059444485bb9ddfd4e855a) Importer(815301076,1909f56bfc062723c751e8b465ee728b)
Number of updated assets reloaded before import = 0
Start importing Assets/Store Assets/Traint/Free Casual Buttons Pack/Sprites/005 Yellow/Button 020.png using Guid(87e8bbd9c3059444485bb9ddfd4e855a) Importer(815301076,1909f56bfc062723c751e8b465ee728b)  -> (artifact id: 'f1e54872105f27776f5f6e77ec13f060') in 0.068069 seconds 
Number of asset objects unloaded after import = 3
========================================================================
Received Import Request.
  Time since last request: 0.376092 seconds.
  path: Assets/Store Assets/Traint/Free Casual Buttons Pack/Sprites/006 Light Yellow/Button 022.png
  artifactKey: Guid(7cf128203be3f98458fdc01bdbba799e) Importer(815301076,1909f56bfc062723c751e8b465ee728b)
Number of updated assets reloaded before import = 0
Start importing Assets/Store Assets/Traint/Free Casual Buttons Pack/Sprites/006 Light Yellow/Button 022.png using Guid(7cf128203be3f98458fdc01bdbba799e) Importer(815301076,1909f56bfc062723c751e8b465ee728b)  -> (artifact id: '2dd16ee9e2b9c43185f5d9e46e3456ac') in 0.053253 seconds 
Number of asset objects unloaded after import = 3
========================================================================
Received Import Request.
  Time since last request: 0.000030 seconds.
  path: Assets/Store Assets/Traint/Free Casual Buttons Pack/Sprites/004 Light Orange/Button 022.png
  artifactKey: Guid(56404f7886b90bc4ca6a8b9e72588fec) Importer(815301076,1909f56bfc062723c751e8b465ee728b)
Number of updated assets reloaded before import = 0
Start importing Assets/Store Assets/Traint/Free Casual Buttons Pack/Sprites/004 Light Orange/Button 022.png using Guid(56404f7886b90bc4ca6a8b9e72588fec) Importer(815301076,1909f56bfc062723c751e8b465ee728b)  -> (artifact id: 'f3fa0d0ecff0d57e75ba0a77940947e4') in 0.053798 seconds 
Number of asset objects unloaded after import = 3
========================================================================
Received Import Request.
  Time since last request: 0.000034 seconds.
  path: Assets/Store Assets/Traint/Free Casual Buttons Pack/Sprites/005 Yellow/Button 023.png
  artifactKey: Guid(35dc2e995b2c4e542b154f232748e759) Importer(815301076,1909f56bfc062723c751e8b465ee728b)
Number of updated assets reloaded before import = 0
Start importing Assets/Store Assets/Traint/Free Casual Buttons Pack/Sprites/005 Yellow/Button 023.png using Guid(35dc2e995b2c4e542b154f232748e759) Importer(815301076,1909f56bfc062723c751e8b465ee728b)  -> (artifact id: 'a2969090e4a0d62281d9403f850b492f') in 0.044346 seconds 
Number of asset objects unloaded after import = 3
========================================================================
Received Import Request.
  Time since last request: 0.000022 seconds.
  path: Assets/Store Assets/Traint/Free Casual Buttons Pack/Sprites/006 Light Yellow/Button 023.png
  artifactKey: Guid(e5b479550d396f3409248ce49946504c) Importer(815301076,1909f56bfc062723c751e8b465ee728b)
Number of updated assets reloaded before import = 0
Start importing Assets/Store Assets/Traint/Free Casual Buttons Pack/Sprites/006 Light Yellow/Button 023.png using Guid(e5b479550d396f3409248ce49946504c) Importer(815301076,1909f56bfc062723c751e8b465ee728b)  -> (artifact id: 'a0540992a00775a1deb601f61eec5b60') in 0.043570 seconds 
Number of asset objects unloaded after import = 3
========================================================================
Received Import Request.
  Time since last request: 0.074358 seconds.
  path: Assets/Store Assets/Traint/Free Casual Buttons Pack/Sprites/009 Blue/Button 023.png
  artifactKey: Guid(f5a576a7f402e3a40b629a661f987d41) Importer(815301076,1909f56bfc062723c751e8b465ee728b)
Number of updated assets reloaded before import = 0
Start importing Assets/Store Assets/Traint/Free Casual Buttons Pack/Sprites/009 Blue/Button 023.png using Guid(f5a576a7f402e3a40b629a661f987d41) Importer(815301076,1909f56bfc062723c751e8b465ee728b)  -> (artifact id: '7920c781f80f49547bd66cfb87c986af') in 0.056753 seconds 
Number of asset objects unloaded after import = 3
========================================================================
Received Import Request.
  Time since last request: 0.000034 seconds.
  path: Assets/Store Assets/Traint/Free Casual Buttons Pack/Sprites/007 Light Green/Button 024.png
  artifactKey: Guid(4f31cbd562e855d4fb2bfc75e3f5b7c8) Importer(815301076,1909f56bfc062723c751e8b465ee728b)
Number of updated assets reloaded before import = 0
Start importing Assets/Store Assets/Traint/Free Casual Buttons Pack/Sprites/007 Light Green/Button 024.png using Guid(4f31cbd562e855d4fb2bfc75e3f5b7c8) Importer(815301076,1909f56bfc062723c751e8b465ee728b)  -> (artifact id: '5edf10b59e8dffa435fe863cf485618a') in 0.065190 seconds 
Number of asset objects unloaded after import = 3
========================================================================
Received Import Request.
  Time since last request: 0.000051 seconds.
  path: Assets/Store Assets/Traint/Free Casual Buttons Pack/Sprites/004 Light Orange/Button 024.png
  artifactKey: Guid(89546bbe941dd9c48ab9ff2c4b7f58bb) Importer(815301076,1909f56bfc062723c751e8b465ee728b)
Number of updated assets reloaded before import = 0
Start importing Assets/Store Assets/Traint/Free Casual Buttons Pack/Sprites/004 Light Orange/Button 024.png using Guid(89546bbe941dd9c48ab9ff2c4b7f58bb) Importer(815301076,1909f56bfc062723c751e8b465ee728b)  -> (artifact id: '0505a1614325c6ab6378cedde4928843') in 0.059983 seconds 
Number of asset objects unloaded after import = 3
========================================================================
Received Import Request.
  Time since last request: 0.000036 seconds.
  path: Assets/Store Assets/Traint/Free Casual Buttons Pack/Sprites/009 Blue/Button 024.png
  artifactKey: Guid(009aa238d5e2c824994489fa9e30c281) Importer(815301076,1909f56bfc062723c751e8b465ee728b)
Number of updated assets reloaded before import = 0
Start importing Assets/Store Assets/Traint/Free Casual Buttons Pack/Sprites/009 Blue/Button 024.png using Guid(009aa238d5e2c824994489fa9e30c281) Importer(815301076,1909f56bfc062723c751e8b465ee728b)  -> (artifact id: 'bc1288019fefd258ed66a8c0a1088813') in 0.060788 seconds 
Number of asset objects unloaded after import = 3
========================================================================
Received Import Request.
  Time since last request: 0.029874 seconds.
  path: Assets/Violet Theme Ui/Buttons/Button Blue.png
  artifactKey: Guid(4edd415ab2cd6784ea5e7905122a703d) Importer(815301076,1909f56bfc062723c751e8b465ee728b)
Number of updated assets reloaded before import = 0
Start importing Assets/Violet Theme Ui/Buttons/Button Blue.png using Guid(4edd415ab2cd6784ea5e7905122a703d) Importer(815301076,1909f56bfc062723c751e8b465ee728b)  -> (artifact id: 'f6ff10c8e32e25dd241a4ba7e3e63f78') in 0.043629 seconds 
Number of asset objects unloaded after import = 3
========================================================================
Received Import Request.
  Time since last request: 0.000037 seconds.
  path: Assets/Violet Theme Ui/Colored Icons/camera.png
  artifactKey: Guid(83392a0c45d009b4ca9b8bc8ec04cc55) Importer(815301076,1909f56bfc062723c751e8b465ee728b)
Number of updated assets reloaded before import = 0
Start importing Assets/Violet Theme Ui/Colored Icons/camera.png using Guid(83392a0c45d009b4ca9b8bc8ec04cc55) Importer(815301076,1909f56bfc062723c751e8b465ee728b)  -> (artifact id: '01266d16511bdee755521cc17ebeb4a5') in 0.047452 seconds 
Number of asset objects unloaded after import = 3
========================================================================
Received Import Request.
  Time since last request: 0.000068 seconds.
  path: Assets/PluginYourGames/Example/Sprites/ButtonTextureYG.png
  artifactKey: Guid(feff93c1978bc224c93e4d892462632f) Importer(815301076,1909f56bfc062723c751e8b465ee728b)
Number of updated assets reloaded before import = 0
Start importing Assets/PluginYourGames/Example/Sprites/ButtonTextureYG.png using Guid(feff93c1978bc224c93e4d892462632f) Importer(815301076,1909f56bfc062723c751e8b465ee728b)  -> (artifact id: '86e4f6867b5f97d3ba5bdeaab1dc415d') in 0.068360 seconds 
Number of asset objects unloaded after import = 3
========================================================================
Received Import Request.
  Time since last request: 0.142693 seconds.
  path: Assets/Violet Theme Ui/Colored Icons/Cash.png
  artifactKey: Guid(a5e15db1384d7b54a9485ae4b9c22cef) Importer(815301076,1909f56bfc062723c751e8b465ee728b)
Number of updated assets reloaded before import = 0
Start importing Assets/Violet Theme Ui/Colored Icons/Cash.png using Guid(a5e15db1384d7b54a9485ae4b9c22cef) Importer(815301076,1909f56bfc062723c751e8b465ee728b)  -> (artifact id: '40bf1bba6f6d668347086ba5610c4f4a') in 0.041185 seconds 
Number of asset objects unloaded after import = 3
========================================================================
Received Import Request.
  Time since last request: 0.000028 seconds.
  path: Assets/Violet Theme Ui/Colored Icons/Dark Coins.png
  artifactKey: Guid(cecd9cbf00a9099418ce8a1653a82c7f) Importer(815301076,1909f56bfc062723c751e8b465ee728b)
Number of updated assets reloaded before import = 0
Start importing Assets/Violet Theme Ui/Colored Icons/Dark Coins.png using Guid(cecd9cbf00a9099418ce8a1653a82c7f) Importer(815301076,1909f56bfc062723c751e8b465ee728b)  -> (artifact id: 'e57b6a2ca9011fb1367aea7ddedca84f') in 0.032310 seconds 
Number of asset objects unloaded after import = 3
========================================================================
Received Import Request.
  Time since last request: 0.000026 seconds.
  path: Assets/Violet Theme Ui/Colored Icons/Crown 2.png
  artifactKey: Guid(6732a03145e8bd0408862257da102895) Importer(815301076,1909f56bfc062723c751e8b465ee728b)
Number of updated assets reloaded before import = 0
Start importing Assets/Violet Theme Ui/Colored Icons/Crown 2.png using Guid(6732a03145e8bd0408862257da102895) Importer(815301076,1909f56bfc062723c751e8b465ee728b)  -> (artifact id: '873aa825d3b99980021abd3665c16e91') in 0.038354 seconds 
Number of asset objects unloaded after import = 3
========================================================================
Received Import Request.
  Time since last request: 0.000042 seconds.
  path: Assets/Violet Theme Ui/Colored Icons/Dark Gem.png
  artifactKey: Guid(1dbf5dede7c691641bc771e42b2de99b) Importer(815301076,1909f56bfc062723c751e8b465ee728b)
Number of updated assets reloaded before import = 0
Start importing Assets/Violet Theme Ui/Colored Icons/Dark Gem.png using Guid(1dbf5dede7c691641bc771e42b2de99b) Importer(815301076,1909f56bfc062723c751e8b465ee728b)  -> (artifact id: '22be13b795aa75c719f1629ce2736eb3') in 0.041796 seconds 
Number of asset objects unloaded after import = 3
========================================================================
Received Import Request.
  Time since last request: 0.070278 seconds.
  path: Assets/Violet Theme Ui/Panels/Dark Panel Blue.png
  artifactKey: Guid(207cc794caeb5e74e9163ba05a99b1bc) Importer(815301076,1909f56bfc062723c751e8b465ee728b)
Number of updated assets reloaded before import = 0
Start importing Assets/Violet Theme Ui/Panels/Dark Panel Blue.png using Guid(207cc794caeb5e74e9163ba05a99b1bc) Importer(815301076,1909f56bfc062723c751e8b465ee728b)  -> (artifact id: '9779e8d1ed311911db4426eef0e26992') in 0.126017 seconds 
Number of asset objects unloaded after import = 3
========================================================================
Received Import Request.
  Time since last request: 0.000026 seconds.
  path: Assets/Violet Theme Ui/Panels/Dark Panels Style 2 Orange.png
  artifactKey: Guid(5af159fe7617e0d49bac227578248a75) Importer(815301076,1909f56bfc062723c751e8b465ee728b)
Number of updated assets reloaded before import = 0
Start importing Assets/Violet Theme Ui/Panels/Dark Panels Style 2 Orange.png using Guid(5af159fe7617e0d49bac227578248a75) Importer(815301076,1909f56bfc062723c751e8b465ee728b)  -> (artifact id: '0c6bbeafdc7e34265ba4b0a4ec3b6ab6') in 0.126191 seconds 
Number of asset objects unloaded after import = 3
========================================================================
Received Import Request.
  Time since last request: 0.000042 seconds.
  path: Assets/Violet Theme Ui/Panels/Dark Panels Style 2 Green.png
  artifactKey: Guid(b40d433859d7ac84bbaef8c466cbe4f1) Importer(815301076,1909f56bfc062723c751e8b465ee728b)
Number of updated assets reloaded before import = 0
Start importing Assets/Violet Theme Ui/Panels/Dark Panels Style 2 Green.png using Guid(b40d433859d7ac84bbaef8c466cbe4f1) Importer(815301076,1909f56bfc062723c751e8b465ee728b)  -> (artifact id: '2aa1f219362962f4a831827da6890b07') in 0.116941 seconds 
Number of asset objects unloaded after import = 3
========================================================================
Received Import Request.
  Time since last request: 0.000045 seconds.
  path: Assets/Violet Theme Ui/Panels/Dark Panel Purple.png
  artifactKey: Guid(f013fbdef39944b438a519b1307f1ba6) Importer(815301076,1909f56bfc062723c751e8b465ee728b)
Number of updated assets reloaded before import = 0
Start importing Assets/Violet Theme Ui/Panels/Dark Panel Purple.png using Guid(f013fbdef39944b438a519b1307f1ba6) Importer(815301076,1909f56bfc062723c751e8b465ee728b)  -> (artifact id: 'ce9356d221d102ad191a61232451d0d8') in 0.117074 seconds 
Number of asset objects unloaded after import = 3
========================================================================
Received Prepare
Registering precompiled user dll's ...
Registered in 0.003134 seconds.
Begin MonoManager ReloadAssembly
Native extension for WindowsStandalone target not found
Failed to load: C:/Program Files/Unity/Hub/Editor/2021.3.36f1/Editor/Data/PlaybackEngines/iOSSupport\x64\UnityEditor.iOS.Native.dll
Native extension for iOS target not found
Native extension for Android target not found
Native extension for WebGL target not found
Refreshing native plugins compatible for Editor in 0.77 ms, found 3 plugins.
Preloading 0 native plugins for Editor in 0.00 ms.
[Package Manager] Server::EnsureServerProcessIsRunning -- launch failed, reason: Unity was launched with the -noUpm command-line argument
[Package Manager] Cannot connect to Unity Package Manager local server
[Package Manager] Server::EnsureServerProcessIsRunning -- launch failed, reason: Unity was launched with the -noUpm command-line argument
[Package Manager] Cannot connect to Unity Package Manager local server
[ScriptCompilation] NOT recompiling all scripts because this is an import worker process. Reason to compile was: Define symbols changed
Mono: successfully reloaded assembly
- Completed reload, in  1.594 seconds
Domain Reload Profiling:
	ReloadAssembly (1595ms)
		BeginReloadAssembly (133ms)
			ExecutionOrderSort (0ms)
			DisableScriptedObjects (4ms)
			BackupInstance (0ms)
			ReleaseScriptingObjects (0ms)
			CreateAndSetChildDomain (33ms)
		EndReloadAssembly (1389ms)
			LoadAssemblies (91ms)
			RebuildTransferFunctionScriptingTraits (0ms)
			SetupTypeCache (240ms)
			ReleaseScriptCaches (2ms)
			RebuildScriptCaches (41ms)
			SetupLoadedEditorAssemblies (948ms)
				LogAssemblyErrors (0ms)
				InitializePlatformSupportModulesInManaged (30ms)
				SetLoadedEditorAssemblies (0ms)
				RefreshPlugins (1ms)
				BeforeProcessingInitializeOnLoad (71ms)
				ProcessInitializeOnLoadAttributes (703ms)
				ProcessInitializeOnLoadMethodAttributes (131ms)
				AfterProcessingInitializeOnLoad (11ms)
				EditorAssembliesLoaded (0ms)
			ExecutionOrderSort2 (0ms)
			AwakeInstancesAfterBackupRestoration (14ms)
Platform modules already initialized, skipping
Refreshing native plugins compatible for Editor in 1.45 ms, found 3 plugins.
Preloading 0 native plugins for Editor in 0.00 ms.
Unloading 4413 Unused Serialized files (Serialized files now loaded: 0)
Unloading 53 unused Assets / (167.3 KB). Loaded Objects now: 5006.
Memory consumption went from 159.4 MB to 159.3 MB.
Total: 4.901100 ms (FindLiveObjects: 0.389500 ms CreateObjectMapping: 0.205700 ms MarkObjects: 4.210900 ms  DeleteObjects: 0.092300 ms)

AssetImportParameters requested are different than current active one (requested -> active):
  custom:video-decoder-ogg-theora: a1e56fd34408186e4bbccfd4996cb3dc -> 
  custom:container-muxer-webm: aa71ff27fc2769a1b78a27578f13a17b -> 
  custom:container-demuxer-webm: 4f35f7cbe854078d1ac9338744f61a02 -> 
  custom:video-encoder-webm-vp8: eb34c28f22e8b96e1ab97ce403110664 -> 
  custom:video-codec-MediaFoundation-h265: 746d11721c4dcdbdad8f713fa42b33f4 -> 
  custom:CustomObjectIndexerAttribute: bc11b3a6c3213fcdd17b65e7da85e133 -> 
  custom:audio-encoder-webm-vorbis: bf7c407c2cedff20999df2af8eb42d56 -> 
  custom:framework-win-MediaFoundation: 216162199b28c13a410421893ffa2e32 -> 
  custom:SearchIndexIgnoredProperties: e643bd26f0fe6173181afceb89e7c659 -> 
  custom:container-demuxer-ogg: 62fdf1f143b41e24485cea50d1cbac27 -> 
  custom:video-decoder-webm-vp8: 9c59270c3fd7afecdb556c50c9e8de78 -> 
  custom:audio-decoder-ogg-vorbis: bf7c407c2cedff20999df2af8eb42d56 -> 
========================================================================
Received Prepare
Registering precompiled user dll's ...
Registered in 0.004979 seconds.
Begin MonoManager ReloadAssembly
Native extension for WindowsStandalone target not found
Failed to load: C:/Program Files/Unity/Hub/Editor/2021.3.36f1/Editor/Data/PlaybackEngines/iOSSupport\x64\UnityEditor.iOS.Native.dll
Native extension for iOS target not found
Native extension for Android target not found
Native extension for WebGL target not found
Refreshing native plugins compatible for Editor in 1.01 ms, found 3 plugins.
Preloading 0 native plugins for Editor in 0.00 ms.
[Package Manager] Server::EnsureServerProcessIsRunning -- launch failed, reason: Unity was launched with the -noUpm command-line argument
[Package Manager] Cannot connect to Unity Package Manager local server
[Package Manager] Server::EnsureServerProcessIsRunning -- launch failed, reason: Unity was launched with the -noUpm command-line argument
[Package Manager] Cannot connect to Unity Package Manager local server
[ScriptCompilation] NOT recompiling all scripts because this is an import worker process. Reason to compile was: Define symbols changed
Mono: successfully reloaded assembly
- Completed reload, in  1.693 seconds
Domain Reload Profiling:
	ReloadAssembly (1694ms)
		BeginReloadAssembly (129ms)
			ExecutionOrderSort (0ms)
			DisableScriptedObjects (4ms)
			BackupInstance (0ms)
			ReleaseScriptingObjects (0ms)
			CreateAndSetChildDomain (32ms)
		EndReloadAssembly (1493ms)
			LoadAssemblies (84ms)
			RebuildTransferFunctionScriptingTraits (0ms)
			SetupTypeCache (223ms)
			ReleaseScriptCaches (2ms)
			RebuildScriptCaches (36ms)
			SetupLoadedEditorAssemblies (1084ms)
				LogAssemblyErrors (0ms)
				InitializePlatformSupportModulesInManaged (44ms)
				SetLoadedEditorAssemblies (1ms)
				RefreshPlugins (1ms)
				BeforeProcessingInitializeOnLoad (91ms)
				ProcessInitializeOnLoadAttributes (810ms)
				ProcessInitializeOnLoadMethodAttributes (127ms)
				AfterProcessingInitializeOnLoad (10ms)
				EditorAssembliesLoaded (0ms)
			ExecutionOrderSort2 (0ms)
			AwakeInstancesAfterBackupRestoration (11ms)
Platform modules already initialized, skipping
Refreshing native plugins compatible for Editor in 1.58 ms, found 3 plugins.
Preloading 0 native plugins for Editor in 0.00 ms.
Unloading 4413 Unused Serialized files (Serialized files now loaded: 0)
Unloading 53 unused Assets / (168.3 KB). Loaded Objects now: 5009.
Memory consumption went from 159.5 MB to 159.3 MB.
Total: 6.245400 ms (FindLiveObjects: 0.508000 ms CreateObjectMapping: 0.274300 ms MarkObjects: 5.340300 ms  DeleteObjects: 0.119900 ms)

AssetImportParameters requested are different than current active one (requested -> active):
  custom:video-decoder-ogg-theora: a1e56fd34408186e4bbccfd4996cb3dc -> 
  custom:container-muxer-webm: aa71ff27fc2769a1b78a27578f13a17b -> 
  custom:container-demuxer-webm: 4f35f7cbe854078d1ac9338744f61a02 -> 
  custom:video-encoder-webm-vp8: eb34c28f22e8b96e1ab97ce403110664 -> 
  custom:video-codec-MediaFoundation-h265: 746d11721c4dcdbdad8f713fa42b33f4 -> 
  custom:CustomObjectIndexerAttribute: bc11b3a6c3213fcdd17b65e7da85e133 -> 
  custom:audio-encoder-webm-vorbis: bf7c407c2cedff20999df2af8eb42d56 -> 
  custom:framework-win-MediaFoundation: 216162199b28c13a410421893ffa2e32 -> 
  custom:SearchIndexIgnoredProperties: e643bd26f0fe6173181afceb89e7c659 -> 
  custom:container-demuxer-ogg: 62fdf1f143b41e24485cea50d1cbac27 -> 
  custom:video-decoder-webm-vp8: 9c59270c3fd7afecdb556c50c9e8de78 -> 
  custom:audio-decoder-ogg-vorbis: bf7c407c2cedff20999df2af8eb42d56 -> 
========================================================================
Received Prepare
Registering precompiled user dll's ...
Registered in 0.005122 seconds.
Begin MonoManager ReloadAssembly
Native extension for WindowsStandalone target not found
Failed to load: C:/Program Files/Unity/Hub/Editor/2021.3.36f1/Editor/Data/PlaybackEngines/iOSSupport\x64\UnityEditor.iOS.Native.dll
Native extension for iOS target not found
Native extension for Android target not found
Native extension for WebGL target not found
Refreshing native plugins compatible for Editor in 1.06 ms, found 3 plugins.
Preloading 0 native plugins for Editor in 0.00 ms.
[Package Manager] Server::EnsureServerProcessIsRunning -- launch failed, reason: Unity was launched with the -noUpm command-line argument
[Package Manager] Cannot connect to Unity Package Manager local server
[Package Manager] Server::EnsureServerProcessIsRunning -- launch failed, reason: Unity was launched with the -noUpm command-line argument
[Package Manager] Cannot connect to Unity Package Manager local server
[ScriptCompilation] NOT recompiling all scripts because this is an import worker process. Reason to compile was: Define symbols changed
Mono: successfully reloaded assembly
- Completed reload, in  2.152 seconds
Domain Reload Profiling:
	ReloadAssembly (2153ms)
		BeginReloadAssembly (177ms)
			ExecutionOrderSort (0ms)
			DisableScriptedObjects (5ms)
			BackupInstance (0ms)
			ReleaseScriptingObjects (0ms)
			CreateAndSetChildDomain (38ms)
		EndReloadAssembly (1856ms)
			LoadAssemblies (134ms)
			RebuildTransferFunctionScriptingTraits (0ms)
			SetupTypeCache (347ms)
			ReleaseScriptCaches (2ms)
			RebuildScriptCaches (57ms)
			SetupLoadedEditorAssemblies (1252ms)
				LogAssemblyErrors (0ms)
				InitializePlatformSupportModulesInManaged (53ms)
				SetLoadedEditorAssemblies (1ms)
				RefreshPlugins (1ms)
				BeforeProcessingInitializeOnLoad (134ms)
				ProcessInitializeOnLoadAttributes (905ms)
				ProcessInitializeOnLoadMethodAttributes (145ms)
				AfterProcessingInitializeOnLoad (12ms)
				EditorAssembliesLoaded (0ms)
			ExecutionOrderSort2 (0ms)
			AwakeInstancesAfterBackupRestoration (14ms)
Platform modules already initialized, skipping
Refreshing native plugins compatible for Editor in 1.53 ms, found 3 plugins.
Preloading 0 native plugins for Editor in 0.00 ms.
Unloading 4413 Unused Serialized files (Serialized files now loaded: 0)
Unloading 53 unused Assets / (168.3 KB). Loaded Objects now: 5012.
Memory consumption went from 159.5 MB to 159.3 MB.
Total: 5.048700 ms (FindLiveObjects: 0.422100 ms CreateObjectMapping: 0.228500 ms MarkObjects: 4.302000 ms  DeleteObjects: 0.094000 ms)

AssetImportParameters requested are different than current active one (requested -> active):
  custom:video-decoder-ogg-theora: a1e56fd34408186e4bbccfd4996cb3dc -> 
  custom:container-muxer-webm: aa71ff27fc2769a1b78a27578f13a17b -> 
  custom:container-demuxer-webm: 4f35f7cbe854078d1ac9338744f61a02 -> 
  custom:video-encoder-webm-vp8: eb34c28f22e8b96e1ab97ce403110664 -> 
  custom:video-codec-MediaFoundation-h265: 746d11721c4dcdbdad8f713fa42b33f4 -> 
  custom:CustomObjectIndexerAttribute: bc11b3a6c3213fcdd17b65e7da85e133 -> 
  custom:audio-encoder-webm-vorbis: bf7c407c2cedff20999df2af8eb42d56 -> 
  custom:framework-win-MediaFoundation: 216162199b28c13a410421893ffa2e32 -> 
  custom:SearchIndexIgnoredProperties: e643bd26f0fe6173181afceb89e7c659 -> 
  custom:container-demuxer-ogg: 62fdf1f143b41e24485cea50d1cbac27 -> 
  custom:video-decoder-webm-vp8: 9c59270c3fd7afecdb556c50c9e8de78 -> 
  custom:audio-decoder-ogg-vorbis: bf7c407c2cedff20999df2af8eb42d56 -> 
========================================================================
Received Prepare
Registering precompiled user dll's ...
Registered in 0.003123 seconds.
Begin MonoManager ReloadAssembly
Native extension for WindowsStandalone target not found
Failed to load: C:/Program Files/Unity/Hub/Editor/2021.3.36f1/Editor/Data/PlaybackEngines/iOSSupport\x64\UnityEditor.iOS.Native.dll
Native extension for iOS target not found
Native extension for Android target not found
Native extension for WebGL target not found
Refreshing native plugins compatible for Editor in 1.57 ms, found 3 plugins.
Preloading 0 native plugins for Editor in 0.00 ms.
[Package Manager] Server::EnsureServerProcessIsRunning -- launch failed, reason: Unity was launched with the -noUpm command-line argument
[Package Manager] Cannot connect to Unity Package Manager local server
[Package Manager] Server::EnsureServerProcessIsRunning -- launch failed, reason: Unity was launched with the -noUpm command-line argument
[Package Manager] Cannot connect to Unity Package Manager local server
[ScriptCompilation] NOT recompiling all scripts because this is an import worker process. Reason to compile was: Define symbols changed
Mono: successfully reloaded assembly
- Completed reload, in  1.935 seconds
Domain Reload Profiling:
	ReloadAssembly (1936ms)
		BeginReloadAssembly (132ms)
			ExecutionOrderSort (0ms)
			DisableScriptedObjects (4ms)
			BackupInstance (0ms)
			ReleaseScriptingObjects (0ms)
			CreateAndSetChildDomain (29ms)
		EndReloadAssembly (1733ms)
			LoadAssemblies (93ms)
			RebuildTransferFunctionScriptingTraits (0ms)
			SetupTypeCache (251ms)
			ReleaseScriptCaches (2ms)
			RebuildScriptCaches (52ms)
			SetupLoadedEditorAssemblies (1229ms)
				LogAssemblyErrors (0ms)
				InitializePlatformSupportModulesInManaged (45ms)
				SetLoadedEditorAssemblies (1ms)
				RefreshPlugins (2ms)
				BeforeProcessingInitializeOnLoad (123ms)
				ProcessInitializeOnLoadAttributes (902ms)
				ProcessInitializeOnLoadMethodAttributes (141ms)
				AfterProcessingInitializeOnLoad (14ms)
				EditorAssembliesLoaded (1ms)
			ExecutionOrderSort2 (0ms)
			AwakeInstancesAfterBackupRestoration (14ms)
Platform modules already initialized, skipping
Refreshing native plugins compatible for Editor in 1.80 ms, found 3 plugins.
Preloading 0 native plugins for Editor in 0.00 ms.
Unloading 4413 Unused Serialized files (Serialized files now loaded: 0)
Unloading 53 unused Assets / (168.2 KB). Loaded Objects now: 5015.
Memory consumption went from 159.3 MB to 159.1 MB.
Total: 5.642200 ms (FindLiveObjects: 0.411300 ms CreateObjectMapping: 0.338200 ms MarkObjects: 4.755300 ms  DeleteObjects: 0.135300 ms)

AssetImportParameters requested are different than current active one (requested -> active):
  custom:video-decoder-ogg-theora: a1e56fd34408186e4bbccfd4996cb3dc -> 
  custom:container-muxer-webm: aa71ff27fc2769a1b78a27578f13a17b -> 
  custom:container-demuxer-webm: 4f35f7cbe854078d1ac9338744f61a02 -> 
  custom:video-encoder-webm-vp8: eb34c28f22e8b96e1ab97ce403110664 -> 
  custom:video-codec-MediaFoundation-h265: 746d11721c4dcdbdad8f713fa42b33f4 -> 
  custom:CustomObjectIndexerAttribute: bc11b3a6c3213fcdd17b65e7da85e133 -> 
  custom:audio-encoder-webm-vorbis: bf7c407c2cedff20999df2af8eb42d56 -> 
  custom:framework-win-MediaFoundation: 216162199b28c13a410421893ffa2e32 -> 
  custom:SearchIndexIgnoredProperties: e643bd26f0fe6173181afceb89e7c659 -> 
  custom:container-demuxer-ogg: 62fdf1f143b41e24485cea50d1cbac27 -> 
  custom:video-decoder-webm-vp8: 9c59270c3fd7afecdb556c50c9e8de78 -> 
  custom:audio-decoder-ogg-vorbis: bf7c407c2cedff20999df2af8eb42d56 -> 
========================================================================
Received Prepare
Registering precompiled user dll's ...
Registered in 0.004279 seconds.
Begin MonoManager ReloadAssembly
Native extension for WindowsStandalone target not found
Failed to load: C:/Program Files/Unity/Hub/Editor/2021.3.36f1/Editor/Data/PlaybackEngines/iOSSupport\x64\UnityEditor.iOS.Native.dll
Native extension for iOS target not found
Native extension for Android target not found
Native extension for WebGL target not found
Refreshing native plugins compatible for Editor in 1.08 ms, found 3 plugins.
Preloading 0 native plugins for Editor in 0.00 ms.
[Package Manager] Server::EnsureServerProcessIsRunning -- launch failed, reason: Unity was launched with the -noUpm command-line argument
[Package Manager] Cannot connect to Unity Package Manager local server
[Package Manager] Server::EnsureServerProcessIsRunning -- launch failed, reason: Unity was launched with the -noUpm command-line argument
[Package Manager] Cannot connect to Unity Package Manager local server
System.IO.IOException: Sharing violation on path C:\UnityProject\Run\Assets\PluginYourGames\Editor\ModulesListYG2.txt
  at System.IO.FileStream..ctor (System.String path, System.IO.FileMode mode, System.IO.FileAccess access, System.IO.FileShare share, System.Int32 bufferSize, System.Boolean anonymous, System.IO.FileOptions options) [0x0019e] in <b4dec521950c405ea4b0b85c62087906>:0 
  at System.IO.FileStream..ctor (System.String path, System.IO.FileMode mode, System.IO.FileAccess access, System.IO.FileShare share, System.Int32 bufferSize, System.IO.FileOptions options) [0x00000] in <b4dec521950c405ea4b0b85c62087906>:0 
  at (wrapper remoting-invoke-with-check) System.IO.FileStream..ctor(string,System.IO.FileMode,System.IO.FileAccess,System.IO.FileShare,int,System.IO.FileOptions)
  at System.IO.StreamWriter..ctor (System.String path, System.Boolean append, System.Text.Encoding encoding, System.Int32 bufferSize) [0x00055] in <b4dec521950c405ea4b0b85c62087906>:0 
  at System.IO.StreamWriter..ctor (System.String path) [0x00008] in <b4dec521950c405ea4b0b85c62087906>:0 
  at (wrapper remoting-invoke-with-check) System.IO.StreamWriter..ctor(string)
  at System.IO.File.WriteAllText (System.String path, System.String contents) [0x00026] in <b4dec521950c405ea4b0b85c62087906>:0 
  at YG.EditorScr.DefineSymbols.ModulesDefineSymbols () [0x001e9] in C:\UnityProject\Run\Assets\PluginYourGames\Scripts\EditorScr\DefineSymbols.cs:215 
  at YG.EditorScr.DefineSymbols.UpdateDefineSymbols () [0x0000f] in C:\UnityProject\Run\Assets\PluginYourGames\Scripts\EditorScr\DefineSymbols.cs:57 
  at YG.EditorScr.DefineSymbols..cctor () [0x00023] in C:\UnityProject\Run\Assets\PluginYourGames\Scripts\EditorScr\DefineSymbols.cs:31 
UnityEngine.StackTraceUtility:ExtractStackTrace ()
UnityEngine.DebugLogHandler:LogFormat (UnityEngine.LogType,UnityEngine.Object,string,object[])
UnityEngine.Logger:Log (UnityEngine.LogType,object)
UnityEngine.Debug:LogError (object)
UnityEditor.EditorAssemblies:ProcessInitializeOnLoadAttributes (System.Type[])

Mono: successfully reloaded assembly
- Completed reload, in  2.077 seconds
Domain Reload Profiling:
	ReloadAssembly (2078ms)
		BeginReloadAssembly (204ms)
			ExecutionOrderSort (0ms)
			DisableScriptedObjects (6ms)
			BackupInstance (0ms)
			ReleaseScriptingObjects (0ms)
			CreateAndSetChildDomain (42ms)
		EndReloadAssembly (1736ms)
			LoadAssemblies (150ms)
			RebuildTransferFunctionScriptingTraits (0ms)
			SetupTypeCache (351ms)
			ReleaseScriptCaches (2ms)
			RebuildScriptCaches (55ms)
			SetupLoadedEditorAssemblies (1130ms)
				LogAssemblyErrors (0ms)
				InitializePlatformSupportModulesInManaged (51ms)
				SetLoadedEditorAssemblies (1ms)
				RefreshPlugins (1ms)
				BeforeProcessingInitializeOnLoad (98ms)
				ProcessInitializeOnLoadAttributes (816ms)
				ProcessInitializeOnLoadMethodAttributes (149ms)
				AfterProcessingInitializeOnLoad (12ms)
				EditorAssembliesLoaded (0ms)
			ExecutionOrderSort2 (0ms)
			AwakeInstancesAfterBackupRestoration (15ms)
Platform modules already initialized, skipping
Refreshing native plugins compatible for Editor in 1.75 ms, found 3 plugins.
Preloading 0 native plugins for Editor in 0.00 ms.
Unloading 4413 Unused Serialized files (Serialized files now loaded: 0)
Unloading 53 unused Assets / (167.3 KB). Loaded Objects now: 5018.
Memory consumption went from 159.3 MB to 159.1 MB.
Total: 6.831700 ms (FindLiveObjects: 0.537300 ms CreateObjectMapping: 0.288500 ms MarkObjects: 5.892900 ms  DeleteObjects: 0.110600 ms)

AssetImportParameters requested are different than current active one (requested -> active):
  custom:video-decoder-ogg-theora: a1e56fd34408186e4bbccfd4996cb3dc -> 
  custom:container-muxer-webm: aa71ff27fc2769a1b78a27578f13a17b -> 
  custom:container-demuxer-webm: 4f35f7cbe854078d1ac9338744f61a02 -> 
  custom:video-encoder-webm-vp8: eb34c28f22e8b96e1ab97ce403110664 -> 
  custom:video-codec-MediaFoundation-h265: 746d11721c4dcdbdad8f713fa42b33f4 -> 
  custom:CustomObjectIndexerAttribute: bc11b3a6c3213fcdd17b65e7da85e133 -> 
  custom:audio-encoder-webm-vorbis: bf7c407c2cedff20999df2af8eb42d56 -> 
  custom:framework-win-MediaFoundation: 216162199b28c13a410421893ffa2e32 -> 
  custom:SearchIndexIgnoredProperties: e643bd26f0fe6173181afceb89e7c659 -> 
  custom:container-demuxer-ogg: 62fdf1f143b41e24485cea50d1cbac27 -> 
  custom:video-decoder-webm-vp8: 9c59270c3fd7afecdb556c50c9e8de78 -> 
  custom:audio-decoder-ogg-vorbis: bf7c407c2cedff20999df2af8eb42d56 -> 
========================================================================
Received Prepare
Registering precompiled user dll's ...
Registered in 0.005486 seconds.
Begin MonoManager ReloadAssembly
Native extension for WindowsStandalone target not found
Failed to load: C:/Program Files/Unity/Hub/Editor/2021.3.36f1/Editor/Data/PlaybackEngines/iOSSupport\x64\UnityEditor.iOS.Native.dll
Native extension for iOS target not found
Native extension for Android target not found
Native extension for WebGL target not found
Refreshing native plugins compatible for Editor in 1.05 ms, found 3 plugins.
Preloading 0 native plugins for Editor in 0.00 ms.
[Package Manager] Server::EnsureServerProcessIsRunning -- launch failed, reason: Unity was launched with the -noUpm command-line argument
[Package Manager] Cannot connect to Unity Package Manager local server
[Package Manager] Server::EnsureServerProcessIsRunning -- launch failed, reason: Unity was launched with the -noUpm command-line argument
[Package Manager] Cannot connect to Unity Package Manager local server
[ScriptCompilation] NOT recompiling all scripts because this is an import worker process. Reason to compile was: Define symbols changed
Mono: successfully reloaded assembly
- Completed reload, in  2.024 seconds
Domain Reload Profiling:
	ReloadAssembly (2025ms)
		BeginReloadAssembly (192ms)
			ExecutionOrderSort (0ms)
			DisableScriptedObjects (7ms)
			BackupInstance (0ms)
			ReleaseScriptingObjects (0ms)
			CreateAndSetChildDomain (43ms)
		EndReloadAssembly (1706ms)
			LoadAssemblies (142ms)
			RebuildTransferFunctionScriptingTraits (0ms)
			SetupTypeCache (356ms)
			ReleaseScriptCaches (2ms)
			RebuildScriptCaches (53ms)
			SetupLoadedEditorAssemblies (1105ms)
				LogAssemblyErrors (0ms)
				InitializePlatformSupportModulesInManaged (44ms)
				SetLoadedEditorAssemblies (1ms)
				RefreshPlugins (1ms)
				BeforeProcessingInitializeOnLoad (109ms)
				ProcessInitializeOnLoadAttributes (795ms)
				ProcessInitializeOnLoadMethodAttributes (144ms)
				AfterProcessingInitializeOnLoad (11ms)
				EditorAssembliesLoaded (0ms)
			ExecutionOrderSort2 (0ms)
			AwakeInstancesAfterBackupRestoration (12ms)
Platform modules already initialized, skipping
Refreshing native plugins compatible for Editor in 1.54 ms, found 3 plugins.
Preloading 0 native plugins for Editor in 0.00 ms.
Unloading 4413 Unused Serialized files (Serialized files now loaded: 0)
Unloading 53 unused Assets / (167.3 KB). Loaded Objects now: 5021.
Memory consumption went from 159.3 MB to 159.1 MB.
Total: 6.200900 ms (FindLiveObjects: 0.502500 ms CreateObjectMapping: 0.253900 ms MarkObjects: 5.335900 ms  DeleteObjects: 0.105800 ms)

AssetImportParameters requested are different than current active one (requested -> active):
  custom:video-decoder-ogg-theora: a1e56fd34408186e4bbccfd4996cb3dc -> 
  custom:container-muxer-webm: aa71ff27fc2769a1b78a27578f13a17b -> 
  custom:container-demuxer-webm: 4f35f7cbe854078d1ac9338744f61a02 -> 
  custom:video-encoder-webm-vp8: eb34c28f22e8b96e1ab97ce403110664 -> 
  custom:video-codec-MediaFoundation-h265: 746d11721c4dcdbdad8f713fa42b33f4 -> 
  custom:CustomObjectIndexerAttribute: bc11b3a6c3213fcdd17b65e7da85e133 -> 
  custom:audio-encoder-webm-vorbis: bf7c407c2cedff20999df2af8eb42d56 -> 
  custom:framework-win-MediaFoundation: 216162199b28c13a410421893ffa2e32 -> 
  custom:SearchIndexIgnoredProperties: e643bd26f0fe6173181afceb89e7c659 -> 
  custom:container-demuxer-ogg: 62fdf1f143b41e24485cea50d1cbac27 -> 
  custom:video-decoder-webm-vp8: 9c59270c3fd7afecdb556c50c9e8de78 -> 
  custom:audio-decoder-ogg-vorbis: bf7c407c2cedff20999df2af8eb42d56 -> 
========================================================================
Received Import Request.
  Time since last request: 1262.714100 seconds.
  path: Assets/Scripts/Canvas/MoverReturnPanel.cs
  artifactKey: Guid(625b4b133533e954eb0255acb7c0fda8) Importer(815301076,1909f56bfc062723c751e8b465ee728b)
Number of updated assets reloaded before import = 0
Start importing Assets/Scripts/Canvas/MoverReturnPanel.cs using Guid(625b4b133533e954eb0255acb7c0fda8) Importer(815301076,1909f56bfc062723c751e8b465ee728b)  -> (artifact id: 'c87a7d007dc4fef8709536ba00a284c7') in 0.034319 seconds 
Number of asset objects unloaded after import = 0
========================================================================
Received Prepare
Registering precompiled user dll's ...
Registered in 0.010847 seconds.
Begin MonoManager ReloadAssembly
Native extension for WindowsStandalone target not found
Failed to load: C:/Program Files/Unity/Hub/Editor/2021.3.36f1/Editor/Data/PlaybackEngines/iOSSupport\x64\UnityEditor.iOS.Native.dll
Native extension for iOS target not found
Native extension for Android target not found
Native extension for WebGL target not found
Refreshing native plugins compatible for Editor in 0.90 ms, found 3 plugins.
Preloading 0 native plugins for Editor in 0.00 ms.
[Package Manager] Server::EnsureServerProcessIsRunning -- launch failed, reason: Unity was launched with the -noUpm command-line argument
[Package Manager] Cannot connect to Unity Package Manager local server
[Package Manager] Server::EnsureServerProcessIsRunning -- launch failed, reason: Unity was launched with the -noUpm command-line argument
[Package Manager] Cannot connect to Unity Package Manager local server
[ScriptCompilation] NOT recompiling all scripts because this is an import worker process. Reason to compile was: Define symbols changed
Mono: successfully reloaded assembly
- Completed reload, in  1.651 seconds
Domain Reload Profiling:
	ReloadAssembly (1652ms)
		BeginReloadAssembly (189ms)
			ExecutionOrderSort (0ms)
			DisableScriptedObjects (7ms)
			BackupInstance (0ms)
			ReleaseScriptingObjects (0ms)
			CreateAndSetChildDomain (43ms)
		EndReloadAssembly (1340ms)
			LoadAssemblies (129ms)
			RebuildTransferFunctionScriptingTraits (0ms)
			SetupTypeCache (402ms)
			ReleaseScriptCaches (2ms)
			RebuildScriptCaches (55ms)
			SetupLoadedEditorAssemblies (723ms)
				LogAssemblyErrors (0ms)
				InitializePlatformSupportModulesInManaged (37ms)
				SetLoadedEditorAssemblies (0ms)
				RefreshPlugins (1ms)
				BeforeProcessingInitializeOnLoad (78ms)
				ProcessInitializeOnLoadAttributes (547ms)
				ProcessInitializeOnLoadMethodAttributes (54ms)
				AfterProcessingInitializeOnLoad (5ms)
				EditorAssembliesLoaded (0ms)
			ExecutionOrderSort2 (0ms)
			AwakeInstancesAfterBackupRestoration (6ms)
Platform modules already initialized, skipping
Refreshing native plugins compatible for Editor in 0.95 ms, found 3 plugins.
Preloading 0 native plugins for Editor in 0.00 ms.
Unloading 4414 Unused Serialized files (Serialized files now loaded: 0)
Unloading 53 unused Assets / (167.3 KB). Loaded Objects now: 5025.
Memory consumption went from 159.3 MB to 159.2 MB.
Total: 3.847800 ms (FindLiveObjects: 0.300700 ms CreateObjectMapping: 0.165100 ms MarkObjects: 3.312000 ms  DeleteObjects: 0.068700 ms)

AssetImportParameters requested are different than current active one (requested -> active):
  custom:video-decoder-ogg-theora: a1e56fd34408186e4bbccfd4996cb3dc -> 
  custom:container-muxer-webm: aa71ff27fc2769a1b78a27578f13a17b -> 
  custom:container-demuxer-webm: 4f35f7cbe854078d1ac9338744f61a02 -> 
  custom:video-encoder-webm-vp8: eb34c28f22e8b96e1ab97ce403110664 -> 
  custom:video-codec-MediaFoundation-h265: 746d11721c4dcdbdad8f713fa42b33f4 -> 
  custom:CustomObjectIndexerAttribute: bc11b3a6c3213fcdd17b65e7da85e133 -> 
  custom:audio-encoder-webm-vorbis: bf7c407c2cedff20999df2af8eb42d56 -> 
  custom:framework-win-MediaFoundation: 216162199b28c13a410421893ffa2e32 -> 
  custom:SearchIndexIgnoredProperties: e643bd26f0fe6173181afceb89e7c659 -> 
  custom:container-demuxer-ogg: 62fdf1f143b41e24485cea50d1cbac27 -> 
  custom:video-decoder-webm-vp8: 9c59270c3fd7afecdb556c50c9e8de78 -> 
  custom:audio-decoder-ogg-vorbis: bf7c407c2cedff20999df2af8eb42d56 -> 
========================================================================
Received Prepare
Registering precompiled user dll's ...
Registered in 0.005071 seconds.
Begin MonoManager ReloadAssembly
Native extension for WindowsStandalone target not found
Failed to load: C:/Program Files/Unity/Hub/Editor/2021.3.36f1/Editor/Data/PlaybackEngines/iOSSupport\x64\UnityEditor.iOS.Native.dll
Native extension for iOS target not found
Native extension for Android target not found
Native extension for WebGL target not found
Refreshing native plugins compatible for Editor in 0.81 ms, found 3 plugins.
Preloading 0 native plugins for Editor in 0.00 ms.
[Package Manager] Server::EnsureServerProcessIsRunning -- launch failed, reason: Unity was launched with the -noUpm command-line argument
[Package Manager] Cannot connect to Unity Package Manager local server
[Package Manager] Server::EnsureServerProcessIsRunning -- launch failed, reason: Unity was launched with the -noUpm command-line argument
[Package Manager] Cannot connect to Unity Package Manager local server
[ScriptCompilation] NOT recompiling all scripts because this is an import worker process. Reason to compile was: Define symbols changed
Mono: successfully reloaded assembly
- Completed reload, in  1.352 seconds
Domain Reload Profiling:
	ReloadAssembly (1353ms)
		BeginReloadAssembly (127ms)
			ExecutionOrderSort (0ms)
			DisableScriptedObjects (4ms)
			BackupInstance (0ms)
			ReleaseScriptingObjects (0ms)
			CreateAndSetChildDomain (30ms)
		EndReloadAssembly (1153ms)
			LoadAssemblies (87ms)
			RebuildTransferFunctionScriptingTraits (0ms)
			SetupTypeCache (237ms)
			ReleaseScriptCaches (2ms)
			RebuildScriptCaches (38ms)
			SetupLoadedEditorAssemblies (756ms)
				LogAssemblyErrors (0ms)
				InitializePlatformSupportModulesInManaged (33ms)
				SetLoadedEditorAssemblies (0ms)
				RefreshPlugins (1ms)
				BeforeProcessingInitializeOnLoad (61ms)
				ProcessInitializeOnLoadAttributes (586ms)
				ProcessInitializeOnLoadMethodAttributes (68ms)
				AfterProcessingInitializeOnLoad (6ms)
				EditorAssembliesLoaded (0ms)
			ExecutionOrderSort2 (0ms)
			AwakeInstancesAfterBackupRestoration (6ms)
Platform modules already initialized, skipping
Refreshing native plugins compatible for Editor in 1.17 ms, found 3 plugins.
Preloading 0 native plugins for Editor in 0.00 ms.
Unloading 4414 Unused Serialized files (Serialized files now loaded: 0)
Unloading 53 unused Assets / (167.2 KB). Loaded Objects now: 5028.
Memory consumption went from 159.3 MB to 159.2 MB.
Total: 5.980800 ms (FindLiveObjects: 0.477900 ms CreateObjectMapping: 0.248600 ms MarkObjects: 5.138800 ms  DeleteObjects: 0.112500 ms)

AssetImportParameters requested are different than current active one (requested -> active):
  custom:video-decoder-ogg-theora: a1e56fd34408186e4bbccfd4996cb3dc -> 
  custom:container-muxer-webm: aa71ff27fc2769a1b78a27578f13a17b -> 
  custom:container-demuxer-webm: 4f35f7cbe854078d1ac9338744f61a02 -> 
  custom:video-encoder-webm-vp8: eb34c28f22e8b96e1ab97ce403110664 -> 
  custom:video-codec-MediaFoundation-h265: 746d11721c4dcdbdad8f713fa42b33f4 -> 
  custom:CustomObjectIndexerAttribute: bc11b3a6c3213fcdd17b65e7da85e133 -> 
  custom:audio-encoder-webm-vorbis: bf7c407c2cedff20999df2af8eb42d56 -> 
  custom:framework-win-MediaFoundation: 216162199b28c13a410421893ffa2e32 -> 
  custom:SearchIndexIgnoredProperties: e643bd26f0fe6173181afceb89e7c659 -> 
  custom:container-demuxer-ogg: 62fdf1f143b41e24485cea50d1cbac27 -> 
  custom:video-decoder-webm-vp8: 9c59270c3fd7afecdb556c50c9e8de78 -> 
  custom:audio-decoder-ogg-vorbis: bf7c407c2cedff20999df2af8eb42d56 -> 
========================================================================
Received Import Request.
  Time since last request: 4521.100542 seconds.
  path: Assets/Scripts/Canvas/SwipeIconAnimation.cs
  artifactKey: Guid(22572f609ba32b54fb930aa233d09e91) Importer(815301076,1909f56bfc062723c751e8b465ee728b)
Number of updated assets reloaded before import = 0
Start importing Assets/Scripts/Canvas/SwipeIconAnimation.cs using Guid(22572f609ba32b54fb930aa233d09e91) Importer(815301076,1909f56bfc062723c751e8b465ee728b)  -> (artifact id: 'd871256558cfcfe063d4129af2f52dc1') in 0.022349 seconds 
Number of asset objects unloaded after import = 0
========================================================================
Received Import Request.
  Time since last request: 33.732691 seconds.
  path: Assets/Scripts/Canvas/ScoreText.cs
  artifactKey: Guid(e8862e8092db16c43a270ba0c1b17d5a) Importer(815301076,1909f56bfc062723c751e8b465ee728b)
Number of updated assets reloaded before import = 0
Start importing Assets/Scripts/Canvas/ScoreText.cs using Guid(e8862e8092db16c43a270ba0c1b17d5a) Importer(815301076,1909f56bfc062723c751e8b465ee728b)  -> (artifact id: 'd7ffb0eea2be5de647364d7c08843611') in 0.017612 seconds 
Number of asset objects unloaded after import = 0
========================================================================
Received Prepare
Registering precompiled user dll's ...
Registered in 0.009086 seconds.
Begin MonoManager ReloadAssembly
Native extension for WindowsStandalone target not found
Failed to load: C:/Program Files/Unity/Hub/Editor/2021.3.36f1/Editor/Data/PlaybackEngines/iOSSupport\x64\UnityEditor.iOS.Native.dll
Native extension for iOS target not found
Native extension for Android target not found
Native extension for WebGL target not found
Refreshing native plugins compatible for Editor in 1.06 ms, found 3 plugins.
Preloading 0 native plugins for Editor in 0.00 ms.
[Package Manager] Server::EnsureServerProcessIsRunning -- launch failed, reason: Unity was launched with the -noUpm command-line argument
[Package Manager] Cannot connect to Unity Package Manager local server
[Package Manager] Server::EnsureServerProcessIsRunning -- launch failed, reason: Unity was launched with the -noUpm command-line argument
[Package Manager] Cannot connect to Unity Package Manager local server
[ScriptCompilation] NOT recompiling all scripts because this is an import worker process. Reason to compile was: Define symbols changed
Mono: successfully reloaded assembly
- Completed reload, in  1.708 seconds
Domain Reload Profiling:
	ReloadAssembly (1709ms)
		BeginReloadAssembly (198ms)
			ExecutionOrderSort (0ms)
			DisableScriptedObjects (7ms)
			BackupInstance (0ms)
			ReleaseScriptingObjects (0ms)
			CreateAndSetChildDomain (50ms)
		EndReloadAssembly (1392ms)
			LoadAssemblies (141ms)
			RebuildTransferFunctionScriptingTraits (0ms)
			SetupTypeCache (373ms)
			ReleaseScriptCaches (2ms)
			RebuildScriptCaches (59ms)
			SetupLoadedEditorAssemblies (795ms)
				LogAssemblyErrors (0ms)
				InitializePlatformSupportModulesInManaged (45ms)
				SetLoadedEditorAssemblies (1ms)
				RefreshPlugins (1ms)
				BeforeProcessingInitializeOnLoad (98ms)
				ProcessInitializeOnLoadAttributes (597ms)
				ProcessInitializeOnLoadMethodAttributes (49ms)
				AfterProcessingInitializeOnLoad (4ms)
				EditorAssembliesLoaded (0ms)
			ExecutionOrderSort2 (0ms)
			AwakeInstancesAfterBackupRestoration (5ms)
Platform modules already initialized, skipping
Refreshing native plugins compatible for Editor in 0.99 ms, found 3 plugins.
Preloading 0 native plugins for Editor in 0.00 ms.
Unloading 4414 Unused Serialized files (Serialized files now loaded: 0)
Unloading 53 unused Assets / (167.2 KB). Loaded Objects now: 5031.
Memory consumption went from 159.5 MB to 159.4 MB.
Total: 4.448600 ms (FindLiveObjects: 0.324800 ms CreateObjectMapping: 0.172500 ms MarkObjects: 3.880200 ms  DeleteObjects: 0.069800 ms)

AssetImportParameters requested are different than current active one (requested -> active):
  custom:video-decoder-ogg-theora: a1e56fd34408186e4bbccfd4996cb3dc -> 
  custom:container-muxer-webm: aa71ff27fc2769a1b78a27578f13a17b -> 
  custom:container-demuxer-webm: 4f35f7cbe854078d1ac9338744f61a02 -> 
  custom:video-encoder-webm-vp8: eb34c28f22e8b96e1ab97ce403110664 -> 
  custom:video-codec-MediaFoundation-h265: 746d11721c4dcdbdad8f713fa42b33f4 -> 
  custom:CustomObjectIndexerAttribute: bc11b3a6c3213fcdd17b65e7da85e133 -> 
  custom:audio-encoder-webm-vorbis: bf7c407c2cedff20999df2af8eb42d56 -> 
  custom:framework-win-MediaFoundation: 216162199b28c13a410421893ffa2e32 -> 
  custom:SearchIndexIgnoredProperties: e643bd26f0fe6173181afceb89e7c659 -> 
  custom:container-demuxer-ogg: 62fdf1f143b41e24485cea50d1cbac27 -> 
  custom:video-decoder-webm-vp8: 9c59270c3fd7afecdb556c50c9e8de78 -> 
  custom:audio-decoder-ogg-vorbis: bf7c407c2cedff20999df2af8eb42d56 -> 
========================================================================
Received Import Request.
  Time since last request: 45.159353 seconds.
  path: Assets/Scripts/Canvas/InputSwipeHandler.cs
  artifactKey: Guid(78b79996193a3c34f95ec03cdf0bff23) Importer(815301076,1909f56bfc062723c751e8b465ee728b)
Number of updated assets reloaded before import = 0
Start importing Assets/Scripts/Canvas/InputSwipeHandler.cs using Guid(78b79996193a3c34f95ec03cdf0bff23) Importer(815301076,1909f56bfc062723c751e8b465ee728b)  -> (artifact id: 'b117efdb52a7365179c4ba0c088aa415') in 0.030159 seconds 
Number of asset objects unloaded after import = 0
========================================================================
Received Import Request.
  Time since last request: 309.374315 seconds.
  path: Assets/Scripts/Canvas/MoverReturnPanel.cs
  artifactKey: Guid(625b4b133533e954eb0255acb7c0fda8) Importer(815301076,1909f56bfc062723c751e8b465ee728b)
Number of updated assets reloaded before import = 0
Start importing Assets/Scripts/Canvas/MoverReturnPanel.cs using Guid(625b4b133533e954eb0255acb7c0fda8) Importer(815301076,1909f56bfc062723c751e8b465ee728b)  -> (artifact id: '0f4d0ace20199d04558fb19d1c74fe94') in 0.003407 seconds 
Number of asset objects unloaded after import = 0
========================================================================
Received Prepare
Registering precompiled user dll's ...
Registered in 0.003986 seconds.
Begin MonoManager ReloadAssembly
Native extension for WindowsStandalone target not found
Failed to load: C:/Program Files/Unity/Hub/Editor/2021.3.36f1/Editor/Data/PlaybackEngines/iOSSupport\x64\UnityEditor.iOS.Native.dll
Native extension for iOS target not found
Native extension for Android target not found
Native extension for WebGL target not found
Refreshing native plugins compatible for Editor in 0.85 ms, found 3 plugins.
Preloading 0 native plugins for Editor in 0.00 ms.
[Package Manager] Server::EnsureServerProcessIsRunning -- launch failed, reason: Unity was launched with the -noUpm command-line argument
[Package Manager] Cannot connect to Unity Package Manager local server
[Package Manager] Server::EnsureServerProcessIsRunning -- launch failed, reason: Unity was launched with the -noUpm command-line argument
[Package Manager] Cannot connect to Unity Package Manager local server
[ScriptCompilation] NOT recompiling all scripts because this is an import worker process. Reason to compile was: Define symbols changed
Mono: successfully reloaded assembly
- Completed reload, in  1.897 seconds
Domain Reload Profiling:
	ReloadAssembly (1898ms)
		BeginReloadAssembly (240ms)
			ExecutionOrderSort (0ms)
			DisableScriptedObjects (11ms)
			BackupInstance (0ms)
			ReleaseScriptingObjects (0ms)
			CreateAndSetChildDomain (54ms)
		EndReloadAssembly (1495ms)
			LoadAssemblies (165ms)
			RebuildTransferFunctionScriptingTraits (0ms)
			SetupTypeCache (463ms)
			ReleaseScriptCaches (2ms)
			RebuildScriptCaches (56ms)
			SetupLoadedEditorAssemblies (799ms)
				LogAssemblyErrors (0ms)
				InitializePlatformSupportModulesInManaged (43ms)
				SetLoadedEditorAssemblies (0ms)
				RefreshPlugins (1ms)
				BeforeProcessingInitializeOnLoad (92ms)
				ProcessInitializeOnLoadAttributes (597ms)
				ProcessInitializeOnLoadMethodAttributes (60ms)
				AfterProcessingInitializeOnLoad (5ms)
				EditorAssembliesLoaded (0ms)
			ExecutionOrderSort2 (0ms)
			AwakeInstancesAfterBackupRestoration (8ms)
Platform modules already initialized, skipping
Refreshing native plugins compatible for Editor in 1.27 ms, found 3 plugins.
Preloading 0 native plugins for Editor in 0.00 ms.
Unloading 4414 Unused Serialized files (Serialized files now loaded: 0)
Unloading 53 unused Assets / (167.2 KB). Loaded Objects now: 5034.
Memory consumption went from 159.6 MB to 159.4 MB.
Total: 5.041600 ms (FindLiveObjects: 0.579600 ms CreateObjectMapping: 0.226000 ms MarkObjects: 4.147300 ms  DeleteObjects: 0.086600 ms)

AssetImportParameters requested are different than current active one (requested -> active):
  custom:video-decoder-ogg-theora: a1e56fd34408186e4bbccfd4996cb3dc -> 
  custom:container-muxer-webm: aa71ff27fc2769a1b78a27578f13a17b -> 
  custom:container-demuxer-webm: 4f35f7cbe854078d1ac9338744f61a02 -> 
  custom:video-encoder-webm-vp8: eb34c28f22e8b96e1ab97ce403110664 -> 
  custom:video-codec-MediaFoundation-h265: 746d11721c4dcdbdad8f713fa42b33f4 -> 
  custom:CustomObjectIndexerAttribute: bc11b3a6c3213fcdd17b65e7da85e133 -> 
  custom:audio-encoder-webm-vorbis: bf7c407c2cedff20999df2af8eb42d56 -> 
  custom:framework-win-MediaFoundation: 216162199b28c13a410421893ffa2e32 -> 
  custom:SearchIndexIgnoredProperties: e643bd26f0fe6173181afceb89e7c659 -> 
  custom:container-demuxer-ogg: 62fdf1f143b41e24485cea50d1cbac27 -> 
  custom:video-decoder-webm-vp8: 9c59270c3fd7afecdb556c50c9e8de78 -> 
  custom:audio-decoder-ogg-vorbis: bf7c407c2cedff20999df2af8eb42d56 -> 
========================================================================
Received Prepare
Registering precompiled user dll's ...
Registered in 0.004171 seconds.
Begin MonoManager ReloadAssembly
Native extension for WindowsStandalone target not found
Failed to load: C:/Program Files/Unity/Hub/Editor/2021.3.36f1/Editor/Data/PlaybackEngines/iOSSupport\x64\UnityEditor.iOS.Native.dll
Native extension for iOS target not found
Native extension for Android target not found
Native extension for WebGL target not found
Refreshing native plugins compatible for Editor in 1.20 ms, found 3 plugins.
Preloading 0 native plugins for Editor in 0.00 ms.
[Package Manager] Server::EnsureServerProcessIsRunning -- launch failed, reason: Unity was launched with the -noUpm command-line argument
[Package Manager] Cannot connect to Unity Package Manager local server
[Package Manager] Server::EnsureServerProcessIsRunning -- launch failed, reason: Unity was launched with the -noUpm command-line argument
[Package Manager] Cannot connect to Unity Package Manager local server
System.IO.IOException: Sharing violation on path C:\UnityProject\Run\Assets\PluginYourGames\Editor\ModulesListYG2.txt
  at System.IO.FileStream..ctor (System.String path, System.IO.FileMode mode, System.IO.FileAccess access, System.IO.FileShare share, System.Int32 bufferSize, System.Boolean anonymous, System.IO.FileOptions options) [0x0019e] in <b4dec521950c405ea4b0b85c62087906>:0 
  at System.IO.FileStream..ctor (System.String path, System.IO.FileMode mode, System.IO.FileAccess access, System.IO.FileShare share, System.Int32 bufferSize, System.IO.FileOptions options) [0x00000] in <b4dec521950c405ea4b0b85c62087906>:0 
  at (wrapper remoting-invoke-with-check) System.IO.FileStream..ctor(string,System.IO.FileMode,System.IO.FileAccess,System.IO.FileShare,int,System.IO.FileOptions)
  at System.IO.StreamWriter..ctor (System.String path, System.Boolean append, System.Text.Encoding encoding, System.Int32 bufferSize) [0x00055] in <b4dec521950c405ea4b0b85c62087906>:0 
  at System.IO.StreamWriter..ctor (System.String path) [0x00008] in <b4dec521950c405ea4b0b85c62087906>:0 
  at (wrapper remoting-invoke-with-check) System.IO.StreamWriter..ctor(string)
  at System.IO.File.WriteAllText (System.String path, System.String contents) [0x00026] in <b4dec521950c405ea4b0b85c62087906>:0 
  at YG.EditorScr.DefineSymbols.ModulesDefineSymbols () [0x001e9] in C:\UnityProject\Run\Assets\PluginYourGames\Scripts\EditorScr\DefineSymbols.cs:215 
  at YG.EditorScr.DefineSymbols.UpdateDefineSymbols () [0x0000f] in C:\UnityProject\Run\Assets\PluginYourGames\Scripts\EditorScr\DefineSymbols.cs:57 
  at YG.EditorScr.DefineSymbols..cctor () [0x00023] in C:\UnityProject\Run\Assets\PluginYourGames\Scripts\EditorScr\DefineSymbols.cs:31 
UnityEngine.StackTraceUtility:ExtractStackTrace ()
UnityEngine.DebugLogHandler:LogFormat (UnityEngine.LogType,UnityEngine.Object,string,object[])
UnityEngine.Logger:Log (UnityEngine.LogType,object)
UnityEngine.Debug:LogError (object)
UnityEditor.EditorAssemblies:ProcessInitializeOnLoadAttributes (System.Type[])

Mono: successfully reloaded assembly
- Completed reload, in  2.115 seconds
Domain Reload Profiling:
	ReloadAssembly (2116ms)
		BeginReloadAssembly (195ms)
			ExecutionOrderSort (0ms)
			DisableScriptedObjects (7ms)
			BackupInstance (0ms)
			ReleaseScriptingObjects (0ms)
			CreateAndSetChildDomain (43ms)
		EndReloadAssembly (1774ms)
			LoadAssemblies (140ms)
			RebuildTransferFunctionScriptingTraits (0ms)
			SetupTypeCache (345ms)
			ReleaseScriptCaches (2ms)
			RebuildScriptCaches (63ms)
			SetupLoadedEditorAssemblies (1172ms)
				LogAssemblyErrors (0ms)
				InitializePlatformSupportModulesInManaged (54ms)
				SetLoadedEditorAssemblies (1ms)
				RefreshPlugins (1ms)
				BeforeProcessingInitializeOnLoad (113ms)
				ProcessInitializeOnLoadAttributes (879ms)
				ProcessInitializeOnLoadMethodAttributes (114ms)
				AfterProcessingInitializeOnLoad (9ms)
				EditorAssembliesLoaded (0ms)
			ExecutionOrderSort2 (0ms)
			AwakeInstancesAfterBackupRestoration (10ms)
Platform modules already initialized, skipping
Refreshing native plugins compatible for Editor in 1.02 ms, found 3 plugins.
Preloading 0 native plugins for Editor in 0.00 ms.
Unloading 4414 Unused Serialized files (Serialized files now loaded: 0)
Unloading 53 unused Assets / (167.0 KB). Loaded Objects now: 5037.
Memory consumption went from 159.6 MB to 159.4 MB.
Total: 4.169100 ms (FindLiveObjects: 0.324700 ms CreateObjectMapping: 0.179200 ms MarkObjects: 3.588300 ms  DeleteObjects: 0.075000 ms)

AssetImportParameters requested are different than current active one (requested -> active):
  custom:video-decoder-ogg-theora: a1e56fd34408186e4bbccfd4996cb3dc -> 
  custom:container-muxer-webm: aa71ff27fc2769a1b78a27578f13a17b -> 
  custom:container-demuxer-webm: 4f35f7cbe854078d1ac9338744f61a02 -> 
  custom:video-encoder-webm-vp8: eb34c28f22e8b96e1ab97ce403110664 -> 
  custom:video-codec-MediaFoundation-h265: 746d11721c4dcdbdad8f713fa42b33f4 -> 
  custom:CustomObjectIndexerAttribute: bc11b3a6c3213fcdd17b65e7da85e133 -> 
  custom:audio-encoder-webm-vorbis: bf7c407c2cedff20999df2af8eb42d56 -> 
  custom:framework-win-MediaFoundation: 216162199b28c13a410421893ffa2e32 -> 
  custom:SearchIndexIgnoredProperties: e643bd26f0fe6173181afceb89e7c659 -> 
  custom:container-demuxer-ogg: 62fdf1f143b41e24485cea50d1cbac27 -> 
  custom:video-decoder-webm-vp8: 9c59270c3fd7afecdb556c50c9e8de78 -> 
  custom:audio-decoder-ogg-vorbis: bf7c407c2cedff20999df2af8eb42d56 -> 
========================================================================
Received Prepare
Registering precompiled user dll's ...
Registered in 0.011173 seconds.
Begin MonoManager ReloadAssembly
Native extension for WindowsStandalone target not found
Failed to load: C:/Program Files/Unity/Hub/Editor/2021.3.36f1/Editor/Data/PlaybackEngines/iOSSupport\x64\UnityEditor.iOS.Native.dll
Native extension for iOS target not found
Native extension for Android target not found
Native extension for WebGL target not found
Refreshing native plugins compatible for Editor in 1.07 ms, found 3 plugins.
Preloading 0 native plugins for Editor in 0.00 ms.
[Package Manager] Server::EnsureServerProcessIsRunning -- launch failed, reason: Unity was launched with the -noUpm command-line argument
[Package Manager] Cannot connect to Unity Package Manager local server
[Package Manager] Server::EnsureServerProcessIsRunning -- launch failed, reason: Unity was launched with the -noUpm command-line argument
[Package Manager] Cannot connect to Unity Package Manager local server
System.IO.IOException: Sharing violation on path C:\UnityProject\Run\Assets\PluginYourGames\Editor\ModulesListYG2.txt
  at System.IO.FileStream..ctor (System.String path, System.IO.FileMode mode, System.IO.FileAccess access, System.IO.FileShare share, System.Int32 bufferSize, System.Boolean anonymous, System.IO.FileOptions options) [0x0019e] in <b4dec521950c405ea4b0b85c62087906>:0 
  at System.IO.FileStream..ctor (System.String path, System.IO.FileMode mode, System.IO.FileAccess access, System.IO.FileShare share, System.Int32 bufferSize, System.IO.FileOptions options) [0x00000] in <b4dec521950c405ea4b0b85c62087906>:0 
  at (wrapper remoting-invoke-with-check) System.IO.FileStream..ctor(string,System.IO.FileMode,System.IO.FileAccess,System.IO.FileShare,int,System.IO.FileOptions)
  at System.IO.StreamReader..ctor (System.String path, System.Text.Encoding encoding, System.Boolean detectEncodingFromByteOrderMarks, System.Int32 bufferSize) [0x00055] in <b4dec521950c405ea4b0b85c62087906>:0 
  at System.IO.StreamReader..ctor (System.String path, System.Text.Encoding encoding) [0x00000] in <b4dec521950c405ea4b0b85c62087906>:0 
  at (wrapper remoting-invoke-with-check) System.IO.StreamReader..ctor(string,System.Text.Encoding)
  at System.IO.File.InternalReadAllLines (System.String path, System.Text.Encoding encoding) [0x00006] in <b4dec521950c405ea4b0b85c62087906>:0 
  at System.IO.File.ReadAllLines (System.String path) [0x0002c] in <b4dec521950c405ea4b0b85c62087906>:0 
  at YG.EditorScr.DefineSymbols.ModulesDefineSymbols () [0x00035] in C:\UnityProject\Run\Assets\PluginYourGames\Scripts\EditorScr\DefineSymbols.cs:146 
  at YG.EditorScr.DefineSymbols.UpdateDefineSymbols () [0x0000f] in C:\UnityProject\Run\Assets\PluginYourGames\Scripts\EditorScr\DefineSymbols.cs:57 
  at YG.EditorScr.DefineSymbols..cctor () [0x00023] in C:\UnityProject\Run\Assets\PluginYourGames\Scripts\EditorScr\DefineSymbols.cs:31 
UnityEngine.StackTraceUtility:ExtractStackTrace ()
UnityEngine.DebugLogHandler:LogFormat (UnityEngine.LogType,UnityEngine.Object,string,object[])
UnityEngine.Logger:Log (UnityEngine.LogType,object)
UnityEngine.Debug:LogError (object)
UnityEditor.EditorAssemblies:ProcessInitializeOnLoadAttributes (System.Type[])

Mono: successfully reloaded assembly
- Completed reload, in  2.030 seconds
Domain Reload Profiling:
	ReloadAssembly (2031ms)
		BeginReloadAssembly (183ms)
			ExecutionOrderSort (0ms)
			DisableScriptedObjects (7ms)
			BackupInstance (0ms)
			ReleaseScriptingObjects (0ms)
			CreateAndSetChildDomain (43ms)
		EndReloadAssembly (1729ms)
			LoadAssemblies (133ms)
			RebuildTransferFunctionScriptingTraits (0ms)
			SetupTypeCache (390ms)
			ReleaseScriptCaches (2ms)
			RebuildScriptCaches (58ms)
			SetupLoadedEditorAssemblies (1076ms)
				LogAssemblyErrors (0ms)
				InitializePlatformSupportModulesInManaged (50ms)
				SetLoadedEditorAssemblies (1ms)
				RefreshPlugins (1ms)
				BeforeProcessingInitializeOnLoad (92ms)
				ProcessInitializeOnLoadAttributes (790ms)
				ProcessInitializeOnLoadMethodAttributes (132ms)
				AfterProcessingInitializeOnLoad (10ms)
				EditorAssembliesLoaded (0ms)
			ExecutionOrderSort2 (0ms)
			AwakeInstancesAfterBackupRestoration (11ms)
Platform modules already initialized, skipping
Refreshing native plugins compatible for Editor in 1.64 ms, found 3 plugins.
Preloading 0 native plugins for Editor in 0.00 ms.
Unloading 4414 Unused Serialized files (Serialized files now loaded: 0)
Unloading 53 unused Assets / (167.3 KB). Loaded Objects now: 5040.
Memory consumption went from 159.6 MB to 159.4 MB.
Total: 5.693400 ms (FindLiveObjects: 0.420800 ms CreateObjectMapping: 0.245400 ms MarkObjects: 4.919800 ms  DeleteObjects: 0.104900 ms)

AssetImportParameters requested are different than current active one (requested -> active):
  custom:video-decoder-ogg-theora: a1e56fd34408186e4bbccfd4996cb3dc -> 
  custom:container-muxer-webm: aa71ff27fc2769a1b78a27578f13a17b -> 
  custom:container-demuxer-webm: 4f35f7cbe854078d1ac9338744f61a02 -> 
  custom:video-encoder-webm-vp8: eb34c28f22e8b96e1ab97ce403110664 -> 
  custom:video-codec-MediaFoundation-h265: 746d11721c4dcdbdad8f713fa42b33f4 -> 
  custom:CustomObjectIndexerAttribute: bc11b3a6c3213fcdd17b65e7da85e133 -> 
  custom:audio-encoder-webm-vorbis: bf7c407c2cedff20999df2af8eb42d56 -> 
  custom:framework-win-MediaFoundation: 216162199b28c13a410421893ffa2e32 -> 
  custom:SearchIndexIgnoredProperties: e643bd26f0fe6173181afceb89e7c659 -> 
  custom:container-demuxer-ogg: 62fdf1f143b41e24485cea50d1cbac27 -> 
  custom:video-decoder-webm-vp8: 9c59270c3fd7afecdb556c50c9e8de78 -> 
  custom:audio-decoder-ogg-vorbis: bf7c407c2cedff20999df2af8eb42d56 -> 
========================================================================
Received Prepare
Registering precompiled user dll's ...
Registered in 0.006960 seconds.
Begin MonoManager ReloadAssembly
Native extension for WindowsStandalone target not found
Failed to load: C:/Program Files/Unity/Hub/Editor/2021.3.36f1/Editor/Data/PlaybackEngines/iOSSupport\x64\UnityEditor.iOS.Native.dll
Native extension for iOS target not found
Native extension for Android target not found
Native extension for WebGL target not found
Refreshing native plugins compatible for Editor in 0.87 ms, found 3 plugins.
Preloading 0 native plugins for Editor in 0.00 ms.
[Package Manager] Server::EnsureServerProcessIsRunning -- launch failed, reason: Unity was launched with the -noUpm command-line argument
[Package Manager] Cannot connect to Unity Package Manager local server
[Package Manager] Server::EnsureServerProcessIsRunning -- launch failed, reason: Unity was launched with the -noUpm command-line argument
[Package Manager] Cannot connect to Unity Package Manager local server
System.IO.IOException: Sharing violation on path C:\UnityProject\Run\Assets\PluginYourGames\Editor\ModulesListYG2.txt
  at System.IO.FileStream..ctor (System.String path, System.IO.FileMode mode, System.IO.FileAccess access, System.IO.FileShare share, System.Int32 bufferSize, System.Boolean anonymous, System.IO.FileOptions options) [0x0019e] in <b4dec521950c405ea4b0b85c62087906>:0 
  at System.IO.FileStream..ctor (System.String path, System.IO.FileMode mode, System.IO.FileAccess access, System.IO.FileShare share, System.Int32 bufferSize, System.IO.FileOptions options) [0x00000] in <b4dec521950c405ea4b0b85c62087906>:0 
  at (wrapper remoting-invoke-with-check) System.IO.FileStream..ctor(string,System.IO.FileMode,System.IO.FileAccess,System.IO.FileShare,int,System.IO.FileOptions)
  at System.IO.StreamReader..ctor (System.String path, System.Text.Encoding encoding, System.Boolean detectEncodingFromByteOrderMarks, System.Int32 bufferSize) [0x00055] in <b4dec521950c405ea4b0b85c62087906>:0 
  at System.IO.StreamReader..ctor (System.String path, System.Text.Encoding encoding) [0x00000] in <b4dec521950c405ea4b0b85c62087906>:0 
  at (wrapper remoting-invoke-with-check) System.IO.StreamReader..ctor(string,System.Text.Encoding)
  at System.IO.File.InternalReadAllLines (System.String path, System.Text.Encoding encoding) [0x00006] in <b4dec521950c405ea4b0b85c62087906>:0 
  at System.IO.File.ReadAllLines (System.String path) [0x0002c] in <b4dec521950c405ea4b0b85c62087906>:0 
  at YG.EditorScr.DefineSymbols.ModulesDefineSymbols () [0x00035] in C:\UnityProject\Run\Assets\PluginYourGames\Scripts\EditorScr\DefineSymbols.cs:146 
  at YG.EditorScr.DefineSymbols.UpdateDefineSymbols () [0x0000f] in C:\UnityProject\Run\Assets\PluginYourGames\Scripts\EditorScr\DefineSymbols.cs:57 
  at YG.EditorScr.DefineSymbols..cctor () [0x00023] in C:\UnityProject\Run\Assets\PluginYourGames\Scripts\EditorScr\DefineSymbols.cs:31 
UnityEngine.StackTraceUtility:ExtractStackTrace ()
UnityEngine.DebugLogHandler:LogFormat (UnityEngine.LogType,UnityEngine.Object,string,object[])
UnityEngine.Logger:Log (UnityEngine.LogType,object)
UnityEngine.Debug:LogError (object)
UnityEditor.EditorAssemblies:ProcessInitializeOnLoadAttributes (System.Type[])

Mono: successfully reloaded assembly
- Completed reload, in  1.651 seconds
Domain Reload Profiling:
	ReloadAssembly (1652ms)
		BeginReloadAssembly (184ms)
			ExecutionOrderSort (0ms)
			DisableScriptedObjects (7ms)
			BackupInstance (0ms)
			ReleaseScriptingObjects (0ms)
			CreateAndSetChildDomain (40ms)
		EndReloadAssembly (1334ms)
			LoadAssemblies (132ms)
			RebuildTransferFunctionScriptingTraits (0ms)
			SetupTypeCache (399ms)
			ReleaseScriptCaches (2ms)
			RebuildScriptCaches (48ms)
			SetupLoadedEditorAssemblies (744ms)
				LogAssemblyErrors (0ms)
				InitializePlatformSupportModulesInManaged (36ms)
				SetLoadedEditorAssemblies (0ms)
				RefreshPlugins (1ms)
				BeforeProcessingInitializeOnLoad (76ms)
				ProcessInitializeOnLoadAttributes (575ms)
				ProcessInitializeOnLoadMethodAttributes (50ms)
				AfterProcessingInitializeOnLoad (6ms)
				EditorAssembliesLoaded (0ms)
			ExecutionOrderSort2 (0ms)
			AwakeInstancesAfterBackupRestoration (6ms)
Platform modules already initialized, skipping
Refreshing native plugins compatible for Editor in 1.07 ms, found 3 plugins.
Preloading 0 native plugins for Editor in 0.00 ms.
Unloading 4414 Unused Serialized files (Serialized files now loaded: 0)
Unloading 53 unused Assets / (167.0 KB). Loaded Objects now: 5043.
Memory consumption went from 159.4 MB to 159.2 MB.
Total: 5.315800 ms (FindLiveObjects: 0.615200 ms CreateObjectMapping: 0.341900 ms MarkObjects: 4.263900 ms  DeleteObjects: 0.092800 ms)

AssetImportParameters requested are different than current active one (requested -> active):
  custom:video-decoder-ogg-theora: a1e56fd34408186e4bbccfd4996cb3dc -> 
  custom:container-muxer-webm: aa71ff27fc2769a1b78a27578f13a17b -> 
  custom:container-demuxer-webm: 4f35f7cbe854078d1ac9338744f61a02 -> 
  custom:video-encoder-webm-vp8: eb34c28f22e8b96e1ab97ce403110664 -> 
  custom:video-codec-MediaFoundation-h265: 746d11721c4dcdbdad8f713fa42b33f4 -> 
  custom:CustomObjectIndexerAttribute: bc11b3a6c3213fcdd17b65e7da85e133 -> 
  custom:audio-encoder-webm-vorbis: bf7c407c2cedff20999df2af8eb42d56 -> 
  custom:framework-win-MediaFoundation: 216162199b28c13a410421893ffa2e32 -> 
  custom:SearchIndexIgnoredProperties: e643bd26f0fe6173181afceb89e7c659 -> 
  custom:container-demuxer-ogg: 62fdf1f143b41e24485cea50d1cbac27 -> 
  custom:video-decoder-webm-vp8: 9c59270c3fd7afecdb556c50c9e8de78 -> 
  custom:audio-decoder-ogg-vorbis: bf7c407c2cedff20999df2af8eb42d56 -> 
========================================================================
Received Prepare
Registering precompiled user dll's ...
Registered in 0.007065 seconds.
Begin MonoManager ReloadAssembly
Native extension for WindowsStandalone target not found
Failed to load: C:/Program Files/Unity/Hub/Editor/2021.3.36f1/Editor/Data/PlaybackEngines/iOSSupport\x64\UnityEditor.iOS.Native.dll
Native extension for iOS target not found
Native extension for Android target not found
Native extension for WebGL target not found
Refreshing native plugins compatible for Editor in 1.17 ms, found 3 plugins.
Preloading 0 native plugins for Editor in 0.00 ms.
[Package Manager] Server::EnsureServerProcessIsRunning -- launch failed, reason: Unity was launched with the -noUpm command-line argument
[Package Manager] Cannot connect to Unity Package Manager local server
[Package Manager] Server::EnsureServerProcessIsRunning -- launch failed, reason: Unity was launched with the -noUpm command-line argument
[Package Manager] Cannot connect to Unity Package Manager local server
System.IO.IOException: Sharing violation on path C:\UnityProject\Run\Assets\PluginYourGames\Editor\ModulesListYG2.txt
  at System.IO.FileStream..ctor (System.String path, System.IO.FileMode mode, System.IO.FileAccess access, System.IO.FileShare share, System.Int32 bufferSize, System.Boolean anonymous, System.IO.FileOptions options) [0x0019e] in <b4dec521950c405ea4b0b85c62087906>:0 
  at System.IO.FileStream..ctor (System.String path, System.IO.FileMode mode, System.IO.FileAccess access, System.IO.FileShare share, System.Int32 bufferSize, System.IO.FileOptions options) [0x00000] in <b4dec521950c405ea4b0b85c62087906>:0 
  at (wrapper remoting-invoke-with-check) System.IO.FileStream..ctor(string,System.IO.FileMode,System.IO.FileAccess,System.IO.FileShare,int,System.IO.FileOptions)
  at System.IO.StreamWriter..ctor (System.String path, System.Boolean append, System.Text.Encoding encoding, System.Int32 bufferSize) [0x00055] in <b4dec521950c405ea4b0b85c62087906>:0 
  at System.IO.StreamWriter..ctor (System.String path) [0x00008] in <b4dec521950c405ea4b0b85c62087906>:0 
  at (wrapper remoting-invoke-with-check) System.IO.StreamWriter..ctor(string)
  at System.IO.File.WriteAllText (System.String path, System.String contents) [0x00026] in <b4dec521950c405ea4b0b85c62087906>:0 
  at YG.EditorScr.DefineSymbols.ModulesDefineSymbols () [0x001e9] in C:\UnityProject\Run\Assets\PluginYourGames\Scripts\EditorScr\DefineSymbols.cs:215 
  at YG.EditorScr.DefineSymbols.UpdateDefineSymbols () [0x0000f] in C:\UnityProject\Run\Assets\PluginYourGames\Scripts\EditorScr\DefineSymbols.cs:57 
  at YG.EditorScr.DefineSymbols..cctor () [0x00023] in C:\UnityProject\Run\Assets\PluginYourGames\Scripts\EditorScr\DefineSymbols.cs:31 
UnityEngine.StackTraceUtility:ExtractStackTrace ()
UnityEngine.DebugLogHandler:LogFormat (UnityEngine.LogType,UnityEngine.Object,string,object[])
UnityEngine.Logger:Log (UnityEngine.LogType,object)
UnityEngine.Debug:LogError (object)
UnityEditor.EditorAssemblies:ProcessInitializeOnLoadAttributes (System.Type[])

Mono: successfully reloaded assembly
- Completed reload, in  2.108 seconds
Domain Reload Profiling:
	ReloadAssembly (2109ms)
		BeginReloadAssembly (222ms)
			ExecutionOrderSort (0ms)
			DisableScriptedObjects (10ms)
			BackupInstance (0ms)
			ReleaseScriptingObjects (0ms)
			CreateAndSetChildDomain (51ms)
		EndReloadAssembly (1746ms)
			LoadAssemblies (152ms)
			RebuildTransferFunctionScriptingTraits (0ms)
			SetupTypeCache (380ms)
			ReleaseScriptCaches (2ms)
			RebuildScriptCaches (58ms)
			SetupLoadedEditorAssemblies (1101ms)
				LogAssemblyErrors (0ms)
				InitializePlatformSupportModulesInManaged (53ms)
				SetLoadedEditorAssemblies (1ms)
				RefreshPlugins (1ms)
				BeforeProcessingInitializeOnLoad (108ms)
				ProcessInitializeOnLoadAttributes (784ms)
				ProcessInitializeOnLoadMethodAttributes (145ms)
				AfterProcessingInitializeOnLoad (9ms)
				EditorAssembliesLoaded (0ms)
			ExecutionOrderSort2 (0ms)
			AwakeInstancesAfterBackupRestoration (12ms)
Platform modules already initialized, skipping
Refreshing native plugins compatible for Editor in 2.17 ms, found 3 plugins.
Preloading 0 native plugins for Editor in 0.00 ms.
Unloading 4414 Unused Serialized files (Serialized files now loaded: 0)
Unloading 53 unused Assets / (167.3 KB). Loaded Objects now: 5046.
Memory consumption went from 159.6 MB to 159.4 MB.
Total: 5.243200 ms (FindLiveObjects: 0.516600 ms CreateObjectMapping: 0.251600 ms MarkObjects: 4.374000 ms  DeleteObjects: 0.098300 ms)

AssetImportParameters requested are different than current active one (requested -> active):
  custom:video-decoder-ogg-theora: a1e56fd34408186e4bbccfd4996cb3dc -> 
  custom:container-muxer-webm: aa71ff27fc2769a1b78a27578f13a17b -> 
  custom:container-demuxer-webm: 4f35f7cbe854078d1ac9338744f61a02 -> 
  custom:video-encoder-webm-vp8: eb34c28f22e8b96e1ab97ce403110664 -> 
  custom:video-codec-MediaFoundation-h265: 746d11721c4dcdbdad8f713fa42b33f4 -> 
  custom:CustomObjectIndexerAttribute: bc11b3a6c3213fcdd17b65e7da85e133 -> 
  custom:audio-encoder-webm-vorbis: bf7c407c2cedff20999df2af8eb42d56 -> 
  custom:framework-win-MediaFoundation: 216162199b28c13a410421893ffa2e32 -> 
  custom:SearchIndexIgnoredProperties: e643bd26f0fe6173181afceb89e7c659 -> 
  custom:container-demuxer-ogg: 62fdf1f143b41e24485cea50d1cbac27 -> 
  custom:video-decoder-webm-vp8: 9c59270c3fd7afecdb556c50c9e8de78 -> 
  custom:audio-decoder-ogg-vorbis: bf7c407c2cedff20999df2af8eb42d56 -> 
========================================================================
Received Prepare
Registering precompiled user dll's ...
Registered in 0.007047 seconds.
Begin MonoManager ReloadAssembly
Native extension for WindowsStandalone target not found
Failed to load: C:/Program Files/Unity/Hub/Editor/2021.3.36f1/Editor/Data/PlaybackEngines/iOSSupport\x64\UnityEditor.iOS.Native.dll
Native extension for iOS target not found
Native extension for Android target not found
Native extension for WebGL target not found
Refreshing native plugins compatible for Editor in 1.18 ms, found 3 plugins.
Preloading 0 native plugins for Editor in 0.00 ms.
[Package Manager] Server::EnsureServerProcessIsRunning -- launch failed, reason: Unity was launched with the -noUpm command-line argument
[Package Manager] Cannot connect to Unity Package Manager local server
[Package Manager] Server::EnsureServerProcessIsRunning -- launch failed, reason: Unity was launched with the -noUpm command-line argument
[Package Manager] Cannot connect to Unity Package Manager local server
[ScriptCompilation] NOT recompiling all scripts because this is an import worker process. Reason to compile was: Define symbols changed
Mono: successfully reloaded assembly
- Completed reload, in  2.333 seconds
Domain Reload Profiling:
	ReloadAssembly (2334ms)
		BeginReloadAssembly (214ms)
			ExecutionOrderSort (0ms)
			DisableScriptedObjects (8ms)
			BackupInstance (0ms)
			ReleaseScriptingObjects (0ms)
			CreateAndSetChildDomain (49ms)
		EndReloadAssembly (1969ms)
			LoadAssemblies (160ms)
			RebuildTransferFunctionScriptingTraits (0ms)
			SetupTypeCache (391ms)
			ReleaseScriptCaches (2ms)
			RebuildScriptCaches (67ms)
			SetupLoadedEditorAssemblies (1281ms)
				LogAssemblyErrors (0ms)
				InitializePlatformSupportModulesInManaged (51ms)
				SetLoadedEditorAssemblies (1ms)
				RefreshPlugins (1ms)
				BeforeProcessingInitializeOnLoad (126ms)
				ProcessInitializeOnLoadAttributes (903ms)
				ProcessInitializeOnLoadMethodAttributes (182ms)
				AfterProcessingInitializeOnLoad (16ms)
				EditorAssembliesLoaded (0ms)
			ExecutionOrderSort2 (0ms)
			AwakeInstancesAfterBackupRestoration (18ms)
Platform modules already initialized, skipping
Refreshing native plugins compatible for Editor in 1.65 ms, found 3 plugins.
Preloading 0 native plugins for Editor in 0.00 ms.
Unloading 4414 Unused Serialized files (Serialized files now loaded: 0)
Unloading 53 unused Assets / (167.1 KB). Loaded Objects now: 5049.
Memory consumption went from 159.6 MB to 159.4 MB.
Total: 6.683500 ms (FindLiveObjects: 0.611100 ms CreateObjectMapping: 0.298000 ms MarkObjects: 5.595000 ms  DeleteObjects: 0.176800 ms)

AssetImportParameters requested are different than current active one (requested -> active):
  custom:video-decoder-ogg-theora: a1e56fd34408186e4bbccfd4996cb3dc -> 
  custom:container-muxer-webm: aa71ff27fc2769a1b78a27578f13a17b -> 
  custom:container-demuxer-webm: 4f35f7cbe854078d1ac9338744f61a02 -> 
  custom:video-encoder-webm-vp8: eb34c28f22e8b96e1ab97ce403110664 -> 
  custom:video-codec-MediaFoundation-h265: 746d11721c4dcdbdad8f713fa42b33f4 -> 
  custom:CustomObjectIndexerAttribute: bc11b3a6c3213fcdd17b65e7da85e133 -> 
  custom:audio-encoder-webm-vorbis: bf7c407c2cedff20999df2af8eb42d56 -> 
  custom:framework-win-MediaFoundation: 216162199b28c13a410421893ffa2e32 -> 
  custom:SearchIndexIgnoredProperties: e643bd26f0fe6173181afceb89e7c659 -> 
  custom:container-demuxer-ogg: 62fdf1f143b41e24485cea50d1cbac27 -> 
  custom:video-decoder-webm-vp8: 9c59270c3fd7afecdb556c50c9e8de78 -> 
  custom:audio-decoder-ogg-vorbis: bf7c407c2cedff20999df2af8eb42d56 -> 
========================================================================
Received Prepare
Registering precompiled user dll's ...
Registered in 0.003694 seconds.
Begin MonoManager ReloadAssembly
Native extension for WindowsStandalone target not found
Failed to load: C:/Program Files/Unity/Hub/Editor/2021.3.36f1/Editor/Data/PlaybackEngines/iOSSupport\x64\UnityEditor.iOS.Native.dll
Native extension for iOS target not found
Native extension for Android target not found
Native extension for WebGL target not found
Refreshing native plugins compatible for Editor in 0.72 ms, found 3 plugins.
Preloading 0 native plugins for Editor in 0.00 ms.
[Package Manager] Server::EnsureServerProcessIsRunning -- launch failed, reason: Unity was launched with the -noUpm command-line argument
[Package Manager] Cannot connect to Unity Package Manager local server
[Package Manager] Server::EnsureServerProcessIsRunning -- launch failed, reason: Unity was launched with the -noUpm command-line argument
[Package Manager] Cannot connect to Unity Package Manager local server
[ScriptCompilation] NOT recompiling all scripts because this is an import worker process. Reason to compile was: Define symbols changed
Mono: successfully reloaded assembly
- Completed reload, in  1.565 seconds
Domain Reload Profiling:
	ReloadAssembly (1566ms)
		BeginReloadAssembly (120ms)
			ExecutionOrderSort (0ms)
			DisableScriptedObjects (4ms)
			BackupInstance (0ms)
			ReleaseScriptingObjects (0ms)
			CreateAndSetChildDomain (27ms)
		EndReloadAssembly (1369ms)
			LoadAssemblies (83ms)
			RebuildTransferFunctionScriptingTraits (0ms)
			SetupTypeCache (232ms)
			ReleaseScriptCaches (2ms)
			RebuildScriptCaches (35ms)
			SetupLoadedEditorAssemblies (962ms)
				LogAssemblyErrors (0ms)
				InitializePlatformSupportModulesInManaged (25ms)
				SetLoadedEditorAssemblies (0ms)
				RefreshPlugins (1ms)
				BeforeProcessingInitializeOnLoad (56ms)
				ProcessInitializeOnLoadAttributes (720ms)
				ProcessInitializeOnLoadMethodAttributes (148ms)
				AfterProcessingInitializeOnLoad (11ms)
				EditorAssembliesLoaded (0ms)
			ExecutionOrderSort2 (0ms)
			AwakeInstancesAfterBackupRestoration (12ms)
Platform modules already initialized, skipping
Refreshing native plugins compatible for Editor in 1.80 ms, found 3 plugins.
Preloading 0 native plugins for Editor in 0.00 ms.
Unloading 4414 Unused Serialized files (Serialized files now loaded: 0)
Unloading 53 unused Assets / (168.3 KB). Loaded Objects now: 5052.
Memory consumption went from 159.6 MB to 159.5 MB.
Total: 5.681000 ms (FindLiveObjects: 0.412600 ms CreateObjectMapping: 0.227700 ms MarkObjects: 4.872100 ms  DeleteObjects: 0.142000 ms)

AssetImportParameters requested are different than current active one (requested -> active):
  custom:video-decoder-ogg-theora: a1e56fd34408186e4bbccfd4996cb3dc -> 
  custom:container-muxer-webm: aa71ff27fc2769a1b78a27578f13a17b -> 
  custom:container-demuxer-webm: 4f35f7cbe854078d1ac9338744f61a02 -> 
  custom:video-encoder-webm-vp8: eb34c28f22e8b96e1ab97ce403110664 -> 
  custom:video-codec-MediaFoundation-h265: 746d11721c4dcdbdad8f713fa42b33f4 -> 
  custom:CustomObjectIndexerAttribute: bc11b3a6c3213fcdd17b65e7da85e133 -> 
  custom:audio-encoder-webm-vorbis: bf7c407c2cedff20999df2af8eb42d56 -> 
  custom:framework-win-MediaFoundation: 216162199b28c13a410421893ffa2e32 -> 
  custom:SearchIndexIgnoredProperties: e643bd26f0fe6173181afceb89e7c659 -> 
  custom:container-demuxer-ogg: 62fdf1f143b41e24485cea50d1cbac27 -> 
  custom:video-decoder-webm-vp8: 9c59270c3fd7afecdb556c50c9e8de78 -> 
  custom:audio-decoder-ogg-vorbis: bf7c407c2cedff20999df2af8eb42d56 -> 
========================================================================
Received Prepare
Registering precompiled user dll's ...
Registered in 0.003294 seconds.
Begin MonoManager ReloadAssembly
Native extension for WindowsStandalone target not found
Failed to load: C:/Program Files/Unity/Hub/Editor/2021.3.36f1/Editor/Data/PlaybackEngines/iOSSupport\x64\UnityEditor.iOS.Native.dll
Native extension for iOS target not found
Native extension for Android target not found
Native extension for WebGL target not found
Refreshing native plugins compatible for Editor in 1.05 ms, found 3 plugins.
Preloading 0 native plugins for Editor in 0.00 ms.
[Package Manager] Server::EnsureServerProcessIsRunning -- launch failed, reason: Unity was launched with the -noUpm command-line argument
[Package Manager] Cannot connect to Unity Package Manager local server
[Package Manager] Server::EnsureServerProcessIsRunning -- launch failed, reason: Unity was launched with the -noUpm command-line argument
[Package Manager] Cannot connect to Unity Package Manager local server
[ScriptCompilation] NOT recompiling all scripts because this is an import worker process. Reason to compile was: Define symbols changed
Mono: successfully reloaded assembly
- Completed reload, in  1.747 seconds
Domain Reload Profiling:
	ReloadAssembly (1748ms)
		BeginReloadAssembly (122ms)
			ExecutionOrderSort (0ms)
			DisableScriptedObjects (4ms)
			BackupInstance (0ms)
			ReleaseScriptingObjects (0ms)
			CreateAndSetChildDomain (29ms)
		EndReloadAssembly (1525ms)
			LoadAssemblies (94ms)
			RebuildTransferFunctionScriptingTraits (0ms)
			SetupTypeCache (389ms)
			ReleaseScriptCaches (2ms)
			RebuildScriptCaches (57ms)
			SetupLoadedEditorAssemblies (909ms)
				LogAssemblyErrors (0ms)
				InitializePlatformSupportModulesInManaged (53ms)
				SetLoadedEditorAssemblies (1ms)
				RefreshPlugins (1ms)
				BeforeProcessingInitializeOnLoad (110ms)
				ProcessInitializeOnLoadAttributes (661ms)
				ProcessInitializeOnLoadMethodAttributes (76ms)
				AfterProcessingInitializeOnLoad (7ms)
				EditorAssembliesLoaded (0ms)
			ExecutionOrderSort2 (0ms)
			AwakeInstancesAfterBackupRestoration (9ms)
Platform modules already initialized, skipping
Refreshing native plugins compatible for Editor in 1.01 ms, found 3 plugins.
Preloading 0 native plugins for Editor in 0.00 ms.
Unloading 4414 Unused Serialized files (Serialized files now loaded: 0)
Unloading 53 unused Assets / (167.2 KB). Loaded Objects now: 5055.
Memory consumption went from 159.6 MB to 159.5 MB.
Total: 4.834000 ms (FindLiveObjects: 0.337600 ms CreateObjectMapping: 0.220500 ms MarkObjects: 4.190900 ms  DeleteObjects: 0.083200 ms)

AssetImportParameters requested are different than current active one (requested -> active):
  custom:video-decoder-ogg-theora: a1e56fd34408186e4bbccfd4996cb3dc -> 
  custom:container-muxer-webm: aa71ff27fc2769a1b78a27578f13a17b -> 
  custom:container-demuxer-webm: 4f35f7cbe854078d1ac9338744f61a02 -> 
  custom:video-encoder-webm-vp8: eb34c28f22e8b96e1ab97ce403110664 -> 
  custom:video-codec-MediaFoundation-h265: 746d11721c4dcdbdad8f713fa42b33f4 -> 
  custom:CustomObjectIndexerAttribute: bc11b3a6c3213fcdd17b65e7da85e133 -> 
  custom:audio-encoder-webm-vorbis: bf7c407c2cedff20999df2af8eb42d56 -> 
  custom:framework-win-MediaFoundation: 216162199b28c13a410421893ffa2e32 -> 
  custom:SearchIndexIgnoredProperties: e643bd26f0fe6173181afceb89e7c659 -> 
  custom:container-demuxer-ogg: 62fdf1f143b41e24485cea50d1cbac27 -> 
  custom:video-decoder-webm-vp8: 9c59270c3fd7afecdb556c50c9e8de78 -> 
  custom:audio-decoder-ogg-vorbis: bf7c407c2cedff20999df2af8eb42d56 -> 
========================================================================
Received Prepare
Registering precompiled user dll's ...
Registered in 0.006198 seconds.
Begin MonoManager ReloadAssembly
Native extension for WindowsStandalone target not found
Failed to load: C:/Program Files/Unity/Hub/Editor/2021.3.36f1/Editor/Data/PlaybackEngines/iOSSupport\x64\UnityEditor.iOS.Native.dll
Native extension for iOS target not found
Native extension for Android target not found
Native extension for WebGL target not found
Refreshing native plugins compatible for Editor in 0.71 ms, found 3 plugins.
Preloading 0 native plugins for Editor in 0.00 ms.
[Package Manager] Server::EnsureServerProcessIsRunning -- launch failed, reason: Unity was launched with the -noUpm command-line argument
[Package Manager] Cannot connect to Unity Package Manager local server
[Package Manager] Server::EnsureServerProcessIsRunning -- launch failed, reason: Unity was launched with the -noUpm command-line argument
[Package Manager] Cannot connect to Unity Package Manager local server
System.IO.IOException: Sharing violation on path C:\UnityProject\Run\Assets\PluginYourGames\Editor\ModulesListYG2.txt
  at System.IO.FileStream..ctor (System.String path, System.IO.FileMode mode, System.IO.FileAccess access, System.IO.FileShare share, System.Int32 bufferSize, System.Boolean anonymous, System.IO.FileOptions options) [0x0019e] in <b4dec521950c405ea4b0b85c62087906>:0 
  at System.IO.FileStream..ctor (System.String path, System.IO.FileMode mode, System.IO.FileAccess access, System.IO.FileShare share, System.Int32 bufferSize, System.IO.FileOptions options) [0x00000] in <b4dec521950c405ea4b0b85c62087906>:0 
  at (wrapper remoting-invoke-with-check) System.IO.FileStream..ctor(string,System.IO.FileMode,System.IO.FileAccess,System.IO.FileShare,int,System.IO.FileOptions)
  at System.IO.StreamReader..ctor (System.String path, System.Text.Encoding encoding, System.Boolean detectEncodingFromByteOrderMarks, System.Int32 bufferSize) [0x00055] in <b4dec521950c405ea4b0b85c62087906>:0 
  at System.IO.StreamReader..ctor (System.String path, System.Text.Encoding encoding) [0x00000] in <b4dec521950c405ea4b0b85c62087906>:0 
  at (wrapper remoting-invoke-with-check) System.IO.StreamReader..ctor(string,System.Text.Encoding)
  at System.IO.File.InternalReadAllLines (System.String path, System.Text.Encoding encoding) [0x00006] in <b4dec521950c405ea4b0b85c62087906>:0 
  at System.IO.File.ReadAllLines (System.String path) [0x0002c] in <b4dec521950c405ea4b0b85c62087906>:0 
  at YG.EditorScr.DefineSymbols.ModulesDefineSymbols () [0x00035] in C:\UnityProject\Run\Assets\PluginYourGames\Scripts\EditorScr\DefineSymbols.cs:146 
  at YG.EditorScr.DefineSymbols.UpdateDefineSymbols () [0x0000f] in C:\UnityProject\Run\Assets\PluginYourGames\Scripts\EditorScr\DefineSymbols.cs:57 
  at YG.EditorScr.DefineSymbols..cctor () [0x00023] in C:\UnityProject\Run\Assets\PluginYourGames\Scripts\EditorScr\DefineSymbols.cs:31 
UnityEngine.StackTraceUtility:ExtractStackTrace ()
UnityEngine.DebugLogHandler:LogFormat (UnityEngine.LogType,UnityEngine.Object,string,object[])
UnityEngine.Logger:Log (UnityEngine.LogType,object)
UnityEngine.Debug:LogError (object)
UnityEditor.EditorAssemblies:ProcessInitializeOnLoadAttributes (System.Type[])

Mono: successfully reloaded assembly
- Completed reload, in  1.579 seconds
Domain Reload Profiling:
	ReloadAssembly (1580ms)
		BeginReloadAssembly (124ms)
			ExecutionOrderSort (0ms)
			DisableScriptedObjects (4ms)
			BackupInstance (0ms)
			ReleaseScriptingObjects (0ms)
			CreateAndSetChildDomain (27ms)
		EndReloadAssembly (1377ms)
			LoadAssemblies (86ms)
			RebuildTransferFunctionScriptingTraits (0ms)
			SetupTypeCache (249ms)
			ReleaseScriptCaches (2ms)
			RebuildScriptCaches (35ms)
			SetupLoadedEditorAssemblies (957ms)
				LogAssemblyErrors (0ms)
				InitializePlatformSupportModulesInManaged (25ms)
				SetLoadedEditorAssemblies (0ms)
				RefreshPlugins (1ms)
				BeforeProcessingInitializeOnLoad (55ms)
				ProcessInitializeOnLoadAttributes (730ms)
				ProcessInitializeOnLoadMethodAttributes (133ms)
				AfterProcessingInitializeOnLoad (12ms)
				EditorAssembliesLoaded (0ms)
			ExecutionOrderSort2 (0ms)
			AwakeInstancesAfterBackupRestoration (12ms)
Platform modules already initialized, skipping
Refreshing native plugins compatible for Editor in 1.87 ms, found 3 plugins.
Preloading 0 native plugins for Editor in 0.00 ms.
Unloading 4414 Unused Serialized files (Serialized files now loaded: 0)
Unloading 53 unused Assets / (167.3 KB). Loaded Objects now: 5058.
Memory consumption went from 159.5 MB to 159.3 MB.
Total: 6.663700 ms (FindLiveObjects: 0.486800 ms CreateObjectMapping: 0.261200 ms MarkObjects: 5.798400 ms  DeleteObjects: 0.114300 ms)

AssetImportParameters requested are different than current active one (requested -> active):
  custom:video-decoder-ogg-theora: a1e56fd34408186e4bbccfd4996cb3dc -> 
  custom:container-muxer-webm: aa71ff27fc2769a1b78a27578f13a17b -> 
  custom:container-demuxer-webm: 4f35f7cbe854078d1ac9338744f61a02 -> 
  custom:video-encoder-webm-vp8: eb34c28f22e8b96e1ab97ce403110664 -> 
  custom:video-codec-MediaFoundation-h265: 746d11721c4dcdbdad8f713fa42b33f4 -> 
  custom:CustomObjectIndexerAttribute: bc11b3a6c3213fcdd17b65e7da85e133 -> 
  custom:audio-encoder-webm-vorbis: bf7c407c2cedff20999df2af8eb42d56 -> 
  custom:framework-win-MediaFoundation: 216162199b28c13a410421893ffa2e32 -> 
  custom:SearchIndexIgnoredProperties: e643bd26f0fe6173181afceb89e7c659 -> 
  custom:container-demuxer-ogg: 62fdf1f143b41e24485cea50d1cbac27 -> 
  custom:video-decoder-webm-vp8: 9c59270c3fd7afecdb556c50c9e8de78 -> 
  custom:audio-decoder-ogg-vorbis: bf7c407c2cedff20999df2af8eb42d56 -> 
========================================================================
Received Import Request.
  Time since last request: 429.858772 seconds.
  path: Assets/Scripts/Canvas/TextScore.cs
  artifactKey: Guid(e8862e8092db16c43a270ba0c1b17d5a) Importer(815301076,1909f56bfc062723c751e8b465ee728b)
Number of updated assets reloaded before import = 0
Start importing Assets/Scripts/Canvas/TextScore.cs using Guid(e8862e8092db16c43a270ba0c1b17d5a) Importer(815301076,1909f56bfc062723c751e8b465ee728b)  -> (artifact id: 'e0a36bd7218f91c3506b961fece10ab1') in 0.027446 seconds 
Number of asset objects unloaded after import = 0
========================================================================
Received Prepare
Registering precompiled user dll's ...
Registered in 0.016775 seconds.
Begin MonoManager ReloadAssembly
Native extension for WindowsStandalone target not found
Failed to load: C:/Program Files/Unity/Hub/Editor/2021.3.36f1/Editor/Data/PlaybackEngines/iOSSupport\x64\UnityEditor.iOS.Native.dll
Native extension for iOS target not found
Native extension for Android target not found
Native extension for WebGL target not found
Refreshing native plugins compatible for Editor in 0.72 ms, found 3 plugins.
Preloading 0 native plugins for Editor in 0.00 ms.
[Package Manager] Server::EnsureServerProcessIsRunning -- launch failed, reason: Unity was launched with the -noUpm command-line argument
[Package Manager] Cannot connect to Unity Package Manager local server
[Package Manager] Server::EnsureServerProcessIsRunning -- launch failed, reason: Unity was launched with the -noUpm command-line argument
[Package Manager] Cannot connect to Unity Package Manager local server
System.IO.IOException: Sharing violation on path C:\UnityProject\Run\Assets\PluginYourGames\Editor\ModulesListYG2.txt
  at System.IO.FileStream..ctor (System.String path, System.IO.FileMode mode, System.IO.FileAccess access, System.IO.FileShare share, System.Int32 bufferSize, System.Boolean anonymous, System.IO.FileOptions options) [0x0019e] in <b4dec521950c405ea4b0b85c62087906>:0 
  at System.IO.FileStream..ctor (System.String path, System.IO.FileMode mode, System.IO.FileAccess access, System.IO.FileShare share, System.Int32 bufferSize, System.IO.FileOptions options) [0x00000] in <b4dec521950c405ea4b0b85c62087906>:0 
  at (wrapper remoting-invoke-with-check) System.IO.FileStream..ctor(string,System.IO.FileMode,System.IO.FileAccess,System.IO.FileShare,int,System.IO.FileOptions)
  at System.IO.StreamReader..ctor (System.String path, System.Text.Encoding encoding, System.Boolean detectEncodingFromByteOrderMarks, System.Int32 bufferSize) [0x00055] in <b4dec521950c405ea4b0b85c62087906>:0 
  at System.IO.StreamReader..ctor (System.String path, System.Text.Encoding encoding) [0x00000] in <b4dec521950c405ea4b0b85c62087906>:0 
  at (wrapper remoting-invoke-with-check) System.IO.StreamReader..ctor(string,System.Text.Encoding)
  at System.IO.File.InternalReadAllLines (System.String path, System.Text.Encoding encoding) [0x00006] in <b4dec521950c405ea4b0b85c62087906>:0 
  at System.IO.File.ReadAllLines (System.String path) [0x0002c] in <b4dec521950c405ea4b0b85c62087906>:0 
  at YG.EditorScr.DefineSymbols.ModulesDefineSymbols () [0x00035] in C:\UnityProject\Run\Assets\PluginYourGames\Scripts\EditorScr\DefineSymbols.cs:146 
  at YG.EditorScr.DefineSymbols.UpdateDefineSymbols () [0x0000f] in C:\UnityProject\Run\Assets\PluginYourGames\Scripts\EditorScr\DefineSymbols.cs:57 
  at YG.EditorScr.DefineSymbols..cctor () [0x00023] in C:\UnityProject\Run\Assets\PluginYourGames\Scripts\EditorScr\DefineSymbols.cs:31 
UnityEngine.StackTraceUtility:ExtractStackTrace ()
UnityEngine.DebugLogHandler:LogFormat (UnityEngine.LogType,UnityEngine.Object,string,object[])
UnityEngine.Logger:Log (UnityEngine.LogType,object)
UnityEngine.Debug:LogError (object)
UnityEditor.EditorAssemblies:ProcessInitializeOnLoadAttributes (System.Type[])

Mono: successfully reloaded assembly
- Completed reload, in  1.665 seconds
Domain Reload Profiling:
	ReloadAssembly (1668ms)
		BeginReloadAssembly (123ms)
			ExecutionOrderSort (0ms)
			DisableScriptedObjects (4ms)
			BackupInstance (0ms)
			ReleaseScriptingObjects (0ms)
			CreateAndSetChildDomain (27ms)
		EndReloadAssembly (1463ms)
			LoadAssemblies (84ms)
			RebuildTransferFunctionScriptingTraits (0ms)
			SetupTypeCache (231ms)
			ReleaseScriptCaches (2ms)
			RebuildScriptCaches (43ms)
			SetupLoadedEditorAssemblies (1032ms)
				LogAssemblyErrors (0ms)
				InitializePlatformSupportModulesInManaged (30ms)
				SetLoadedEditorAssemblies (0ms)
				RefreshPlugins (1ms)
				BeforeProcessingInitializeOnLoad (62ms)
				ProcessInitializeOnLoadAttributes (746ms)
				ProcessInitializeOnLoadMethodAttributes (182ms)
				AfterProcessingInitializeOnLoad (11ms)
				EditorAssembliesLoaded (1ms)
			ExecutionOrderSort2 (0ms)
			AwakeInstancesAfterBackupRestoration (15ms)
Platform modules already initialized, skipping
Refreshing native plugins compatible for Editor in 1.88 ms, found 3 plugins.
Preloading 0 native plugins for Editor in 0.00 ms.
Unloading 4414 Unused Serialized files (Serialized files now loaded: 0)
Unloading 53 unused Assets / (167.1 KB). Loaded Objects now: 5061.
Memory consumption went from 159.7 MB to 159.5 MB.
Total: 5.843300 ms (FindLiveObjects: 0.457500 ms CreateObjectMapping: 0.303600 ms MarkObjects: 4.982700 ms  DeleteObjects: 0.097000 ms)

AssetImportParameters requested are different than current active one (requested -> active):
  custom:video-decoder-ogg-theora: a1e56fd34408186e4bbccfd4996cb3dc -> 
  custom:container-muxer-webm: aa71ff27fc2769a1b78a27578f13a17b -> 
  custom:container-demuxer-webm: 4f35f7cbe854078d1ac9338744f61a02 -> 
  custom:video-encoder-webm-vp8: eb34c28f22e8b96e1ab97ce403110664 -> 
  custom:video-codec-MediaFoundation-h265: 746d11721c4dcdbdad8f713fa42b33f4 -> 
  custom:CustomObjectIndexerAttribute: bc11b3a6c3213fcdd17b65e7da85e133 -> 
  custom:audio-encoder-webm-vorbis: bf7c407c2cedff20999df2af8eb42d56 -> 
  custom:framework-win-MediaFoundation: 216162199b28c13a410421893ffa2e32 -> 
  custom:SearchIndexIgnoredProperties: e643bd26f0fe6173181afceb89e7c659 -> 
  custom:container-demuxer-ogg: 62fdf1f143b41e24485cea50d1cbac27 -> 
  custom:video-decoder-webm-vp8: 9c59270c3fd7afecdb556c50c9e8de78 -> 
  custom:audio-decoder-ogg-vorbis: bf7c407c2cedff20999df2af8eb42d56 -> 
========================================================================
Received Prepare
Registering precompiled user dll's ...
Registered in 0.004375 seconds.
Begin MonoManager ReloadAssembly
Native extension for WindowsStandalone target not found
Failed to load: C:/Program Files/Unity/Hub/Editor/2021.3.36f1/Editor/Data/PlaybackEngines/iOSSupport\x64\UnityEditor.iOS.Native.dll
Native extension for iOS target not found
Native extension for Android target not found
Native extension for WebGL target not found
Refreshing native plugins compatible for Editor in 1.09 ms, found 3 plugins.
Preloading 0 native plugins for Editor in 0.00 ms.
[Package Manager] Server::EnsureServerProcessIsRunning -- launch failed, reason: Unity was launched with the -noUpm command-line argument
[Package Manager] Cannot connect to Unity Package Manager local server
[Package Manager] Server::EnsureServerProcessIsRunning -- launch failed, reason: Unity was launched with the -noUpm command-line argument
[Package Manager] Cannot connect to Unity Package Manager local server
[ScriptCompilation] NOT recompiling all scripts because this is an import worker process. Reason to compile was: Define symbols changed
Mono: successfully reloaded assembly
- Completed reload, in  1.723 seconds
Domain Reload Profiling:
	ReloadAssembly (1724ms)
		BeginReloadAssembly (124ms)
			ExecutionOrderSort (0ms)
			DisableScriptedObjects (4ms)
			BackupInstance (0ms)
			ReleaseScriptingObjects (0ms)
			CreateAndSetChildDomain (29ms)
		EndReloadAssembly (1520ms)
			LoadAssemblies (88ms)
			RebuildTransferFunctionScriptingTraits (0ms)
			SetupTypeCache (231ms)
			ReleaseScriptCaches (2ms)
			RebuildScriptCaches (39ms)
			SetupLoadedEditorAssemblies (1089ms)
				LogAssemblyErrors (0ms)
				InitializePlatformSupportModulesInManaged (44ms)
				SetLoadedEditorAssemblies (1ms)
				RefreshPlugins (1ms)
				BeforeProcessingInitializeOnLoad (102ms)
				ProcessInitializeOnLoadAttributes (784ms)
				ProcessInitializeOnLoadMethodAttributes (145ms)
				AfterProcessingInitializeOnLoad (12ms)
				EditorAssembliesLoaded (0ms)
			ExecutionOrderSort2 (0ms)
			AwakeInstancesAfterBackupRestoration (13ms)
Platform modules already initialized, skipping
Refreshing native plugins compatible for Editor in 1.62 ms, found 3 plugins.
Preloading 0 native plugins for Editor in 0.00 ms.
Unloading 4414 Unused Serialized files (Serialized files now loaded: 0)
Unloading 53 unused Assets / (167.3 KB). Loaded Objects now: 5064.
Memory consumption went from 159.7 MB to 159.5 MB.
Total: 7.122300 ms (FindLiveObjects: 0.737200 ms CreateObjectMapping: 0.526200 ms MarkObjects: 5.750900 ms  DeleteObjects: 0.104900 ms)

AssetImportParameters requested are different than current active one (requested -> active):
  custom:video-decoder-ogg-theora: a1e56fd34408186e4bbccfd4996cb3dc -> 
  custom:container-muxer-webm: aa71ff27fc2769a1b78a27578f13a17b -> 
  custom:container-demuxer-webm: 4f35f7cbe854078d1ac9338744f61a02 -> 
  custom:video-encoder-webm-vp8: eb34c28f22e8b96e1ab97ce403110664 -> 
  custom:video-codec-MediaFoundation-h265: 746d11721c4dcdbdad8f713fa42b33f4 -> 
  custom:CustomObjectIndexerAttribute: bc11b3a6c3213fcdd17b65e7da85e133 -> 
  custom:audio-encoder-webm-vorbis: bf7c407c2cedff20999df2af8eb42d56 -> 
  custom:framework-win-MediaFoundation: 216162199b28c13a410421893ffa2e32 -> 
  custom:SearchIndexIgnoredProperties: e643bd26f0fe6173181afceb89e7c659 -> 
  custom:container-demuxer-ogg: 62fdf1f143b41e24485cea50d1cbac27 -> 
  custom:video-decoder-webm-vp8: 9c59270c3fd7afecdb556c50c9e8de78 -> 
  custom:audio-decoder-ogg-vorbis: bf7c407c2cedff20999df2af8eb42d56 -> 
========================================================================
Received Prepare
Registering precompiled user dll's ...
Registered in 0.007120 seconds.
Begin MonoManager ReloadAssembly
Native extension for WindowsStandalone target not found
Failed to load: C:/Program Files/Unity/Hub/Editor/2021.3.36f1/Editor/Data/PlaybackEngines/iOSSupport\x64\UnityEditor.iOS.Native.dll
Native extension for iOS target not found
Native extension for Android target not found
Native extension for WebGL target not found
Refreshing native plugins compatible for Editor in 1.00 ms, found 3 plugins.
Preloading 0 native plugins for Editor in 0.00 ms.
[Package Manager] Server::EnsureServerProcessIsRunning -- launch failed, reason: Unity was launched with the -noUpm command-line argument
[Package Manager] Cannot connect to Unity Package Manager local server
[Package Manager] Server::EnsureServerProcessIsRunning -- launch failed, reason: Unity was launched with the -noUpm command-line argument
[Package Manager] Cannot connect to Unity Package Manager local server
[ScriptCompilation] NOT recompiling all scripts because this is an import worker process. Reason to compile was: Define symbols changed
Mono: successfully reloaded assembly
- Completed reload, in  1.768 seconds
Domain Reload Profiling:
	ReloadAssembly (1769ms)
		BeginReloadAssembly (195ms)
			ExecutionOrderSort (0ms)
			DisableScriptedObjects (10ms)
			BackupInstance (0ms)
			ReleaseScriptingObjects (0ms)
			CreateAndSetChildDomain (45ms)
		EndReloadAssembly (1448ms)
			LoadAssemblies (131ms)
			RebuildTransferFunctionScriptingTraits (0ms)
			SetupTypeCache (391ms)
			ReleaseScriptCaches (2ms)
			RebuildScriptCaches (56ms)
			SetupLoadedEditorAssemblies (832ms)
				LogAssemblyErrors (0ms)
				InitializePlatformSupportModulesInManaged (48ms)
				SetLoadedEditorAssemblies (1ms)
				RefreshPlugins (1ms)
				BeforeProcessingInitializeOnLoad (85ms)
				ProcessInitializeOnLoadAttributes (618ms)
				ProcessInitializeOnLoadMethodAttributes (73ms)
				AfterProcessingInitializeOnLoad (6ms)
				EditorAssembliesLoaded (0ms)
			ExecutionOrderSort2 (0ms)
			AwakeInstancesAfterBackupRestoration (8ms)
Platform modules already initialized, skipping
Refreshing native plugins compatible for Editor in 1.26 ms, found 3 plugins.
Preloading 0 native plugins for Editor in 0.00 ms.
Unloading 4414 Unused Serialized files (Serialized files now loaded: 0)
Unloading 53 unused Assets / (167.3 KB). Loaded Objects now: 5067.
Memory consumption went from 159.6 MB to 159.5 MB.
Total: 5.442000 ms (FindLiveObjects: 0.413800 ms CreateObjectMapping: 0.229100 ms MarkObjects: 4.681100 ms  DeleteObjects: 0.114900 ms)

AssetImportParameters requested are different than current active one (requested -> active):
  custom:video-decoder-ogg-theora: a1e56fd34408186e4bbccfd4996cb3dc -> 
  custom:container-muxer-webm: aa71ff27fc2769a1b78a27578f13a17b -> 
  custom:container-demuxer-webm: 4f35f7cbe854078d1ac9338744f61a02 -> 
  custom:video-encoder-webm-vp8: eb34c28f22e8b96e1ab97ce403110664 -> 
  custom:video-codec-MediaFoundation-h265: 746d11721c4dcdbdad8f713fa42b33f4 -> 
  custom:CustomObjectIndexerAttribute: bc11b3a6c3213fcdd17b65e7da85e133 -> 
  custom:audio-encoder-webm-vorbis: bf7c407c2cedff20999df2af8eb42d56 -> 
  custom:framework-win-MediaFoundation: 216162199b28c13a410421893ffa2e32 -> 
  custom:SearchIndexIgnoredProperties: e643bd26f0fe6173181afceb89e7c659 -> 
  custom:container-demuxer-ogg: 62fdf1f143b41e24485cea50d1cbac27 -> 
  custom:video-decoder-webm-vp8: 9c59270c3fd7afecdb556c50c9e8de78 -> 
  custom:audio-decoder-ogg-vorbis: bf7c407c2cedff20999df2af8eb42d56 -> 
========================================================================
Received Prepare
Registering precompiled user dll's ...
Registered in 0.007822 seconds.
Begin MonoManager ReloadAssembly
Native extension for WindowsStandalone target not found
Failed to load: C:/Program Files/Unity/Hub/Editor/2021.3.36f1/Editor/Data/PlaybackEngines/iOSSupport\x64\UnityEditor.iOS.Native.dll
Native extension for iOS target not found
Native extension for Android target not found
Native extension for WebGL target not found
Refreshing native plugins compatible for Editor in 1.05 ms, found 3 plugins.
Preloading 0 native plugins for Editor in 0.00 ms.
[Package Manager] Server::EnsureServerProcessIsRunning -- launch failed, reason: Unity was launched with the -noUpm command-line argument
[Package Manager] Cannot connect to Unity Package Manager local server
[Package Manager] Server::EnsureServerProcessIsRunning -- launch failed, reason: Unity was launched with the -noUpm command-line argument
[Package Manager] Cannot connect to Unity Package Manager local server
[ScriptCompilation] NOT recompiling all scripts because this is an import worker process. Reason to compile was: Define symbols changed
Mono: successfully reloaded assembly
- Completed reload, in  2.020 seconds
Domain Reload Profiling:
	ReloadAssembly (2021ms)
		BeginReloadAssembly (175ms)
			ExecutionOrderSort (0ms)
			DisableScriptedObjects (6ms)
			BackupInstance (0ms)
			ReleaseScriptingObjects (0ms)
			CreateAndSetChildDomain (37ms)
		EndReloadAssembly (1712ms)
			LoadAssemblies (127ms)
			RebuildTransferFunctionScriptingTraits (0ms)
			SetupTypeCache (371ms)
			ReleaseScriptCaches (2ms)
			RebuildScriptCaches (63ms)
			SetupLoadedEditorAssemblies (1076ms)
				LogAssemblyErrors (0ms)
				InitializePlatformSupportModulesInManaged (47ms)
				SetLoadedEditorAssemblies (1ms)
				RefreshPlugins (1ms)
				BeforeProcessingInitializeOnLoad (97ms)
				ProcessInitializeOnLoadAttributes (780ms)
				ProcessInitializeOnLoadMethodAttributes (139ms)
				AfterProcessingInitializeOnLoad (11ms)
				EditorAssembliesLoaded (0ms)
			ExecutionOrderSort2 (0ms)
			AwakeInstancesAfterBackupRestoration (13ms)
Platform modules already initialized, skipping
Refreshing native plugins compatible for Editor in 1.76 ms, found 3 plugins.
Preloading 0 native plugins for Editor in 0.00 ms.
Unloading 4414 Unused Serialized files (Serialized files now loaded: 0)
Unloading 53 unused Assets / (168.3 KB). Loaded Objects now: 5070.
Memory consumption went from 159.6 MB to 159.5 MB.
Total: 5.596800 ms (FindLiveObjects: 0.445200 ms CreateObjectMapping: 0.296100 ms MarkObjects: 4.748100 ms  DeleteObjects: 0.104900 ms)

AssetImportParameters requested are different than current active one (requested -> active):
  custom:video-decoder-ogg-theora: a1e56fd34408186e4bbccfd4996cb3dc -> 
  custom:container-muxer-webm: aa71ff27fc2769a1b78a27578f13a17b -> 
  custom:container-demuxer-webm: 4f35f7cbe854078d1ac9338744f61a02 -> 
  custom:video-encoder-webm-vp8: eb34c28f22e8b96e1ab97ce403110664 -> 
  custom:video-codec-MediaFoundation-h265: 746d11721c4dcdbdad8f713fa42b33f4 -> 
  custom:CustomObjectIndexerAttribute: bc11b3a6c3213fcdd17b65e7da85e133 -> 
  custom:audio-encoder-webm-vorbis: bf7c407c2cedff20999df2af8eb42d56 -> 
  custom:framework-win-MediaFoundation: 216162199b28c13a410421893ffa2e32 -> 
  custom:SearchIndexIgnoredProperties: e643bd26f0fe6173181afceb89e7c659 -> 
  custom:container-demuxer-ogg: 62fdf1f143b41e24485cea50d1cbac27 -> 
  custom:video-decoder-webm-vp8: 9c59270c3fd7afecdb556c50c9e8de78 -> 
  custom:audio-decoder-ogg-vorbis: bf7c407c2cedff20999df2af8eb42d56 -> 
========================================================================
Received Prepare
Registering precompiled user dll's ...
Registered in 0.004321 seconds.
Begin MonoManager ReloadAssembly
Native extension for WindowsStandalone target not found
Failed to load: C:/Program Files/Unity/Hub/Editor/2021.3.36f1/Editor/Data/PlaybackEngines/iOSSupport\x64\UnityEditor.iOS.Native.dll
Native extension for iOS target not found
Native extension for Android target not found
Native extension for WebGL target not found
Refreshing native plugins compatible for Editor in 1.15 ms, found 3 plugins.
Preloading 0 native plugins for Editor in 0.00 ms.
[Package Manager] Server::EnsureServerProcessIsRunning -- launch failed, reason: Unity was launched with the -noUpm command-line argument
[Package Manager] Cannot connect to Unity Package Manager local server
[Package Manager] Server::EnsureServerProcessIsRunning -- launch failed, reason: Unity was launched with the -noUpm command-line argument
[Package Manager] Cannot connect to Unity Package Manager local server
[ScriptCompilation] NOT recompiling all scripts because this is an import worker process. Reason to compile was: Define symbols changed
Mono: successfully reloaded assembly
- Completed reload, in  1.840 seconds
Domain Reload Profiling:
	ReloadAssembly (1841ms)
		BeginReloadAssembly (165ms)
			ExecutionOrderSort (0ms)
			DisableScriptedObjects (6ms)
			BackupInstance (0ms)
			ReleaseScriptingObjects (0ms)
			CreateAndSetChildDomain (34ms)
		EndReloadAssembly (1555ms)
			LoadAssemblies (126ms)
			RebuildTransferFunctionScriptingTraits (0ms)
			SetupTypeCache (423ms)
			ReleaseScriptCaches (3ms)
			RebuildScriptCaches (73ms)
			SetupLoadedEditorAssemblies (853ms)
				LogAssemblyErrors (0ms)
				InitializePlatformSupportModulesInManaged (56ms)
				SetLoadedEditorAssemblies (1ms)
				RefreshPlugins (1ms)
				BeforeProcessingInitializeOnLoad (98ms)
				ProcessInitializeOnLoadAttributes (626ms)
				ProcessInitializeOnLoadMethodAttributes (65ms)
				AfterProcessingInitializeOnLoad (6ms)
				EditorAssembliesLoaded (0ms)
			ExecutionOrderSort2 (0ms)
			AwakeInstancesAfterBackupRestoration (7ms)
Platform modules already initialized, skipping
Refreshing native plugins compatible for Editor in 1.23 ms, found 3 plugins.
Preloading 0 native plugins for Editor in 0.00 ms.
Unloading 4414 Unused Serialized files (Serialized files now loaded: 0)
Unloading 53 unused Assets / (167.2 KB). Loaded Objects now: 5073.
Memory consumption went from 159.4 MB to 159.3 MB.
Total: 5.330700 ms (FindLiveObjects: 0.483400 ms CreateObjectMapping: 0.329600 ms MarkObjects: 4.309300 ms  DeleteObjects: 0.205000 ms)

AssetImportParameters requested are different than current active one (requested -> active):
  custom:video-decoder-ogg-theora: a1e56fd34408186e4bbccfd4996cb3dc -> 
  custom:container-muxer-webm: aa71ff27fc2769a1b78a27578f13a17b -> 
  custom:container-demuxer-webm: 4f35f7cbe854078d1ac9338744f61a02 -> 
  custom:video-encoder-webm-vp8: eb34c28f22e8b96e1ab97ce403110664 -> 
  custom:video-codec-MediaFoundation-h265: 746d11721c4dcdbdad8f713fa42b33f4 -> 
  custom:CustomObjectIndexerAttribute: bc11b3a6c3213fcdd17b65e7da85e133 -> 
  custom:audio-encoder-webm-vorbis: bf7c407c2cedff20999df2af8eb42d56 -> 
  custom:framework-win-MediaFoundation: 216162199b28c13a410421893ffa2e32 -> 
  custom:SearchIndexIgnoredProperties: e643bd26f0fe6173181afceb89e7c659 -> 
  custom:container-demuxer-ogg: 62fdf1f143b41e24485cea50d1cbac27 -> 
  custom:video-decoder-webm-vp8: 9c59270c3fd7afecdb556c50c9e8de78 -> 
  custom:audio-decoder-ogg-vorbis: bf7c407c2cedff20999df2af8eb42d56 -> 
========================================================================
Received Prepare
Registering precompiled user dll's ...
Registered in 0.005182 seconds.
Begin MonoManager ReloadAssembly
Native extension for WindowsStandalone target not found
Failed to load: C:/Program Files/Unity/Hub/Editor/2021.3.36f1/Editor/Data/PlaybackEngines/iOSSupport\x64\UnityEditor.iOS.Native.dll
Native extension for iOS target not found
Native extension for Android target not found
Native extension for WebGL target not found
Refreshing native plugins compatible for Editor in 1.08 ms, found 3 plugins.
Preloading 0 native plugins for Editor in 0.00 ms.
[Package Manager] Server::EnsureServerProcessIsRunning -- launch failed, reason: Unity was launched with the -noUpm command-line argument
[Package Manager] Cannot connect to Unity Package Manager local server
[Package Manager] Server::EnsureServerProcessIsRunning -- launch failed, reason: Unity was launched with the -noUpm command-line argument
[Package Manager] Cannot connect to Unity Package Manager local server
[ScriptCompilation] NOT recompiling all scripts because this is an import worker process. Reason to compile was: Define symbols changed
Mono: successfully reloaded assembly
- Completed reload, in  2.154 seconds
Domain Reload Profiling:
	ReloadAssembly (2156ms)
		BeginReloadAssembly (202ms)
			ExecutionOrderSort (0ms)
			DisableScriptedObjects (7ms)
			BackupInstance (0ms)
			ReleaseScriptingObjects (0ms)
			CreateAndSetChildDomain (41ms)
		EndReloadAssembly (1821ms)
			LoadAssemblies (143ms)
			RebuildTransferFunctionScriptingTraits (0ms)
			SetupTypeCache (374ms)
			ReleaseScriptCaches (2ms)
			RebuildScriptCaches (74ms)
			SetupLoadedEditorAssemblies (1177ms)
				LogAssemblyErrors (0ms)
				InitializePlatformSupportModulesInManaged (46ms)
				SetLoadedEditorAssemblies (1ms)
				RefreshPlugins (1ms)
				BeforeProcessingInitializeOnLoad (114ms)
				ProcessInitializeOnLoadAttributes (850ms)
				ProcessInitializeOnLoadMethodAttributes (152ms)
				AfterProcessingInitializeOnLoad (11ms)
				EditorAssembliesLoaded (0ms)
			ExecutionOrderSort2 (0ms)
			AwakeInstancesAfterBackupRestoration (13ms)
Platform modules already initialized, skipping
Refreshing native plugins compatible for Editor in 1.45 ms, found 3 plugins.
Preloading 0 native plugins for Editor in 0.00 ms.
Unloading 4414 Unused Serialized files (Serialized files now loaded: 0)
Unloading 53 unused Assets / (167.2 KB). Loaded Objects now: 5076.
Memory consumption went from 159.6 MB to 159.5 MB.
Total: 6.353300 ms (FindLiveObjects: 0.539500 ms CreateObjectMapping: 0.291100 ms MarkObjects: 5.306200 ms  DeleteObjects: 0.214200 ms)

AssetImportParameters requested are different than current active one (requested -> active):
  custom:video-decoder-ogg-theora: a1e56fd34408186e4bbccfd4996cb3dc -> 
  custom:container-muxer-webm: aa71ff27fc2769a1b78a27578f13a17b -> 
  custom:container-demuxer-webm: 4f35f7cbe854078d1ac9338744f61a02 -> 
  custom:video-encoder-webm-vp8: eb34c28f22e8b96e1ab97ce403110664 -> 
  custom:video-codec-MediaFoundation-h265: 746d11721c4dcdbdad8f713fa42b33f4 -> 
  custom:CustomObjectIndexerAttribute: bc11b3a6c3213fcdd17b65e7da85e133 -> 
  custom:audio-encoder-webm-vorbis: bf7c407c2cedff20999df2af8eb42d56 -> 
  custom:framework-win-MediaFoundation: 216162199b28c13a410421893ffa2e32 -> 
  custom:SearchIndexIgnoredProperties: e643bd26f0fe6173181afceb89e7c659 -> 
  custom:container-demuxer-ogg: 62fdf1f143b41e24485cea50d1cbac27 -> 
  custom:video-decoder-webm-vp8: 9c59270c3fd7afecdb556c50c9e8de78 -> 
  custom:audio-decoder-ogg-vorbis: bf7c407c2cedff20999df2af8eb42d56 -> 
========================================================================
Received Prepare
Registering precompiled user dll's ...
Registered in 0.003416 seconds.
Begin MonoManager ReloadAssembly
Native extension for WindowsStandalone target not found
Failed to load: C:/Program Files/Unity/Hub/Editor/2021.3.36f1/Editor/Data/PlaybackEngines/iOSSupport\x64\UnityEditor.iOS.Native.dll
Native extension for iOS target not found
Native extension for Android target not found
Native extension for WebGL target not found
Refreshing native plugins compatible for Editor in 0.74 ms, found 3 plugins.
Preloading 0 native plugins for Editor in 0.00 ms.
[Package Manager] Server::EnsureServerProcessIsRunning -- launch failed, reason: Unity was launched with the -noUpm command-line argument
[Package Manager] Cannot connect to Unity Package Manager local server
[Package Manager] Server::EnsureServerProcessIsRunning -- launch failed, reason: Unity was launched with the -noUpm command-line argument
[Package Manager] Cannot connect to Unity Package Manager local server
[ScriptCompilation] NOT recompiling all scripts because this is an import worker process. Reason to compile was: Define symbols changed
Mono: successfully reloaded assembly
- Completed reload, in  1.624 seconds
Domain Reload Profiling:
	ReloadAssembly (1626ms)
		BeginReloadAssembly (123ms)
			ExecutionOrderSort (0ms)
			DisableScriptedObjects (4ms)
			BackupInstance (0ms)
			ReleaseScriptingObjects (0ms)
			CreateAndSetChildDomain (31ms)
		EndReloadAssembly (1426ms)
			LoadAssemblies (87ms)
			RebuildTransferFunctionScriptingTraits (0ms)
			SetupTypeCache (223ms)
			ReleaseScriptCaches (2ms)
			RebuildScriptCaches (36ms)
			SetupLoadedEditorAssemblies (1009ms)
				LogAssemblyErrors (0ms)
				InitializePlatformSupportModulesInManaged (27ms)
				SetLoadedEditorAssemblies (0ms)
				RefreshPlugins (1ms)
				BeforeProcessingInitializeOnLoad (61ms)
				ProcessInitializeOnLoadAttributes (765ms)
				ProcessInitializeOnLoadMethodAttributes (142ms)
				AfterProcessingInitializeOnLoad (12ms)
				EditorAssembliesLoaded (0ms)
			ExecutionOrderSort2 (0ms)
			AwakeInstancesAfterBackupRestoration (14ms)
Platform modules already initialized, skipping
Refreshing native plugins compatible for Editor in 3.71 ms, found 3 plugins.
Preloading 0 native plugins for Editor in 0.00 ms.
Unloading 4414 Unused Serialized files (Serialized files now loaded: 0)
Unloading 53 unused Assets / (167.3 KB). Loaded Objects now: 5079.
Memory consumption went from 159.7 MB to 159.5 MB.
Total: 8.752500 ms (FindLiveObjects: 0.810600 ms CreateObjectMapping: 0.309500 ms MarkObjects: 7.398100 ms  DeleteObjects: 0.231900 ms)

AssetImportParameters requested are different than current active one (requested -> active):
  custom:video-decoder-ogg-theora: a1e56fd34408186e4bbccfd4996cb3dc -> 
  custom:container-muxer-webm: aa71ff27fc2769a1b78a27578f13a17b -> 
  custom:container-demuxer-webm: 4f35f7cbe854078d1ac9338744f61a02 -> 
  custom:video-encoder-webm-vp8: eb34c28f22e8b96e1ab97ce403110664 -> 
  custom:video-codec-MediaFoundation-h265: 746d11721c4dcdbdad8f713fa42b33f4 -> 
  custom:CustomObjectIndexerAttribute: bc11b3a6c3213fcdd17b65e7da85e133 -> 
  custom:audio-encoder-webm-vorbis: bf7c407c2cedff20999df2af8eb42d56 -> 
  custom:framework-win-MediaFoundation: 216162199b28c13a410421893ffa2e32 -> 
  custom:SearchIndexIgnoredProperties: e643bd26f0fe6173181afceb89e7c659 -> 
  custom:container-demuxer-ogg: 62fdf1f143b41e24485cea50d1cbac27 -> 
  custom:video-decoder-webm-vp8: 9c59270c3fd7afecdb556c50c9e8de78 -> 
  custom:audio-decoder-ogg-vorbis: bf7c407c2cedff20999df2af8eb42d56 -> 
========================================================================
Received Import Request.
  Time since last request: 2487.974664 seconds.
  path: Assets/Scripts/Canvas/BestScoreText.cs
  artifactKey: Guid(1c313b129459b9b408014538d4d67ee5) Importer(815301076,1909f56bfc062723c751e8b465ee728b)
Number of updated assets reloaded before import = 0
Start importing Assets/Scripts/Canvas/BestScoreText.cs using Guid(1c313b129459b9b408014538d4d67ee5) Importer(815301076,1909f56bfc062723c751e8b465ee728b)  -> (artifact id: 'dfe9c2825496cb07d028688cfb1e4f41') in 0.029577 seconds 
Number of asset objects unloaded after import = 0
========================================================================
Received Prepare
Registering precompiled user dll's ...
Registered in 0.017735 seconds.
Begin MonoManager ReloadAssembly
Native extension for WindowsStandalone target not found
Failed to load: C:/Program Files/Unity/Hub/Editor/2021.3.36f1/Editor/Data/PlaybackEngines/iOSSupport\x64\UnityEditor.iOS.Native.dll
Native extension for iOS target not found
Native extension for Android target not found
Native extension for WebGL target not found
Refreshing native plugins compatible for Editor in 1.45 ms, found 3 plugins.
Preloading 0 native plugins for Editor in 0.00 ms.
[Package Manager] Server::EnsureServerProcessIsRunning -- launch failed, reason: Unity was launched with the -noUpm command-line argument
[Package Manager] Cannot connect to Unity Package Manager local server
[Package Manager] Server::EnsureServerProcessIsRunning -- launch failed, reason: Unity was launched with the -noUpm command-line argument
[Package Manager] Cannot connect to Unity Package Manager local server
System.IO.IOException: Sharing violation on path C:\UnityProject\Run\Assets\PluginYourGames\Editor\ModulesListYG2.txt
  at System.IO.FileStream..ctor (System.String path, System.IO.FileMode mode, System.IO.FileAccess access, System.IO.FileShare share, System.Int32 bufferSize, System.Boolean anonymous, System.IO.FileOptions options) [0x0019e] in <b4dec521950c405ea4b0b85c62087906>:0 
  at System.IO.FileStream..ctor (System.String path, System.IO.FileMode mode, System.IO.FileAccess access, System.IO.FileShare share, System.Int32 bufferSize, System.IO.FileOptions options) [0x00000] in <b4dec521950c405ea4b0b85c62087906>:0 
  at (wrapper remoting-invoke-with-check) System.IO.FileStream..ctor(string,System.IO.FileMode,System.IO.FileAccess,System.IO.FileShare,int,System.IO.FileOptions)
  at System.IO.StreamWriter..ctor (System.String path, System.Boolean append, System.Text.Encoding encoding, System.Int32 bufferSize) [0x00055] in <b4dec521950c405ea4b0b85c62087906>:0 
  at System.IO.StreamWriter..ctor (System.String path) [0x00008] in <b4dec521950c405ea4b0b85c62087906>:0 
  at (wrapper remoting-invoke-with-check) System.IO.StreamWriter..ctor(string)
  at System.IO.File.WriteAllText (System.String path, System.String contents) [0x00026] in <b4dec521950c405ea4b0b85c62087906>:0 
  at YG.EditorScr.DefineSymbols.ModulesDefineSymbols () [0x001e9] in C:\UnityProject\Run\Assets\PluginYourGames\Scripts\EditorScr\DefineSymbols.cs:215 
  at YG.EditorScr.DefineSymbols.UpdateDefineSymbols () [0x0000f] in C:\UnityProject\Run\Assets\PluginYourGames\Scripts\EditorScr\DefineSymbols.cs:57 
  at YG.EditorScr.DefineSymbols..cctor () [0x00023] in C:\UnityProject\Run\Assets\PluginYourGames\Scripts\EditorScr\DefineSymbols.cs:31 
UnityEngine.StackTraceUtility:ExtractStackTrace ()
UnityEngine.DebugLogHandler:LogFormat (UnityEngine.LogType,UnityEngine.Object,string,object[])
UnityEngine.Logger:Log (UnityEngine.LogType,object)
UnityEngine.Debug:LogError (object)
UnityEditor.EditorAssemblies:ProcessInitializeOnLoadAttributes (System.Type[])

Mono: successfully reloaded assembly
- Completed reload, in  3.003 seconds
Domain Reload Profiling:
	ReloadAssembly (3005ms)
		BeginReloadAssembly (365ms)
			ExecutionOrderSort (0ms)
			DisableScriptedObjects (15ms)
			BackupInstance (0ms)
			ReleaseScriptingObjects (0ms)
			CreateAndSetChildDomain (72ms)
		EndReloadAssembly (2403ms)
			LoadAssemblies (296ms)
			RebuildTransferFunctionScriptingTraits (0ms)
			SetupTypeCache (618ms)
			ReleaseScriptCaches (3ms)
			RebuildScriptCaches (106ms)
			SetupLoadedEditorAssemblies (1337ms)
				LogAssemblyErrors (0ms)
				InitializePlatformSupportModulesInManaged (70ms)
				SetLoadedEditorAssemblies (1ms)
				RefreshPlugins (2ms)
				BeforeProcessingInitializeOnLoad (161ms)
				ProcessInitializeOnLoadAttributes (934ms)
				ProcessInitializeOnLoadMethodAttributes (154ms)
				AfterProcessingInitializeOnLoad (15ms)
				EditorAssembliesLoaded (0ms)
			ExecutionOrderSort2 (0ms)
			AwakeInstancesAfterBackupRestoration (15ms)
Platform modules already initialized, skipping
Refreshing native plugins compatible for Editor in 2.08 ms, found 3 plugins.
Preloading 0 native plugins for Editor in 0.00 ms.
Unloading 4415 Unused Serialized files (Serialized files now loaded: 0)
Unloading 53 unused Assets / (167.2 KB). Loaded Objects now: 5083.
Memory consumption went from 159.7 MB to 159.5 MB.
Total: 6.913400 ms (FindLiveObjects: 0.587900 ms CreateObjectMapping: 0.400700 ms MarkObjects: 5.807800 ms  DeleteObjects: 0.114700 ms)

AssetImportParameters requested are different than current active one (requested -> active):
  custom:video-decoder-ogg-theora: a1e56fd34408186e4bbccfd4996cb3dc -> 
  custom:container-muxer-webm: aa71ff27fc2769a1b78a27578f13a17b -> 
  custom:container-demuxer-webm: 4f35f7cbe854078d1ac9338744f61a02 -> 
  custom:video-encoder-webm-vp8: eb34c28f22e8b96e1ab97ce403110664 -> 
  custom:video-codec-MediaFoundation-h265: 746d11721c4dcdbdad8f713fa42b33f4 -> 
  custom:CustomObjectIndexerAttribute: bc11b3a6c3213fcdd17b65e7da85e133 -> 
  custom:audio-encoder-webm-vorbis: bf7c407c2cedff20999df2af8eb42d56 -> 
  custom:framework-win-MediaFoundation: 216162199b28c13a410421893ffa2e32 -> 
  custom:SearchIndexIgnoredProperties: e643bd26f0fe6173181afceb89e7c659 -> 
  custom:container-demuxer-ogg: 62fdf1f143b41e24485cea50d1cbac27 -> 
  custom:video-decoder-webm-vp8: 9c59270c3fd7afecdb556c50c9e8de78 -> 
  custom:audio-decoder-ogg-vorbis: bf7c407c2cedff20999df2af8eb42d56 -> 
========================================================================
Received Prepare
Registering precompiled user dll's ...
Registered in 0.006714 seconds.
Begin MonoManager ReloadAssembly
Native extension for WindowsStandalone target not found
Failed to load: C:/Program Files/Unity/Hub/Editor/2021.3.36f1/Editor/Data/PlaybackEngines/iOSSupport\x64\UnityEditor.iOS.Native.dll
Native extension for iOS target not found
Native extension for Android target not found
Native extension for WebGL target not found
Refreshing native plugins compatible for Editor in 1.00 ms, found 3 plugins.
Preloading 0 native plugins for Editor in 0.00 ms.
[Package Manager] Server::EnsureServerProcessIsRunning -- launch failed, reason: Unity was launched with the -noUpm command-line argument
[Package Manager] Cannot connect to Unity Package Manager local server
[Package Manager] Server::EnsureServerProcessIsRunning -- launch failed, reason: Unity was launched with the -noUpm command-line argument
[Package Manager] Cannot connect to Unity Package Manager local server
[ScriptCompilation] NOT recompiling all scripts because this is an import worker process. Reason to compile was: Define symbols changed
Mono: successfully reloaded assembly
- Completed reload, in  2.175 seconds
Domain Reload Profiling:
	ReloadAssembly (2177ms)
		BeginReloadAssembly (208ms)
			ExecutionOrderSort (0ms)
			DisableScriptedObjects (7ms)
			BackupInstance (0ms)
			ReleaseScriptingObjects (0ms)
			CreateAndSetChildDomain (41ms)
		EndReloadAssembly (1827ms)
			LoadAssemblies (167ms)
			RebuildTransferFunctionScriptingTraits (0ms)
			SetupTypeCache (610ms)
			ReleaseScriptCaches (2ms)
			RebuildScriptCaches (79ms)
			SetupLoadedEditorAssemblies (888ms)
				LogAssemblyErrors (0ms)
				InitializePlatformSupportModulesInManaged (51ms)
				SetLoadedEditorAssemblies (1ms)
				RefreshPlugins (1ms)
				BeforeProcessingInitializeOnLoad (117ms)
				ProcessInitializeOnLoadAttributes (641ms)
				ProcessInitializeOnLoadMethodAttributes (71ms)
				AfterProcessingInitializeOnLoad (6ms)
				EditorAssembliesLoaded (0ms)
			ExecutionOrderSort2 (0ms)
			AwakeInstancesAfterBackupRestoration (7ms)
Platform modules already initialized, skipping
Refreshing native plugins compatible for Editor in 2.14 ms, found 3 plugins.
Preloading 0 native plugins for Editor in 0.00 ms.
Unloading 4415 Unused Serialized files (Serialized files now loaded: 0)
Unloading 53 unused Assets / (167.2 KB). Loaded Objects now: 5086.
Memory consumption went from 159.7 MB to 159.5 MB.
Total: 5.739000 ms (FindLiveObjects: 0.607200 ms CreateObjectMapping: 0.355700 ms MarkObjects: 4.668000 ms  DeleteObjects: 0.105500 ms)

AssetImportParameters requested are different than current active one (requested -> active):
  custom:video-decoder-ogg-theora: a1e56fd34408186e4bbccfd4996cb3dc -> 
  custom:container-muxer-webm: aa71ff27fc2769a1b78a27578f13a17b -> 
  custom:container-demuxer-webm: 4f35f7cbe854078d1ac9338744f61a02 -> 
  custom:video-encoder-webm-vp8: eb34c28f22e8b96e1ab97ce403110664 -> 
  custom:video-codec-MediaFoundation-h265: 746d11721c4dcdbdad8f713fa42b33f4 -> 
  custom:CustomObjectIndexerAttribute: bc11b3a6c3213fcdd17b65e7da85e133 -> 
  custom:audio-encoder-webm-vorbis: bf7c407c2cedff20999df2af8eb42d56 -> 
  custom:framework-win-MediaFoundation: 216162199b28c13a410421893ffa2e32 -> 
  custom:SearchIndexIgnoredProperties: e643bd26f0fe6173181afceb89e7c659 -> 
  custom:container-demuxer-ogg: 62fdf1f143b41e24485cea50d1cbac27 -> 
  custom:video-decoder-webm-vp8: 9c59270c3fd7afecdb556c50c9e8de78 -> 
  custom:audio-decoder-ogg-vorbis: bf7c407c2cedff20999df2af8eb42d56 -> 
========================================================================
Received Prepare
Registering precompiled user dll's ...
Registered in 0.004814 seconds.
Begin MonoManager ReloadAssembly
Native extension for WindowsStandalone target not found
Failed to load: C:/Program Files/Unity/Hub/Editor/2021.3.36f1/Editor/Data/PlaybackEngines/iOSSupport\x64\UnityEditor.iOS.Native.dll
Native extension for iOS target not found
Native extension for Android target not found
Native extension for WebGL target not found
Refreshing native plugins compatible for Editor in 1.30 ms, found 3 plugins.
Preloading 0 native plugins for Editor in 0.00 ms.
[Package Manager] Server::EnsureServerProcessIsRunning -- launch failed, reason: Unity was launched with the -noUpm command-line argument
[Package Manager] Cannot connect to Unity Package Manager local server
[Package Manager] Server::EnsureServerProcessIsRunning -- launch failed, reason: Unity was launched with the -noUpm command-line argument
[Package Manager] Cannot connect to Unity Package Manager local server
[ScriptCompilation] NOT recompiling all scripts because this is an import worker process. Reason to compile was: Define symbols changed
Mono: successfully reloaded assembly
- Completed reload, in  2.128 seconds
Domain Reload Profiling:
	ReloadAssembly (2129ms)
		BeginReloadAssembly (242ms)
			ExecutionOrderSort (0ms)
			DisableScriptedObjects (7ms)
			BackupInstance (0ms)
			ReleaseScriptingObjects (0ms)
			CreateAndSetChildDomain (44ms)
		EndReloadAssembly (1712ms)
			LoadAssemblies (178ms)
			RebuildTransferFunctionScriptingTraits (0ms)
			SetupTypeCache (477ms)
			ReleaseScriptCaches (2ms)
			RebuildScriptCaches (67ms)
			SetupLoadedEditorAssemblies (996ms)
				LogAssemblyErrors (0ms)
				InitializePlatformSupportModulesInManaged (38ms)
				SetLoadedEditorAssemblies (1ms)
				RefreshPlugins (1ms)
				BeforeProcessingInitializeOnLoad (104ms)
				ProcessInitializeOnLoadAttributes (723ms)
				ProcessInitializeOnLoadMethodAttributes (119ms)
				AfterProcessingInitializeOnLoad (9ms)
				EditorAssembliesLoaded (0ms)
			ExecutionOrderSort2 (0ms)
			AwakeInstancesAfterBackupRestoration (9ms)
Platform modules already initialized, skipping
Refreshing native plugins compatible for Editor in 1.67 ms, found 3 plugins.
Preloading 0 native plugins for Editor in 0.00 ms.
Unloading 4415 Unused Serialized files (Serialized files now loaded: 0)
Unloading 53 unused Assets / (167.0 KB). Loaded Objects now: 5089.
Memory consumption went from 159.5 MB to 159.4 MB.
Total: 5.981100 ms (FindLiveObjects: 0.474200 ms CreateObjectMapping: 0.391100 ms MarkObjects: 5.013400 ms  DeleteObjects: 0.100400 ms)

AssetImportParameters requested are different than current active one (requested -> active):
  custom:video-decoder-ogg-theora: a1e56fd34408186e4bbccfd4996cb3dc -> 
  custom:container-muxer-webm: aa71ff27fc2769a1b78a27578f13a17b -> 
  custom:container-demuxer-webm: 4f35f7cbe854078d1ac9338744f61a02 -> 
  custom:video-encoder-webm-vp8: eb34c28f22e8b96e1ab97ce403110664 -> 
  custom:video-codec-MediaFoundation-h265: 746d11721c4dcdbdad8f713fa42b33f4 -> 
  custom:CustomObjectIndexerAttribute: bc11b3a6c3213fcdd17b65e7da85e133 -> 
  custom:audio-encoder-webm-vorbis: bf7c407c2cedff20999df2af8eb42d56 -> 
  custom:framework-win-MediaFoundation: 216162199b28c13a410421893ffa2e32 -> 
  custom:SearchIndexIgnoredProperties: e643bd26f0fe6173181afceb89e7c659 -> 
  custom:container-demuxer-ogg: 62fdf1f143b41e24485cea50d1cbac27 -> 
  custom:video-decoder-webm-vp8: 9c59270c3fd7afecdb556c50c9e8de78 -> 
  custom:audio-decoder-ogg-vorbis: bf7c407c2cedff20999df2af8eb42d56 -> 
========================================================================
Received Prepare
Registering precompiled user dll's ...
Registered in 0.005484 seconds.
Begin MonoManager ReloadAssembly
Native extension for WindowsStandalone target not found
Failed to load: C:/Program Files/Unity/Hub/Editor/2021.3.36f1/Editor/Data/PlaybackEngines/iOSSupport\x64\UnityEditor.iOS.Native.dll
Native extension for iOS target not found
Native extension for Android target not found
Native extension for WebGL target not found
Refreshing native plugins compatible for Editor in 1.05 ms, found 3 plugins.
Preloading 0 native plugins for Editor in 0.00 ms.
[Package Manager] Server::EnsureServerProcessIsRunning -- launch failed, reason: Unity was launched with the -noUpm command-line argument
[Package Manager] Cannot connect to Unity Package Manager local server
[Package Manager] Server::EnsureServerProcessIsRunning -- launch failed, reason: Unity was launched with the -noUpm command-line argument
[Package Manager] Cannot connect to Unity Package Manager local server
[ScriptCompilation] NOT recompiling all scripts because this is an import worker process. Reason to compile was: Define symbols changed
Mono: successfully reloaded assembly
- Completed reload, in  2.083 seconds
Domain Reload Profiling:
	ReloadAssembly (2084ms)
		BeginReloadAssembly (192ms)
			ExecutionOrderSort (0ms)
			DisableScriptedObjects (8ms)
			BackupInstance (0ms)
			ReleaseScriptingObjects (0ms)
			CreateAndSetChildDomain (44ms)
		EndReloadAssembly (1764ms)
			LoadAssemblies (134ms)
			RebuildTransferFunctionScriptingTraits (0ms)
			SetupTypeCache (367ms)
			ReleaseScriptCaches (2ms)
			RebuildScriptCaches (61ms)
			SetupLoadedEditorAssemblies (1101ms)
				LogAssemblyErrors (0ms)
				InitializePlatformSupportModulesInManaged (65ms)
				SetLoadedEditorAssemblies (1ms)
				RefreshPlugins (1ms)
				BeforeProcessingInitializeOnLoad (97ms)
				ProcessInitializeOnLoadAttributes (766ms)
				ProcessInitializeOnLoadMethodAttributes (159ms)
				AfterProcessingInitializeOnLoad (12ms)
				EditorAssembliesLoaded (1ms)
			ExecutionOrderSort2 (0ms)
			AwakeInstancesAfterBackupRestoration (14ms)
Platform modules already initialized, skipping
Refreshing native plugins compatible for Editor in 1.65 ms, found 3 plugins.
Preloading 0 native plugins for Editor in 0.00 ms.
Unloading 4415 Unused Serialized files (Serialized files now loaded: 0)
Unloading 53 unused Assets / (168.4 KB). Loaded Objects now: 5092.
Memory consumption went from 159.7 MB to 159.6 MB.
Total: 6.542400 ms (FindLiveObjects: 0.479500 ms CreateObjectMapping: 0.263200 ms MarkObjects: 5.643800 ms  DeleteObjects: 0.152900 ms)

AssetImportParameters requested are different than current active one (requested -> active):
  custom:video-decoder-ogg-theora: a1e56fd34408186e4bbccfd4996cb3dc -> 
  custom:container-muxer-webm: aa71ff27fc2769a1b78a27578f13a17b -> 
  custom:container-demuxer-webm: 4f35f7cbe854078d1ac9338744f61a02 -> 
  custom:video-encoder-webm-vp8: eb34c28f22e8b96e1ab97ce403110664 -> 
  custom:video-codec-MediaFoundation-h265: 746d11721c4dcdbdad8f713fa42b33f4 -> 
  custom:CustomObjectIndexerAttribute: bc11b3a6c3213fcdd17b65e7da85e133 -> 
  custom:audio-encoder-webm-vorbis: bf7c407c2cedff20999df2af8eb42d56 -> 
  custom:framework-win-MediaFoundation: 216162199b28c13a410421893ffa2e32 -> 
  custom:SearchIndexIgnoredProperties: e643bd26f0fe6173181afceb89e7c659 -> 
  custom:container-demuxer-ogg: 62fdf1f143b41e24485cea50d1cbac27 -> 
  custom:video-decoder-webm-vp8: 9c59270c3fd7afecdb556c50c9e8de78 -> 
  custom:audio-decoder-ogg-vorbis: bf7c407c2cedff20999df2af8eb42d56 -> 
========================================================================
Received Prepare
Registering precompiled user dll's ...
Registered in 0.006730 seconds.
Begin MonoManager ReloadAssembly
Native extension for WindowsStandalone target not found
Failed to load: C:/Program Files/Unity/Hub/Editor/2021.3.36f1/Editor/Data/PlaybackEngines/iOSSupport\x64\UnityEditor.iOS.Native.dll
Native extension for iOS target not found
Native extension for Android target not found
Native extension for WebGL target not found
Refreshing native plugins compatible for Editor in 1.02 ms, found 3 plugins.
Preloading 0 native plugins for Editor in 0.00 ms.
[Package Manager] Server::EnsureServerProcessIsRunning -- launch failed, reason: Unity was launched with the -noUpm command-line argument
[Package Manager] Cannot connect to Unity Package Manager local server
[Package Manager] Server::EnsureServerProcessIsRunning -- launch failed, reason: Unity was launched with the -noUpm command-line argument
[Package Manager] Cannot connect to Unity Package Manager local server
System.IO.IOException: Sharing violation on path C:\UnityProject\Run\Assets\PluginYourGames\Editor\ModulesListYG2.txt
  at System.IO.FileStream..ctor (System.String path, System.IO.FileMode mode, System.IO.FileAccess access, System.IO.FileShare share, System.Int32 bufferSize, System.Boolean anonymous, System.IO.FileOptions options) [0x0019e] in <b4dec521950c405ea4b0b85c62087906>:0 
  at System.IO.FileStream..ctor (System.String path, System.IO.FileMode mode, System.IO.FileAccess access, System.IO.FileShare share, System.Int32 bufferSize, System.IO.FileOptions options) [0x00000] in <b4dec521950c405ea4b0b85c62087906>:0 
  at (wrapper remoting-invoke-with-check) System.IO.FileStream..ctor(string,System.IO.FileMode,System.IO.FileAccess,System.IO.FileShare,int,System.IO.FileOptions)
  at System.IO.StreamWriter..ctor (System.String path, System.Boolean append, System.Text.Encoding encoding, System.Int32 bufferSize) [0x00055] in <b4dec521950c405ea4b0b85c62087906>:0 
  at System.IO.StreamWriter..ctor (System.String path) [0x00008] in <b4dec521950c405ea4b0b85c62087906>:0 
  at (wrapper remoting-invoke-with-check) System.IO.StreamWriter..ctor(string)
  at System.IO.File.WriteAllText (System.String path, System.String contents) [0x00026] in <b4dec521950c405ea4b0b85c62087906>:0 
  at YG.EditorScr.DefineSymbols.ModulesDefineSymbols () [0x001e9] in C:\UnityProject\Run\Assets\PluginYourGames\Scripts\EditorScr\DefineSymbols.cs:215 
  at YG.EditorScr.DefineSymbols.UpdateDefineSymbols () [0x0000f] in C:\UnityProject\Run\Assets\PluginYourGames\Scripts\EditorScr\DefineSymbols.cs:57 
  at YG.EditorScr.DefineSymbols..cctor () [0x00023] in C:\UnityProject\Run\Assets\PluginYourGames\Scripts\EditorScr\DefineSymbols.cs:31 
UnityEngine.StackTraceUtility:ExtractStackTrace ()
UnityEngine.DebugLogHandler:LogFormat (UnityEngine.LogType,UnityEngine.Object,string,object[])
UnityEngine.Logger:Log (UnityEngine.LogType,object)
UnityEngine.Debug:LogError (object)
UnityEditor.EditorAssemblies:ProcessInitializeOnLoadAttributes (System.Type[])

Mono: successfully reloaded assembly
- Completed reload, in  2.011 seconds
Domain Reload Profiling:
	ReloadAssembly (2013ms)
		BeginReloadAssembly (191ms)
			ExecutionOrderSort (0ms)
			DisableScriptedObjects (6ms)
			BackupInstance (0ms)
			ReleaseScriptingObjects (0ms)
			CreateAndSetChildDomain (43ms)
		EndReloadAssembly (1702ms)
			LoadAssemblies (140ms)
			RebuildTransferFunctionScriptingTraits (0ms)
			SetupTypeCache (370ms)
			ReleaseScriptCaches (2ms)
			RebuildScriptCaches (55ms)
			SetupLoadedEditorAssemblies (1082ms)
				LogAssemblyErrors (0ms)
				InitializePlatformSupportModulesInManaged (47ms)
				SetLoadedEditorAssemblies (1ms)
				RefreshPlugins (1ms)
				BeforeProcessingInitializeOnLoad (99ms)
				ProcessInitializeOnLoadAttributes (783ms)
				ProcessInitializeOnLoadMethodAttributes (141ms)
				AfterProcessingInitializeOnLoad (10ms)
				EditorAssembliesLoaded (0ms)
			ExecutionOrderSort2 (0ms)
			AwakeInstancesAfterBackupRestoration (10ms)
Platform modules already initialized, skipping
Refreshing native plugins compatible for Editor in 1.86 ms, found 3 plugins.
Preloading 0 native plugins for Editor in 0.00 ms.
Unloading 4415 Unused Serialized files (Serialized files now loaded: 0)
Unloading 53 unused Assets / (167.2 KB). Loaded Objects now: 5095.
Memory consumption went from 159.7 MB to 159.6 MB.
Total: 5.754000 ms (FindLiveObjects: 0.469000 ms CreateObjectMapping: 0.549900 ms MarkObjects: 4.633100 ms  DeleteObjects: 0.099400 ms)

AssetImportParameters requested are different than current active one (requested -> active):
  custom:video-decoder-ogg-theora: a1e56fd34408186e4bbccfd4996cb3dc -> 
  custom:container-muxer-webm: aa71ff27fc2769a1b78a27578f13a17b -> 
  custom:container-demuxer-webm: 4f35f7cbe854078d1ac9338744f61a02 -> 
  custom:video-encoder-webm-vp8: eb34c28f22e8b96e1ab97ce403110664 -> 
  custom:video-codec-MediaFoundation-h265: 746d11721c4dcdbdad8f713fa42b33f4 -> 
  custom:CustomObjectIndexerAttribute: bc11b3a6c3213fcdd17b65e7da85e133 -> 
  custom:audio-encoder-webm-vorbis: bf7c407c2cedff20999df2af8eb42d56 -> 
  custom:framework-win-MediaFoundation: 216162199b28c13a410421893ffa2e32 -> 
  custom:SearchIndexIgnoredProperties: e643bd26f0fe6173181afceb89e7c659 -> 
  custom:container-demuxer-ogg: 62fdf1f143b41e24485cea50d1cbac27 -> 
  custom:video-decoder-webm-vp8: 9c59270c3fd7afecdb556c50c9e8de78 -> 
  custom:audio-decoder-ogg-vorbis: bf7c407c2cedff20999df2af8eb42d56 -> 
========================================================================
Received Prepare
Registering precompiled user dll's ...
Registered in 0.023160 seconds.
Begin MonoManager ReloadAssembly
Native extension for WindowsStandalone target not found
Failed to load: C:/Program Files/Unity/Hub/Editor/2021.3.36f1/Editor/Data/PlaybackEngines/iOSSupport\x64\UnityEditor.iOS.Native.dll
Native extension for iOS target not found
Native extension for Android target not found
Native extension for WebGL target not found
Refreshing native plugins compatible for Editor in 1.92 ms, found 3 plugins.
Preloading 0 native plugins for Editor in 0.00 ms.
[Package Manager] Server::EnsureServerProcessIsRunning -- launch failed, reason: Unity was launched with the -noUpm command-line argument
[Package Manager] Cannot connect to Unity Package Manager local server
[Package Manager] Server::EnsureServerProcessIsRunning -- launch failed, reason: Unity was launched with the -noUpm command-line argument
[Package Manager] Cannot connect to Unity Package Manager local server
System.IO.IOException: Sharing violation on path C:\UnityProject\Run\Assets\PluginYourGames\Editor\ModulesListYG2.txt
  at System.IO.FileStream..ctor (System.String path, System.IO.FileMode mode, System.IO.FileAccess access, System.IO.FileShare share, System.Int32 bufferSize, System.Boolean anonymous, System.IO.FileOptions options) [0x0019e] in <b4dec521950c405ea4b0b85c62087906>:0 
  at System.IO.FileStream..ctor (System.String path, System.IO.FileMode mode, System.IO.FileAccess access, System.IO.FileShare share, System.Int32 bufferSize, System.IO.FileOptions options) [0x00000] in <b4dec521950c405ea4b0b85c62087906>:0 
  at (wrapper remoting-invoke-with-check) System.IO.FileStream..ctor(string,System.IO.FileMode,System.IO.FileAccess,System.IO.FileShare,int,System.IO.FileOptions)
  at System.IO.StreamReader..ctor (System.String path, System.Text.Encoding encoding, System.Boolean detectEncodingFromByteOrderMarks, System.Int32 bufferSize) [0x00055] in <b4dec521950c405ea4b0b85c62087906>:0 
  at System.IO.StreamReader..ctor (System.String path, System.Text.Encoding encoding) [0x00000] in <b4dec521950c405ea4b0b85c62087906>:0 
  at (wrapper remoting-invoke-with-check) System.IO.StreamReader..ctor(string,System.Text.Encoding)
  at System.IO.File.InternalReadAllLines (System.String path, System.Text.Encoding encoding) [0x00006] in <b4dec521950c405ea4b0b85c62087906>:0 
  at System.IO.File.ReadAllLines (System.String path) [0x0002c] in <b4dec521950c405ea4b0b85c62087906>:0 
  at YG.EditorScr.DefineSymbols.ModulesDefineSymbols () [0x00035] in C:\UnityProject\Run\Assets\PluginYourGames\Scripts\EditorScr\DefineSymbols.cs:146 
  at YG.EditorScr.DefineSymbols.UpdateDefineSymbols () [0x0000f] in C:\UnityProject\Run\Assets\PluginYourGames\Scripts\EditorScr\DefineSymbols.cs:57 
  at YG.EditorScr.DefineSymbols..cctor () [0x00023] in C:\UnityProject\Run\Assets\PluginYourGames\Scripts\EditorScr\DefineSymbols.cs:31 
UnityEngine.StackTraceUtility:ExtractStackTrace ()
UnityEngine.DebugLogHandler:LogFormat (UnityEngine.LogType,UnityEngine.Object,string,object[])
UnityEngine.Logger:Log (UnityEngine.LogType,object)
UnityEngine.Debug:LogError (object)
UnityEditor.EditorAssemblies:ProcessInitializeOnLoadAttributes (System.Type[])

Mono: successfully reloaded assembly
- Completed reload, in  2.794 seconds
Domain Reload Profiling:
	ReloadAssembly (2795ms)
		BeginReloadAssembly (280ms)
			ExecutionOrderSort (0ms)
			DisableScriptedObjects (14ms)
			BackupInstance (0ms)
			ReleaseScriptingObjects (0ms)
			CreateAndSetChildDomain (62ms)
		EndReloadAssembly (2342ms)
			LoadAssemblies (199ms)
			RebuildTransferFunctionScriptingTraits (0ms)
			SetupTypeCache (595ms)
			ReleaseScriptCaches (3ms)
			RebuildScriptCaches (124ms)
			SetupLoadedEditorAssemblies (1311ms)
				LogAssemblyErrors (0ms)
				InitializePlatformSupportModulesInManaged (91ms)
				SetLoadedEditorAssemblies (1ms)
				RefreshPlugins (2ms)
				BeforeProcessingInitializeOnLoad (181ms)
				ProcessInitializeOnLoadAttributes (911ms)
				ProcessInitializeOnLoadMethodAttributes (112ms)
				AfterProcessingInitializeOnLoad (12ms)
				EditorAssembliesLoaded (0ms)
			ExecutionOrderSort2 (0ms)
			AwakeInstancesAfterBackupRestoration (12ms)
Platform modules already initialized, skipping
Refreshing native plugins compatible for Editor in 2.13 ms, found 3 plugins.
Preloading 0 native plugins for Editor in 0.00 ms.
Unloading 4415 Unused Serialized files (Serialized files now loaded: 0)
Unloading 53 unused Assets / (167.2 KB). Loaded Objects now: 5098.
Memory consumption went from 159.7 MB to 159.6 MB.
Total: 6.354600 ms (FindLiveObjects: 0.442000 ms CreateObjectMapping: 0.210400 ms MarkObjects: 5.547900 ms  DeleteObjects: 0.152100 ms)

AssetImportParameters requested are different than current active one (requested -> active):
  custom:video-decoder-ogg-theora: a1e56fd34408186e4bbccfd4996cb3dc -> 
  custom:container-muxer-webm: aa71ff27fc2769a1b78a27578f13a17b -> 
  custom:container-demuxer-webm: 4f35f7cbe854078d1ac9338744f61a02 -> 
  custom:video-encoder-webm-vp8: eb34c28f22e8b96e1ab97ce403110664 -> 
  custom:video-codec-MediaFoundation-h265: 746d11721c4dcdbdad8f713fa42b33f4 -> 
  custom:CustomObjectIndexerAttribute: bc11b3a6c3213fcdd17b65e7da85e133 -> 
  custom:audio-encoder-webm-vorbis: bf7c407c2cedff20999df2af8eb42d56 -> 
  custom:framework-win-MediaFoundation: 216162199b28c13a410421893ffa2e32 -> 
  custom:SearchIndexIgnoredProperties: e643bd26f0fe6173181afceb89e7c659 -> 
  custom:container-demuxer-ogg: 62fdf1f143b41e24485cea50d1cbac27 -> 
  custom:video-decoder-webm-vp8: 9c59270c3fd7afecdb556c50c9e8de78 -> 
  custom:audio-decoder-ogg-vorbis: bf7c407c2cedff20999df2af8eb42d56 -> 
========================================================================
Received Prepare
Registering precompiled user dll's ...
Registered in 0.007285 seconds.
Begin MonoManager ReloadAssembly
Native extension for WindowsStandalone target not found
Failed to load: C:/Program Files/Unity/Hub/Editor/2021.3.36f1/Editor/Data/PlaybackEngines/iOSSupport\x64\UnityEditor.iOS.Native.dll
Native extension for iOS target not found
Native extension for Android target not found
Native extension for WebGL target not found
Refreshing native plugins compatible for Editor in 0.98 ms, found 3 plugins.
Preloading 0 native plugins for Editor in 0.00 ms.
[Package Manager] Server::EnsureServerProcessIsRunning -- launch failed, reason: Unity was launched with the -noUpm command-line argument
[Package Manager] Cannot connect to Unity Package Manager local server
[Package Manager] Server::EnsureServerProcessIsRunning -- launch failed, reason: Unity was launched with the -noUpm command-line argument
[Package Manager] Cannot connect to Unity Package Manager local server
[ScriptCompilation] NOT recompiling all scripts because this is an import worker process. Reason to compile was: Define symbols changed
Mono: successfully reloaded assembly
- Completed reload, in  2.018 seconds
Domain Reload Profiling:
	ReloadAssembly (2020ms)
		BeginReloadAssembly (184ms)
			ExecutionOrderSort (0ms)
			DisableScriptedObjects (7ms)
			BackupInstance (0ms)
			ReleaseScriptingObjects (0ms)
			CreateAndSetChildDomain (40ms)
		EndReloadAssembly (1715ms)
			LoadAssemblies (130ms)
			RebuildTransferFunctionScriptingTraits (0ms)
			SetupTypeCache (390ms)
			ReleaseScriptCaches (2ms)
			RebuildScriptCaches (57ms)
			SetupLoadedEditorAssemblies (1071ms)
				LogAssemblyErrors (0ms)
				InitializePlatformSupportModulesInManaged (43ms)
				SetLoadedEditorAssemblies (1ms)
				RefreshPlugins (1ms)
				BeforeProcessingInitializeOnLoad (98ms)
				ProcessInitializeOnLoadAttributes (767ms)
				ProcessInitializeOnLoadMethodAttributes (148ms)
				AfterProcessingInitializeOnLoad (14ms)
				EditorAssembliesLoaded (0ms)
			ExecutionOrderSort2 (0ms)
			AwakeInstancesAfterBackupRestoration (15ms)
Platform modules already initialized, skipping
Refreshing native plugins compatible for Editor in 1.64 ms, found 3 plugins.
Preloading 0 native plugins for Editor in 0.00 ms.
Unloading 4415 Unused Serialized files (Serialized files now loaded: 0)
Unloading 53 unused Assets / (167.3 KB). Loaded Objects now: 5101.
Memory consumption went from 159.7 MB to 159.6 MB.
Total: 7.555300 ms (FindLiveObjects: 0.508400 ms CreateObjectMapping: 0.625700 ms MarkObjects: 6.280200 ms  DeleteObjects: 0.138800 ms)

AssetImportParameters requested are different than current active one (requested -> active):
  custom:video-decoder-ogg-theora: a1e56fd34408186e4bbccfd4996cb3dc -> 
  custom:container-muxer-webm: aa71ff27fc2769a1b78a27578f13a17b -> 
  custom:container-demuxer-webm: 4f35f7cbe854078d1ac9338744f61a02 -> 
  custom:video-encoder-webm-vp8: eb34c28f22e8b96e1ab97ce403110664 -> 
  custom:video-codec-MediaFoundation-h265: 746d11721c4dcdbdad8f713fa42b33f4 -> 
  custom:CustomObjectIndexerAttribute: bc11b3a6c3213fcdd17b65e7da85e133 -> 
  custom:audio-encoder-webm-vorbis: bf7c407c2cedff20999df2af8eb42d56 -> 
  custom:framework-win-MediaFoundation: 216162199b28c13a410421893ffa2e32 -> 
  custom:SearchIndexIgnoredProperties: e643bd26f0fe6173181afceb89e7c659 -> 
  custom:container-demuxer-ogg: 62fdf1f143b41e24485cea50d1cbac27 -> 
  custom:video-decoder-webm-vp8: 9c59270c3fd7afecdb556c50c9e8de78 -> 
  custom:audio-decoder-ogg-vorbis: bf7c407c2cedff20999df2af8eb42d56 -> 
========================================================================
Received Prepare
Registering precompiled user dll's ...
Registered in 0.006923 seconds.
Begin MonoManager ReloadAssembly
Native extension for WindowsStandalone target not found
Failed to load: C:/Program Files/Unity/Hub/Editor/2021.3.36f1/Editor/Data/PlaybackEngines/iOSSupport\x64\UnityEditor.iOS.Native.dll
Native extension for iOS target not found
Native extension for Android target not found
Native extension for WebGL target not found
Refreshing native plugins compatible for Editor in 1.22 ms, found 3 plugins.
Preloading 0 native plugins for Editor in 0.00 ms.
[Package Manager] Server::EnsureServerProcessIsRunning -- launch failed, reason: Unity was launched with the -noUpm command-line argument
[Package Manager] Cannot connect to Unity Package Manager local server
[Package Manager] Server::EnsureServerProcessIsRunning -- launch failed, reason: Unity was launched with the -noUpm command-line argument
[Package Manager] Cannot connect to Unity Package Manager local server
[ScriptCompilation] NOT recompiling all scripts because this is an import worker process. Reason to compile was: Define symbols changed
Mono: successfully reloaded assembly
- Completed reload, in  1.768 seconds
Domain Reload Profiling:
	ReloadAssembly (1769ms)
		BeginReloadAssembly (198ms)
			ExecutionOrderSort (0ms)
			DisableScriptedObjects (7ms)
			BackupInstance (0ms)
			ReleaseScriptingObjects (0ms)
			CreateAndSetChildDomain (45ms)
		EndReloadAssembly (1436ms)
			LoadAssemblies (136ms)
			RebuildTransferFunctionScriptingTraits (0ms)
			SetupTypeCache (384ms)
			ReleaseScriptCaches (2ms)
			RebuildScriptCaches (70ms)
			SetupLoadedEditorAssemblies (810ms)
				LogAssemblyErrors (0ms)
				InitializePlatformSupportModulesInManaged (54ms)
				SetLoadedEditorAssemblies (1ms)
				RefreshPlugins (1ms)
				BeforeProcessingInitializeOnLoad (121ms)
				ProcessInitializeOnLoadAttributes (573ms)
				ProcessInitializeOnLoadMethodAttributes (54ms)
				AfterProcessingInitializeOnLoad (5ms)
				EditorAssembliesLoaded (0ms)
			ExecutionOrderSort2 (0ms)
			AwakeInstancesAfterBackupRestoration (6ms)
Platform modules already initialized, skipping
Refreshing native plugins compatible for Editor in 0.99 ms, found 3 plugins.
Preloading 0 native plugins for Editor in 0.00 ms.
Unloading 4415 Unused Serialized files (Serialized files now loaded: 0)
Unloading 53 unused Assets / (167.2 KB). Loaded Objects now: 5104.
Memory consumption went from 159.6 MB to 159.4 MB.
Total: 4.581800 ms (FindLiveObjects: 0.340200 ms CreateObjectMapping: 0.178300 ms MarkObjects: 3.989300 ms  DeleteObjects: 0.071900 ms)

AssetImportParameters requested are different than current active one (requested -> active):
  custom:video-decoder-ogg-theora: a1e56fd34408186e4bbccfd4996cb3dc -> 
  custom:container-muxer-webm: aa71ff27fc2769a1b78a27578f13a17b -> 
  custom:container-demuxer-webm: 4f35f7cbe854078d1ac9338744f61a02 -> 
  custom:video-encoder-webm-vp8: eb34c28f22e8b96e1ab97ce403110664 -> 
  custom:video-codec-MediaFoundation-h265: 746d11721c4dcdbdad8f713fa42b33f4 -> 
  custom:CustomObjectIndexerAttribute: bc11b3a6c3213fcdd17b65e7da85e133 -> 
  custom:audio-encoder-webm-vorbis: bf7c407c2cedff20999df2af8eb42d56 -> 
  custom:framework-win-MediaFoundation: 216162199b28c13a410421893ffa2e32 -> 
  custom:SearchIndexIgnoredProperties: e643bd26f0fe6173181afceb89e7c659 -> 
  custom:container-demuxer-ogg: 62fdf1f143b41e24485cea50d1cbac27 -> 
  custom:video-decoder-webm-vp8: 9c59270c3fd7afecdb556c50c9e8de78 -> 
  custom:audio-decoder-ogg-vorbis: bf7c407c2cedff20999df2af8eb42d56 -> 
========================================================================
Received Prepare
Registering precompiled user dll's ...
Registered in 0.007323 seconds.
Begin MonoManager ReloadAssembly
Native extension for WindowsStandalone target not found
Failed to load: C:/Program Files/Unity/Hub/Editor/2021.3.36f1/Editor/Data/PlaybackEngines/iOSSupport\x64\UnityEditor.iOS.Native.dll
Native extension for iOS target not found
Native extension for Android target not found
Native extension for WebGL target not found
Refreshing native plugins compatible for Editor in 1.01 ms, found 3 plugins.
Preloading 0 native plugins for Editor in 0.00 ms.
[Package Manager] Server::EnsureServerProcessIsRunning -- launch failed, reason: Unity was launched with the -noUpm command-line argument
[Package Manager] Cannot connect to Unity Package Manager local server
[Package Manager] Server::EnsureServerProcessIsRunning -- launch failed, reason: Unity was launched with the -noUpm command-line argument
[Package Manager] Cannot connect to Unity Package Manager local server
[ScriptCompilation] NOT recompiling all scripts because this is an import worker process. Reason to compile was: Define symbols changed
Mono: successfully reloaded assembly
- Completed reload, in  1.909 seconds
Domain Reload Profiling:
	ReloadAssembly (1911ms)
		BeginReloadAssembly (189ms)
			ExecutionOrderSort (0ms)
			DisableScriptedObjects (7ms)
			BackupInstance (0ms)
			ReleaseScriptingObjects (0ms)
			CreateAndSetChildDomain (43ms)
		EndReloadAssembly (1594ms)
			LoadAssemblies (136ms)
			RebuildTransferFunctionScriptingTraits (0ms)
			SetupTypeCache (391ms)
			ReleaseScriptCaches (2ms)
			RebuildScriptCaches (58ms)
			SetupLoadedEditorAssemblies (944ms)
				LogAssemblyErrors (0ms)
				InitializePlatformSupportModulesInManaged (44ms)
				SetLoadedEditorAssemblies (1ms)
				RefreshPlugins (1ms)
				BeforeProcessingInitializeOnLoad (100ms)
				ProcessInitializeOnLoadAttributes (677ms)
				ProcessInitializeOnLoadMethodAttributes (111ms)
				AfterProcessingInitializeOnLoad (10ms)
				EditorAssembliesLoaded (0ms)
			ExecutionOrderSort2 (0ms)
			AwakeInstancesAfterBackupRestoration (13ms)
Platform modules already initialized, skipping
Refreshing native plugins compatible for Editor in 2.57 ms, found 3 plugins.
Preloading 0 native plugins for Editor in 0.00 ms.
Unloading 4415 Unused Serialized files (Serialized files now loaded: 0)
Unloading 53 unused Assets / (168.2 KB). Loaded Objects now: 5107.
Memory consumption went from 159.8 MB to 159.6 MB.
Total: 7.538500 ms (FindLiveObjects: 0.498100 ms CreateObjectMapping: 0.282200 ms MarkObjects: 6.638000 ms  DeleteObjects: 0.117400 ms)

AssetImportParameters requested are different than current active one (requested -> active):
  custom:video-decoder-ogg-theora: a1e56fd34408186e4bbccfd4996cb3dc -> 
  custom:container-muxer-webm: aa71ff27fc2769a1b78a27578f13a17b -> 
  custom:container-demuxer-webm: 4f35f7cbe854078d1ac9338744f61a02 -> 
  custom:video-encoder-webm-vp8: eb34c28f22e8b96e1ab97ce403110664 -> 
  custom:video-codec-MediaFoundation-h265: 746d11721c4dcdbdad8f713fa42b33f4 -> 
  custom:CustomObjectIndexerAttribute: bc11b3a6c3213fcdd17b65e7da85e133 -> 
  custom:audio-encoder-webm-vorbis: bf7c407c2cedff20999df2af8eb42d56 -> 
  custom:framework-win-MediaFoundation: 216162199b28c13a410421893ffa2e32 -> 
  custom:SearchIndexIgnoredProperties: e643bd26f0fe6173181afceb89e7c659 -> 
  custom:container-demuxer-ogg: 62fdf1f143b41e24485cea50d1cbac27 -> 
  custom:video-decoder-webm-vp8: 9c59270c3fd7afecdb556c50c9e8de78 -> 
  custom:audio-decoder-ogg-vorbis: bf7c407c2cedff20999df2af8eb42d56 -> 
========================================================================
Received Prepare
Registering precompiled user dll's ...
Registered in 0.005553 seconds.
Begin MonoManager ReloadAssembly
Native extension for WindowsStandalone target not found
Failed to load: C:/Program Files/Unity/Hub/Editor/2021.3.36f1/Editor/Data/PlaybackEngines/iOSSupport\x64\UnityEditor.iOS.Native.dll
Native extension for iOS target not found
Native extension for Android target not found
Native extension for WebGL target not found
Refreshing native plugins compatible for Editor in 0.97 ms, found 3 plugins.
Preloading 0 native plugins for Editor in 0.00 ms.
[Package Manager] Server::EnsureServerProcessIsRunning -- launch failed, reason: Unity was launched with the -noUpm command-line argument
[Package Manager] Cannot connect to Unity Package Manager local server
[Package Manager] Server::EnsureServerProcessIsRunning -- launch failed, reason: Unity was launched with the -noUpm command-line argument
[Package Manager] Cannot connect to Unity Package Manager local server
[ScriptCompilation] NOT recompiling all scripts because this is an import worker process. Reason to compile was: Define symbols changed
Mono: successfully reloaded assembly
- Completed reload, in  1.973 seconds
Domain Reload Profiling:
	ReloadAssembly (1974ms)
		BeginReloadAssembly (188ms)
			ExecutionOrderSort (0ms)
			DisableScriptedObjects (7ms)
			BackupInstance (0ms)
			ReleaseScriptingObjects (0ms)
			CreateAndSetChildDomain (39ms)
		EndReloadAssembly (1645ms)
			LoadAssemblies (137ms)
			RebuildTransferFunctionScriptingTraits (0ms)
			SetupTypeCache (385ms)
			ReleaseScriptCaches (2ms)
			RebuildScriptCaches (64ms)
			SetupLoadedEditorAssemblies (995ms)
				LogAssemblyErrors (0ms)
				InitializePlatformSupportModulesInManaged (42ms)
				SetLoadedEditorAssemblies (1ms)
				RefreshPlugins (1ms)
				BeforeProcessingInitializeOnLoad (93ms)
				ProcessInitializeOnLoadAttributes (713ms)
				ProcessInitializeOnLoadMethodAttributes (132ms)
				AfterProcessingInitializeOnLoad (12ms)
				EditorAssembliesLoaded (0ms)
			ExecutionOrderSort2 (0ms)
			AwakeInstancesAfterBackupRestoration (12ms)
Platform modules already initialized, skipping
Refreshing native plugins compatible for Editor in 1.91 ms, found 3 plugins.
Preloading 0 native plugins for Editor in 0.00 ms.
Unloading 4415 Unused Serialized files (Serialized files now loaded: 0)
Unloading 53 unused Assets / (168.2 KB). Loaded Objects now: 5110.
Memory consumption went from 159.8 MB to 159.7 MB.
Total: 5.450300 ms (FindLiveObjects: 0.484600 ms CreateObjectMapping: 0.238600 ms MarkObjects: 4.622800 ms  DeleteObjects: 0.101900 ms)

AssetImportParameters requested are different than current active one (requested -> active):
  custom:video-decoder-ogg-theora: a1e56fd34408186e4bbccfd4996cb3dc -> 
  custom:container-muxer-webm: aa71ff27fc2769a1b78a27578f13a17b -> 
  custom:container-demuxer-webm: 4f35f7cbe854078d1ac9338744f61a02 -> 
  custom:video-encoder-webm-vp8: eb34c28f22e8b96e1ab97ce403110664 -> 
  custom:video-codec-MediaFoundation-h265: 746d11721c4dcdbdad8f713fa42b33f4 -> 
  custom:CustomObjectIndexerAttribute: bc11b3a6c3213fcdd17b65e7da85e133 -> 
  custom:audio-encoder-webm-vorbis: bf7c407c2cedff20999df2af8eb42d56 -> 
  custom:framework-win-MediaFoundation: 216162199b28c13a410421893ffa2e32 -> 
  custom:SearchIndexIgnoredProperties: e643bd26f0fe6173181afceb89e7c659 -> 
  custom:container-demuxer-ogg: 62fdf1f143b41e24485cea50d1cbac27 -> 
  custom:video-decoder-webm-vp8: 9c59270c3fd7afecdb556c50c9e8de78 -> 
  custom:audio-decoder-ogg-vorbis: bf7c407c2cedff20999df2af8eb42d56 -> 
========================================================================
Received Prepare
Registering precompiled user dll's ...
Registered in 0.003847 seconds.
Begin MonoManager ReloadAssembly
Native extension for WindowsStandalone target not found
Failed to load: C:/Program Files/Unity/Hub/Editor/2021.3.36f1/Editor/Data/PlaybackEngines/iOSSupport\x64\UnityEditor.iOS.Native.dll
Native extension for iOS target not found
Native extension for Android target not found
Native extension for WebGL target not found
Refreshing native plugins compatible for Editor in 1.25 ms, found 3 plugins.
Preloading 0 native plugins for Editor in 0.00 ms.
[Package Manager] Server::EnsureServerProcessIsRunning -- launch failed, reason: Unity was launched with the -noUpm command-line argument
[Package Manager] Cannot connect to Unity Package Manager local server
[Package Manager] Server::EnsureServerProcessIsRunning -- launch failed, reason: Unity was launched with the -noUpm command-line argument
[Package Manager] Cannot connect to Unity Package Manager local server
[ScriptCompilation] NOT recompiling all scripts because this is an import worker process. Reason to compile was: Define symbols changed
Mono: successfully reloaded assembly
- Completed reload, in  1.598 seconds
Domain Reload Profiling:
	ReloadAssembly (1598ms)
		BeginReloadAssembly (123ms)
			ExecutionOrderSort (0ms)
			DisableScriptedObjects (4ms)
			BackupInstance (0ms)
			ReleaseScriptingObjects (0ms)
			CreateAndSetChildDomain (28ms)
		EndReloadAssembly (1403ms)
			LoadAssemblies (85ms)
			RebuildTransferFunctionScriptingTraits (0ms)
			SetupTypeCache (308ms)
			ReleaseScriptCaches (3ms)
			RebuildScriptCaches (62ms)
			SetupLoadedEditorAssemblies (856ms)
				LogAssemblyErrors (0ms)
				InitializePlatformSupportModulesInManaged (50ms)
				SetLoadedEditorAssemblies (1ms)
				RefreshPlugins (1ms)
				BeforeProcessingInitializeOnLoad (123ms)
				ProcessInitializeOnLoadAttributes (596ms)
				ProcessInitializeOnLoadMethodAttributes (78ms)
				AfterProcessingInitializeOnLoad (7ms)
				EditorAssembliesLoaded (0ms)
			ExecutionOrderSort2 (0ms)
			AwakeInstancesAfterBackupRestoration (8ms)
Platform modules already initialized, skipping
Refreshing native plugins compatible for Editor in 1.19 ms, found 3 plugins.
Preloading 0 native plugins for Editor in 0.00 ms.
Unloading 4415 Unused Serialized files (Serialized files now loaded: 0)
Unloading 53 unused Assets / (168.3 KB). Loaded Objects now: 5113.
Memory consumption went from 159.8 MB to 159.7 MB.
Total: 4.880200 ms (FindLiveObjects: 0.456700 ms CreateObjectMapping: 0.238000 ms MarkObjects: 4.078600 ms  DeleteObjects: 0.104600 ms)

AssetImportParameters requested are different than current active one (requested -> active):
  custom:video-decoder-ogg-theora: a1e56fd34408186e4bbccfd4996cb3dc -> 
  custom:container-muxer-webm: aa71ff27fc2769a1b78a27578f13a17b -> 
  custom:container-demuxer-webm: 4f35f7cbe854078d1ac9338744f61a02 -> 
  custom:video-encoder-webm-vp8: eb34c28f22e8b96e1ab97ce403110664 -> 
  custom:video-codec-MediaFoundation-h265: 746d11721c4dcdbdad8f713fa42b33f4 -> 
  custom:CustomObjectIndexerAttribute: bc11b3a6c3213fcdd17b65e7da85e133 -> 
  custom:audio-encoder-webm-vorbis: bf7c407c2cedff20999df2af8eb42d56 -> 
  custom:framework-win-MediaFoundation: 216162199b28c13a410421893ffa2e32 -> 
  custom:SearchIndexIgnoredProperties: e643bd26f0fe6173181afceb89e7c659 -> 
  custom:container-demuxer-ogg: 62fdf1f143b41e24485cea50d1cbac27 -> 
  custom:video-decoder-webm-vp8: 9c59270c3fd7afecdb556c50c9e8de78 -> 
  custom:audio-decoder-ogg-vorbis: bf7c407c2cedff20999df2af8eb42d56 -> 
========================================================================
Received Prepare
Registering precompiled user dll's ...
Registered in 0.005864 seconds.
Begin MonoManager ReloadAssembly
Native extension for WindowsStandalone target not found
Failed to load: C:/Program Files/Unity/Hub/Editor/2021.3.36f1/Editor/Data/PlaybackEngines/iOSSupport\x64\UnityEditor.iOS.Native.dll
Native extension for iOS target not found
Native extension for Android target not found
Native extension for WebGL target not found
Refreshing native plugins compatible for Editor in 0.96 ms, found 3 plugins.
Preloading 0 native plugins for Editor in 0.00 ms.
[Package Manager] Server::EnsureServerProcessIsRunning -- launch failed, reason: Unity was launched with the -noUpm command-line argument
[Package Manager] Cannot connect to Unity Package Manager local server
[Package Manager] Server::EnsureServerProcessIsRunning -- launch failed, reason: Unity was launched with the -noUpm command-line argument
[Package Manager] Cannot connect to Unity Package Manager local server
[ScriptCompilation] NOT recompiling all scripts because this is an import worker process. Reason to compile was: Define symbols changed
Mono: successfully reloaded assembly
- Completed reload, in  1.847 seconds
Domain Reload Profiling:
	ReloadAssembly (1848ms)
		BeginReloadAssembly (188ms)
			ExecutionOrderSort (0ms)
			DisableScriptedObjects (7ms)
			BackupInstance (0ms)
			ReleaseScriptingObjects (0ms)
			CreateAndSetChildDomain (42ms)
		EndReloadAssembly (1529ms)
			LoadAssemblies (133ms)
			RebuildTransferFunctionScriptingTraits (0ms)
			SetupTypeCache (349ms)
			ReleaseScriptCaches (2ms)
			RebuildScriptCaches (61ms)
			SetupLoadedEditorAssemblies (924ms)
				LogAssemblyErrors (0ms)
				InitializePlatformSupportModulesInManaged (41ms)
				SetLoadedEditorAssemblies (1ms)
				RefreshPlugins (1ms)
				BeforeProcessingInitializeOnLoad (91ms)
				ProcessInitializeOnLoadAttributes (646ms)
				ProcessInitializeOnLoadMethodAttributes (132ms)
				AfterProcessingInitializeOnLoad (10ms)
				EditorAssembliesLoaded (0ms)
			ExecutionOrderSort2 (0ms)
			AwakeInstancesAfterBackupRestoration (12ms)
Platform modules already initialized, skipping
Refreshing native plugins compatible for Editor in 1.36 ms, found 3 plugins.
Preloading 0 native plugins for Editor in 0.00 ms.
Unloading 4415 Unused Serialized files (Serialized files now loaded: 0)
Unloading 53 unused Assets / (167.3 KB). Loaded Objects now: 5116.
Memory consumption went from 159.8 MB to 159.7 MB.
Total: 8.148600 ms (FindLiveObjects: 0.679100 ms CreateObjectMapping: 1.080400 ms MarkObjects: 6.254200 ms  DeleteObjects: 0.131900 ms)

AssetImportParameters requested are different than current active one (requested -> active):
  custom:video-decoder-ogg-theora: a1e56fd34408186e4bbccfd4996cb3dc -> 
  custom:container-muxer-webm: aa71ff27fc2769a1b78a27578f13a17b -> 
  custom:container-demuxer-webm: 4f35f7cbe854078d1ac9338744f61a02 -> 
  custom:video-encoder-webm-vp8: eb34c28f22e8b96e1ab97ce403110664 -> 
  custom:video-codec-MediaFoundation-h265: 746d11721c4dcdbdad8f713fa42b33f4 -> 
  custom:CustomObjectIndexerAttribute: bc11b3a6c3213fcdd17b65e7da85e133 -> 
  custom:audio-encoder-webm-vorbis: bf7c407c2cedff20999df2af8eb42d56 -> 
  custom:framework-win-MediaFoundation: 216162199b28c13a410421893ffa2e32 -> 
  custom:SearchIndexIgnoredProperties: e643bd26f0fe6173181afceb89e7c659 -> 
  custom:container-demuxer-ogg: 62fdf1f143b41e24485cea50d1cbac27 -> 
  custom:video-decoder-webm-vp8: 9c59270c3fd7afecdb556c50c9e8de78 -> 
  custom:audio-decoder-ogg-vorbis: bf7c407c2cedff20999df2af8eb42d56 -> 
========================================================================
Received Import Request.
  Time since last request: 1230.300310 seconds.
  path: Assets/Scripts/GroundDetecter.cs
  artifactKey: Guid(7cb9393bbf8a0524594c6376e65c6ebb) Importer(815301076,1909f56bfc062723c751e8b465ee728b)
Number of updated assets reloaded before import = 0
Start importing Assets/Scripts/GroundDetecter.cs using Guid(7cb9393bbf8a0524594c6376e65c6ebb) Importer(815301076,1909f56bfc062723c751e8b465ee728b)  -> (artifact id: 'b3121cb59003566111d23b590a65b50c') in 0.036778 seconds 
Number of asset objects unloaded after import = 0
========================================================================
Received Import Request.
  Time since last request: 45.566292 seconds.
  path: Assets/Scripts/GroundDetecter.cs
  artifactKey: Guid(7cb9393bbf8a0524594c6376e65c6ebb) Importer(815301076,1909f56bfc062723c751e8b465ee728b)
Number of updated assets reloaded before import = 0
Start importing Assets/Scripts/GroundDetecter.cs using Guid(7cb9393bbf8a0524594c6376e65c6ebb) Importer(815301076,1909f56bfc062723c751e8b465ee728b)  -> (artifact id: '1a96fb2f2b7f6c35689e4e9b1e351a9b') in 0.003861 seconds 
Number of asset objects unloaded after import = 0
========================================================================
Received Prepare
Registering precompiled user dll's ...
Registered in 0.009805 seconds.
Begin MonoManager ReloadAssembly
Native extension for WindowsStandalone target not found
Failed to load: C:/Program Files/Unity/Hub/Editor/2021.3.36f1/Editor/Data/PlaybackEngines/iOSSupport\x64\UnityEditor.iOS.Native.dll
Native extension for iOS target not found
Native extension for Android target not found
Native extension for WebGL target not found
Refreshing native plugins compatible for Editor in 1.28 ms, found 3 plugins.
Preloading 0 native plugins for Editor in 0.00 ms.
[Package Manager] Server::EnsureServerProcessIsRunning -- launch failed, reason: Unity was launched with the -noUpm command-line argument
[Package Manager] Cannot connect to Unity Package Manager local server
[Package Manager] Server::EnsureServerProcessIsRunning -- launch failed, reason: Unity was launched with the -noUpm command-line argument
[Package Manager] Cannot connect to Unity Package Manager local server
[ScriptCompilation] NOT recompiling all scripts because this is an import worker process. Reason to compile was: Define symbols changed
Mono: successfully reloaded assembly
- Completed reload, in  2.191 seconds
Domain Reload Profiling:
	ReloadAssembly (2192ms)
		BeginReloadAssembly (246ms)
			ExecutionOrderSort (0ms)
			DisableScriptedObjects (11ms)
			BackupInstance (0ms)
			ReleaseScriptingObjects (0ms)
			CreateAndSetChildDomain (58ms)
		EndReloadAssembly (1777ms)
			LoadAssemblies (157ms)
			RebuildTransferFunctionScriptingTraits (0ms)
			SetupTypeCache (431ms)
			ReleaseScriptCaches (3ms)
			RebuildScriptCaches (77ms)
			SetupLoadedEditorAssemblies (1060ms)
				LogAssemblyErrors (0ms)
				InitializePlatformSupportModulesInManaged (69ms)
				SetLoadedEditorAssemblies (1ms)
				RefreshPlugins (1ms)
				BeforeProcessingInitializeOnLoad (162ms)
				ProcessInitializeOnLoadAttributes (725ms)
				ProcessInitializeOnLoadMethodAttributes (94ms)
				AfterProcessingInitializeOnLoad (8ms)
				EditorAssembliesLoaded (0ms)
			ExecutionOrderSort2 (0ms)
			AwakeInstancesAfterBackupRestoration (9ms)
Platform modules already initialized, skipping
Refreshing native plugins compatible for Editor in 1.53 ms, found 3 plugins.
Preloading 0 native plugins for Editor in 0.00 ms.
Unloading 4415 Unused Serialized files (Serialized files now loaded: 0)
Unloading 53 unused Assets / (167.0 KB). Loaded Objects now: 5119.
Memory consumption went from 159.7 MB to 159.5 MB.
Total: 6.745500 ms (FindLiveObjects: 0.632500 ms CreateObjectMapping: 0.422400 ms MarkObjects: 5.550000 ms  DeleteObjects: 0.138200 ms)

AssetImportParameters requested are different than current active one (requested -> active):
  custom:video-decoder-ogg-theora: a1e56fd34408186e4bbccfd4996cb3dc -> 
  custom:container-muxer-webm: aa71ff27fc2769a1b78a27578f13a17b -> 
  custom:container-demuxer-webm: 4f35f7cbe854078d1ac9338744f61a02 -> 
  custom:video-encoder-webm-vp8: eb34c28f22e8b96e1ab97ce403110664 -> 
  custom:video-codec-MediaFoundation-h265: 746d11721c4dcdbdad8f713fa42b33f4 -> 
  custom:CustomObjectIndexerAttribute: bc11b3a6c3213fcdd17b65e7da85e133 -> 
  custom:audio-encoder-webm-vorbis: bf7c407c2cedff20999df2af8eb42d56 -> 
  custom:framework-win-MediaFoundation: 216162199b28c13a410421893ffa2e32 -> 
  custom:SearchIndexIgnoredProperties: e643bd26f0fe6173181afceb89e7c659 -> 
  custom:container-demuxer-ogg: 62fdf1f143b41e24485cea50d1cbac27 -> 
  custom:video-decoder-webm-vp8: 9c59270c3fd7afecdb556c50c9e8de78 -> 
  custom:audio-decoder-ogg-vorbis: bf7c407c2cedff20999df2af8eb42d56 -> 
========================================================================
Received Prepare
Registering precompiled user dll's ...
Registered in 0.006844 seconds.
Begin MonoManager ReloadAssembly
Native extension for WindowsStandalone target not found
Failed to load: C:/Program Files/Unity/Hub/Editor/2021.3.36f1/Editor/Data/PlaybackEngines/iOSSupport\x64\UnityEditor.iOS.Native.dll
Native extension for iOS target not found
Native extension for Android target not found
Native extension for WebGL target not found
Refreshing native plugins compatible for Editor in 1.01 ms, found 3 plugins.
Preloading 0 native plugins for Editor in 0.00 ms.
[Package Manager] Server::EnsureServerProcessIsRunning -- launch failed, reason: Unity was launched with the -noUpm command-line argument
[Package Manager] Cannot connect to Unity Package Manager local server
[Package Manager] Server::EnsureServerProcessIsRunning -- launch failed, reason: Unity was launched with the -noUpm command-line argument
[Package Manager] Cannot connect to Unity Package Manager local server
[ScriptCompilation] NOT recompiling all scripts because this is an import worker process. Reason to compile was: Define symbols changed
Mono: successfully reloaded assembly
- Completed reload, in  1.952 seconds
Domain Reload Profiling:
	ReloadAssembly (1953ms)
		BeginReloadAssembly (188ms)
			ExecutionOrderSort (0ms)
			DisableScriptedObjects (7ms)
			BackupInstance (0ms)
			ReleaseScriptingObjects (0ms)
			CreateAndSetChildDomain (40ms)
		EndReloadAssembly (1623ms)
			LoadAssemblies (132ms)
			RebuildTransferFunctionScriptingTraits (0ms)
			SetupTypeCache (372ms)
			ReleaseScriptCaches (2ms)
			RebuildScriptCaches (62ms)
			SetupLoadedEditorAssemblies (986ms)
				LogAssemblyErrors (0ms)
				InitializePlatformSupportModulesInManaged (41ms)
				SetLoadedEditorAssemblies (1ms)
				RefreshPlugins (1ms)
				BeforeProcessingInitializeOnLoad (87ms)
				ProcessInitializeOnLoadAttributes (704ms)
				ProcessInitializeOnLoadMethodAttributes (141ms)
				AfterProcessingInitializeOnLoad (10ms)
				EditorAssembliesLoaded (1ms)
			ExecutionOrderSort2 (0ms)
			AwakeInstancesAfterBackupRestoration (14ms)
Platform modules already initialized, skipping
Refreshing native plugins compatible for Editor in 1.51 ms, found 3 plugins.
Preloading 0 native plugins for Editor in 0.00 ms.
Unloading 4415 Unused Serialized files (Serialized files now loaded: 0)
Unloading 53 unused Assets / (167.3 KB). Loaded Objects now: 5122.
Memory consumption went from 159.9 MB to 159.7 MB.
Total: 4.794400 ms (FindLiveObjects: 0.446600 ms CreateObjectMapping: 0.220600 ms MarkObjects: 3.977100 ms  DeleteObjects: 0.147200 ms)

AssetImportParameters requested are different than current active one (requested -> active):
  custom:video-decoder-ogg-theora: a1e56fd34408186e4bbccfd4996cb3dc -> 
  custom:container-muxer-webm: aa71ff27fc2769a1b78a27578f13a17b -> 
  custom:container-demuxer-webm: 4f35f7cbe854078d1ac9338744f61a02 -> 
  custom:video-encoder-webm-vp8: eb34c28f22e8b96e1ab97ce403110664 -> 
  custom:video-codec-MediaFoundation-h265: 746d11721c4dcdbdad8f713fa42b33f4 -> 
  custom:CustomObjectIndexerAttribute: bc11b3a6c3213fcdd17b65e7da85e133 -> 
  custom:audio-encoder-webm-vorbis: bf7c407c2cedff20999df2af8eb42d56 -> 
  custom:framework-win-MediaFoundation: 216162199b28c13a410421893ffa2e32 -> 
  custom:SearchIndexIgnoredProperties: e643bd26f0fe6173181afceb89e7c659 -> 
  custom:container-demuxer-ogg: 62fdf1f143b41e24485cea50d1cbac27 -> 
  custom:video-decoder-webm-vp8: 9c59270c3fd7afecdb556c50c9e8de78 -> 
  custom:audio-decoder-ogg-vorbis: bf7c407c2cedff20999df2af8eb42d56 -> 
========================================================================
Received Prepare
Registering precompiled user dll's ...
Registered in 0.003560 seconds.
Begin MonoManager ReloadAssembly
Native extension for WindowsStandalone target not found
Failed to load: C:/Program Files/Unity/Hub/Editor/2021.3.36f1/Editor/Data/PlaybackEngines/iOSSupport\x64\UnityEditor.iOS.Native.dll
Native extension for iOS target not found
Native extension for Android target not found
Native extension for WebGL target not found
Refreshing native plugins compatible for Editor in 0.92 ms, found 3 plugins.
Preloading 0 native plugins for Editor in 0.00 ms.
[Package Manager] Server::EnsureServerProcessIsRunning -- launch failed, reason: Unity was launched with the -noUpm command-line argument
[Package Manager] Cannot connect to Unity Package Manager local server
[Package Manager] Server::EnsureServerProcessIsRunning -- launch failed, reason: Unity was launched with the -noUpm command-line argument
[Package Manager] Cannot connect to Unity Package Manager local server
[ScriptCompilation] NOT recompiling all scripts because this is an import worker process. Reason to compile was: Define symbols changed
Mono: successfully reloaded assembly
- Completed reload, in  1.922 seconds
Domain Reload Profiling:
	ReloadAssembly (1924ms)
		BeginReloadAssembly (122ms)
			ExecutionOrderSort (0ms)
			DisableScriptedObjects (4ms)
			BackupInstance (0ms)
			ReleaseScriptingObjects (0ms)
			CreateAndSetChildDomain (27ms)
		EndReloadAssembly (1716ms)
			LoadAssemblies (84ms)
			RebuildTransferFunctionScriptingTraits (0ms)
			SetupTypeCache (328ms)
			ReleaseScriptCaches (2ms)
			RebuildScriptCaches (54ms)
			SetupLoadedEditorAssemblies (1142ms)
				LogAssemblyErrors (0ms)
				InitializePlatformSupportModulesInManaged (40ms)
				SetLoadedEditorAssemblies (1ms)
				RefreshPlugins (1ms)
				BeforeProcessingInitializeOnLoad (86ms)
				ProcessInitializeOnLoadAttributes (852ms)
				ProcessInitializeOnLoadMethodAttributes (150ms)
				AfterProcessingInitializeOnLoad (12ms)
				EditorAssembliesLoaded (0ms)
			ExecutionOrderSort2 (0ms)
			AwakeInstancesAfterBackupRestoration (13ms)
Platform modules already initialized, skipping
Refreshing native plugins compatible for Editor in 1.59 ms, found 3 plugins.
Preloading 0 native plugins for Editor in 0.00 ms.
Unloading 4415 Unused Serialized files (Serialized files now loaded: 0)
Unloading 53 unused Assets / (167.0 KB). Loaded Objects now: 5125.
Memory consumption went from 159.9 MB to 159.7 MB.
Total: 6.234200 ms (FindLiveObjects: 0.640600 ms CreateObjectMapping: 0.256200 ms MarkObjects: 5.222500 ms  DeleteObjects: 0.112600 ms)

AssetImportParameters requested are different than current active one (requested -> active):
  custom:video-decoder-ogg-theora: a1e56fd34408186e4bbccfd4996cb3dc -> 
  custom:container-muxer-webm: aa71ff27fc2769a1b78a27578f13a17b -> 
  custom:container-demuxer-webm: 4f35f7cbe854078d1ac9338744f61a02 -> 
  custom:video-encoder-webm-vp8: eb34c28f22e8b96e1ab97ce403110664 -> 
  custom:video-codec-MediaFoundation-h265: 746d11721c4dcdbdad8f713fa42b33f4 -> 
  custom:CustomObjectIndexerAttribute: bc11b3a6c3213fcdd17b65e7da85e133 -> 
  custom:audio-encoder-webm-vorbis: bf7c407c2cedff20999df2af8eb42d56 -> 
  custom:framework-win-MediaFoundation: 216162199b28c13a410421893ffa2e32 -> 
  custom:SearchIndexIgnoredProperties: e643bd26f0fe6173181afceb89e7c659 -> 
  custom:container-demuxer-ogg: 62fdf1f143b41e24485cea50d1cbac27 -> 
  custom:video-decoder-webm-vp8: 9c59270c3fd7afecdb556c50c9e8de78 -> 
  custom:audio-decoder-ogg-vorbis: bf7c407c2cedff20999df2af8eb42d56 -> 
========================================================================
Received Prepare
Registering precompiled user dll's ...
Registered in 0.005146 seconds.
Begin MonoManager ReloadAssembly
Native extension for WindowsStandalone target not found
Failed to load: C:/Program Files/Unity/Hub/Editor/2021.3.36f1/Editor/Data/PlaybackEngines/iOSSupport\x64\UnityEditor.iOS.Native.dll
Native extension for iOS target not found
Native extension for Android target not found
Native extension for WebGL target not found
Refreshing native plugins compatible for Editor in 1.39 ms, found 3 plugins.
Preloading 0 native plugins for Editor in 0.00 ms.
[Package Manager] Server::EnsureServerProcessIsRunning -- launch failed, reason: Unity was launched with the -noUpm command-line argument
[Package Manager] Cannot connect to Unity Package Manager local server
[Package Manager] Server::EnsureServerProcessIsRunning -- launch failed, reason: Unity was launched with the -noUpm command-line argument
[Package Manager] Cannot connect to Unity Package Manager local server
[ScriptCompilation] NOT recompiling all scripts because this is an import worker process. Reason to compile was: Define symbols changed
Mono: successfully reloaded assembly
- Completed reload, in  2.060 seconds
Domain Reload Profiling:
	ReloadAssembly (2061ms)
		BeginReloadAssembly (199ms)
			ExecutionOrderSort (0ms)
			DisableScriptedObjects (8ms)
			BackupInstance (0ms)
			ReleaseScriptingObjects (0ms)
			CreateAndSetChildDomain (44ms)
		EndReloadAssembly (1729ms)
			LoadAssemblies (140ms)
			RebuildTransferFunctionScriptingTraits (0ms)
			SetupTypeCache (388ms)
			ReleaseScriptCaches (2ms)
			RebuildScriptCaches (62ms)
			SetupLoadedEditorAssemblies (1069ms)
				LogAssemblyErrors (0ms)
				InitializePlatformSupportModulesInManaged (45ms)
				SetLoadedEditorAssemblies (1ms)
				RefreshPlugins (1ms)
				BeforeProcessingInitializeOnLoad (102ms)
				ProcessInitializeOnLoadAttributes (747ms)
				ProcessInitializeOnLoadMethodAttributes (161ms)
				AfterProcessingInitializeOnLoad (12ms)
				EditorAssembliesLoaded (1ms)
			ExecutionOrderSort2 (0ms)
			AwakeInstancesAfterBackupRestoration (14ms)
Platform modules already initialized, skipping
Refreshing native plugins compatible for Editor in 1.66 ms, found 3 plugins.
Preloading 0 native plugins for Editor in 0.00 ms.
Unloading 4415 Unused Serialized files (Serialized files now loaded: 0)
Unloading 53 unused Assets / (168.3 KB). Loaded Objects now: 5128.
Memory consumption went from 159.9 MB to 159.7 MB.
Total: 5.159400 ms (FindLiveObjects: 0.475700 ms CreateObjectMapping: 0.236200 ms MarkObjects: 4.345600 ms  DeleteObjects: 0.099700 ms)

AssetImportParameters requested are different than current active one (requested -> active):
  custom:video-decoder-ogg-theora: a1e56fd34408186e4bbccfd4996cb3dc -> 
  custom:container-muxer-webm: aa71ff27fc2769a1b78a27578f13a17b -> 
  custom:container-demuxer-webm: 4f35f7cbe854078d1ac9338744f61a02 -> 
  custom:video-encoder-webm-vp8: eb34c28f22e8b96e1ab97ce403110664 -> 
  custom:video-codec-MediaFoundation-h265: 746d11721c4dcdbdad8f713fa42b33f4 -> 
  custom:CustomObjectIndexerAttribute: bc11b3a6c3213fcdd17b65e7da85e133 -> 
  custom:audio-encoder-webm-vorbis: bf7c407c2cedff20999df2af8eb42d56 -> 
  custom:framework-win-MediaFoundation: 216162199b28c13a410421893ffa2e32 -> 
  custom:SearchIndexIgnoredProperties: e643bd26f0fe6173181afceb89e7c659 -> 
  custom:container-demuxer-ogg: 62fdf1f143b41e24485cea50d1cbac27 -> 
  custom:video-decoder-webm-vp8: 9c59270c3fd7afecdb556c50c9e8de78 -> 
  custom:audio-decoder-ogg-vorbis: bf7c407c2cedff20999df2af8eb42d56 -> 
========================================================================
Received Prepare
Registering precompiled user dll's ...
Registered in 0.006042 seconds.
Begin MonoManager ReloadAssembly
Native extension for WindowsStandalone target not found
Failed to load: C:/Program Files/Unity/Hub/Editor/2021.3.36f1/Editor/Data/PlaybackEngines/iOSSupport\x64\UnityEditor.iOS.Native.dll
Native extension for iOS target not found
Native extension for Android target not found
Native extension for WebGL target not found
Refreshing native plugins compatible for Editor in 0.99 ms, found 3 plugins.
Preloading 0 native plugins for Editor in 0.00 ms.
[Package Manager] Server::EnsureServerProcessIsRunning -- launch failed, reason: Unity was launched with the -noUpm command-line argument
[Package Manager] Cannot connect to Unity Package Manager local server
[Package Manager] Server::EnsureServerProcessIsRunning -- launch failed, reason: Unity was launched with the -noUpm command-line argument
[Package Manager] Cannot connect to Unity Package Manager local server
[ScriptCompilation] NOT recompiling all scripts because this is an import worker process. Reason to compile was: Define symbols changed
Mono: successfully reloaded assembly
- Completed reload, in  2.003 seconds
Domain Reload Profiling:
	ReloadAssembly (2005ms)
		BeginReloadAssembly (186ms)
			ExecutionOrderSort (0ms)
			DisableScriptedObjects (6ms)
			BackupInstance (0ms)
			ReleaseScriptingObjects (0ms)
			CreateAndSetChildDomain (39ms)
		EndReloadAssembly (1690ms)
			LoadAssemblies (136ms)
			RebuildTransferFunctionScriptingTraits (0ms)
			SetupTypeCache (408ms)
			ReleaseScriptCaches (2ms)
			RebuildScriptCaches (60ms)
			SetupLoadedEditorAssemblies (1024ms)
				LogAssemblyErrors (0ms)
				InitializePlatformSupportModulesInManaged (43ms)
				SetLoadedEditorAssemblies (1ms)
				RefreshPlugins (1ms)
				BeforeProcessingInitializeOnLoad (101ms)
				ProcessInitializeOnLoadAttributes (732ms)
				ProcessInitializeOnLoadMethodAttributes (136ms)
				AfterProcessingInitializeOnLoad (10ms)
				EditorAssembliesLoaded (0ms)
			ExecutionOrderSort2 (0ms)
			AwakeInstancesAfterBackupRestoration (13ms)
Platform modules already initialized, skipping
Refreshing native plugins compatible for Editor in 1.45 ms, found 3 plugins.
Preloading 0 native plugins for Editor in 0.00 ms.
Unloading 4415 Unused Serialized files (Serialized files now loaded: 0)
Unloading 53 unused Assets / (167.0 KB). Loaded Objects now: 5131.
Memory consumption went from 159.9 MB to 159.7 MB.
Total: 5.228300 ms (FindLiveObjects: 0.458800 ms CreateObjectMapping: 0.237700 ms MarkObjects: 4.418500 ms  DeleteObjects: 0.111100 ms)

AssetImportParameters requested are different than current active one (requested -> active):
  custom:video-decoder-ogg-theora: a1e56fd34408186e4bbccfd4996cb3dc -> 
  custom:container-muxer-webm: aa71ff27fc2769a1b78a27578f13a17b -> 
  custom:container-demuxer-webm: 4f35f7cbe854078d1ac9338744f61a02 -> 
  custom:video-encoder-webm-vp8: eb34c28f22e8b96e1ab97ce403110664 -> 
  custom:video-codec-MediaFoundation-h265: 746d11721c4dcdbdad8f713fa42b33f4 -> 
  custom:CustomObjectIndexerAttribute: bc11b3a6c3213fcdd17b65e7da85e133 -> 
  custom:audio-encoder-webm-vorbis: bf7c407c2cedff20999df2af8eb42d56 -> 
  custom:framework-win-MediaFoundation: 216162199b28c13a410421893ffa2e32 -> 
  custom:SearchIndexIgnoredProperties: e643bd26f0fe6173181afceb89e7c659 -> 
  custom:container-demuxer-ogg: 62fdf1f143b41e24485cea50d1cbac27 -> 
  custom:video-decoder-webm-vp8: 9c59270c3fd7afecdb556c50c9e8de78 -> 
  custom:audio-decoder-ogg-vorbis: bf7c407c2cedff20999df2af8eb42d56 -> 
========================================================================
Received Prepare
Registering precompiled user dll's ...
Registered in 0.006314 seconds.
Begin MonoManager ReloadAssembly
Native extension for WindowsStandalone target not found
Failed to load: C:/Program Files/Unity/Hub/Editor/2021.3.36f1/Editor/Data/PlaybackEngines/iOSSupport\x64\UnityEditor.iOS.Native.dll
Native extension for iOS target not found
Native extension for Android target not found
Native extension for WebGL target not found
Refreshing native plugins compatible for Editor in 1.05 ms, found 3 plugins.
Preloading 0 native plugins for Editor in 0.00 ms.
[Package Manager] Server::EnsureServerProcessIsRunning -- launch failed, reason: Unity was launched with the -noUpm command-line argument
[Package Manager] Cannot connect to Unity Package Manager local server
[Package Manager] Server::EnsureServerProcessIsRunning -- launch failed, reason: Unity was launched with the -noUpm command-line argument
[Package Manager] Cannot connect to Unity Package Manager local server
System.IO.IOException: Sharing violation on path C:\UnityProject\Run\Assets\PluginYourGames\Editor\ModulesListYG2.txt
  at System.IO.FileStream..ctor (System.String path, System.IO.FileMode mode, System.IO.FileAccess access, System.IO.FileShare share, System.Int32 bufferSize, System.Boolean anonymous, System.IO.FileOptions options) [0x0019e] in <b4dec521950c405ea4b0b85c62087906>:0 
  at System.IO.FileStream..ctor (System.String path, System.IO.FileMode mode, System.IO.FileAccess access, System.IO.FileShare share, System.Int32 bufferSize, System.IO.FileOptions options) [0x00000] in <b4dec521950c405ea4b0b85c62087906>:0 
  at (wrapper remoting-invoke-with-check) System.IO.FileStream..ctor(string,System.IO.FileMode,System.IO.FileAccess,System.IO.FileShare,int,System.IO.FileOptions)
  at System.IO.StreamWriter..ctor (System.String path, System.Boolean append, System.Text.Encoding encoding, System.Int32 bufferSize) [0x00055] in <b4dec521950c405ea4b0b85c62087906>:0 
  at System.IO.StreamWriter..ctor (System.String path) [0x00008] in <b4dec521950c405ea4b0b85c62087906>:0 
  at (wrapper remoting-invoke-with-check) System.IO.StreamWriter..ctor(string)
  at System.IO.File.WriteAllText (System.String path, System.String contents) [0x00026] in <b4dec521950c405ea4b0b85c62087906>:0 
  at YG.EditorScr.DefineSymbols.ModulesDefineSymbols () [0x001e9] in C:\UnityProject\Run\Assets\PluginYourGames\Scripts\EditorScr\DefineSymbols.cs:215 
  at YG.EditorScr.DefineSymbols.UpdateDefineSymbols () [0x0000f] in C:\UnityProject\Run\Assets\PluginYourGames\Scripts\EditorScr\DefineSymbols.cs:57 
  at YG.EditorScr.DefineSymbols..cctor () [0x00023] in C:\UnityProject\Run\Assets\PluginYourGames\Scripts\EditorScr\DefineSymbols.cs:31 
UnityEngine.StackTraceUtility:ExtractStackTrace ()
UnityEngine.DebugLogHandler:LogFormat (UnityEngine.LogType,UnityEngine.Object,string,object[])
UnityEngine.Logger:Log (UnityEngine.LogType,object)
UnityEngine.Debug:LogError (object)
UnityEditor.EditorAssemblies:ProcessInitializeOnLoadAttributes (System.Type[])

Mono: successfully reloaded assembly
- Completed reload, in  2.023 seconds
Domain Reload Profiling:
	ReloadAssembly (2024ms)
		BeginReloadAssembly (199ms)
			ExecutionOrderSort (0ms)
			DisableScriptedObjects (7ms)
			BackupInstance (0ms)
			ReleaseScriptingObjects (0ms)
			CreateAndSetChildDomain (44ms)
		EndReloadAssembly (1694ms)
			LoadAssemblies (148ms)
			RebuildTransferFunctionScriptingTraits (0ms)
			SetupTypeCache (383ms)
			ReleaseScriptCaches (2ms)
			RebuildScriptCaches (60ms)
			SetupLoadedEditorAssemblies (1041ms)
				LogAssemblyErrors (0ms)
				InitializePlatformSupportModulesInManaged (46ms)
				SetLoadedEditorAssemblies (1ms)
				RefreshPlugins (1ms)
				BeforeProcessingInitializeOnLoad (102ms)
				ProcessInitializeOnLoadAttributes (737ms)
				ProcessInitializeOnLoadMethodAttributes (142ms)
				AfterProcessingInitializeOnLoad (12ms)
				EditorAssembliesLoaded (0ms)
			ExecutionOrderSort2 (0ms)
			AwakeInstancesAfterBackupRestoration (14ms)
Platform modules already initialized, skipping
Refreshing native plugins compatible for Editor in 1.56 ms, found 3 plugins.
Preloading 0 native plugins for Editor in 0.00 ms.
Unloading 4415 Unused Serialized files (Serialized files now loaded: 0)
Unloading 53 unused Assets / (167.2 KB). Loaded Objects now: 5134.
Memory consumption went from 159.7 MB to 159.6 MB.
Total: 7.029200 ms (FindLiveObjects: 0.534400 ms CreateObjectMapping: 0.277400 ms MarkObjects: 6.106200 ms  DeleteObjects: 0.108900 ms)

AssetImportParameters requested are different than current active one (requested -> active):
  custom:video-decoder-ogg-theora: a1e56fd34408186e4bbccfd4996cb3dc -> 
  custom:container-muxer-webm: aa71ff27fc2769a1b78a27578f13a17b -> 
  custom:container-demuxer-webm: 4f35f7cbe854078d1ac9338744f61a02 -> 
  custom:video-encoder-webm-vp8: eb34c28f22e8b96e1ab97ce403110664 -> 
  custom:video-codec-MediaFoundation-h265: 746d11721c4dcdbdad8f713fa42b33f4 -> 
  custom:CustomObjectIndexerAttribute: bc11b3a6c3213fcdd17b65e7da85e133 -> 
  custom:audio-encoder-webm-vorbis: bf7c407c2cedff20999df2af8eb42d56 -> 
  custom:framework-win-MediaFoundation: 216162199b28c13a410421893ffa2e32 -> 
  custom:SearchIndexIgnoredProperties: e643bd26f0fe6173181afceb89e7c659 -> 
  custom:container-demuxer-ogg: 62fdf1f143b41e24485cea50d1cbac27 -> 
  custom:video-decoder-webm-vp8: 9c59270c3fd7afecdb556c50c9e8de78 -> 
  custom:audio-decoder-ogg-vorbis: bf7c407c2cedff20999df2af8eb42d56 -> 
========================================================================
Received Prepare
Registering precompiled user dll's ...
Registered in 0.007058 seconds.
Begin MonoManager ReloadAssembly
Native extension for WindowsStandalone target not found
Failed to load: C:/Program Files/Unity/Hub/Editor/2021.3.36f1/Editor/Data/PlaybackEngines/iOSSupport\x64\UnityEditor.iOS.Native.dll
Native extension for iOS target not found
Native extension for Android target not found
Native extension for WebGL target not found
Refreshing native plugins compatible for Editor in 1.27 ms, found 3 plugins.
Preloading 0 native plugins for Editor in 0.00 ms.
[Package Manager] Server::EnsureServerProcessIsRunning -- launch failed, reason: Unity was launched with the -noUpm command-line argument
[Package Manager] Cannot connect to Unity Package Manager local server
[Package Manager] Server::EnsureServerProcessIsRunning -- launch failed, reason: Unity was launched with the -noUpm command-line argument
[Package Manager] Cannot connect to Unity Package Manager local server
[ScriptCompilation] NOT recompiling all scripts because this is an import worker process. Reason to compile was: Define symbols changed
Mono: successfully reloaded assembly
- Completed reload, in  1.830 seconds
Domain Reload Profiling:
	ReloadAssembly (1831ms)
		BeginReloadAssembly (191ms)
			ExecutionOrderSort (0ms)
			DisableScriptedObjects (7ms)
			BackupInstance (0ms)
			ReleaseScriptingObjects (0ms)
			CreateAndSetChildDomain (38ms)
		EndReloadAssembly (1509ms)
			LoadAssemblies (143ms)
			RebuildTransferFunctionScriptingTraits (0ms)
			SetupTypeCache (399ms)
			ReleaseScriptCaches (2ms)
			RebuildScriptCaches (70ms)
			SetupLoadedEditorAssemblies (841ms)
				LogAssemblyErrors (0ms)
				InitializePlatformSupportModulesInManaged (56ms)
				SetLoadedEditorAssemblies (1ms)
				RefreshPlugins (1ms)
				BeforeProcessingInitializeOnLoad (116ms)
				ProcessInitializeOnLoadAttributes (591ms)
				ProcessInitializeOnLoadMethodAttributes (70ms)
				AfterProcessingInitializeOnLoad (6ms)
				EditorAssembliesLoaded (0ms)
			ExecutionOrderSort2 (0ms)
			AwakeInstancesAfterBackupRestoration (7ms)
Platform modules already initialized, skipping
Refreshing native plugins compatible for Editor in 1.02 ms, found 3 plugins.
Preloading 0 native plugins for Editor in 0.00 ms.
Unloading 4415 Unused Serialized files (Serialized files now loaded: 0)
Unloading 53 unused Assets / (167.0 KB). Loaded Objects now: 5137.
Memory consumption went from 159.9 MB to 159.8 MB.
Total: 4.159200 ms (FindLiveObjects: 0.316600 ms CreateObjectMapping: 0.204900 ms MarkObjects: 3.566800 ms  DeleteObjects: 0.068900 ms)

AssetImportParameters requested are different than current active one (requested -> active):
  custom:video-decoder-ogg-theora: a1e56fd34408186e4bbccfd4996cb3dc -> 
  custom:container-muxer-webm: aa71ff27fc2769a1b78a27578f13a17b -> 
  custom:container-demuxer-webm: 4f35f7cbe854078d1ac9338744f61a02 -> 
  custom:video-encoder-webm-vp8: eb34c28f22e8b96e1ab97ce403110664 -> 
  custom:video-codec-MediaFoundation-h265: 746d11721c4dcdbdad8f713fa42b33f4 -> 
  custom:CustomObjectIndexerAttribute: bc11b3a6c3213fcdd17b65e7da85e133 -> 
  custom:audio-encoder-webm-vorbis: bf7c407c2cedff20999df2af8eb42d56 -> 
  custom:framework-win-MediaFoundation: 216162199b28c13a410421893ffa2e32 -> 
  custom:SearchIndexIgnoredProperties: e643bd26f0fe6173181afceb89e7c659 -> 
  custom:container-demuxer-ogg: 62fdf1f143b41e24485cea50d1cbac27 -> 
  custom:video-decoder-webm-vp8: 9c59270c3fd7afecdb556c50c9e8de78 -> 
  custom:audio-decoder-ogg-vorbis: bf7c407c2cedff20999df2af8eb42d56 -> 
========================================================================
Received Prepare
Registering precompiled user dll's ...
Registered in 0.005142 seconds.
Begin MonoManager ReloadAssembly
Native extension for WindowsStandalone target not found
Failed to load: C:/Program Files/Unity/Hub/Editor/2021.3.36f1/Editor/Data/PlaybackEngines/iOSSupport\x64\UnityEditor.iOS.Native.dll
Native extension for iOS target not found
Native extension for Android target not found
Native extension for WebGL target not found
Refreshing native plugins compatible for Editor in 0.93 ms, found 3 plugins.
Preloading 0 native plugins for Editor in 0.00 ms.
[Package Manager] Server::EnsureServerProcessIsRunning -- launch failed, reason: Unity was launched with the -noUpm command-line argument
[Package Manager] Cannot connect to Unity Package Manager local server
[Package Manager] Server::EnsureServerProcessIsRunning -- launch failed, reason: Unity was launched with the -noUpm command-line argument
[Package Manager] Cannot connect to Unity Package Manager local server
[ScriptCompilation] NOT recompiling all scripts because this is an import worker process. Reason to compile was: Define symbols changed
Mono: successfully reloaded assembly
- Completed reload, in  2.037 seconds
Domain Reload Profiling:
	ReloadAssembly (2038ms)
		BeginReloadAssembly (211ms)
			ExecutionOrderSort (0ms)
			DisableScriptedObjects (6ms)
			BackupInstance (0ms)
			ReleaseScriptingObjects (0ms)
			CreateAndSetChildDomain (47ms)
		EndReloadAssembly (1702ms)
			LoadAssemblies (139ms)
			RebuildTransferFunctionScriptingTraits (0ms)
			SetupTypeCache (370ms)
			ReleaseScriptCaches (2ms)
			RebuildScriptCaches (59ms)
			SetupLoadedEditorAssemblies (1081ms)
				LogAssemblyErrors (0ms)
				InitializePlatformSupportModulesInManaged (39ms)
				SetLoadedEditorAssemblies (1ms)
				RefreshPlugins (1ms)
				BeforeProcessingInitializeOnLoad (83ms)
				ProcessInitializeOnLoadAttributes (797ms)
				ProcessInitializeOnLoadMethodAttributes (150ms)
				AfterProcessingInitializeOnLoad (11ms)
				EditorAssembliesLoaded (0ms)
			ExecutionOrderSort2 (0ms)
			AwakeInstancesAfterBackupRestoration (13ms)
Platform modules already initialized, skipping
Refreshing native plugins compatible for Editor in 2.11 ms, found 3 plugins.
Preloading 0 native plugins for Editor in 0.00 ms.
Unloading 4415 Unused Serialized files (Serialized files now loaded: 0)
Unloading 53 unused Assets / (168.1 KB). Loaded Objects now: 5140.
Memory consumption went from 159.9 MB to 159.8 MB.
Total: 6.452700 ms (FindLiveObjects: 0.749000 ms CreateObjectMapping: 0.269900 ms MarkObjects: 5.308800 ms  DeleteObjects: 0.122300 ms)

AssetImportParameters requested are different than current active one (requested -> active):
  custom:video-decoder-ogg-theora: a1e56fd34408186e4bbccfd4996cb3dc -> 
  custom:container-muxer-webm: aa71ff27fc2769a1b78a27578f13a17b -> 
  custom:container-demuxer-webm: 4f35f7cbe854078d1ac9338744f61a02 -> 
  custom:video-encoder-webm-vp8: eb34c28f22e8b96e1ab97ce403110664 -> 
  custom:video-codec-MediaFoundation-h265: 746d11721c4dcdbdad8f713fa42b33f4 -> 
  custom:CustomObjectIndexerAttribute: bc11b3a6c3213fcdd17b65e7da85e133 -> 
  custom:audio-encoder-webm-vorbis: bf7c407c2cedff20999df2af8eb42d56 -> 
  custom:framework-win-MediaFoundation: 216162199b28c13a410421893ffa2e32 -> 
  custom:SearchIndexIgnoredProperties: e643bd26f0fe6173181afceb89e7c659 -> 
  custom:container-demuxer-ogg: 62fdf1f143b41e24485cea50d1cbac27 -> 
  custom:video-decoder-webm-vp8: 9c59270c3fd7afecdb556c50c9e8de78 -> 
  custom:audio-decoder-ogg-vorbis: bf7c407c2cedff20999df2af8eb42d56 -> 
========================================================================
Received Prepare
Registering precompiled user dll's ...
Registered in 0.020807 seconds.
Begin MonoManager ReloadAssembly
Native extension for WindowsStandalone target not found
Failed to load: C:/Program Files/Unity/Hub/Editor/2021.3.36f1/Editor/Data/PlaybackEngines/iOSSupport\x64\UnityEditor.iOS.Native.dll
Native extension for iOS target not found
Native extension for Android target not found
Native extension for WebGL target not found
Refreshing native plugins compatible for Editor in 2.48 ms, found 3 plugins.
Preloading 0 native plugins for Editor in 0.00 ms.
[Package Manager] Server::EnsureServerProcessIsRunning -- launch failed, reason: Unity was launched with the -noUpm command-line argument
[Package Manager] Cannot connect to Unity Package Manager local server
[Package Manager] Server::EnsureServerProcessIsRunning -- launch failed, reason: Unity was launched with the -noUpm command-line argument
[Package Manager] Cannot connect to Unity Package Manager local server
[ScriptCompilation] NOT recompiling all scripts because this is an import worker process. Reason to compile was: Define symbols changed
Mono: successfully reloaded assembly
- Completed reload, in  3.587 seconds
Domain Reload Profiling:
	ReloadAssembly (3589ms)
		BeginReloadAssembly (333ms)
			ExecutionOrderSort (0ms)
			DisableScriptedObjects (12ms)
			BackupInstance (0ms)
			ReleaseScriptingObjects (0ms)
			CreateAndSetChildDomain (89ms)
		EndReloadAssembly (3096ms)
			LoadAssemblies (215ms)
			RebuildTransferFunctionScriptingTraits (0ms)
			SetupTypeCache (584ms)
			ReleaseScriptCaches (3ms)
			RebuildScriptCaches (92ms)
			SetupLoadedEditorAssemblies (2041ms)
				LogAssemblyErrors (0ms)
				InitializePlatformSupportModulesInManaged (128ms)
				SetLoadedEditorAssemblies (6ms)
				RefreshPlugins (3ms)
				BeforeProcessingInitializeOnLoad (260ms)
				ProcessInitializeOnLoadAttributes (1256ms)
				ProcessInitializeOnLoadMethodAttributes (284ms)
				AfterProcessingInitializeOnLoad (104ms)
				EditorAssembliesLoaded (1ms)
			ExecutionOrderSort2 (0ms)
			AwakeInstancesAfterBackupRestoration (40ms)
Platform modules already initialized, skipping
Refreshing native plugins compatible for Editor in 2.46 ms, found 3 plugins.
Preloading 0 native plugins for Editor in 0.00 ms.
Unloading 4429 Unused Serialized files (Serialized files now loaded: 0)
Unloading 57 unused Assets / (1.1 MB). Loaded Objects now: 5153.
Memory consumption went from 162.1 MB to 161.0 MB.
Total: 9.293600 ms (FindLiveObjects: 0.704700 ms CreateObjectMapping: 0.485800 ms MarkObjects: 6.858000 ms  DeleteObjects: 1.242300 ms)

AssetImportParameters requested are different than current active one (requested -> active):
  custom:video-decoder-ogg-theora: a1e56fd34408186e4bbccfd4996cb3dc -> 
  custom:container-muxer-webm: aa71ff27fc2769a1b78a27578f13a17b -> 
  custom:container-demuxer-webm: 4f35f7cbe854078d1ac9338744f61a02 -> 
  custom:video-encoder-webm-vp8: eb34c28f22e8b96e1ab97ce403110664 -> 
  custom:video-codec-MediaFoundation-h265: 746d11721c4dcdbdad8f713fa42b33f4 -> 
  custom:CustomObjectIndexerAttribute: bc11b3a6c3213fcdd17b65e7da85e133 -> 
  custom:audio-encoder-webm-vorbis: bf7c407c2cedff20999df2af8eb42d56 -> 
  custom:framework-win-MediaFoundation: 216162199b28c13a410421893ffa2e32 -> 
  custom:SearchIndexIgnoredProperties: e643bd26f0fe6173181afceb89e7c659 -> 
  custom:container-demuxer-ogg: 62fdf1f143b41e24485cea50d1cbac27 -> 
  custom:video-decoder-webm-vp8: 9c59270c3fd7afecdb556c50c9e8de78 -> 
  custom:audio-decoder-ogg-vorbis: bf7c407c2cedff20999df2af8eb42d56 -> 
========================================================================
Received Import Request.
  Time since last request: 734.579828 seconds.
  path: Assets/PluginYourGames
  artifactKey: Guid(c7f734c045cf0a8439269d0415a19637) Importer(815301076,1909f56bfc062723c751e8b465ee728b)
Number of updated assets reloaded before import = 0
Start importing Assets/PluginYourGames using Guid(c7f734c045cf0a8439269d0415a19637) Importer(815301076,1909f56bfc062723c751e8b465ee728b)  -> (artifact id: '6640f61c621f020614740b314459fa7c') in 0.025287 seconds 
Number of asset objects unloaded after import = 0
========================================================================
Received Import Request.
  Time since last request: 10.880597 seconds.
  path: Assets/Resources
  artifactKey: Guid(8f412a68b48e96b4eabec9d6cd40045b) Importer(815301076,1909f56bfc062723c751e8b465ee728b)
Number of updated assets reloaded before import = 0
Start importing Assets/Resources using Guid(8f412a68b48e96b4eabec9d6cd40045b) Importer(815301076,1909f56bfc062723c751e8b465ee728b)  -> (artifact id: '34c65a55f775303a7b18b1f525b97ade') in 0.029609 seconds 
Number of asset objects unloaded after import = 0
========================================================================
Received Import Request.
  Time since last request: 0.048184 seconds.
  path: Assets/Resources/DOTweenSettings.asset
  artifactKey: Guid(c044c36f16c9115478260686c301fe97) Importer(815301076,1909f56bfc062723c751e8b465ee728b)
Number of updated assets reloaded before import = 0
Start importing Assets/Resources/DOTweenSettings.asset using Guid(c044c36f16c9115478260686c301fe97) Importer(815301076,1909f56bfc062723c751e8b465ee728b)  -> (artifact id: '0a2d0f40a527be732f8e7614dc5a9971') in 0.024693 seconds 
Number of asset objects unloaded after import = 1
========================================================================
Received Import Request.
  Time since last request: 25.474637 seconds.
  path: Assets/Plugins
  artifactKey: Guid(9b6984a60466d1848b393ebffd33527a) Importer(815301076,1909f56bfc062723c751e8b465ee728b)
Number of updated assets reloaded before import = 0
Start importing Assets/Plugins using Guid(9b6984a60466d1848b393ebffd33527a) Importer(815301076,1909f56bfc062723c751e8b465ee728b)  -> (artifact id: '6bd347150267942b14f21da10e1727ef') in 0.022684 seconds 
Number of asset objects unloaded after import = 0
========================================================================
Received Import Request.
  Time since last request: 0.695078 seconds.
  path: Assets/Plugins/Demigiant
  artifactKey: Guid(045e1f71e846ac54c9f0b250551f1c64) Importer(815301076,1909f56bfc062723c751e8b465ee728b)
Number of updated assets reloaded before import = 0
Start importing Assets/Plugins/Demigiant using Guid(045e1f71e846ac54c9f0b250551f1c64) Importer(815301076,1909f56bfc062723c751e8b465ee728b)  -> (artifact id: '84dc479d47460dc37e353a91f8cb28e1') in 0.022588 seconds 
Number of asset objects unloaded after import = 0
========================================================================
Received Import Request.
  Time since last request: 0.477409 seconds.
  path: Assets/Plugins/Demigiant/DOTween
  artifactKey: Guid(a50bd9a009c8dfc4ebd88cc8101225a7) Importer(815301076,1909f56bfc062723c751e8b465ee728b)
Number of updated assets reloaded before import = 0
Start importing Assets/Plugins/Demigiant/DOTween using Guid(a50bd9a009c8dfc4ebd88cc8101225a7) Importer(815301076,1909f56bfc062723c751e8b465ee728b)  -> (artifact id: 'e59ace6c5fe912c8814c4d7d047c8805') in 0.023297 seconds 
Number of asset objects unloaded after import = 0
========================================================================
Received Import Request.
  Time since last request: 3.852781 seconds.
  path: Assets/Prafabs/Cube.prefab
  artifactKey: Guid(03e212d2d1361b1439bf1d51fbf11441) Importer(815301076,1909f56bfc062723c751e8b465ee728b)
Number of updated assets reloaded before import = 0
Start importing Assets/Prafabs/Cube.prefab using Guid(03e212d2d1361b1439bf1d51fbf11441) Importer(815301076,1909f56bfc062723c751e8b465ee728b)  -> (artifact id: '0c4e36d11229b66110989d6c9f1412ec') in 0.107661 seconds 
Number of asset objects unloaded after import = 11
========================================================================
Received Import Request.
  Time since last request: 8.683226 seconds.
  path: Assets/Store Assets/Adaptive Performance/AdaptivePerformanceGeneralSettings.asset
  artifactKey: Guid(7b0967d7947d0ed47a0d20d8c9770cf0) Importer(815301076,1909f56bfc062723c751e8b465ee728b)
Number of updated assets reloaded before import = 0
Start importing Assets/Store Assets/Adaptive Performance/AdaptivePerformanceGeneralSettings.asset using Guid(7b0967d7947d0ed47a0d20d8c9770cf0) Importer(815301076,1909f56bfc062723c751e8b465ee728b)  -> (artifact id: 'a7798d83e92e29d4d0e5ad93ac756590') in 0.100561 seconds 
Number of asset objects unloaded after import = 5
========================================================================
Received Import Request.
  Time since last request: 0.142203 seconds.
  path: Assets/Store Assets/Adaptive Performance/Provider
  artifactKey: Guid(8095a7b5a7c583d42968e329a78a6a08) Importer(815301076,1909f56bfc062723c751e8b465ee728b)
Number of updated assets reloaded before import = 0
Start importing Assets/Store Assets/Adaptive Performance/Provider using Guid(8095a7b5a7c583d42968e329a78a6a08) Importer(815301076,1909f56bfc062723c751e8b465ee728b)  -> (artifact id: '3e4bbe0d2e39d82f3db8cfc0ff0bd76a') in 0.019217 seconds 
Number of asset objects unloaded after import = 0
========================================================================
Received Import Request.
  Time since last request: 2.103704 seconds.
  path: Assets/Store Assets/Adaptive Performance/Provider/Google Android Provider Loader.asset
  artifactKey: Guid(e9d5ae8542a110d40b632bfeb11ef390) Importer(815301076,1909f56bfc062723c751e8b465ee728b)
Number of updated assets reloaded before import = 0
Start importing Assets/Store Assets/Adaptive Performance/Provider/Google Android Provider Loader.asset using Guid(e9d5ae8542a110d40b632bfeb11ef390) Importer(815301076,1909f56bfc062723c751e8b465ee728b)  -> (artifact id: 'b4734247e97558284f0bf7149ece87aa') in 0.024990 seconds 
Number of asset objects unloaded after import = 1
========================================================================
Received Import Request.
  Time since last request: 8.564913 seconds.
  path: Assets/Store Assets/GAMWILL/GAMWILL Zombie fun character free sample/Animation
  artifactKey: Guid(eea75b0b637b95a4a88ff67530cfa977) Importer(815301076,1909f56bfc062723c751e8b465ee728b)
Number of updated assets reloaded before import = 0
Start importing Assets/Store Assets/GAMWILL/GAMWILL Zombie fun character free sample/Animation using Guid(eea75b0b637b95a4a88ff67530cfa977) Importer(815301076,1909f56bfc062723c751e8b465ee728b)  -> (artifact id: 'd72001abba52e53e60e37cdcfae97762') in 0.024443 seconds 
Number of asset objects unloaded after import = 0
========================================================================
Received Import Request.
  Time since last request: 14.269518 seconds.
  path: Assets/Store Assets/Meshtint Free Chicken Mega Toon Series/Materials/Grass.mat
  artifactKey: Guid(96c57a7277565124688133d57d54d4e1) Importer(815301076,1909f56bfc062723c751e8b465ee728b)
Number of updated assets reloaded before import = 0
Start importing Assets/Store Assets/Meshtint Free Chicken Mega Toon Series/Materials/Grass.mat using Guid(96c57a7277565124688133d57d54d4e1) Importer(815301076,1909f56bfc062723c751e8b465ee728b)  -> (artifact id: '79f8a30c8d7bba4a11aa5d8ec513ad61') in 0.059175 seconds 
Number of asset objects unloaded after import = 1
========================================================================
Received Import Request.
  Time since last request: 0.000019 seconds.
  path: Assets/Store Assets/Meshtint Free Chicken Mega Toon Series/Materials/Mega Toon Chicken.mat
  artifactKey: Guid(e41f42f5e81b018479b0091156c9ecc6) Importer(815301076,1909f56bfc062723c751e8b465ee728b)
Number of updated assets reloaded before import = 0
Start importing Assets/Store Assets/Meshtint Free Chicken Mega Toon Series/Materials/Mega Toon Chicken.mat using Guid(e41f42f5e81b018479b0091156c9ecc6) Importer(815301076,1909f56bfc062723c751e8b465ee728b)  -> (artifact id: 'f739a716dfa8763830baa0f6d50264d0') in 0.065724 seconds 
Number of asset objects unloaded after import = 2
========================================================================
Received Import Request.
  Time since last request: 28.017524 seconds.
  path: Assets/Store Assets/Simple Vector Icons/Source
  artifactKey: Guid(b95bf66184dc34d80b258d02094dc8b3) Importer(815301076,1909f56bfc062723c751e8b465ee728b)
Number of updated assets reloaded before import = 0
Start importing Assets/Store Assets/Simple Vector Icons/Source using Guid(b95bf66184dc34d80b258d02094dc8b3) Importer(815301076,1909f56bfc062723c751e8b465ee728b)  -> (artifact id: '6af264f79a1cc9f9065077d48d3c0370') in 0.024965 seconds 
Number of asset objects unloaded after import = 0
========================================================================
Received Import Request.
  Time since last request: 0.038974 seconds.
  path: Assets/Store Assets/Simple Vector Icons/Source/SimpleVectorIcons.psd
  artifactKey: Guid(0c5cf427b29024eec8dbeb64cebbcb64) Importer(815301076,1909f56bfc062723c751e8b465ee728b)
Number of updated assets reloaded before import = 0
Start importing Assets/Store Assets/Simple Vector Icons/Source/SimpleVectorIcons.psd using Guid(0c5cf427b29024eec8dbeb64cebbcb64) Importer(815301076,1909f56bfc062723c751e8b465ee728b)  -> (artifact id: 'dff81ed563227e654f3ee8d4c1b3d55b') in 0.050589 seconds 
Number of asset objects unloaded after import = 2
========================================================================
Received Prepare
Registering precompiled user dll's ...
Registered in 0.004640 seconds.
Begin MonoManager ReloadAssembly
Native extension for WindowsStandalone target not found
Failed to load: C:/Program Files/Unity/Hub/Editor/2021.3.36f1/Editor/Data/PlaybackEngines/iOSSupport\x64\UnityEditor.iOS.Native.dll
Native extension for iOS target not found
Native extension for Android target not found
Native extension for WebGL target not found
Refreshing native plugins compatible for Editor in 1.13 ms, found 3 plugins.
Preloading 0 native plugins for Editor in 0.00 ms.
[Package Manager] Server::EnsureServerProcessIsRunning -- launch failed, reason: Unity was launched with the -noUpm command-line argument
[Package Manager] Cannot connect to Unity Package Manager local server
[Package Manager] Server::EnsureServerProcessIsRunning -- launch failed, reason: Unity was launched with the -noUpm command-line argument
[Package Manager] Cannot connect to Unity Package Manager local server
[ScriptCompilation] NOT recompiling all scripts because this is an import worker process. Reason to compile was: Define symbols changed
Mono: successfully reloaded assembly
- Completed reload, in  1.745 seconds
Domain Reload Profiling:
	ReloadAssembly (1746ms)
		BeginReloadAssembly (188ms)
			ExecutionOrderSort (0ms)
			DisableScriptedObjects (5ms)
			BackupInstance (0ms)
			ReleaseScriptingObjects (0ms)
			CreateAndSetChildDomain (44ms)
		EndReloadAssembly (1433ms)
			LoadAssemblies (134ms)
			RebuildTransferFunctionScriptingTraits (0ms)
			SetupTypeCache (394ms)
			ReleaseScriptCaches (2ms)
			RebuildScriptCaches (64ms)
			SetupLoadedEditorAssemblies (804ms)
				LogAssemblyErrors (0ms)
				InitializePlatformSupportModulesInManaged (51ms)
				SetLoadedEditorAssemblies (1ms)
				RefreshPlugins (1ms)
				BeforeProcessingInitializeOnLoad (104ms)
				ProcessInitializeOnLoadAttributes (579ms)
				ProcessInitializeOnLoadMethodAttributes (62ms)
				AfterProcessingInitializeOnLoad (5ms)
				EditorAssembliesLoaded (0ms)
			ExecutionOrderSort2 (0ms)
			AwakeInstancesAfterBackupRestoration (6ms)
Platform modules already initialized, skipping
Refreshing native plugins compatible for Editor in 1.02 ms, found 3 plugins.
Preloading 0 native plugins for Editor in 0.00 ms.
Unloading 4427 Unused Serialized files (Serialized files now loaded: 0)
Unloading 58 unused Assets / (1.1 MB). Loaded Objects now: 5156.
Memory consumption went from 162.0 MB to 160.9 MB.
Total: 4.895600 ms (FindLiveObjects: 0.359600 ms CreateObjectMapping: 0.198200 ms MarkObjects: 3.736800 ms  DeleteObjects: 0.599000 ms)

AssetImportParameters requested are different than current active one (requested -> active):
  custom:video-decoder-ogg-theora: a1e56fd34408186e4bbccfd4996cb3dc -> 
  custom:container-muxer-webm: aa71ff27fc2769a1b78a27578f13a17b -> 
  custom:container-demuxer-webm: 4f35f7cbe854078d1ac9338744f61a02 -> 
  custom:video-encoder-webm-vp8: eb34c28f22e8b96e1ab97ce403110664 -> 
  custom:video-codec-MediaFoundation-h265: 746d11721c4dcdbdad8f713fa42b33f4 -> 
  custom:CustomObjectIndexerAttribute: bc11b3a6c3213fcdd17b65e7da85e133 -> 
  custom:audio-encoder-webm-vorbis: bf7c407c2cedff20999df2af8eb42d56 -> 
  custom:framework-win-MediaFoundation: 216162199b28c13a410421893ffa2e32 -> 
  custom:SearchIndexIgnoredProperties: e643bd26f0fe6173181afceb89e7c659 -> 
  custom:container-demuxer-ogg: 62fdf1f143b41e24485cea50d1cbac27 -> 
  custom:video-decoder-webm-vp8: 9c59270c3fd7afecdb556c50c9e8de78 -> 
  custom:audio-decoder-ogg-vorbis: bf7c407c2cedff20999df2af8eb42d56 -> 
========================================================================
Received Import Request.
  Time since last request: 17.312535 seconds.
  path: Assets/Store Assets/Traint/Free Casual Buttons Pack/Sprites
  artifactKey: Guid(f9df509d21c922c44acb2f7ae2543435) Importer(815301076,1909f56bfc062723c751e8b465ee728b)
Number of updated assets reloaded before import = 0
Start importing Assets/Store Assets/Traint/Free Casual Buttons Pack/Sprites using Guid(f9df509d21c922c44acb2f7ae2543435) Importer(815301076,1909f56bfc062723c751e8b465ee728b)  -> (artifact id: '5b35369ce739e70733d4fcf1904fe5fc') in 0.035724 seconds 
Number of asset objects unloaded after import = 0
========================================================================
Received Import Request.
  Time since last request: 0.938983 seconds.
  path: Assets/Store Assets/Traint/Free Casual Buttons Pack/Sprites/002 Bright Red
  artifactKey: Guid(6c0eacb0c3803f0489b66daca1b43ed3) Importer(815301076,1909f56bfc062723c751e8b465ee728b)
Number of updated assets reloaded before import = 0
Start importing Assets/Store Assets/Traint/Free Casual Buttons Pack/Sprites/002 Bright Red using Guid(6c0eacb0c3803f0489b66daca1b43ed3) Importer(815301076,1909f56bfc062723c751e8b465ee728b)  -> (artifact id: '2149dc55b7ebe6ef8449d1d11f6731f1') in 0.023611 seconds 
Number of asset objects unloaded after import = 0
========================================================================
Received Import Request.
  Time since last request: 2.178934 seconds.
  path: Assets/Store Assets/Traint/Free Casual Buttons Pack/Sprites/001 Red
  artifactKey: Guid(db7f80fc13ecf534f942bd0d893f0111) Importer(815301076,1909f56bfc062723c751e8b465ee728b)
Number of updated assets reloaded before import = 0
Start importing Assets/Store Assets/Traint/Free Casual Buttons Pack/Sprites/001 Red using Guid(db7f80fc13ecf534f942bd0d893f0111) Importer(815301076,1909f56bfc062723c751e8b465ee728b)  -> (artifact id: '67a96ce9ece69285dbd666f1a572e048') in 0.022440 seconds 
Number of asset objects unloaded after import = 0
========================================================================
Received Import Request.
  Time since last request: 6.029636 seconds.
  path: Assets/Store Assets/Free Stylized Hand-Painted Skybox/Materials/Cloudy01.mat
  artifactKey: Guid(da04fb2a289ef1b47bf5b07b9285dd70) Importer(815301076,1909f56bfc062723c751e8b465ee728b)
Number of updated assets reloaded before import = 0
Start importing Assets/Store Assets/Free Stylized Hand-Painted Skybox/Materials/Cloudy01.mat using Guid(da04fb2a289ef1b47bf5b07b9285dd70) Importer(815301076,1909f56bfc062723c751e8b465ee728b)  -> (artifact id: 'c783744ecde78cd1fa98bc307f7b2ff7') in 0.152859 seconds 
Number of asset objects unloaded after import = 2
========================================================================
Received Import Request.
  Time since last request: 0.000020 seconds.
  path: Assets/Store Assets/Free Stylized Hand-Painted Skybox/Materials/Sunset.mat
  artifactKey: Guid(170f2a047c448444ca1b8e2d20f504f1) Importer(815301076,1909f56bfc062723c751e8b465ee728b)
Number of updated assets reloaded before import = 0
Start importing Assets/Store Assets/Free Stylized Hand-Painted Skybox/Materials/Sunset.mat using Guid(170f2a047c448444ca1b8e2d20f504f1) Importer(815301076,1909f56bfc062723c751e8b465ee728b)  -> (artifact id: '6b90f8bf882fe3c272b8ac331a5eb3cf') in 0.081550 seconds 
Number of asset objects unloaded after import = 2
========================================================================
Received Import Request.
  Time since last request: 0.000055 seconds.
  path: Assets/Store Assets/Free Stylized Hand-Painted Skybox/Materials/Cloudy04.mat
  artifactKey: Guid(b01d8a5305a527c4daeab5318708e238) Importer(815301076,1909f56bfc062723c751e8b465ee728b)
Number of updated assets reloaded before import = 0
Start importing Assets/Store Assets/Free Stylized Hand-Painted Skybox/Materials/Cloudy04.mat using Guid(b01d8a5305a527c4daeab5318708e238) Importer(815301076,1909f56bfc062723c751e8b465ee728b)  -> (artifact id: '6bfd317b7956a6f4993a10acef9d9bb0') in 0.086464 seconds 
Number of asset objects unloaded after import = 2
========================================================================
Received Import Request.
  Time since last request: 0.000015 seconds.
  path: Assets/Store Assets/Free Stylized Hand-Painted Skybox/Materials/Midnight_Stars02.mat
  artifactKey: Guid(b8b51e91d70758d4587a58e98389c07a) Importer(815301076,1909f56bfc062723c751e8b465ee728b)
Number of updated assets reloaded before import = 0
Start importing Assets/Store Assets/Free Stylized Hand-Painted Skybox/Materials/Midnight_Stars02.mat using Guid(b8b51e91d70758d4587a58e98389c07a) Importer(815301076,1909f56bfc062723c751e8b465ee728b)  -> (artifact id: 'de67eba5e4993fd1c6b086d40c8bee5a') in 0.074269 seconds 
Number of asset objects unloaded after import = 2
========================================================================
Received Import Request.
  Time since last request: 0.000033 seconds.
  path: Assets/Store Assets/Free Stylized Hand-Painted Skybox/Materials/Dawn_Cloudy.mat
  artifactKey: Guid(3776415b8d326db4cb696fe00db0540e) Importer(815301076,1909f56bfc062723c751e8b465ee728b)
Number of updated assets reloaded before import = 0
Start importing Assets/Store Assets/Free Stylized Hand-Painted Skybox/Materials/Dawn_Cloudy.mat using Guid(3776415b8d326db4cb696fe00db0540e) Importer(815301076,1909f56bfc062723c751e8b465ee728b)  -> (artifact id: '8717b18c73bfb40a389c4775677df9d1') in 0.084712 seconds 
Number of asset objects unloaded after import = 2
========================================================================
Received Import Request.
  Time since last request: 0.000042 seconds.
  path: Assets/Store Assets/Free Stylized Hand-Painted Skybox/Materials/Cloudy03.mat
  artifactKey: Guid(896fe09c49b73a44ead00a982ee46e6b) Importer(815301076,1909f56bfc062723c751e8b465ee728b)
Number of updated assets reloaded before import = 0
Start importing Assets/Store Assets/Free Stylized Hand-Painted Skybox/Materials/Cloudy03.mat using Guid(896fe09c49b73a44ead00a982ee46e6b) Importer(815301076,1909f56bfc062723c751e8b465ee728b)  -> (artifact id: '46c2517612bb0afdc1836d612f67d91f') in 0.067557 seconds 
Number of asset objects unloaded after import = 2
========================================================================
Received Import Request.
  Time since last request: 12.270943 seconds.
  path: Assets/Store Assets/FPSFont/FPS Gaming Font/Square-Black SDF.asset
  artifactKey: Guid(f2b55c4a122932c449a560a3bff91ff4) Importer(815301076,1909f56bfc062723c751e8b465ee728b)
Number of updated assets reloaded before import = 0
Start importing Assets/Store Assets/FPSFont/FPS Gaming Font/Square-Black SDF.asset using Guid(f2b55c4a122932c449a560a3bff91ff4) Importer(815301076,1909f56bfc062723c751e8b465ee728b)  -> (artifact id: '8f95b8555f76da12bac41b18876a4b3a') in 0.104516 seconds 
Number of asset objects unloaded after import = 6
========================================================================
Received Import Request.
  Time since last request: 4.083957 seconds.
  path: Assets/Store Assets/Adaptive Performance/Settings/Google Android Provider Settings.asset
  artifactKey: Guid(35e8a498fc086f84baf67152170a78ba) Importer(815301076,1909f56bfc062723c751e8b465ee728b)
Number of updated assets reloaded before import = 0
Start importing Assets/Store Assets/Adaptive Performance/Settings/Google Android Provider Settings.asset using Guid(35e8a498fc086f84baf67152170a78ba) Importer(815301076,1909f56bfc062723c751e8b465ee728b)  -> (artifact id: '996fee636980865defd3afb22d5d52af') in 0.054330 seconds 
Number of asset objects unloaded after import = 1
========================================================================
Received Import Request.
  Time since last request: 16.493412 seconds.
  path: Assets/UnityTechnologies
  artifactKey: Guid(deae5e44d8cc5f3449682871a3282a66) Importer(815301076,1909f56bfc062723c751e8b465ee728b)
Number of updated assets reloaded before import = 0
Start importing Assets/UnityTechnologies using Guid(deae5e44d8cc5f3449682871a3282a66) Importer(815301076,1909f56bfc062723c751e8b465ee728b)  -> (artifact id: 'abb7cdb067dddbc64210370872d9df68') in 0.026548 seconds 
Number of asset objects unloaded after import = 0
========================================================================
Received Import Request.
  Time since last request: 1.113098 seconds.
  path: Assets/UnityTechnologies/ParticlePack
  artifactKey: Guid(ed6df71c28aa7c74882e2bbf2c0770bd) Importer(815301076,1909f56bfc062723c751e8b465ee728b)
Number of updated assets reloaded before import = 0
Start importing Assets/UnityTechnologies/ParticlePack using Guid(ed6df71c28aa7c74882e2bbf2c0770bd) Importer(815301076,1909f56bfc062723c751e8b465ee728b)  -> (artifact id: 'ee5369bf950f132e1b4434b14d018f87') in 0.032026 seconds 
Number of asset objects unloaded after import = 0
========================================================================
Received Import Request.
  Time since last request: 0.023439 seconds.
  path: Assets/UnityTechnologies/ParticlePack/DefaultVolumeProfile.asset
  artifactKey: Guid(efb0b6e3f7cee1a4fbdc27699944e676) Importer(815301076,1909f56bfc062723c751e8b465ee728b)
Number of updated assets reloaded before import = 0
Start importing Assets/UnityTechnologies/ParticlePack/DefaultVolumeProfile.asset using Guid(efb0b6e3f7cee1a4fbdc27699944e676) Importer(815301076,1909f56bfc062723c751e8b465ee728b)  -> (artifact id: '970f505c3cdc9024b61fa09a46578b26') in 0.021034 seconds 
Number of asset objects unloaded after import = 20
========================================================================
Received Import Request.
  Time since last request: 0.000017 seconds.
  path: Assets/UnityTechnologies/ParticlePack/URP_Renderer.asset
  artifactKey: Guid(83345bc7ff5bb744589f2d8c2da58e95) Importer(815301076,1909f56bfc062723c751e8b465ee728b)
Number of updated assets reloaded before import = 0
Start importing Assets/UnityTechnologies/ParticlePack/URP_Renderer.asset using Guid(83345bc7ff5bb744589f2d8c2da58e95) Importer(815301076,1909f56bfc062723c751e8b465ee728b)  -> (artifact id: '63087f68e6f2defcb1adbce60f199162') in 0.021500 seconds 
Number of asset objects unloaded after import = 1
========================================================================
Received Import Request.
  Time since last request: 0.000019 seconds.
  path: Assets/UnityTechnologies/ParticlePack/Readme.asset
  artifactKey: Guid(83c2ed844a8c74b779a4c823d16594b1) Importer(815301076,1909f56bfc062723c751e8b465ee728b)
Number of updated assets reloaded before import = 0
Start importing Assets/UnityTechnologies/ParticlePack/Readme.asset using Guid(83c2ed844a8c74b779a4c823d16594b1) Importer(815301076,1909f56bfc062723c751e8b465ee728b)  -> (artifact id: '4b9eed57b2a38ea50d63037f7455b12f') in 0.021638 seconds 
Number of asset objects unloaded after import = 2
========================================================================
Received Import Request.
  Time since last request: 1.986012 seconds.
  path: Assets/UnityTechnologies/ParticlePack/EffectExamples
  artifactKey: Guid(6c0b056137d972f46a0312ba21b6263f) Importer(815301076,1909f56bfc062723c751e8b465ee728b)
Number of updated assets reloaded before import = 0
Start importing Assets/UnityTechnologies/ParticlePack/EffectExamples using Guid(6c0b056137d972f46a0312ba21b6263f) Importer(815301076,1909f56bfc062723c751e8b465ee728b)  -> (artifact id: 'fc8be781c4c0b1df3797050b3ad0d68e') in 0.033364 seconds 
Number of asset objects unloaded after import = 0
========================================================================
Received Import Request.
  Time since last request: 1.187264 seconds.
  path: Assets/UnityTechnologies/ParticlePack/EffectExamples/Fire & Explosion Effects
  artifactKey: Guid(9c9c292c9091a7d4fbaf34fdd81b85fc) Importer(815301076,1909f56bfc062723c751e8b465ee728b)
Number of updated assets reloaded before import = 0
Start importing Assets/UnityTechnologies/ParticlePack/EffectExamples/Fire & Explosion Effects using Guid(9c9c292c9091a7d4fbaf34fdd81b85fc) Importer(815301076,1909f56bfc062723c751e8b465ee728b)  -> (artifact id: '7a47c26ba7f37d0451c513340748120b') in 0.024657 seconds 
Number of asset objects unloaded after import = 0
========================================================================
Received Import Request.
  Time since last request: 1.354174 seconds.
  path: Assets/UnityTechnologies/ParticlePack/EffectExamples/Fire & Explosion Effects/Prefabs
  artifactKey: Guid(af557a47dae08a94cb2839384fe7ac98) Importer(815301076,1909f56bfc062723c751e8b465ee728b)
Number of updated assets reloaded before import = 0
Start importing Assets/UnityTechnologies/ParticlePack/EffectExamples/Fire & Explosion Effects/Prefabs using Guid(af557a47dae08a94cb2839384fe7ac98) Importer(815301076,1909f56bfc062723c751e8b465ee728b)  -> (artifact id: 'a1f434fc3799981b5ef2d9c27de05798') in 0.024074 seconds 
Number of asset objects unloaded after import = 0
========================================================================
Received Import Request.
  Time since last request: 0.041525 seconds.
  path: Assets/UnityTechnologies/ParticlePack/EffectExamples/Fire & Explosion Effects/Prefabs/BigExplosion.prefab
  artifactKey: Guid(e1b08032bec16ba4eb1ae23cbd572664) Importer(815301076,1909f56bfc062723c751e8b465ee728b)
Number of updated assets reloaded before import = 0
Start importing Assets/UnityTechnologies/ParticlePack/EffectExamples/Fire & Explosion Effects/Prefabs/BigExplosion.prefab using Guid(e1b08032bec16ba4eb1ae23cbd572664) Importer(815301076,1909f56bfc062723c751e8b465ee728b)  -> (artifact id: '38585b16ee1efd43b62a689e008b743e') in 0.067028 seconds 
Number of asset objects unloaded after import = 52
========================================================================
Received Import Request.
  Time since last request: 0.000023 seconds.
  path: Assets/UnityTechnologies/ParticlePack/EffectExamples/Fire & Explosion Effects/Prefabs/MediumFlames.prefab
  artifactKey: Guid(be6847dd39ab95f4daa2ed98e4f90564) Importer(815301076,1909f56bfc062723c751e8b465ee728b)
Number of updated assets reloaded before import = 0
Start importing Assets/UnityTechnologies/ParticlePack/EffectExamples/Fire & Explosion Effects/Prefabs/MediumFlames.prefab using Guid(be6847dd39ab95f4daa2ed98e4f90564) Importer(815301076,1909f56bfc062723c751e8b465ee728b)  -> (artifact id: '60fdab422843578ac5a7c4bf84ed44a6') in 0.042503 seconds 
Number of asset objects unloaded after import = 9
========================================================================
Received Import Request.
  Time since last request: 0.000028 seconds.
  path: Assets/UnityTechnologies/ParticlePack/EffectExamples/Fire & Explosion Effects/Prefabs/FlameStream.prefab
  artifactKey: Guid(bccc7a794e75b2a44a4b0dac69160b7b) Importer(815301076,1909f56bfc062723c751e8b465ee728b)
Number of updated assets reloaded before import = 0
Start importing Assets/UnityTechnologies/ParticlePack/EffectExamples/Fire & Explosion Effects/Prefabs/FlameStream.prefab using Guid(bccc7a794e75b2a44a4b0dac69160b7b) Importer(815301076,1909f56bfc062723c751e8b465ee728b)  -> (artifact id: '6350bf6979d2da71f1678d7e2a3b09bf') in 0.034829 seconds 
Number of asset objects unloaded after import = 13
========================================================================
Received Import Request.
  Time since last request: 0.000024 seconds.
  path: Assets/UnityTechnologies/ParticlePack/EffectExamples/Fire & Explosion Effects/Prefabs/LargeFlames.prefab
  artifactKey: Guid(bb98861c48ad2024ca93498c7dd93a6c) Importer(815301076,1909f56bfc062723c751e8b465ee728b)
Number of updated assets reloaded before import = 0
Start importing Assets/UnityTechnologies/ParticlePack/EffectExamples/Fire & Explosion Effects/Prefabs/LargeFlames.prefab using Guid(bb98861c48ad2024ca93498c7dd93a6c) Importer(815301076,1909f56bfc062723c751e8b465ee728b)  -> (artifact id: 'd2024d000c1895e467ce9062888fe31c') in 0.035497 seconds 
Number of asset objects unloaded after import = 13
========================================================================
Received Import Request.
  Time since last request: 0.994287 seconds.
  path: Assets/UnityTechnologies/ParticlePack/EffectExamples/Fire & Explosion Effects/Materials/Explosion.mat
  artifactKey: Guid(6421a5a06ae9f7a47a57b67f35c73b5a) Importer(815301076,1909f56bfc062723c751e8b465ee728b)
Number of updated assets reloaded before import = 0
Start importing Assets/UnityTechnologies/ParticlePack/EffectExamples/Fire & Explosion Effects/Materials/Explosion.mat using Guid(6421a5a06ae9f7a47a57b67f35c73b5a) Importer(815301076,1909f56bfc062723c751e8b465ee728b)  -> (artifact id: '563987fd2dad24a0116cd34aa28d0c24') in 0.025124 seconds 
Number of asset objects unloaded after import = 5
========================================================================
Received Import Request.
  Time since last request: 7.193624 seconds.
  path: Assets/UnityTechnologies/ParticlePack/EffectExamples/Fire & Explosion Effects/Materials/Dust.mat
  artifactKey: Guid(53a63d52a4c231f4c8ef0f2bfc170425) Importer(815301076,1909f56bfc062723c751e8b465ee728b)
Number of updated assets reloaded before import = 0
Start importing Assets/UnityTechnologies/ParticlePack/EffectExamples/Fire & Explosion Effects/Materials/Dust.mat using Guid(53a63d52a4c231f4c8ef0f2bfc170425) Importer(815301076,1909f56bfc062723c751e8b465ee728b)  -> (artifact id: '868dca41a09b6cbfbe6544269b8d8851') in 0.030981 seconds 
Number of asset objects unloaded after import = 2
========================================================================
Received Import Request.
  Time since last request: 23.099141 seconds.
  path: Assets/UnityTechnologies/ParticlePack/EffectExamples/Fire & Explosion Effects/Materials/Embers.mat
  artifactKey: Guid(776677ab3818fb249adaca05f4e04545) Importer(815301076,1909f56bfc062723c751e8b465ee728b)
Number of updated assets reloaded before import = 0
Start importing Assets/UnityTechnologies/ParticlePack/EffectExamples/Fire & Explosion Effects/Materials/Embers.mat using Guid(776677ab3818fb249adaca05f4e04545) Importer(815301076,1909f56bfc062723c751e8b465ee728b)  -> (artifact id: '7e3339e68376989a4bb17748a78d5f1d') in 0.030076 seconds 
Number of asset objects unloaded after import = 1
========================================================================
Received Import Request.
  Time since last request: 0.000044 seconds.
  path: Assets/UnityTechnologies/ParticlePack/EffectExamples/Fire & Explosion Effects/Materials/DebrisParticle.mat
  artifactKey: Guid(72815344e9e9c7446895e130936932d7) Importer(815301076,1909f56bfc062723c751e8b465ee728b)
Number of updated assets reloaded before import = 0
Start importing Assets/UnityTechnologies/ParticlePack/EffectExamples/Fire & Explosion Effects/Materials/DebrisParticle.mat using Guid(72815344e9e9c7446895e130936932d7) Importer(815301076,1909f56bfc062723c751e8b465ee728b)  -> (artifact id: 'e9652cbbefcfcc0c8504e8edb7ba2783') in 0.027773 seconds 
Number of asset objects unloaded after import = 2
========================================================================
Received Import Request.
  Time since last request: 46.167023 seconds.
  path: Assets/UnityTechnologies/ParticlePack/EffectExamples/Fire & Explosion Effects/Textures/Explosion.tif
  artifactKey: Guid(409ef26b64696f340b2f62b41d2fc11f) Importer(815301076,1909f56bfc062723c751e8b465ee728b)
Number of updated assets reloaded before import = 0
Start importing Assets/UnityTechnologies/ParticlePack/EffectExamples/Fire & Explosion Effects/Textures/Explosion.tif using Guid(409ef26b64696f340b2f62b41d2fc11f) Importer(815301076,1909f56bfc062723c751e8b465ee728b)  -> (artifact id: '9a025b469cb81062a32e3bbfdc419745') in 0.030321 seconds 
Number of asset objects unloaded after import = 2
========================================================================
Received Import Request.
  Time since last request: 55.965622 seconds.
  path: Assets/UnityTechnologies/ParticlePack/EffectExamples/Fire & Explosion Effects/Prefabs/BigExplosion.prefab
  artifactKey: Guid(e1b08032bec16ba4eb1ae23cbd572664) Importer(815301076,1909f56bfc062723c751e8b465ee728b)
Number of updated assets reloaded before import = 0
Start importing Assets/UnityTechnologies/ParticlePack/EffectExamples/Fire & Explosion Effects/Prefabs/BigExplosion.prefab using Guid(e1b08032bec16ba4eb1ae23cbd572664) Importer(815301076,1909f56bfc062723c751e8b465ee728b)  -> (artifact id: '1a54d101bf4650d9d08d1e98afdb4f60') in 0.020543 seconds 
Number of asset objects unloaded after import = 52
========================================================================
Received Import Request.
  Time since last request: 90.386438 seconds.
  path: Assets/UnityTechnologies/ParticlePack/EffectExamples/Fire & Explosion Effects/Materials/SandParticle.mat
  artifactKey: Guid(4ea8613283885aa45a5c6eb29a50bdb0) Importer(815301076,1909f56bfc062723c751e8b465ee728b)
Number of updated assets reloaded before import = 0
Start importing Assets/UnityTechnologies/ParticlePack/EffectExamples/Fire & Explosion Effects/Materials/SandParticle.mat using Guid(4ea8613283885aa45a5c6eb29a50bdb0) Importer(815301076,1909f56bfc062723c751e8b465ee728b)  -> (artifact id: '54dcaaf2222fd1a5dea19100c6f1baa8') in 0.031652 seconds 
Number of asset objects unloaded after import = 2
========================================================================
Received Import Request.
  Time since last request: 10.607026 seconds.
  path: Assets/UnityTechnologies/ParticlePack/EffectExamples/Fire & Explosion Effects/Materials/EnergyExplosion.mat
  artifactKey: Guid(bf88af72084132746823869f28b070f8) Importer(815301076,1909f56bfc062723c751e8b465ee728b)
Number of updated assets reloaded before import = 0
Start importing Assets/UnityTechnologies/ParticlePack/EffectExamples/Fire & Explosion Effects/Materials/EnergyExplosion.mat using Guid(bf88af72084132746823869f28b070f8) Importer(815301076,1909f56bfc062723c751e8b465ee728b)  -> (artifact id: 'b0252e0eeefa9a291b163e970c642a29') in 0.011568 seconds 
Number of asset objects unloaded after import = 4
========================================================================
Received Import Request.
  Time since last request: 17.458819 seconds.
  path: Assets/UnityTechnologies/ParticlePack/EffectExamples/Fire & Explosion Effects/Materials/EnergyShockwave.mat
  artifactKey: Guid(65586f2fde3974c4e9469dfe6cf89338) Importer(815301076,1909f56bfc062723c751e8b465ee728b)
Number of updated assets reloaded before import = 0
Start importing Assets/UnityTechnologies/ParticlePack/EffectExamples/Fire & Explosion Effects/Materials/EnergyShockwave.mat using Guid(65586f2fde3974c4e9469dfe6cf89338) Importer(815301076,1909f56bfc062723c751e8b465ee728b)  -> (artifact id: 'cbfa37af3328086266ef3a18b3b0a9e4') in 0.043335 seconds 
Number of asset objects unloaded after import = 3
========================================================================
Received Import Request.
  Time since last request: 5.809783 seconds.
  path: Assets/UnityTechnologies/ParticlePack/EffectExamples/Fire & Explosion Effects/Materials/Lightning.mat
  artifactKey: Guid(0b1b6a2d22d96564f9037ae143ea84cf) Importer(815301076,1909f56bfc062723c751e8b465ee728b)
Number of updated assets reloaded before import = 0
Start importing Assets/UnityTechnologies/ParticlePack/EffectExamples/Fire & Explosion Effects/Materials/Lightning.mat using Guid(0b1b6a2d22d96564f9037ae143ea84cf) Importer(815301076,1909f56bfc062723c751e8b465ee728b)  -> (artifact id: '2bbe1d09197f8e55c2c68358b34f5a8b') in 0.027074 seconds 
Number of asset objects unloaded after import = 2
========================================================================
Received Import Request.
  Time since last request: 12.636726 seconds.
  path: Assets/UnityTechnologies/ParticlePack/EffectExamples/Fire & Explosion Effects/Materials/fireball.mat
  artifactKey: Guid(3349fc02d104e2b458470ec533f51c16) Importer(815301076,1909f56bfc062723c751e8b465ee728b)
Number of updated assets reloaded before import = 0
Start importing Assets/UnityTechnologies/ParticlePack/EffectExamples/Fire & Explosion Effects/Materials/fireball.mat using Guid(3349fc02d104e2b458470ec533f51c16) Importer(815301076,1909f56bfc062723c751e8b465ee728b)  -> (artifact id: '4c8a25bf74250fa52c384a98516f1902') in 0.030197 seconds 
Number of asset objects unloaded after import = 3
========================================================================
Received Import Request.
  Time since last request: 5.932512 seconds.
  path: Assets/UnityTechnologies/ParticlePack/EffectExamples/Fire & Explosion Effects/Materials/FireExplosion.mat
  artifactKey: Guid(7a306caa8f9f7ed40a5361ce411cdf1b) Importer(815301076,1909f56bfc062723c751e8b465ee728b)
Number of updated assets reloaded before import = 0
Start importing Assets/UnityTechnologies/ParticlePack/EffectExamples/Fire & Explosion Effects/Materials/FireExplosion.mat using Guid(7a306caa8f9f7ed40a5361ce411cdf1b) Importer(815301076,1909f56bfc062723c751e8b465ee728b)  -> (artifact id: '4415d560002f0300f4850adf2471503d') in 0.027568 seconds 
Number of asset objects unloaded after import = 2
========================================================================
Received Import Request.
  Time since last request: 3.587049 seconds.
  path: Assets/UnityTechnologies/ParticlePack/EffectExamples/Fire & Explosion Effects/Materials/LargeFlame01.mat
  artifactKey: Guid(af29e4d6b5ada10438f9e9b5bb6d19d3) Importer(815301076,1909f56bfc062723c751e8b465ee728b)
Number of updated assets reloaded before import = 0
Start importing Assets/UnityTechnologies/ParticlePack/EffectExamples/Fire & Explosion Effects/Materials/LargeFlame01.mat using Guid(af29e4d6b5ada10438f9e9b5bb6d19d3) Importer(815301076,1909f56bfc062723c751e8b465ee728b)  -> (artifact id: 'e6de09d426734b4a2df005049e714780') in 0.030863 seconds 
Number of asset objects unloaded after import = 2
========================================================================
Received Import Request.
  Time since last request: 18.481738 seconds.
  path: Assets/UnityTechnologies/ParticlePack/EffectExamples/Fire & Explosion Effects/Materials/MediumFlame01.mat
  artifactKey: Guid(5584a46a2a298d348a252b58b4847ae0) Importer(815301076,1909f56bfc062723c751e8b465ee728b)
Number of updated assets reloaded before import = 0
Start importing Assets/UnityTechnologies/ParticlePack/EffectExamples/Fire & Explosion Effects/Materials/MediumFlame01.mat using Guid(5584a46a2a298d348a252b58b4847ae0) Importer(815301076,1909f56bfc062723c751e8b465ee728b)  -> (artifact id: '703bc5144e2c204297dc5c048e4e93ed') in 0.037196 seconds 
Number of asset objects unloaded after import = 3
========================================================================
Received Import Request.
  Time since last request: 10.641183 seconds.
  path: Assets/UnityTechnologies/ParticlePack/EffectExamples/Goop Effects
  artifactKey: Guid(96a4fd4c27ed4214f905c521891b2c87) Importer(815301076,1909f56bfc062723c751e8b465ee728b)
Number of updated assets reloaded before import = 0
Start importing Assets/UnityTechnologies/ParticlePack/EffectExamples/Goop Effects using Guid(96a4fd4c27ed4214f905c521891b2c87) Importer(815301076,1909f56bfc062723c751e8b465ee728b)  -> (artifact id: '99438ed3d3335bfd9eec8f9aea7146dd') in 0.023439 seconds 
Number of asset objects unloaded after import = 0
========================================================================
Received Import Request.
  Time since last request: 1.355249 seconds.
  path: Assets/UnityTechnologies/ParticlePack/EffectExamples/Goop Effects/Prefabs
  artifactKey: Guid(81fe257bbe1f3de4d8993c136ed6c362) Importer(815301076,1909f56bfc062723c751e8b465ee728b)
Number of updated assets reloaded before import = 0
Start importing Assets/UnityTechnologies/ParticlePack/EffectExamples/Goop Effects/Prefabs using Guid(81fe257bbe1f3de4d8993c136ed6c362) Importer(815301076,1909f56bfc062723c751e8b465ee728b)  -> (artifact id: 'cfebb3d2279060a4efadefa03beb5a67') in 0.006479 seconds 
Number of asset objects unloaded after import = 0
========================================================================
Received Import Request.
  Time since last request: 0.043717 seconds.
  path: Assets/UnityTechnologies/ParticlePack/EffectExamples/Goop Effects/Prefabs/GoopSpray.prefab
  artifactKey: Guid(5656e7ea1f1a75d4c895547ec2b824b3) Importer(815301076,1909f56bfc062723c751e8b465ee728b)
Number of updated assets reloaded before import = 0
Start importing Assets/UnityTechnologies/ParticlePack/EffectExamples/Goop Effects/Prefabs/GoopSpray.prefab using Guid(5656e7ea1f1a75d4c895547ec2b824b3) Importer(815301076,1909f56bfc062723c751e8b465ee728b)  -> (artifact id: '759dd4e1651ec61d25b9e27b6c4de740') in 0.038111 seconds 
Number of asset objects unloaded after import = 13
========================================================================
Received Import Request.
  Time since last request: 6.170575 seconds.
  path: Assets/UnityTechnologies/ParticlePack/EffectExamples/Goop Effects/Materials/GoopSplatParticle.mat
  artifactKey: Guid(3ea2e59d181ffce4e97d5d1d07a22c05) Importer(815301076,1909f56bfc062723c751e8b465ee728b)
Number of updated assets reloaded before import = 0
Start importing Assets/UnityTechnologies/ParticlePack/EffectExamples/Goop Effects/Materials/GoopSplatParticle.mat using Guid(3ea2e59d181ffce4e97d5d1d07a22c05) Importer(815301076,1909f56bfc062723c751e8b465ee728b)  -> (artifact id: '9ec1744e063a96ebf7093ee4452acb99') in 0.027892 seconds 
Number of asset objects unloaded after import = 3
========================================================================
Received Import Request.
  Time since last request: 12.425084 seconds.
  path: Assets/UnityTechnologies/ParticlePack/EffectExamples/Goop Effects/Materials/GoopStreamParticle.mat
  artifactKey: Guid(fb0a006be807eac48a87ffa79b3330a5) Importer(815301076,1909f56bfc062723c751e8b465ee728b)
Number of updated assets reloaded before import = 0
Start importing Assets/UnityTechnologies/ParticlePack/EffectExamples/Goop Effects/Materials/GoopStreamParticle.mat using Guid(fb0a006be807eac48a87ffa79b3330a5) Importer(815301076,1909f56bfc062723c751e8b465ee728b)  -> (artifact id: '6bd230dd97dca4b50c8805dec2a9303d') in 0.031396 seconds 
Number of asset objects unloaded after import = 3
========================================================================
Received Import Request.
  Time since last request: 11.923233 seconds.
  path: Assets/UnityTechnologies/ParticlePack/EffectExamples/Legacy Particles
  artifactKey: Guid(83a5850d21b01534f995163fa98ce3e8) Importer(815301076,1909f56bfc062723c751e8b465ee728b)
Number of updated assets reloaded before import = 0
Start importing Assets/UnityTechnologies/ParticlePack/EffectExamples/Legacy Particles using Guid(83a5850d21b01534f995163fa98ce3e8) Importer(815301076,1909f56bfc062723c751e8b465ee728b)  -> (artifact id: 'fcbba01959ca24b68135c67635837483') in 0.021726 seconds 
Number of asset objects unloaded after import = 0
========================================================================
Received Import Request.
  Time since last request: 1.508175 seconds.
  path: Assets/UnityTechnologies/ParticlePack/EffectExamples/Legacy Particles/Prefabs
  artifactKey: Guid(a9ab69c72e6aba949ac1234714be954f) Importer(815301076,1909f56bfc062723c751e8b465ee728b)
Number of updated assets reloaded before import = 0
Start importing Assets/UnityTechnologies/ParticlePack/EffectExamples/Legacy Particles/Prefabs using Guid(a9ab69c72e6aba949ac1234714be954f) Importer(815301076,1909f56bfc062723c751e8b465ee728b)  -> (artifact id: 'e6ff07678d5e6899393f5b39b7ee4645') in 0.004579 seconds 
Number of asset objects unloaded after import = 0
========================================================================
Received Import Request.
  Time since last request: 0.068606 seconds.
  path: Assets/UnityTechnologies/ParticlePack/EffectExamples/Legacy Particles/Prefabs/ElectricalSparksEffect.prefab
  artifactKey: Guid(a4cbca814b838a5458720cd2f8d6a501) Importer(815301076,1909f56bfc062723c751e8b465ee728b)
Number of updated assets reloaded before import = 0
Start importing Assets/UnityTechnologies/ParticlePack/EffectExamples/Legacy Particles/Prefabs/ElectricalSparksEffect.prefab using Guid(a4cbca814b838a5458720cd2f8d6a501) Importer(815301076,1909f56bfc062723c751e8b465ee728b)  -> (artifact id: '6c3f4c02ad41d700cde9a2e520b056cc') in 0.026632 seconds 
Number of asset objects unloaded after import = 13
========================================================================
Received Import Request.
  Time since last request: 0.000027 seconds.
  path: Assets/UnityTechnologies/ParticlePack/EffectExamples/Legacy Particles/Prefabs/RainEffect.prefab
  artifactKey: Guid(d0c0b49979d372942ae5a964d9364111) Importer(815301076,1909f56bfc062723c751e8b465ee728b)
Number of updated assets reloaded before import = 0
Start importing Assets/UnityTechnologies/ParticlePack/EffectExamples/Legacy Particles/Prefabs/RainEffect.prefab using Guid(d0c0b49979d372942ae5a964d9364111) Importer(815301076,1909f56bfc062723c751e8b465ee728b)  -> (artifact id: '4758b788e9ad0d4a68071895e44f49d1') in 0.049263 seconds 
Number of asset objects unloaded after import = 26
========================================================================
Received Import Request.
  Time since last request: 0.000024 seconds.
  path: Assets/UnityTechnologies/ParticlePack/EffectExamples/Legacy Particles/Prefabs/WaterFall.prefab
  artifactKey: Guid(a04bb04bc7b97764a845f959b695addb) Importer(815301076,1909f56bfc062723c751e8b465ee728b)
Number of updated assets reloaded before import = 0
Start importing Assets/UnityTechnologies/ParticlePack/EffectExamples/Legacy Particles/Prefabs/WaterFall.prefab using Guid(a04bb04bc7b97764a845f959b695addb) Importer(815301076,1909f56bfc062723c751e8b465ee728b)  -> (artifact id: '6376794fbf20b69edc25210b717c359c') in 0.048908 seconds 
Number of asset objects unloaded after import = 56
========================================================================
Received Import Request.
  Time since last request: 5.877669 seconds.
  path: Assets/UnityTechnologies/ParticlePack/EffectExamples/Legacy Particles/Materials/StormCloudParticle.mat
  artifactKey: Guid(845825b74db21d14da85f244a650141a) Importer(815301076,1909f56bfc062723c751e8b465ee728b)
Number of updated assets reloaded before import = 0
Start importing Assets/UnityTechnologies/ParticlePack/EffectExamples/Legacy Particles/Materials/StormCloudParticle.mat using Guid(845825b74db21d14da85f244a650141a) Importer(815301076,1909f56bfc062723c751e8b465ee728b)  -> (artifact id: '257df0dc90add74b7888c7747ffb2eb3') in 0.041399 seconds 
Number of asset objects unloaded after import = 4
========================================================================
Received Import Request.
  Time since last request: 26.499553 seconds.
  path: Assets/UnityTechnologies/ParticlePack/EffectExamples/Fire & Explosion Effects/Materials/PlasmaFire.mat
  artifactKey: Guid(b5387d3c2ba98fc44a0f5744f94ce48c) Importer(815301076,1909f56bfc062723c751e8b465ee728b)
Number of updated assets reloaded before import = 0
Start importing Assets/UnityTechnologies/ParticlePack/EffectExamples/Fire & Explosion Effects/Materials/PlasmaFire.mat using Guid(b5387d3c2ba98fc44a0f5744f94ce48c) Importer(815301076,1909f56bfc062723c751e8b465ee728b)  -> (artifact id: '7a164da37278066c021acf8b24ac4d20') in 0.026875 seconds 
Number of asset objects unloaded after import = 2
========================================================================
Received Import Request.
  Time since last request: 7.887765 seconds.
  path: Assets/UnityTechnologies/ParticlePack/EffectExamples/Fire & Explosion Effects/Materials/LightningTrail.mat
  artifactKey: Guid(123ac6dc79004e54b8b352a7e64acdca) Importer(815301076,1909f56bfc062723c751e8b465ee728b)
Number of updated assets reloaded before import = 0
Start importing Assets/UnityTechnologies/ParticlePack/EffectExamples/Fire & Explosion Effects/Materials/LightningTrail.mat using Guid(123ac6dc79004e54b8b352a7e64acdca) Importer(815301076,1909f56bfc062723c751e8b465ee728b)  -> (artifact id: '1cf5dbfd7a94b32aeb94ad3923b8c47f') in 0.028242 seconds 
Number of asset objects unloaded after import = 2
========================================================================
Received Import Request.
  Time since last request: 3.955500 seconds.
  path: Assets/UnityTechnologies/ParticlePack/EffectExamples/Fire & Explosion Effects/Materials/PlasmaExplosion.mat
  artifactKey: Guid(7ff1ab0b724442843965e2dd0f02e969) Importer(815301076,1909f56bfc062723c751e8b465ee728b)
Number of updated assets reloaded before import = 0
Start importing Assets/UnityTechnologies/ParticlePack/EffectExamples/Fire & Explosion Effects/Materials/PlasmaExplosion.mat using Guid(7ff1ab0b724442843965e2dd0f02e969) Importer(815301076,1909f56bfc062723c751e8b465ee728b)  -> (artifact id: '48a93aa460dc7cfba1b882e5b9be974f') in 0.031379 seconds 
Number of asset objects unloaded after import = 3
========================================================================
Received Import Request.
  Time since last request: 34.072858 seconds.
  path: Assets/UnityTechnologies/ParticlePack/EffectExamples/Magic Effects
  artifactKey: Guid(67858b22112fded4bb494b5d7f8f7ce3) Importer(815301076,1909f56bfc062723c751e8b465ee728b)
Number of updated assets reloaded before import = 0
Start importing Assets/UnityTechnologies/ParticlePack/EffectExamples/Magic Effects using Guid(67858b22112fded4bb494b5d7f8f7ce3) Importer(815301076,1909f56bfc062723c751e8b465ee728b)  -> (artifact id: '63e036dd5a2c2f5e9ef9cc978f57cb4f') in 0.032981 seconds 
Number of asset objects unloaded after import = 0
========================================================================
Received Import Request.
  Time since last request: 1.561995 seconds.
  path: Assets/UnityTechnologies/ParticlePack/EffectExamples/Magic Effects/Prefabs
  artifactKey: Guid(889678cc39b43cc4dbde2bce5a82f2d4) Importer(815301076,1909f56bfc062723c751e8b465ee728b)
Number of updated assets reloaded before import = 0
Start importing Assets/UnityTechnologies/ParticlePack/EffectExamples/Magic Effects/Prefabs using Guid(889678cc39b43cc4dbde2bce5a82f2d4) Importer(815301076,1909f56bfc062723c751e8b465ee728b)  -> (artifact id: '60a19df127940a7e0943d5fbf8eaac84') in 0.002816 seconds 
Number of asset objects unloaded after import = 0
========================================================================
Received Import Request.
  Time since last request: 0.054434 seconds.
  path: Assets/UnityTechnologies/ParticlePack/EffectExamples/Magic Effects/Prefabs/EarthShatter.prefab
  artifactKey: Guid(32c9fd11a72259d45aa26ae41c34c5aa) Importer(815301076,1909f56bfc062723c751e8b465ee728b)
Number of updated assets reloaded before import = 0
Start importing Assets/UnityTechnologies/ParticlePack/EffectExamples/Magic Effects/Prefabs/EarthShatter.prefab using Guid(32c9fd11a72259d45aa26ae41c34c5aa) Importer(815301076,1909f56bfc062723c751e8b465ee728b)  -> (artifact id: '016254f76fcb462c3c46552433e54242') in 0.053760 seconds 
Number of asset objects unloaded after import = 51
========================================================================
Received Import Request.
  Time since last request: 11.184202 seconds.
  path: Assets/UnityTechnologies/ParticlePack/EffectExamples/Magic Effects/Models/RockSpike.FBX
  artifactKey: Guid(b8ba9cfb9857cfb47a50aeba9dbce801) Importer(815301076,1909f56bfc062723c751e8b465ee728b)
Number of updated assets reloaded before import = 0
Start importing Assets/UnityTechnologies/ParticlePack/EffectExamples/Magic Effects/Models/RockSpike.FBX using Guid(b8ba9cfb9857cfb47a50aeba9dbce801) Importer(815301076,1909f56bfc062723c751e8b465ee728b)  -> (artifact id: 'a70743c9eca62ae69263cf8649ea4acc') in 0.061940 seconds 
Number of asset objects unloaded after import = 12
========================================================================
Received Import Request.
  Time since last request: 6.303625 seconds.
  path: Assets/UnityTechnologies/ParticlePack/EffectExamples/Magic Effects/Materials/Embers.mat
  artifactKey: Guid(c5de4a4e91ddb59479cdec033c43cc3b) Importer(815301076,1909f56bfc062723c751e8b465ee728b)
Number of updated assets reloaded before import = 0
Start importing Assets/UnityTechnologies/ParticlePack/EffectExamples/Magic Effects/Materials/Embers.mat using Guid(c5de4a4e91ddb59479cdec033c43cc3b) Importer(815301076,1909f56bfc062723c751e8b465ee728b)  -> (artifact id: 'd9e2bd034be255b7cfc285323558883f') in 0.008310 seconds 
Number of asset objects unloaded after import = 1
========================================================================
Received Import Request.
  Time since last request: 6.377059 seconds.
  path: Assets/UnityTechnologies/ParticlePack/EffectExamples/Magic Effects/Materials/Fireball.mat
  artifactKey: Guid(a74b8e4e831053c46943378279c70e96) Importer(815301076,1909f56bfc062723c751e8b465ee728b)
Number of updated assets reloaded before import = 0
Start importing Assets/UnityTechnologies/ParticlePack/EffectExamples/Magic Effects/Materials/Fireball.mat using Guid(a74b8e4e831053c46943378279c70e96) Importer(815301076,1909f56bfc062723c751e8b465ee728b)  -> (artifact id: '4781527c13069ffa2756f1bdadbb8982') in 0.029767 seconds 
Number of asset objects unloaded after import = 3
========================================================================
Received Import Request.
  Time since last request: 4.099962 seconds.
  path: Assets/UnityTechnologies/ParticlePack/EffectExamples/Magic Effects/Materials/EarthCrack.mat
  artifactKey: Guid(1f6abb4fa65207247b856825feae3e68) Importer(815301076,1909f56bfc062723c751e8b465ee728b)
Number of updated assets reloaded before import = 0
Start importing Assets/UnityTechnologies/ParticlePack/EffectExamples/Magic Effects/Materials/EarthCrack.mat using Guid(1f6abb4fa65207247b856825feae3e68) Importer(815301076,1909f56bfc062723c751e8b465ee728b)  -> (artifact id: 'f9f2261e5bb4c4d57c20a900a7aa7444') in 0.023008 seconds 
Number of asset objects unloaded after import = 4
========================================================================
Received Import Request.
  Time since last request: 10.864035 seconds.
  path: Assets/UnityTechnologies/ParticlePack/EffectExamples/Magic Effects/Models/RockDebris.FBX
  artifactKey: Guid(88b9906b4442aa2448a9379fa0d1b987) Importer(815301076,1909f56bfc062723c751e8b465ee728b)
Number of updated assets reloaded before import = 0
Start importing Assets/UnityTechnologies/ParticlePack/EffectExamples/Magic Effects/Models/RockDebris.FBX using Guid(88b9906b4442aa2448a9379fa0d1b987) Importer(815301076,1909f56bfc062723c751e8b465ee728b)  -> (artifact id: '58380a1af35cad54d07dfaeb9c65ae5d') in 0.033703 seconds 
Number of asset objects unloaded after import = 12
========================================================================
Received Import Request.
  Time since last request: 1.032399 seconds.
  path: Assets/UnityTechnologies/ParticlePack/EffectExamples/Magic Effects/Materials/RockDust.mat
  artifactKey: Guid(7f74562c360a75d468cce8ccff3d595f) Importer(815301076,1909f56bfc062723c751e8b465ee728b)
Number of updated assets reloaded before import = 0
Start importing Assets/UnityTechnologies/ParticlePack/EffectExamples/Magic Effects/Materials/RockDust.mat using Guid(7f74562c360a75d468cce8ccff3d595f) Importer(815301076,1909f56bfc062723c751e8b465ee728b)  -> (artifact id: '34ca6a52944388c1bb6885433d9fd5d2') in 0.028083 seconds 
Number of asset objects unloaded after import = 2
========================================================================
Received Import Request.
  Time since last request: 12.648732 seconds.
  path: Assets/UnityTechnologies/ParticlePack/EffectExamples/Magic Effects/Models/IceLance.FBX
  artifactKey: Guid(735d1d1e5a1d1934589aa44da6a7ea75) Importer(815301076,1909f56bfc062723c751e8b465ee728b)
Number of updated assets reloaded before import = 0
Start importing Assets/UnityTechnologies/ParticlePack/EffectExamples/Magic Effects/Models/IceLance.FBX using Guid(735d1d1e5a1d1934589aa44da6a7ea75) Importer(815301076,1909f56bfc062723c751e8b465ee728b)  -> (artifact id: '671a44dfae93e082a83cb3d0706df714') in 0.034769 seconds 
Number of asset objects unloaded after import = 15
========================================================================
Received Import Request.
  Time since last request: 13.800029 seconds.
  path: Assets/UnityTechnologies/ParticlePack/EffectExamples/Magic Effects/Models/IceShard.FBX
  artifactKey: Guid(a7ca52bcb825d7044a8afdfd569507c9) Importer(815301076,1909f56bfc062723c751e8b465ee728b)
Number of updated assets reloaded before import = 0
Start importing Assets/UnityTechnologies/ParticlePack/EffectExamples/Magic Effects/Models/IceShard.FBX using Guid(a7ca52bcb825d7044a8afdfd569507c9) Importer(815301076,1909f56bfc062723c751e8b465ee728b)  -> (artifact id: '02a2a13b0a5567989f11c33815c6e697') in 0.049204 seconds 
Number of asset objects unloaded after import = 27
========================================================================
Received Import Request.
  Time since last request: 1.076685 seconds.
  path: Assets/UnityTechnologies/ParticlePack/EffectExamples/Misc Effects/Textures/Clouds01.tif
  artifactKey: Guid(c701d8bbcea7c2c4abbf9c22ee81138a) Importer(815301076,1909f56bfc062723c751e8b465ee728b)
Number of updated assets reloaded before import = 0
Start importing Assets/UnityTechnologies/ParticlePack/EffectExamples/Misc Effects/Textures/Clouds01.tif using Guid(c701d8bbcea7c2c4abbf9c22ee81138a) Importer(815301076,1909f56bfc062723c751e8b465ee728b)  -> (artifact id: '9e33bdd5ae870200b1417addf76ffe03') in 0.026404 seconds 
Number of asset objects unloaded after import = 2
========================================================================
Received Import Request.
  Time since last request: 3.920841 seconds.
  path: Assets/UnityTechnologies/ParticlePack/EffectExamples/Magic Effects/Materials/IceMist.mat
  artifactKey: Guid(c32a9cac58b398741add6365fbc2e883) Importer(815301076,1909f56bfc062723c751e8b465ee728b)
Number of updated assets reloaded before import = 0
Start importing Assets/UnityTechnologies/ParticlePack/EffectExamples/Magic Effects/Materials/IceMist.mat using Guid(c32a9cac58b398741add6365fbc2e883) Importer(815301076,1909f56bfc062723c751e8b465ee728b)  -> (artifact id: 'b210158670823ae6e498fe04db91c37b') in 0.027578 seconds 
Number of asset objects unloaded after import = 2
========================================================================
Received Import Request.
  Time since last request: 21.944153 seconds.
  path: Assets/UnityTechnologies/ParticlePack/EffectExamples/Misc Effects
  artifactKey: Guid(7dd5994c11ccf45c3b64748c6a871d80) Importer(815301076,1909f56bfc062723c751e8b465ee728b)
Number of updated assets reloaded before import = 0
Start importing Assets/UnityTechnologies/ParticlePack/EffectExamples/Misc Effects using Guid(7dd5994c11ccf45c3b64748c6a871d80) Importer(815301076,1909f56bfc062723c751e8b465ee728b)  -> (artifact id: '7124fb43db48381f39fff91a00308d8a') in 0.026135 seconds 
Number of asset objects unloaded after import = 0
========================================================================
Received Import Request.
  Time since last request: 1.418875 seconds.
  path: Assets/UnityTechnologies/ParticlePack/EffectExamples/Misc Effects/Prefabs
  artifactKey: Guid(fca85df12e535493183bed364873ede7) Importer(815301076,1909f56bfc062723c751e8b465ee728b)
Number of updated assets reloaded before import = 0
Start importing Assets/UnityTechnologies/ParticlePack/EffectExamples/Misc Effects/Prefabs using Guid(fca85df12e535493183bed364873ede7) Importer(815301076,1909f56bfc062723c751e8b465ee728b)  -> (artifact id: 'ca2d4195d7eccc266fb3f3eb2a5317fb') in 0.003237 seconds 
Number of asset objects unloaded after import = 0
========================================================================
Received Import Request.
  Time since last request: 0.054066 seconds.
  path: Assets/UnityTechnologies/ParticlePack/EffectExamples/Misc Effects/Prefabs/Candles.prefab
  artifactKey: Guid(86f883933a872f542994368197c83b5b) Importer(815301076,1909f56bfc062723c751e8b465ee728b)
Number of updated assets reloaded before import = 0
Start importing Assets/UnityTechnologies/ParticlePack/EffectExamples/Misc Effects/Prefabs/Candles.prefab using Guid(86f883933a872f542994368197c83b5b) Importer(815301076,1909f56bfc062723c751e8b465ee728b)  -> (artifact id: 'f0e23e724ebdfe8b37ed65308e8d0f8e') in 0.050522 seconds 
Number of asset objects unloaded after import = 30
========================================================================
Received Import Request.
  Time since last request: 0.000022 seconds.
  path: Assets/UnityTechnologies/ParticlePack/EffectExamples/Misc Effects/Prefabs/DustMotesEffect.prefab
  artifactKey: Guid(5ca4c580b3888314581688fa46fb142d) Importer(815301076,1909f56bfc062723c751e8b465ee728b)
Number of updated assets reloaded before import = 0
Start importing Assets/UnityTechnologies/ParticlePack/EffectExamples/Misc Effects/Prefabs/DustMotesEffect.prefab using Guid(5ca4c580b3888314581688fa46fb142d) Importer(815301076,1909f56bfc062723c751e8b465ee728b)  -> (artifact id: '89add45965f078408ab34b44f92ad2b4') in 0.039537 seconds 
Number of asset objects unloaded after import = 8
========================================================================
Received Import Request.
  Time since last request: 0.000021 seconds.
  path: Assets/UnityTechnologies/ParticlePack/EffectExamples/Misc Effects/Prefabs/DissolveSolidHorizontal.prefab
  artifactKey: Guid(29d22b3d9f25d9c498b05e5b9194c5ae) Importer(815301076,1909f56bfc062723c751e8b465ee728b)
Number of updated assets reloaded before import = 0
Start importing Assets/UnityTechnologies/ParticlePack/EffectExamples/Misc Effects/Prefabs/DissolveSolidHorizontal.prefab using Guid(29d22b3d9f25d9c498b05e5b9194c5ae) Importer(815301076,1909f56bfc062723c751e8b465ee728b)  -> (artifact id: 'b200b9cb9d2bfdf9059d54c8030ffca5') in 0.043910 seconds 
Number of asset objects unloaded after import = 36
========================================================================
Received Import Request.
  Time since last request: 0.000024 seconds.
  path: Assets/UnityTechnologies/ParticlePack/EffectExamples/Misc Effects/Prefabs/SandSwirlsEffect.prefab
  artifactKey: Guid(14d81e2c407975245973a11cdfbeb902) Importer(815301076,1909f56bfc062723c751e8b465ee728b)
Number of updated assets reloaded before import = 0
Start importing Assets/UnityTechnologies/ParticlePack/EffectExamples/Misc Effects/Prefabs/SandSwirlsEffect.prefab using Guid(14d81e2c407975245973a11cdfbeb902) Importer(815301076,1909f56bfc062723c751e8b465ee728b)  -> (artifact id: '5c90b736d4e0d66dc48201e4b0ff71b3') in 0.052972 seconds 
Number of asset objects unloaded after import = 12
========================================================================
Received Import Request.
  Time since last request: 0.000019 seconds.
  path: Assets/UnityTechnologies/ParticlePack/EffectExamples/Misc Effects/Prefabs/SparksEffect.prefab
  artifactKey: Guid(78b71003e8b357d4bbf89c8b5e5e4f0e) Importer(815301076,1909f56bfc062723c751e8b465ee728b)
Number of updated assets reloaded before import = 0
Start importing Assets/UnityTechnologies/ParticlePack/EffectExamples/Misc Effects/Prefabs/SparksEffect.prefab using Guid(78b71003e8b357d4bbf89c8b5e5e4f0e) Importer(815301076,1909f56bfc062723c751e8b465ee728b)  -> (artifact id: '1ef08250855da26981569de71435abb2') in 0.028517 seconds 
Number of asset objects unloaded after import = 20
========================================================================
Received Import Request.
  Time since last request: 0.000020 seconds.
  path: Assets/UnityTechnologies/ParticlePack/EffectExamples/Misc Effects/Prefabs/ElectricalSparks.prefab
  artifactKey: Guid(96b2ec0239d11fa4b9792311efceb8ed) Importer(815301076,1909f56bfc062723c751e8b465ee728b)
Number of updated assets reloaded before import = 0
Start importing Assets/UnityTechnologies/ParticlePack/EffectExamples/Misc Effects/Prefabs/ElectricalSparks.prefab using Guid(96b2ec0239d11fa4b9792311efceb8ed) Importer(815301076,1909f56bfc062723c751e8b465ee728b)  -> (artifact id: '867f860fa736d65304cc34c7f25d236d') in 0.031872 seconds 
Number of asset objects unloaded after import = 13
========================================================================
Received Import Request.
  Time since last request: 0.000021 seconds.
  path: Assets/UnityTechnologies/ParticlePack/EffectExamples/Misc Effects/Prefabs/EllenDissolve.prefab
  artifactKey: Guid(7d848c71239ddd742bc187ad72f3a319) Importer(815301076,1909f56bfc062723c751e8b465ee728b)
Number of updated assets reloaded before import = 0
Start importing Assets/UnityTechnologies/ParticlePack/EffectExamples/Misc Effects/Prefabs/EllenDissolve.prefab using Guid(7d848c71239ddd742bc187ad72f3a319) Importer(815301076,1909f56bfc062723c751e8b465ee728b)  -> (artifact id: 'b135b847a04a8ead030157cb299eb14b') in 0.093373 seconds 
Number of asset objects unloaded after import = 252
========================================================================
Received Import Request.
  Time since last request: 11.539482 seconds.
  path: Assets/UnityTechnologies/ParticlePack/EffectExamples/Misc Effects/Materials/CandleFlame.mat
  artifactKey: Guid(d960d897cdc819041a73dceb80befb85) Importer(815301076,1909f56bfc062723c751e8b465ee728b)
Number of updated assets reloaded before import = 0
Start importing Assets/UnityTechnologies/ParticlePack/EffectExamples/Misc Effects/Materials/CandleFlame.mat using Guid(d960d897cdc819041a73dceb80befb85) Importer(815301076,1909f56bfc062723c751e8b465ee728b)  -> (artifact id: '6d20643871050b9cb2781cc8d02bf50f') in 0.030201 seconds 
Number of asset objects unloaded after import = 2
========================================================================
Received Import Request.
  Time since last request: 33.763633 seconds.
  path: Assets/UnityTechnologies/ParticlePack/EffectExamples/Misc Effects/Models/Flakes.fbx
  artifactKey: Guid(dc789956fe23a1941adff98b407addf0) Importer(815301076,1909f56bfc062723c751e8b465ee728b)
Number of updated assets reloaded before import = 0
Start importing Assets/UnityTechnologies/ParticlePack/EffectExamples/Misc Effects/Models/Flakes.fbx using Guid(dc789956fe23a1941adff98b407addf0) Importer(815301076,1909f56bfc062723c751e8b465ee728b)  -> (artifact id: '1abdc3dacfcbd5a1587f1327f97d855a') in 0.045448 seconds 
Number of asset objects unloaded after import = 19
========================================================================
Received Import Request.
  Time since last request: 32.946677 seconds.
  path: Assets/UnityTechnologies/ParticlePack/EffectExamples/Misc Effects/Materials/Embers.mat
  artifactKey: Guid(93c97da0a9a11174ab89575db81f7917) Importer(815301076,1909f56bfc062723c751e8b465ee728b)
Number of updated assets reloaded before import = 0
Start importing Assets/UnityTechnologies/ParticlePack/EffectExamples/Misc Effects/Materials/Embers.mat using Guid(93c97da0a9a11174ab89575db81f7917) Importer(815301076,1909f56bfc062723c751e8b465ee728b)  -> (artifact id: '151e99a94d6038ba24a6d308239b4269') in 0.008033 seconds 
Number of asset objects unloaded after import = 1
========================================================================
Received Import Request.
  Time since last request: 5.119578 seconds.
  path: Assets/UnityTechnologies/ParticlePack/EffectExamples/Misc Effects/Materials/SmokePuff.mat
  artifactKey: Guid(5545993361f7ef8479dce19256c84f06) Importer(815301076,1909f56bfc062723c751e8b465ee728b)
Number of updated assets reloaded before import = 0
Start importing Assets/UnityTechnologies/ParticlePack/EffectExamples/Misc Effects/Materials/SmokePuff.mat using Guid(5545993361f7ef8479dce19256c84f06) Importer(815301076,1909f56bfc062723c751e8b465ee728b)  -> (artifact id: 'cf8ce528e6db3120f09fe55acc5d6524') in 0.037180 seconds 
Number of asset objects unloaded after import = 2
========================================================================
Received Import Request.
  Time since last request: 35.100804 seconds.
  path: Assets/UnityTechnologies/ParticlePack/EffectExamples/Misc Effects/Materials/DustMote.mat
  artifactKey: Guid(e27a3e2f84809914fa5bf3a7ac14ce9f) Importer(815301076,1909f56bfc062723c751e8b465ee728b)
Number of updated assets reloaded before import = 0
Start importing Assets/UnityTechnologies/ParticlePack/EffectExamples/Misc Effects/Materials/DustMote.mat using Guid(e27a3e2f84809914fa5bf3a7ac14ce9f) Importer(815301076,1909f56bfc062723c751e8b465ee728b)  -> (artifact id: 'cbee6b68d383f222aa8c561a0dbd322f') in 0.027841 seconds 
Number of asset objects unloaded after import = 2
========================================================================
Received Import Request.
  Time since last request: 72.987622 seconds.
  path: Assets/UnityTechnologies/ParticlePack/EffectExamples/Misc Effects/Models/FireFly.fbx
  artifactKey: Guid(dc6b02b1d8deafa448e0985c40c217ae) Importer(815301076,1909f56bfc062723c751e8b465ee728b)
Number of updated assets reloaded before import = 0
Start importing Assets/UnityTechnologies/ParticlePack/EffectExamples/Misc Effects/Models/FireFly.fbx using Guid(dc6b02b1d8deafa448e0985c40c217ae) Importer(815301076,1909f56bfc062723c751e8b465ee728b)  -> (artifact id: 'bb8b24ef766c96a83b8e38c8bb89c225') in 0.032289 seconds 
Number of asset objects unloaded after import = 7
========================================================================
Received Import Request.
  Time since last request: 4.468156 seconds.
  path: Assets/UnityTechnologies/ParticlePack/EffectExamples/Misc Effects/Materials/HeatWobble.mat
  artifactKey: Guid(202e8225452c9f048b6247e7c0d885bb) Importer(815301076,1909f56bfc062723c751e8b465ee728b)
Number of updated assets reloaded before import = 0
Start importing Assets/UnityTechnologies/ParticlePack/EffectExamples/Misc Effects/Materials/HeatWobble.mat using Guid(202e8225452c9f048b6247e7c0d885bb) Importer(815301076,1909f56bfc062723c751e8b465ee728b)  -> (artifact id: 'a00ed4cd11da459f1f6c11117e6fb0c9') in 0.030439 seconds 
Number of asset objects unloaded after import = 2
========================================================================
Received Import Request.
  Time since last request: 26.615406 seconds.
  path: Assets/UnityTechnologies/ParticlePack/EffectExamples/Misc Effects/Materials/SandSwirls.mat
  artifactKey: Guid(795ab1f41a8fd4142859110cee203fd7) Importer(815301076,1909f56bfc062723c751e8b465ee728b)
Number of updated assets reloaded before import = 0
Start importing Assets/UnityTechnologies/ParticlePack/EffectExamples/Misc Effects/Materials/SandSwirls.mat using Guid(795ab1f41a8fd4142859110cee203fd7) Importer(815301076,1909f56bfc062723c751e8b465ee728b)  -> (artifact id: 'c2b810450a1cc45525cb8fef3d901623') in 0.024943 seconds 
Number of asset objects unloaded after import = 2
========================================================================
Received Import Request.
  Time since last request: 20.739339 seconds.
  path: Assets/UnityTechnologies/ParticlePack/EffectExamples/Smoke & Steam Effects
  artifactKey: Guid(a5105affb5d3055448de0ec9cde1dbd5) Importer(815301076,1909f56bfc062723c751e8b465ee728b)
Number of updated assets reloaded before import = 0
Start importing Assets/UnityTechnologies/ParticlePack/EffectExamples/Smoke & Steam Effects using Guid(a5105affb5d3055448de0ec9cde1dbd5) Importer(815301076,1909f56bfc062723c751e8b465ee728b)  -> (artifact id: '1c84411f28a27785c87ee6c8b41818cd') in 0.023434 seconds 
Number of asset objects unloaded after import = 0
========================================================================
Received Import Request.
  Time since last request: 1.519998 seconds.
  path: Assets/UnityTechnologies/ParticlePack/EffectExamples/Smoke & Steam Effects/Prefabs
  artifactKey: Guid(dbfd7946be19cfa47b39e4ca9a17c511) Importer(815301076,1909f56bfc062723c751e8b465ee728b)
Number of updated assets reloaded before import = 0
Start importing Assets/UnityTechnologies/ParticlePack/EffectExamples/Smoke & Steam Effects/Prefabs using Guid(dbfd7946be19cfa47b39e4ca9a17c511) Importer(815301076,1909f56bfc062723c751e8b465ee728b)  -> (artifact id: '009f097b5ebd73838c15cdbde1e2cbed') in 0.004268 seconds 
Number of asset objects unloaded after import = 0
========================================================================
Received Import Request.
  Time since last request: 0.029997 seconds.
  path: Assets/UnityTechnologies/ParticlePack/EffectExamples/Smoke & Steam Effects/Prefabs/DustStorm.prefab
  artifactKey: Guid(9e03786a9517b604d8e930182607a128) Importer(815301076,1909f56bfc062723c751e8b465ee728b)
Number of updated assets reloaded before import = 0
Start importing Assets/UnityTechnologies/ParticlePack/EffectExamples/Smoke & Steam Effects/Prefabs/DustStorm.prefab using Guid(9e03786a9517b604d8e930182607a128) Importer(815301076,1909f56bfc062723c751e8b465ee728b)  -> (artifact id: 'ce66693c0ba0a891ed966c6e4465559b') in 0.043568 seconds 
Number of asset objects unloaded after import = 20
========================================================================
Received Import Request.
  Time since last request: 0.000017 seconds.
  path: Assets/UnityTechnologies/ParticlePack/EffectExamples/Smoke & Steam Effects/Prefabs/SmokeEffect.prefab
  artifactKey: Guid(73767e07adddc394d82b994801f89bbb) Importer(815301076,1909f56bfc062723c751e8b465ee728b)
Number of updated assets reloaded before import = 0
Start importing Assets/UnityTechnologies/ParticlePack/EffectExamples/Smoke & Steam Effects/Prefabs/SmokeEffect.prefab using Guid(73767e07adddc394d82b994801f89bbb) Importer(815301076,1909f56bfc062723c751e8b465ee728b)  -> (artifact id: '5b9df39e670b0af6f3ae5aa15d12cc44') in 0.033066 seconds 
Number of asset objects unloaded after import = 9
========================================================================
Received Import Request.
  Time since last request: 0.000020 seconds.
  path: Assets/UnityTechnologies/ParticlePack/EffectExamples/Smoke & Steam Effects/Prefabs/HeatDistortion.prefab
  artifactKey: Guid(ea309e8646148c24ab067d84d5d22697) Importer(815301076,1909f56bfc062723c751e8b465ee728b)
Number of updated assets reloaded before import = 0
Start importing Assets/UnityTechnologies/ParticlePack/EffectExamples/Smoke & Steam Effects/Prefabs/HeatDistortion.prefab using Guid(ea309e8646148c24ab067d84d5d22697) Importer(815301076,1909f56bfc062723c751e8b465ee728b)  -> (artifact id: 'ae444984fbc175ec1bc65873a201b9b7') in 0.022121 seconds 
Number of asset objects unloaded after import = 6
========================================================================
Received Import Request.
  Time since last request: 0.000018 seconds.
  path: Assets/UnityTechnologies/ParticlePack/EffectExamples/Smoke & Steam Effects/Prefabs/Steam.prefab
  artifactKey: Guid(378b2c30ef426554495292cb902cb8f4) Importer(815301076,1909f56bfc062723c751e8b465ee728b)
Number of updated assets reloaded before import = 0
Start importing Assets/UnityTechnologies/ParticlePack/EffectExamples/Smoke & Steam Effects/Prefabs/Steam.prefab using Guid(378b2c30ef426554495292cb902cb8f4) Importer(815301076,1909f56bfc062723c751e8b465ee728b)  -> (artifact id: '6a2a1761b5c4b479dcb97b5855cc7e7b') in 0.033428 seconds 
Number of asset objects unloaded after import = 8
========================================================================
Received Import Request.
  Time since last request: 0.000030 seconds.
  path: Assets/UnityTechnologies/ParticlePack/EffectExamples/Smoke & Steam Effects/Prefabs/RisingSteam.prefab
  artifactKey: Guid(efe021d4c307b5449b8121d46791cf95) Importer(815301076,1909f56bfc062723c751e8b465ee728b)
Number of updated assets reloaded before import = 0
Start importing Assets/UnityTechnologies/ParticlePack/EffectExamples/Smoke & Steam Effects/Prefabs/RisingSteam.prefab using Guid(efe021d4c307b5449b8121d46791cf95) Importer(815301076,1909f56bfc062723c751e8b465ee728b)  -> (artifact id: '21dbc22dd5bd46e7f06d6e2bc3b2da47') in 0.053222 seconds 
Number of asset objects unloaded after import = 8
========================================================================
Received Import Request.
  Time since last request: 0.000032 seconds.
  path: Assets/UnityTechnologies/ParticlePack/EffectExamples/Smoke & Steam Effects/Prefabs/PoisonGas.prefab
  artifactKey: Guid(6f672a31584a6a748912a49c1dce2f0c) Importer(815301076,1909f56bfc062723c751e8b465ee728b)
Number of updated assets reloaded before import = 0
Start importing Assets/UnityTechnologies/ParticlePack/EffectExamples/Smoke & Steam Effects/Prefabs/PoisonGas.prefab using Guid(6f672a31584a6a748912a49c1dce2f0c) Importer(815301076,1909f56bfc062723c751e8b465ee728b)  -> (artifact id: 'b03e61edf4edaa158062aca397066ca3') in 0.038441 seconds 
Number of asset objects unloaded after import = 19
========================================================================
Received Import Request.
  Time since last request: 1.025432 seconds.
  path: Assets/UnityTechnologies/ParticlePack/EffectExamples/Smoke & Steam Effects/Materials/Dust.mat
  artifactKey: Guid(0227585ad08c3da4ab3286a2f78d42f5) Importer(815301076,1909f56bfc062723c751e8b465ee728b)
Number of updated assets reloaded before import = 0
Start importing Assets/UnityTechnologies/ParticlePack/EffectExamples/Smoke & Steam Effects/Materials/Dust.mat using Guid(0227585ad08c3da4ab3286a2f78d42f5) Importer(815301076,1909f56bfc062723c751e8b465ee728b)  -> (artifact id: 'f4343a97caa7e48201a6f6c1cbdf3750') in 0.026038 seconds 
Number of asset objects unloaded after import = 2
========================================================================
Received Import Request.
  Time since last request: 26.643458 seconds.
  path: Assets/UnityTechnologies/ParticlePack/EffectExamples/Smoke & Steam Effects/Models/RockDebris.FBX
  artifactKey: Guid(ec280bbfbd0550743b1e477c9d48abdf) Importer(815301076,1909f56bfc062723c751e8b465ee728b)
Number of updated assets reloaded before import = 0
Start importing Assets/UnityTechnologies/ParticlePack/EffectExamples/Smoke & Steam Effects/Models/RockDebris.FBX using Guid(ec280bbfbd0550743b1e477c9d48abdf) Importer(815301076,1909f56bfc062723c751e8b465ee728b)  -> (artifact id: 'd899704e5a4a429ce7574f061262bf83') in 0.013163 seconds 
Number of asset objects unloaded after import = 8
========================================================================
Received Import Request.
  Time since last request: 5.668535 seconds.
  path: Assets/UnityTechnologies/ParticlePack/EffectExamples/Smoke & Steam Effects/Materials/SandParticle.mat
  artifactKey: Guid(e689f2433ec031e41ae61c69dfb6db02) Importer(815301076,1909f56bfc062723c751e8b465ee728b)
Number of updated assets reloaded before import = 0
Start importing Assets/UnityTechnologies/ParticlePack/EffectExamples/Smoke & Steam Effects/Materials/SandParticle.mat using Guid(e689f2433ec031e41ae61c69dfb6db02) Importer(815301076,1909f56bfc062723c751e8b465ee728b)  -> (artifact id: 'cdd4eb5ec19f00a366b75c7e4e7063ee') in 0.007129 seconds 
Number of asset objects unloaded after import = 2
========================================================================
Received Import Request.
  Time since last request: 9.622214 seconds.
  path: Assets/UnityTechnologies/ParticlePack/EffectExamples/Smoke & Steam Effects/Materials/GroundFog.mat
  artifactKey: Guid(f96090edaea7c564c80586f4385918fd) Importer(815301076,1909f56bfc062723c751e8b465ee728b)
Number of updated assets reloaded before import = 0
Start importing Assets/UnityTechnologies/ParticlePack/EffectExamples/Smoke & Steam Effects/Materials/GroundFog.mat using Guid(f96090edaea7c564c80586f4385918fd) Importer(815301076,1909f56bfc062723c751e8b465ee728b)  -> (artifact id: 'ed0bdad5d60f1f9b9cc587ffa5e0a92d') in 0.010125 seconds 
Number of asset objects unloaded after import = 2
========================================================================
Received Import Request.
  Time since last request: 42.172713 seconds.
  path: Assets/UnityTechnologies/ParticlePack/EffectExamples/Smoke & Steam Effects/Materials/wispySmoke.mat
  artifactKey: Guid(4cd7f6cf6430b2347803bd0c957fbbce) Importer(815301076,1909f56bfc062723c751e8b465ee728b)
Number of updated assets reloaded before import = 0
Start importing Assets/UnityTechnologies/ParticlePack/EffectExamples/Smoke & Steam Effects/Materials/wispySmoke.mat using Guid(4cd7f6cf6430b2347803bd0c957fbbce) Importer(815301076,1909f56bfc062723c751e8b465ee728b)  -> (artifact id: 'c5096509c45be40f01b03d190fba3e75') in 0.033872 seconds 
Number of asset objects unloaded after import = 2
========================================================================
Received Import Request.
  Time since last request: 8.011135 seconds.
  path: Assets/UnityTechnologies/ParticlePack/EffectExamples/Smoke & Steam Effects/Materials/SmokeySteam01.mat
  artifactKey: Guid(df0a9d4a1d2f26c4eb697a71ac5b82d6) Importer(815301076,1909f56bfc062723c751e8b465ee728b)
Number of updated assets reloaded before import = 0
Start importing Assets/UnityTechnologies/ParticlePack/EffectExamples/Smoke & Steam Effects/Materials/SmokeySteam01.mat using Guid(df0a9d4a1d2f26c4eb697a71ac5b82d6) Importer(815301076,1909f56bfc062723c751e8b465ee728b)  -> (artifact id: '3bc925536f00a9bcbc97dbdaca9ff75f') in 0.029894 seconds 
Number of asset objects unloaded after import = 2
========================================================================
Received Import Request.
  Time since last request: 4.310119 seconds.
  path: Assets/UnityTechnologies/ParticlePack/EffectExamples/Smoke & Steam Effects/Materials/SmokeySteam02.mat
  artifactKey: Guid(011bc24ee3a874d4cab24456f007e08e) Importer(815301076,1909f56bfc062723c751e8b465ee728b)
Number of updated assets reloaded before import = 0
Start importing Assets/UnityTechnologies/ParticlePack/EffectExamples/Smoke & Steam Effects/Materials/SmokeySteam02.mat using Guid(011bc24ee3a874d4cab24456f007e08e) Importer(815301076,1909f56bfc062723c751e8b465ee728b)  -> (artifact id: '8b2f5c9c4b43249615ee426f26dc14d8') in 0.030181 seconds 
Number of asset objects unloaded after import = 2
========================================================================
Received Import Request.
  Time since last request: 16.941864 seconds.
  path: Assets/UnityTechnologies/ParticlePack/EffectExamples/Smoke & Steam Effects/Materials/Smoke02.mat
  artifactKey: Guid(43d3e21dd15c3b847957abee25d004d9) Importer(815301076,1909f56bfc062723c751e8b465ee728b)
Number of updated assets reloaded before import = 0
Start importing Assets/UnityTechnologies/ParticlePack/EffectExamples/Smoke & Steam Effects/Materials/Smoke02.mat using Guid(43d3e21dd15c3b847957abee25d004d9) Importer(815301076,1909f56bfc062723c751e8b465ee728b)  -> (artifact id: '9c31361c25136da9d0ee21fd74aa92b3') in 0.034775 seconds 
Number of asset objects unloaded after import = 2
========================================================================
Received Import Request.
  Time since last request: 9.914354 seconds.
  path: Assets/UnityTechnologies/ParticlePack/EffectExamples/Smoke & Steam Effects/Materials/Twinkle.mat
  artifactKey: Guid(8765829b4c1b820409385ae53384fb25) Importer(815301076,1909f56bfc062723c751e8b465ee728b)
Number of updated assets reloaded before import = 0
Start importing Assets/UnityTechnologies/ParticlePack/EffectExamples/Smoke & Steam Effects/Materials/Twinkle.mat using Guid(8765829b4c1b820409385ae53384fb25) Importer(815301076,1909f56bfc062723c751e8b465ee728b)  -> (artifact id: '8e38bacfe9f3ed4eff92fcaed837ae76') in 0.026618 seconds 
Number of asset objects unloaded after import = 2
========================================================================
Received Import Request.
  Time since last request: 4.756791 seconds.
  path: Assets/UnityTechnologies/ParticlePack/EffectExamples/Smoke & Steam Effects/Materials/Flame01.mat
  artifactKey: Guid(e43d70c08c6bf7e4aa274e46393928b3) Importer(815301076,1909f56bfc062723c751e8b465ee728b)
Number of updated assets reloaded before import = 0
Start importing Assets/UnityTechnologies/ParticlePack/EffectExamples/Smoke & Steam Effects/Materials/Flame01.mat using Guid(e43d70c08c6bf7e4aa274e46393928b3) Importer(815301076,1909f56bfc062723c751e8b465ee728b)  -> (artifact id: '67666aba8ff1c936c9668f8db6b9c4e5') in 0.026496 seconds 
Number of asset objects unloaded after import = 2
========================================================================
Received Import Request.
  Time since last request: 4.735331 seconds.
  path: Assets/UnityTechnologies/ParticlePack/EffectExamples/Smoke & Steam Effects/Materials/Embers.mat
  artifactKey: Guid(cb54088e4fe82ce44aafb5f3dc12b530) Importer(815301076,1909f56bfc062723c751e8b465ee728b)
Number of updated assets reloaded before import = 0
Start importing Assets/UnityTechnologies/ParticlePack/EffectExamples/Smoke & Steam Effects/Materials/Embers.mat using Guid(cb54088e4fe82ce44aafb5f3dc12b530) Importer(815301076,1909f56bfc062723c751e8b465ee728b)  -> (artifact id: '1b5cba36ef013a3b25459f42882f8a24') in 0.011653 seconds 
Number of asset objects unloaded after import = 1
========================================================================
Received Import Request.
  Time since last request: 3.551499 seconds.
  path: Assets/UnityTechnologies/ParticlePack/EffectExamples/Smoke & Steam Effects/Materials/SmokeySteam03.mat
  artifactKey: Guid(fd80cdb028e1d864392334da34ca021d) Importer(815301076,1909f56bfc062723c751e8b465ee728b)
Number of updated assets reloaded before import = 0
Start importing Assets/UnityTechnologies/ParticlePack/EffectExamples/Smoke & Steam Effects/Materials/SmokeySteam03.mat using Guid(fd80cdb028e1d864392334da34ca021d) Importer(815301076,1909f56bfc062723c751e8b465ee728b)  -> (artifact id: '5ce77ec232cf39a7004161174f537d93') in 0.030957 seconds 
Number of asset objects unloaded after import = 2
========================================================================
Received Import Request.
  Time since last request: 12.018646 seconds.
  path: Assets/UnityTechnologies/ParticlePack/EffectExamples/Smoke & Steam Effects/Materials/SmokeLight.mat
  artifactKey: Guid(f06455b167e1b0b428c9af62d7aa6832) Importer(815301076,1909f56bfc062723c751e8b465ee728b)
Number of updated assets reloaded before import = 0
Start importing Assets/UnityTechnologies/ParticlePack/EffectExamples/Smoke & Steam Effects/Materials/SmokeLight.mat using Guid(f06455b167e1b0b428c9af62d7aa6832) Importer(815301076,1909f56bfc062723c751e8b465ee728b)  -> (artifact id: '1a7aa821857d09ce549109acc85ec71d') in 0.028263 seconds 
Number of asset objects unloaded after import = 3
========================================================================
Received Import Request.
  Time since last request: 19.326611 seconds.
  path: Assets/UnityTechnologies/ParticlePack/EffectExamples/Water Effects
  artifactKey: Guid(ba290491ceddda648bce3f8b178b2353) Importer(815301076,1909f56bfc062723c751e8b465ee728b)
Number of updated assets reloaded before import = 0
Start importing Assets/UnityTechnologies/ParticlePack/EffectExamples/Water Effects using Guid(ba290491ceddda648bce3f8b178b2353) Importer(815301076,1909f56bfc062723c751e8b465ee728b)  -> (artifact id: '71e9756d92340b48984161df8f06bf5b') in 0.023594 seconds 
Number of asset objects unloaded after import = 0
========================================================================
Received Import Request.
  Time since last request: 1.530274 seconds.
  path: Assets/UnityTechnologies/ParticlePack/EffectExamples/Water Effects/Prefabs
  artifactKey: Guid(527a225033593d040b9de296117f335e) Importer(815301076,1909f56bfc062723c751e8b465ee728b)
Number of updated assets reloaded before import = 0
Start importing Assets/UnityTechnologies/ParticlePack/EffectExamples/Water Effects/Prefabs using Guid(527a225033593d040b9de296117f335e) Importer(815301076,1909f56bfc062723c751e8b465ee728b)  -> (artifact id: '0df2fcefc8056d89fb189c08bc70be85') in 0.004094 seconds 
Number of asset objects unloaded after import = 0
========================================================================
Received Import Request.
  Time since last request: 0.076848 seconds.
  path: Assets/UnityTechnologies/ParticlePack/EffectExamples/Water Effects/Prefabs/BigSplash.prefab
  artifactKey: Guid(c1c88308ebb5d2541a282905b854ee4c) Importer(815301076,1909f56bfc062723c751e8b465ee728b)
Number of updated assets reloaded before import = 0
Start importing Assets/UnityTechnologies/ParticlePack/EffectExamples/Water Effects/Prefabs/BigSplash.prefab using Guid(c1c88308ebb5d2541a282905b854ee4c) Importer(815301076,1909f56bfc062723c751e8b465ee728b)  -> (artifact id: 'd0376bfef28ac3fbb58ecb6564d4cb6b') in 0.041396 seconds 
Number of asset objects unloaded after import = 30
========================================================================
Received Import Request.
  Time since last request: 0.000026 seconds.
  path: Assets/UnityTechnologies/ParticlePack/EffectExamples/Water Effects/Prefabs/WaterLeak.prefab
  artifactKey: Guid(a82a87e68ab906d4bbf876f687e2a155) Importer(815301076,1909f56bfc062723c751e8b465ee728b)
Number of updated assets reloaded before import = 0
Start importing Assets/UnityTechnologies/ParticlePack/EffectExamples/Water Effects/Prefabs/WaterLeak.prefab using Guid(a82a87e68ab906d4bbf876f687e2a155) Importer(815301076,1909f56bfc062723c751e8b465ee728b)  -> (artifact id: '06acc005b4852fb24f49df60630b755d') in 0.032594 seconds 
Number of asset objects unloaded after import = 28
========================================================================
Received Import Request.
  Time since last request: 1.336690 seconds.
  path: Assets/UnityTechnologies/ParticlePack/EffectExamples/Water Effects/Materials/SplashDrop.mat
  artifactKey: Guid(9f676815235f0f04bae5d9d1eca44705) Importer(815301076,1909f56bfc062723c751e8b465ee728b)
Number of updated assets reloaded before import = 0
Start importing Assets/UnityTechnologies/ParticlePack/EffectExamples/Water Effects/Materials/SplashDrop.mat using Guid(9f676815235f0f04bae5d9d1eca44705) Importer(815301076,1909f56bfc062723c751e8b465ee728b)  -> (artifact id: 'ad9a2305bb7b84055bfb5cf2492ec33c') in 0.029484 seconds 
Number of asset objects unloaded after import = 3
========================================================================
Received Import Request.
  Time since last request: 17.698485 seconds.
  path: Assets/UnityTechnologies/ParticlePack/EffectExamples/Water Effects/Materials/WaterDropSmall.mat
  artifactKey: Guid(c4d4365c3eeb8a54183f5af15699021d) Importer(815301076,1909f56bfc062723c751e8b465ee728b)
Number of updated assets reloaded before import = 0
Start importing Assets/UnityTechnologies/ParticlePack/EffectExamples/Water Effects/Materials/WaterDropSmall.mat using Guid(c4d4365c3eeb8a54183f5af15699021d) Importer(815301076,1909f56bfc062723c751e8b465ee728b)  -> (artifact id: 'c2225e51f913f2026437361c0708e26f') in 0.028238 seconds 
Number of asset objects unloaded after import = 3
========================================================================
Received Import Request.
  Time since last request: 7.182389 seconds.
  path: Assets/UnityTechnologies/ParticlePack/EffectExamples/Water Effects/Materials/WaterDropBig.mat
  artifactKey: Guid(88129a2e1a1e0f741a42376e2475028d) Importer(815301076,1909f56bfc062723c751e8b465ee728b)
Number of updated assets reloaded before import = 0
Start importing Assets/UnityTechnologies/ParticlePack/EffectExamples/Water Effects/Materials/WaterDropBig.mat using Guid(88129a2e1a1e0f741a42376e2475028d) Importer(815301076,1909f56bfc062723c751e8b465ee728b)  -> (artifact id: 'e5ca4757b2f7546795454e36f80a6f29') in 0.042857 seconds 
Number of asset objects unloaded after import = 3
========================================================================
Received Import Request.
  Time since last request: 4.790889 seconds.
  path: Assets/UnityTechnologies/ParticlePack/EffectExamples/Water Effects/Materials/WaterRipple.mat
  artifactKey: Guid(0f53c9d8ad82e7e42acd9cd32b6a1da1) Importer(815301076,1909f56bfc062723c751e8b465ee728b)
Number of updated assets reloaded before import = 0
Start importing Assets/UnityTechnologies/ParticlePack/EffectExamples/Water Effects/Materials/WaterRipple.mat using Guid(0f53c9d8ad82e7e42acd9cd32b6a1da1) Importer(815301076,1909f56bfc062723c751e8b465ee728b)  -> (artifact id: '7ee700254d9912bfc29f461f15a7c58a') in 0.022588 seconds 
Number of asset objects unloaded after import = 3
========================================================================
Received Import Request.
  Time since last request: 16.160120 seconds.
  path: Assets/UnityTechnologies/ParticlePack/EffectExamples/Weapon Effects
  artifactKey: Guid(a693b7e7a750f4142beaa792c5791927) Importer(815301076,1909f56bfc062723c751e8b465ee728b)
Number of updated assets reloaded before import = 0
Start importing Assets/UnityTechnologies/ParticlePack/EffectExamples/Weapon Effects using Guid(a693b7e7a750f4142beaa792c5791927) Importer(815301076,1909f56bfc062723c751e8b465ee728b)  -> (artifact id: '07fad5a3ac3967246521273992b945dc') in 0.038979 seconds 
Number of asset objects unloaded after import = 0
========================================================================
Received Import Request.
  Time since last request: 1.838881 seconds.
  path: Assets/UnityTechnologies/ParticlePack/EffectExamples/Weapon Effects/Prefabs
  artifactKey: Guid(66b2958180b2bf2499ff4c4b6a684d80) Importer(815301076,1909f56bfc062723c751e8b465ee728b)
Number of updated assets reloaded before import = 0
Start importing Assets/UnityTechnologies/ParticlePack/EffectExamples/Weapon Effects/Prefabs using Guid(66b2958180b2bf2499ff4c4b6a684d80) Importer(815301076,1909f56bfc062723c751e8b465ee728b)  -> (artifact id: '76a94a4b3f3ac4d43c89f0b23fd1a428') in 0.004345 seconds 
Number of asset objects unloaded after import = 0
========================================================================
Received Import Request.
  Time since last request: 0.077057 seconds.
  path: Assets/UnityTechnologies/ParticlePack/EffectExamples/Weapon Effects/Prefabs/FleshImpacts.prefab
  artifactKey: Guid(24b82347924701148a13c746edfb6b22) Importer(815301076,1909f56bfc062723c751e8b465ee728b)
Number of updated assets reloaded before import = 0
Start importing Assets/UnityTechnologies/ParticlePack/EffectExamples/Weapon Effects/Prefabs/FleshImpacts.prefab using Guid(24b82347924701148a13c746edfb6b22) Importer(815301076,1909f56bfc062723c751e8b465ee728b)  -> (artifact id: 'e22e1c25e4c308d3ca2ab59cedcc6aa9') in 0.041551 seconds 
Number of asset objects unloaded after import = 34
========================================================================
Received Import Request.
  Time since last request: 0.000023 seconds.
  path: Assets/UnityTechnologies/ParticlePack/EffectExamples/Weapon Effects/Prefabs/StoneImpacts.prefab
  artifactKey: Guid(8b7a1ffda5bb7474b8fae646c45ce7b4) Importer(815301076,1909f56bfc062723c751e8b465ee728b)
Number of updated assets reloaded before import = 0
Start importing Assets/UnityTechnologies/ParticlePack/EffectExamples/Weapon Effects/Prefabs/StoneImpacts.prefab using Guid(8b7a1ffda5bb7474b8fae646c45ce7b4) Importer(815301076,1909f56bfc062723c751e8b465ee728b)  -> (artifact id: '86b7476714472049a1ec7df396d42b64') in 0.063813 seconds 
Number of asset objects unloaded after import = 35
========================================================================
Received Import Request.
  Time since last request: 0.000021 seconds.
  path: Assets/UnityTechnologies/ParticlePack/EffectExamples/Weapon Effects/Prefabs/WoodImpacts.prefab
  artifactKey: Guid(3c0b5f221ea995442b9d11dc526de1c0) Importer(815301076,1909f56bfc062723c751e8b465ee728b)
Number of updated assets reloaded before import = 0
Start importing Assets/UnityTechnologies/ParticlePack/EffectExamples/Weapon Effects/Prefabs/WoodImpacts.prefab using Guid(3c0b5f221ea995442b9d11dc526de1c0) Importer(815301076,1909f56bfc062723c751e8b465ee728b)  -> (artifact id: '3c7ef0a75305ad2e3b1b29901c004ff4') in 0.047885 seconds 
Number of asset objects unloaded after import = 36
========================================================================
Received Import Request.
  Time since last request: 21.727585 seconds.
  path: Assets/UnityTechnologies/ParticlePack/EffectExamples/Weapon Effects/Materials/MuzzleFlash.mat
  artifactKey: Guid(a8cb413d77ceb054abf10c2c6ee66337) Importer(815301076,1909f56bfc062723c751e8b465ee728b)
Number of updated assets reloaded before import = 0
Start importing Assets/UnityTechnologies/ParticlePack/EffectExamples/Weapon Effects/Materials/MuzzleFlash.mat using Guid(a8cb413d77ceb054abf10c2c6ee66337) Importer(815301076,1909f56bfc062723c751e8b465ee728b)  -> (artifact id: '22912e606699831b23e8f61baeb8c865') in 0.008204 seconds 
Number of asset objects unloaded after import = 2
========================================================================
Received Import Request.
  Time since last request: 21.452579 seconds.
  path: Assets/UnityTechnologies/ParticlePack/EffectExamples/Weapon Effects/Materials/BulletDecalSand.mat
  artifactKey: Guid(0a35d64bb8fd24f47b8bf3802f71313b) Importer(815301076,1909f56bfc062723c751e8b465ee728b)
Number of updated assets reloaded before import = 0
Start importing Assets/UnityTechnologies/ParticlePack/EffectExamples/Weapon Effects/Materials/BulletDecalSand.mat using Guid(0a35d64bb8fd24f47b8bf3802f71313b) Importer(815301076,1909f56bfc062723c751e8b465ee728b)  -> (artifact id: '83fa65c66acea4ba1fa16588c6456e23') in 0.031399 seconds 
Number of asset objects unloaded after import = 4
========================================================================
Received Import Request.
  Time since last request: 1.118362 seconds.
  path: Assets/UnityTechnologies/ParticlePack/EffectExamples/Weapon Effects/Materials/DustPuffParticle.mat
  artifactKey: Guid(1402721190994cd46b64bf7cba78f5d8) Importer(815301076,1909f56bfc062723c751e8b465ee728b)
Number of updated assets reloaded before import = 0
Start importing Assets/UnityTechnologies/ParticlePack/EffectExamples/Weapon Effects/Materials/DustPuffParticle.mat using Guid(1402721190994cd46b64bf7cba78f5d8) Importer(815301076,1909f56bfc062723c751e8b465ee728b)  -> (artifact id: '4852dce79225e9072c4f99537b5a354b') in 0.027175 seconds 
Number of asset objects unloaded after import = 2
========================================================================
Received Prepare
Registering precompiled user dll's ...
Registered in 0.013014 seconds.
Begin MonoManager ReloadAssembly
Native extension for WindowsStandalone target not found
Failed to load: C:/Program Files/Unity/Hub/Editor/2021.3.36f1/Editor/Data/PlaybackEngines/iOSSupport\x64\UnityEditor.iOS.Native.dll
Native extension for iOS target not found
Native extension for Android target not found
Native extension for WebGL target not found
Refreshing native plugins compatible for Editor in 1.79 ms, found 3 plugins.
Preloading 0 native plugins for Editor in 0.00 ms.
[Package Manager] Server::EnsureServerProcessIsRunning -- launch failed, reason: Unity was launched with the -noUpm command-line argument
[Package Manager] Cannot connect to Unity Package Manager local server
[Package Manager] Server::EnsureServerProcessIsRunning -- launch failed, reason: Unity was launched with the -noUpm command-line argument
[Package Manager] Cannot connect to Unity Package Manager local server
[ScriptCompilation] NOT recompiling all scripts because this is an import worker process. Reason to compile was: Define symbols changed
Mono: successfully reloaded assembly
- Completed reload, in  3.347 seconds
Domain Reload Profiling:
	ReloadAssembly (3348ms)
		BeginReloadAssembly (557ms)
			ExecutionOrderSort (0ms)
			DisableScriptedObjects (18ms)
			BackupInstance (0ms)
			ReleaseScriptingObjects (0ms)
			CreateAndSetChildDomain (127ms)
		EndReloadAssembly (2452ms)
			LoadAssemblies (389ms)
			RebuildTransferFunctionScriptingTraits (0ms)
			SetupTypeCache (670ms)
			ReleaseScriptCaches (3ms)
			RebuildScriptCaches (109ms)
			SetupLoadedEditorAssemblies (1333ms)
				LogAssemblyErrors (0ms)
				InitializePlatformSupportModulesInManaged (79ms)
				SetLoadedEditorAssemblies (1ms)
				RefreshPlugins (2ms)
				BeforeProcessingInitializeOnLoad (170ms)
				ProcessInitializeOnLoadAttributes (920ms)
				ProcessInitializeOnLoadMethodAttributes (144ms)
				AfterProcessingInitializeOnLoad (17ms)
				EditorAssembliesLoaded (0ms)
			ExecutionOrderSort2 (0ms)
			AwakeInstancesAfterBackupRestoration (17ms)
Platform modules already initialized, skipping
Refreshing native plugins compatible for Editor in 1.83 ms, found 3 plugins.
Preloading 0 native plugins for Editor in 0.00 ms.
Unloading 4415 Unused Serialized files (Serialized files now loaded: 0)
Unloading 62 unused Assets / (225.8 KB). Loaded Objects now: 5160.
Memory consumption went from 173.5 MB to 173.3 MB.
Total: 9.092300 ms (FindLiveObjects: 0.670600 ms CreateObjectMapping: 0.563400 ms MarkObjects: 6.868600 ms  DeleteObjects: 0.987200 ms)

AssetImportParameters requested are different than current active one (requested -> active):
  custom:video-decoder-ogg-theora: a1e56fd34408186e4bbccfd4996cb3dc -> 
  custom:container-muxer-webm: aa71ff27fc2769a1b78a27578f13a17b -> 
  custom:container-demuxer-webm: 4f35f7cbe854078d1ac9338744f61a02 -> 
  custom:video-encoder-webm-vp8: eb34c28f22e8b96e1ab97ce403110664 -> 
  custom:video-codec-MediaFoundation-h265: 746d11721c4dcdbdad8f713fa42b33f4 -> 
  custom:CustomObjectIndexerAttribute: bc11b3a6c3213fcdd17b65e7da85e133 -> 
  custom:audio-encoder-webm-vorbis: bf7c407c2cedff20999df2af8eb42d56 -> 
  custom:framework-win-MediaFoundation: 216162199b28c13a410421893ffa2e32 -> 
  custom:SearchIndexIgnoredProperties: e643bd26f0fe6173181afceb89e7c659 -> 
  custom:container-demuxer-ogg: 62fdf1f143b41e24485cea50d1cbac27 -> 
  custom:video-decoder-webm-vp8: 9c59270c3fd7afecdb556c50c9e8de78 -> 
  custom:audio-decoder-ogg-vorbis: bf7c407c2cedff20999df2af8eb42d56 -> 
========================================================================
Received Import Request.
  Time since last request: 861.676404 seconds.
  path: Assets/Scripts/New Folder
  artifactKey: Guid(e77203aba2ac5184d87ce01b6942cbbd) Importer(815301076,1909f56bfc062723c751e8b465ee728b)
Number of updated assets reloaded before import = 0
Start importing Assets/Scripts/New Folder using Guid(e77203aba2ac5184d87ce01b6942cbbd) Importer(815301076,1909f56bfc062723c751e8b465ee728b)  -> (artifact id: '28e35e49b6ebc8062679b88bb9bf5254') in 0.038031 seconds 
Number of asset objects unloaded after import = 0
========================================================================
Received Import Request.
  Time since last request: 12.756642 seconds.
  path: Assets/Scripts/AudioSwipe.cs
  artifactKey: Guid(a8f01fdf0cffb7b4a83ae418b8b2eb39) Importer(815301076,1909f56bfc062723c751e8b465ee728b)
Number of updated assets reloaded before import = 0
Start importing Assets/Scripts/AudioSwipe.cs using Guid(a8f01fdf0cffb7b4a83ae418b8b2eb39) Importer(815301076,1909f56bfc062723c751e8b465ee728b)  -> (artifact id: '5259f03ad8fe102af2235ef9d25eca07') in 0.022070 seconds 
Number of asset objects unloaded after import = 0
========================================================================
Received Prepare
Registering precompiled user dll's ...
Registered in 0.013130 seconds.
Begin MonoManager ReloadAssembly
Native extension for WindowsStandalone target not found
Failed to load: C:/Program Files/Unity/Hub/Editor/2021.3.36f1/Editor/Data/PlaybackEngines/iOSSupport\x64\UnityEditor.iOS.Native.dll
Native extension for iOS target not found
Native extension for Android target not found
Native extension for WebGL target not found
Refreshing native plugins compatible for Editor in 1.41 ms, found 3 plugins.
Preloading 0 native plugins for Editor in 0.00 ms.
[Package Manager] Server::EnsureServerProcessIsRunning -- launch failed, reason: Unity was launched with the -noUpm command-line argument
[Package Manager] Cannot connect to Unity Package Manager local server
[Package Manager] Server::EnsureServerProcessIsRunning -- launch failed, reason: Unity was launched with the -noUpm command-line argument
[Package Manager] Cannot connect to Unity Package Manager local server
[ScriptCompilation] NOT recompiling all scripts because this is an import worker process. Reason to compile was: Define symbols changed
Mono: successfully reloaded assembly
- Completed reload, in  2.457 seconds
Domain Reload Profiling:
	ReloadAssembly (2459ms)
		BeginReloadAssembly (263ms)
			ExecutionOrderSort (0ms)
			DisableScriptedObjects (10ms)
			BackupInstance (0ms)
			ReleaseScriptingObjects (0ms)
			CreateAndSetChildDomain (73ms)
		EndReloadAssembly (2026ms)
			LoadAssemblies (179ms)
			RebuildTransferFunctionScriptingTraits (0ms)
			SetupTypeCache (487ms)
			ReleaseScriptCaches (2ms)
			RebuildScriptCaches (90ms)
			SetupLoadedEditorAssemblies (1193ms)
				LogAssemblyErrors (0ms)
				InitializePlatformSupportModulesInManaged (64ms)
				SetLoadedEditorAssemblies (1ms)
				RefreshPlugins (2ms)
				BeforeProcessingInitializeOnLoad (132ms)
				ProcessInitializeOnLoadAttributes (861ms)
				ProcessInitializeOnLoadMethodAttributes (122ms)
				AfterProcessingInitializeOnLoad (12ms)
				EditorAssembliesLoaded (0ms)
			ExecutionOrderSort2 (0ms)
			AwakeInstancesAfterBackupRestoration (12ms)
Platform modules already initialized, skipping
Refreshing native plugins compatible for Editor in 1.61 ms, found 3 plugins.
Preloading 0 native plugins for Editor in 0.00 ms.
Unloading 4416 Unused Serialized files (Serialized files now loaded: 0)
Unloading 54 unused Assets / (226.9 KB). Loaded Objects now: 5164.
Memory consumption went from 173.5 MB to 173.3 MB.
Total: 5.739500 ms (FindLiveObjects: 0.675900 ms CreateObjectMapping: 0.362100 ms MarkObjects: 4.514600 ms  DeleteObjects: 0.184800 ms)

AssetImportParameters requested are different than current active one (requested -> active):
  custom:video-decoder-ogg-theora: a1e56fd34408186e4bbccfd4996cb3dc -> 
  custom:container-muxer-webm: aa71ff27fc2769a1b78a27578f13a17b -> 
  custom:container-demuxer-webm: 4f35f7cbe854078d1ac9338744f61a02 -> 
  custom:video-encoder-webm-vp8: eb34c28f22e8b96e1ab97ce403110664 -> 
  custom:video-codec-MediaFoundation-h265: 746d11721c4dcdbdad8f713fa42b33f4 -> 
  custom:CustomObjectIndexerAttribute: bc11b3a6c3213fcdd17b65e7da85e133 -> 
  custom:audio-encoder-webm-vorbis: bf7c407c2cedff20999df2af8eb42d56 -> 
  custom:framework-win-MediaFoundation: 216162199b28c13a410421893ffa2e32 -> 
  custom:SearchIndexIgnoredProperties: e643bd26f0fe6173181afceb89e7c659 -> 
  custom:container-demuxer-ogg: 62fdf1f143b41e24485cea50d1cbac27 -> 
  custom:video-decoder-webm-vp8: 9c59270c3fd7afecdb556c50c9e8de78 -> 
  custom:audio-decoder-ogg-vorbis: bf7c407c2cedff20999df2af8eb42d56 -> 
========================================================================
Received Prepare
Registering precompiled user dll's ...
Registered in 0.011068 seconds.
Begin MonoManager ReloadAssembly
Native extension for WindowsStandalone target not found
Failed to load: C:/Program Files/Unity/Hub/Editor/2021.3.36f1/Editor/Data/PlaybackEngines/iOSSupport\x64\UnityEditor.iOS.Native.dll
Native extension for iOS target not found
Native extension for Android target not found
Native extension for WebGL target not found
Refreshing native plugins compatible for Editor in 1.04 ms, found 3 plugins.
Preloading 0 native plugins for Editor in 0.00 ms.
[Package Manager] Server::EnsureServerProcessIsRunning -- launch failed, reason: Unity was launched with the -noUpm command-line argument
[Package Manager] Cannot connect to Unity Package Manager local server
[Package Manager] Server::EnsureServerProcessIsRunning -- launch failed, reason: Unity was launched with the -noUpm command-line argument
[Package Manager] Cannot connect to Unity Package Manager local server
[ScriptCompilation] NOT recompiling all scripts because this is an import worker process. Reason to compile was: Define symbols changed
Mono: successfully reloaded assembly
- Completed reload, in  1.757 seconds
Domain Reload Profiling:
	ReloadAssembly (1758ms)
		BeginReloadAssembly (186ms)
			ExecutionOrderSort (0ms)
			DisableScriptedObjects (7ms)
			BackupInstance (0ms)
			ReleaseScriptingObjects (0ms)
			CreateAndSetChildDomain (42ms)
		EndReloadAssembly (1441ms)
			LoadAssemblies (131ms)
			RebuildTransferFunctionScriptingTraits (0ms)
			SetupTypeCache (373ms)
			ReleaseScriptCaches (2ms)
			RebuildScriptCaches (56ms)
			SetupLoadedEditorAssemblies (836ms)
				LogAssemblyErrors (0ms)
				InitializePlatformSupportModulesInManaged (44ms)
				SetLoadedEditorAssemblies (1ms)
				RefreshPlugins (1ms)
				BeforeProcessingInitializeOnLoad (106ms)
				ProcessInitializeOnLoadAttributes (617ms)
				ProcessInitializeOnLoadMethodAttributes (61ms)
				AfterProcessingInitializeOnLoad (6ms)
				EditorAssembliesLoaded (0ms)
			ExecutionOrderSort2 (0ms)
			AwakeInstancesAfterBackupRestoration (7ms)
Platform modules already initialized, skipping
Refreshing native plugins compatible for Editor in 1.04 ms, found 3 plugins.
Preloading 0 native plugins for Editor in 0.00 ms.
Unloading 4416 Unused Serialized files (Serialized files now loaded: 0)
Unloading 54 unused Assets / (225.8 KB). Loaded Objects now: 5167.
Memory consumption went from 173.5 MB to 173.3 MB.
Total: 4.374200 ms (FindLiveObjects: 0.356700 ms CreateObjectMapping: 0.179200 ms MarkObjects: 3.673900 ms  DeleteObjects: 0.162900 ms)

AssetImportParameters requested are different than current active one (requested -> active):
  custom:video-decoder-ogg-theora: a1e56fd34408186e4bbccfd4996cb3dc -> 
  custom:container-muxer-webm: aa71ff27fc2769a1b78a27578f13a17b -> 
  custom:container-demuxer-webm: 4f35f7cbe854078d1ac9338744f61a02 -> 
  custom:video-encoder-webm-vp8: eb34c28f22e8b96e1ab97ce403110664 -> 
  custom:video-codec-MediaFoundation-h265: 746d11721c4dcdbdad8f713fa42b33f4 -> 
  custom:CustomObjectIndexerAttribute: bc11b3a6c3213fcdd17b65e7da85e133 -> 
  custom:audio-encoder-webm-vorbis: bf7c407c2cedff20999df2af8eb42d56 -> 
  custom:framework-win-MediaFoundation: 216162199b28c13a410421893ffa2e32 -> 
  custom:SearchIndexIgnoredProperties: e643bd26f0fe6173181afceb89e7c659 -> 
  custom:container-demuxer-ogg: 62fdf1f143b41e24485cea50d1cbac27 -> 
  custom:video-decoder-webm-vp8: 9c59270c3fd7afecdb556c50c9e8de78 -> 
  custom:audio-decoder-ogg-vorbis: bf7c407c2cedff20999df2af8eb42d56 -> 
========================================================================
Received Prepare
Registering precompiled user dll's ...
Registered in 0.010456 seconds.
Begin MonoManager ReloadAssembly
Native extension for WindowsStandalone target not found
Failed to load: C:/Program Files/Unity/Hub/Editor/2021.3.36f1/Editor/Data/PlaybackEngines/iOSSupport\x64\UnityEditor.iOS.Native.dll
Native extension for iOS target not found
Native extension for Android target not found
Native extension for WebGL target not found
Refreshing native plugins compatible for Editor in 1.08 ms, found 3 plugins.
Preloading 0 native plugins for Editor in 0.00 ms.
[Package Manager] Server::EnsureServerProcessIsRunning -- launch failed, reason: Unity was launched with the -noUpm command-line argument
[Package Manager] Cannot connect to Unity Package Manager local server
[Package Manager] Server::EnsureServerProcessIsRunning -- launch failed, reason: Unity was launched with the -noUpm command-line argument
[Package Manager] Cannot connect to Unity Package Manager local server
[ScriptCompilation] NOT recompiling all scripts because this is an import worker process. Reason to compile was: Define symbols changed
Mono: successfully reloaded assembly
- Completed reload, in  1.803 seconds
Domain Reload Profiling:
	ReloadAssembly (1804ms)
		BeginReloadAssembly (228ms)
			ExecutionOrderSort (0ms)
			DisableScriptedObjects (8ms)
			BackupInstance (0ms)
			ReleaseScriptingObjects (0ms)
			CreateAndSetChildDomain (54ms)
		EndReloadAssembly (1446ms)
			LoadAssemblies (152ms)
			RebuildTransferFunctionScriptingTraits (0ms)
			SetupTypeCache (377ms)
			ReleaseScriptCaches (2ms)
			RebuildScriptCaches (57ms)
			SetupLoadedEditorAssemblies (831ms)
				LogAssemblyErrors (0ms)
				InitializePlatformSupportModulesInManaged (46ms)
				SetLoadedEditorAssemblies (1ms)
				RefreshPlugins (1ms)
				BeforeProcessingInitializeOnLoad (95ms)
				ProcessInitializeOnLoadAttributes (618ms)
				ProcessInitializeOnLoadMethodAttributes (64ms)
				AfterProcessingInitializeOnLoad (6ms)
				EditorAssembliesLoaded (0ms)
			ExecutionOrderSort2 (0ms)
			AwakeInstancesAfterBackupRestoration (6ms)
Platform modules already initialized, skipping
Refreshing native plugins compatible for Editor in 1.04 ms, found 3 plugins.
Preloading 0 native plugins for Editor in 0.00 ms.
Unloading 4416 Unused Serialized files (Serialized files now loaded: 0)
Unloading 54 unused Assets / (225.9 KB). Loaded Objects now: 5170.
Memory consumption went from 173.5 MB to 173.3 MB.
Total: 4.539700 ms (FindLiveObjects: 0.396000 ms CreateObjectMapping: 0.210900 ms MarkObjects: 3.747200 ms  DeleteObjects: 0.183000 ms)

AssetImportParameters requested are different than current active one (requested -> active):
  custom:video-decoder-ogg-theora: a1e56fd34408186e4bbccfd4996cb3dc -> 
  custom:container-muxer-webm: aa71ff27fc2769a1b78a27578f13a17b -> 
  custom:container-demuxer-webm: 4f35f7cbe854078d1ac9338744f61a02 -> 
  custom:video-encoder-webm-vp8: eb34c28f22e8b96e1ab97ce403110664 -> 
  custom:video-codec-MediaFoundation-h265: 746d11721c4dcdbdad8f713fa42b33f4 -> 
  custom:CustomObjectIndexerAttribute: bc11b3a6c3213fcdd17b65e7da85e133 -> 
  custom:audio-encoder-webm-vorbis: bf7c407c2cedff20999df2af8eb42d56 -> 
  custom:framework-win-MediaFoundation: 216162199b28c13a410421893ffa2e32 -> 
  custom:SearchIndexIgnoredProperties: e643bd26f0fe6173181afceb89e7c659 -> 
  custom:container-demuxer-ogg: 62fdf1f143b41e24485cea50d1cbac27 -> 
  custom:video-decoder-webm-vp8: 9c59270c3fd7afecdb556c50c9e8de78 -> 
  custom:audio-decoder-ogg-vorbis: bf7c407c2cedff20999df2af8eb42d56 -> 
========================================================================
Received Prepare
Registering precompiled user dll's ...
Registered in 0.007309 seconds.
Begin MonoManager ReloadAssembly
Native extension for WindowsStandalone target not found
Failed to load: C:/Program Files/Unity/Hub/Editor/2021.3.36f1/Editor/Data/PlaybackEngines/iOSSupport\x64\UnityEditor.iOS.Native.dll
Native extension for iOS target not found
Native extension for Android target not found
Native extension for WebGL target not found
Refreshing native plugins compatible for Editor in 1.01 ms, found 3 plugins.
Preloading 0 native plugins for Editor in 0.00 ms.
[Package Manager] Server::EnsureServerProcessIsRunning -- launch failed, reason: Unity was launched with the -noUpm command-line argument
[Package Manager] Cannot connect to Unity Package Manager local server
[Package Manager] Server::EnsureServerProcessIsRunning -- launch failed, reason: Unity was launched with the -noUpm command-line argument
[Package Manager] Cannot connect to Unity Package Manager local server
System.IO.IOException: Sharing violation on path C:\UnityProject\Run\Assets\PluginYourGames\Editor\ModulesListYG2.txt
  at System.IO.FileStream..ctor (System.String path, System.IO.FileMode mode, System.IO.FileAccess access, System.IO.FileShare share, System.Int32 bufferSize, System.Boolean anonymous, System.IO.FileOptions options) [0x0019e] in <b4dec521950c405ea4b0b85c62087906>:0 
  at System.IO.FileStream..ctor (System.String path, System.IO.FileMode mode, System.IO.FileAccess access, System.IO.FileShare share, System.Int32 bufferSize, System.IO.FileOptions options) [0x00000] in <b4dec521950c405ea4b0b85c62087906>:0 
  at (wrapper remoting-invoke-with-check) System.IO.FileStream..ctor(string,System.IO.FileMode,System.IO.FileAccess,System.IO.FileShare,int,System.IO.FileOptions)
  at System.IO.StreamReader..ctor (System.String path, System.Text.Encoding encoding, System.Boolean detectEncodingFromByteOrderMarks, System.Int32 bufferSize) [0x00055] in <b4dec521950c405ea4b0b85c62087906>:0 
  at System.IO.StreamReader..ctor (System.String path, System.Text.Encoding encoding) [0x00000] in <b4dec521950c405ea4b0b85c62087906>:0 
  at (wrapper remoting-invoke-with-check) System.IO.StreamReader..ctor(string,System.Text.Encoding)
  at System.IO.File.InternalReadAllLines (System.String path, System.Text.Encoding encoding) [0x00006] in <b4dec521950c405ea4b0b85c62087906>:0 
  at System.IO.File.ReadAllLines (System.String path) [0x0002c] in <b4dec521950c405ea4b0b85c62087906>:0 
  at YG.EditorScr.DefineSymbols.ModulesDefineSymbols () [0x00035] in C:\UnityProject\Run\Assets\PluginYourGames\Scripts\EditorScr\DefineSymbols.cs:146 
  at YG.EditorScr.DefineSymbols.UpdateDefineSymbols () [0x0000f] in C:\UnityProject\Run\Assets\PluginYourGames\Scripts\EditorScr\DefineSymbols.cs:57 
  at YG.EditorScr.DefineSymbols..cctor () [0x00023] in C:\UnityProject\Run\Assets\PluginYourGames\Scripts\EditorScr\DefineSymbols.cs:31 
UnityEngine.StackTraceUtility:ExtractStackTrace ()
UnityEngine.DebugLogHandler:LogFormat (UnityEngine.LogType,UnityEngine.Object,string,object[])
UnityEngine.Logger:Log (UnityEngine.LogType,object)
UnityEngine.Debug:LogError (object)
UnityEditor.EditorAssemblies:ProcessInitializeOnLoadAttributes (System.Type[])

Mono: successfully reloaded assembly
- Completed reload, in  1.793 seconds
Domain Reload Profiling:
	ReloadAssembly (1795ms)
		BeginReloadAssembly (187ms)
			ExecutionOrderSort (0ms)
			DisableScriptedObjects (6ms)
			BackupInstance (0ms)
			ReleaseScriptingObjects (0ms)
			CreateAndSetChildDomain (39ms)
		EndReloadAssembly (1480ms)
			LoadAssemblies (128ms)
			RebuildTransferFunctionScriptingTraits (0ms)
			SetupTypeCache (367ms)
			ReleaseScriptCaches (3ms)
			RebuildScriptCaches (56ms)
			SetupLoadedEditorAssemblies (870ms)
				LogAssemblyErrors (0ms)
				InitializePlatformSupportModulesInManaged (55ms)
				SetLoadedEditorAssemblies (1ms)
				RefreshPlugins (1ms)
				BeforeProcessingInitializeOnLoad (100ms)
				ProcessInitializeOnLoadAttributes (638ms)
				ProcessInitializeOnLoadMethodAttributes (70ms)
				AfterProcessingInitializeOnLoad (5ms)
				EditorAssembliesLoaded (0ms)
			ExecutionOrderSort2 (0ms)
			AwakeInstancesAfterBackupRestoration (7ms)
Platform modules already initialized, skipping
Refreshing native plugins compatible for Editor in 0.99 ms, found 3 plugins.
Preloading 0 native plugins for Editor in 0.00 ms.
Unloading 4416 Unused Serialized files (Serialized files now loaded: 0)
Unloading 54 unused Assets / (226.8 KB). Loaded Objects now: 5173.
Memory consumption went from 173.5 MB to 173.3 MB.
Total: 4.313300 ms (FindLiveObjects: 0.383900 ms CreateObjectMapping: 0.201100 ms MarkObjects: 3.566400 ms  DeleteObjects: 0.159700 ms)

AssetImportParameters requested are different than current active one (requested -> active):
  custom:video-decoder-ogg-theora: a1e56fd34408186e4bbccfd4996cb3dc -> 
  custom:container-muxer-webm: aa71ff27fc2769a1b78a27578f13a17b -> 
  custom:container-demuxer-webm: 4f35f7cbe854078d1ac9338744f61a02 -> 
  custom:video-encoder-webm-vp8: eb34c28f22e8b96e1ab97ce403110664 -> 
  custom:video-codec-MediaFoundation-h265: 746d11721c4dcdbdad8f713fa42b33f4 -> 
  custom:CustomObjectIndexerAttribute: bc11b3a6c3213fcdd17b65e7da85e133 -> 
  custom:audio-encoder-webm-vorbis: bf7c407c2cedff20999df2af8eb42d56 -> 
  custom:framework-win-MediaFoundation: 216162199b28c13a410421893ffa2e32 -> 
  custom:SearchIndexIgnoredProperties: e643bd26f0fe6173181afceb89e7c659 -> 
  custom:container-demuxer-ogg: 62fdf1f143b41e24485cea50d1cbac27 -> 
  custom:video-decoder-webm-vp8: 9c59270c3fd7afecdb556c50c9e8de78 -> 
  custom:audio-decoder-ogg-vorbis: bf7c407c2cedff20999df2af8eb42d56 -> 
========================================================================
Received Prepare
Registering precompiled user dll's ...
Registered in 0.014073 seconds.
Begin MonoManager ReloadAssembly
Native extension for WindowsStandalone target not found
Failed to load: C:/Program Files/Unity/Hub/Editor/2021.3.36f1/Editor/Data/PlaybackEngines/iOSSupport\x64\UnityEditor.iOS.Native.dll
Native extension for iOS target not found
Native extension for Android target not found
Native extension for WebGL target not found
Refreshing native plugins compatible for Editor in 1.03 ms, found 3 plugins.
Preloading 0 native plugins for Editor in 0.00 ms.
[Package Manager] Server::EnsureServerProcessIsRunning -- launch failed, reason: Unity was launched with the -noUpm command-line argument
[Package Manager] Cannot connect to Unity Package Manager local server
[Package Manager] Server::EnsureServerProcessIsRunning -- launch failed, reason: Unity was launched with the -noUpm command-line argument
[Package Manager] Cannot connect to Unity Package Manager local server
[ScriptCompilation] NOT recompiling all scripts because this is an import worker process. Reason to compile was: Define symbols changed
Mono: successfully reloaded assembly
- Completed reload, in  1.997 seconds
Domain Reload Profiling:
	ReloadAssembly (1998ms)
		BeginReloadAssembly (210ms)
			ExecutionOrderSort (0ms)
			DisableScriptedObjects (8ms)
			BackupInstance (0ms)
			ReleaseScriptingObjects (0ms)
			CreateAndSetChildDomain (50ms)
		EndReloadAssembly (1643ms)
			LoadAssemblies (153ms)
			RebuildTransferFunctionScriptingTraits (0ms)
			SetupTypeCache (431ms)
			ReleaseScriptCaches (2ms)
			RebuildScriptCaches (64ms)
			SetupLoadedEditorAssemblies (925ms)
				LogAssemblyErrors (0ms)
				InitializePlatformSupportModulesInManaged (47ms)
				SetLoadedEditorAssemblies (1ms)
				RefreshPlugins (1ms)
				BeforeProcessingInitializeOnLoad (106ms)
				ProcessInitializeOnLoadAttributes (674ms)
				ProcessInitializeOnLoadMethodAttributes (89ms)
				AfterProcessingInitializeOnLoad (7ms)
				EditorAssembliesLoaded (1ms)
			ExecutionOrderSort2 (0ms)
			AwakeInstancesAfterBackupRestoration (10ms)
Platform modules already initialized, skipping
Refreshing native plugins compatible for Editor in 1.05 ms, found 3 plugins.
Preloading 0 native plugins for Editor in 0.00 ms.
Unloading 4416 Unused Serialized files (Serialized files now loaded: 0)
Unloading 54 unused Assets / (225.7 KB). Loaded Objects now: 5176.
Memory consumption went from 173.5 MB to 173.3 MB.
Total: 4.806600 ms (FindLiveObjects: 0.521700 ms CreateObjectMapping: 0.168600 ms MarkObjects: 3.857700 ms  DeleteObjects: 0.256200 ms)

AssetImportParameters requested are different than current active one (requested -> active):
  custom:video-decoder-ogg-theora: a1e56fd34408186e4bbccfd4996cb3dc -> 
  custom:container-muxer-webm: aa71ff27fc2769a1b78a27578f13a17b -> 
  custom:container-demuxer-webm: 4f35f7cbe854078d1ac9338744f61a02 -> 
  custom:video-encoder-webm-vp8: eb34c28f22e8b96e1ab97ce403110664 -> 
  custom:video-codec-MediaFoundation-h265: 746d11721c4dcdbdad8f713fa42b33f4 -> 
  custom:CustomObjectIndexerAttribute: bc11b3a6c3213fcdd17b65e7da85e133 -> 
  custom:audio-encoder-webm-vorbis: bf7c407c2cedff20999df2af8eb42d56 -> 
  custom:framework-win-MediaFoundation: 216162199b28c13a410421893ffa2e32 -> 
  custom:SearchIndexIgnoredProperties: e643bd26f0fe6173181afceb89e7c659 -> 
  custom:container-demuxer-ogg: 62fdf1f143b41e24485cea50d1cbac27 -> 
  custom:video-decoder-webm-vp8: 9c59270c3fd7afecdb556c50c9e8de78 -> 
  custom:audio-decoder-ogg-vorbis: bf7c407c2cedff20999df2af8eb42d56 -> 
========================================================================
Received Import Request.
  Time since last request: 426.023855 seconds.
  path: Assets/Casual Game Sounds U6
  artifactKey: Guid(aa2925703c94fbf46a97a20b7ffc26ca) Importer(815301076,1909f56bfc062723c751e8b465ee728b)
Number of updated assets reloaded before import = 0
Start importing Assets/Casual Game Sounds U6 using Guid(aa2925703c94fbf46a97a20b7ffc26ca) Importer(815301076,1909f56bfc062723c751e8b465ee728b)  -> (artifact id: 'e83b1bb436dfcc42393c494a52823e5b') in 0.029377 seconds 
Number of asset objects unloaded after import = 0
========================================================================
Received Import Request.
  Time since last request: 0.563990 seconds.
  path: Assets/Casual Game Sounds U6/CasualGameSounds
  artifactKey: Guid(fc408c908afdc4a7c9213c3bb144bbb9) Importer(815301076,1909f56bfc062723c751e8b465ee728b)
Number of updated assets reloaded before import = 0
Start importing Assets/Casual Game Sounds U6/CasualGameSounds using Guid(fc408c908afdc4a7c9213c3bb144bbb9) Importer(815301076,1909f56bfc062723c751e8b465ee728b)  -> (artifact id: '4413cbd64f1dfad1785dda2ba60f7bb1') in 0.031254 seconds 
Number of asset objects unloaded after import = 0
========================================================================
Received Import Request.
  Time since last request: 0.022228 seconds.
  path: Assets/Casual Game Sounds U6/CasualGameSounds/DM-CGS-01.wav
  artifactKey: Guid(32d4b1811dda14a6cb9e059ee8ad17d2) Importer(815301076,1909f56bfc062723c751e8b465ee728b)
Number of updated assets reloaded before import = 0
Start importing Assets/Casual Game Sounds U6/CasualGameSounds/DM-CGS-01.wav using Guid(32d4b1811dda14a6cb9e059ee8ad17d2) Importer(815301076,1909f56bfc062723c751e8b465ee728b)  -> (artifact id: 'fa0d9776707f61b9ee2bdceea2f78256') in 0.095125 seconds 
Number of asset objects unloaded after import = 2
========================================================================
Received Import Request.
  Time since last request: 0.000028 seconds.
  path: Assets/Casual Game Sounds U6/CasualGameSounds/DM-CGS-18.wav
  artifactKey: Guid(2667a0a008b044e218b63df62e2be749) Importer(815301076,1909f56bfc062723c751e8b465ee728b)
Number of updated assets reloaded before import = 0
Start importing Assets/Casual Game Sounds U6/CasualGameSounds/DM-CGS-18.wav using Guid(2667a0a008b044e218b63df62e2be749) Importer(815301076,1909f56bfc062723c751e8b465ee728b)  -> (artifact id: 'ad72883e8e666de23976bffb4948617e') in 0.030448 seconds 
Number of asset objects unloaded after import = 2
========================================================================
Received Import Request.
  Time since last request: 0.000031 seconds.
  path: Assets/Casual Game Sounds U6/CasualGameSounds/DM-CGS-22.wav
  artifactKey: Guid(d8d04c6f80a1140db85ede568dab1f51) Importer(815301076,1909f56bfc062723c751e8b465ee728b)
Number of updated assets reloaded before import = 0
Start importing Assets/Casual Game Sounds U6/CasualGameSounds/DM-CGS-22.wav using Guid(d8d04c6f80a1140db85ede568dab1f51) Importer(815301076,1909f56bfc062723c751e8b465ee728b)  -> (artifact id: '1d0e958d91f6731919033eebadee99fa') in 0.026442 seconds 
Number of asset objects unloaded after import = 2
========================================================================
Received Import Request.
  Time since last request: 0.000023 seconds.
  path: Assets/Casual Game Sounds U6/CasualGameSounds/DM-CGS-19.wav
  artifactKey: Guid(81652031b64c342cc8dbc59c138d77c5) Importer(815301076,1909f56bfc062723c751e8b465ee728b)
Number of updated assets reloaded before import = 0
Start importing Assets/Casual Game Sounds U6/CasualGameSounds/DM-CGS-19.wav using Guid(81652031b64c342cc8dbc59c138d77c5) Importer(815301076,1909f56bfc062723c751e8b465ee728b)  -> (artifact id: '661221441535172b096587cd85c71b35') in 0.027129 seconds 
Number of asset objects unloaded after import = 2
========================================================================
Received Import Request.
  Time since last request: 0.000024 seconds.
  path: Assets/Casual Game Sounds U6/CasualGameSounds/DM-CGS-20.wav
  artifactKey: Guid(6e8772b49f34d402a90016ed445d8a2f) Importer(815301076,1909f56bfc062723c751e8b465ee728b)
Number of updated assets reloaded before import = 0
Start importing Assets/Casual Game Sounds U6/CasualGameSounds/DM-CGS-20.wav using Guid(6e8772b49f34d402a90016ed445d8a2f) Importer(815301076,1909f56bfc062723c751e8b465ee728b)  -> (artifact id: '4d8608f8af1c51f1032b4dca15532579') in 0.029694 seconds 
Number of asset objects unloaded after import = 2
========================================================================
Received Import Request.
  Time since last request: 0.000021 seconds.
  path: Assets/Casual Game Sounds U6/CasualGameSounds/DM-CGS-30.wav
  artifactKey: Guid(130a177e727814a2ea78a886ab72213d) Importer(815301076,1909f56bfc062723c751e8b465ee728b)
Number of updated assets reloaded before import = 0
Start importing Assets/Casual Game Sounds U6/CasualGameSounds/DM-CGS-30.wav using Guid(130a177e727814a2ea78a886ab72213d) Importer(815301076,1909f56bfc062723c751e8b465ee728b)  -> (artifact id: 'ed8d3bb0b91549e5f81d5a16ee377236') in 0.026718 seconds 
Number of asset objects unloaded after import = 2
========================================================================
Received Import Request.
  Time since last request: 0.000022 seconds.
  path: Assets/Casual Game Sounds U6/CasualGameSounds/DM-CGS-24.wav
  artifactKey: Guid(657578e4be6b64dbf9b09deada272e55) Importer(815301076,1909f56bfc062723c751e8b465ee728b)
Number of updated assets reloaded before import = 0
Start importing Assets/Casual Game Sounds U6/CasualGameSounds/DM-CGS-24.wav using Guid(657578e4be6b64dbf9b09deada272e55) Importer(815301076,1909f56bfc062723c751e8b465ee728b)  -> (artifact id: '25c82214dfa7815570278846adc47edc') in 0.025530 seconds 
Number of asset objects unloaded after import = 2
========================================================================
Received Import Request.
  Time since last request: 0.000017 seconds.
  path: Assets/Casual Game Sounds U6/CasualGameSounds/DM-CGS-26.wav
  artifactKey: Guid(7bd6b897eb5ca4b7d88a205c4a51640c) Importer(815301076,1909f56bfc062723c751e8b465ee728b)
Number of updated assets reloaded before import = 0
Start importing Assets/Casual Game Sounds U6/CasualGameSounds/DM-CGS-26.wav using Guid(7bd6b897eb5ca4b7d88a205c4a51640c) Importer(815301076,1909f56bfc062723c751e8b465ee728b)  -> (artifact id: 'a9e478b6fe0ef86613b67ac6643558bf') in 0.024908 seconds 
Number of asset objects unloaded after import = 2
========================================================================
Received Import Request.
  Time since last request: 0.000026 seconds.
  path: Assets/Casual Game Sounds U6/CasualGameSounds/DM-CGS-17.wav
  artifactKey: Guid(b9eff218e132a4e76be78840eca96fb2) Importer(815301076,1909f56bfc062723c751e8b465ee728b)
Number of updated assets reloaded before import = 0
Start importing Assets/Casual Game Sounds U6/CasualGameSounds/DM-CGS-17.wav using Guid(b9eff218e132a4e76be78840eca96fb2) Importer(815301076,1909f56bfc062723c751e8b465ee728b)  -> (artifact id: '75f0af3c9dfa75de7e2093c258e09476') in 0.030795 seconds 
Number of asset objects unloaded after import = 2
========================================================================
Received Import Request.
  Time since last request: 0.000024 seconds.
  path: Assets/Casual Game Sounds U6/CasualGameSounds/DM-CGS-29.wav
  artifactKey: Guid(80e397195ea2940b69ee7bdbded856a5) Importer(815301076,1909f56bfc062723c751e8b465ee728b)
Number of updated assets reloaded before import = 0
Start importing Assets/Casual Game Sounds U6/CasualGameSounds/DM-CGS-29.wav using Guid(80e397195ea2940b69ee7bdbded856a5) Importer(815301076,1909f56bfc062723c751e8b465ee728b)  -> (artifact id: '9f54eb2ab0bb62f150b7b6d04e0b5eb2') in 0.026524 seconds 
Number of asset objects unloaded after import = 2
========================================================================
Received Import Request.
  Time since last request: 0.000034 seconds.
  path: Assets/Casual Game Sounds U6/CasualGameSounds/DM-CGS-23.wav
  artifactKey: Guid(a0ca8964c08d54c5dbebf245bdc474ca) Importer(815301076,1909f56bfc062723c751e8b465ee728b)
Number of updated assets reloaded before import = 0
Start importing Assets/Casual Game Sounds U6/CasualGameSounds/DM-CGS-23.wav using Guid(a0ca8964c08d54c5dbebf245bdc474ca) Importer(815301076,1909f56bfc062723c751e8b465ee728b)  -> (artifact id: '265008b9a531d83abf14a6adff978c18') in 0.027613 seconds 
Number of asset objects unloaded after import = 2
========================================================================
Received Import Request.
  Time since last request: 0.000027 seconds.
  path: Assets/Casual Game Sounds U6/CasualGameSounds/DM-CGS-08.wav
  artifactKey: Guid(4e1ff8faed12a475eba9be0e46072269) Importer(815301076,1909f56bfc062723c751e8b465ee728b)
Number of updated assets reloaded before import = 0
Start importing Assets/Casual Game Sounds U6/CasualGameSounds/DM-CGS-08.wav using Guid(4e1ff8faed12a475eba9be0e46072269) Importer(815301076,1909f56bfc062723c751e8b465ee728b)  -> (artifact id: '123754a3f0d9fc2bf77271a9ebd9e461') in 0.039549 seconds 
Number of asset objects unloaded after import = 2
========================================================================
Received Import Request.
  Time since last request: 0.000024 seconds.
  path: Assets/Casual Game Sounds U6/CasualGameSounds/DM-CGS-04.wav
  artifactKey: Guid(c5e2a73ad4706440f93bf05df0b465fe) Importer(815301076,1909f56bfc062723c751e8b465ee728b)
Number of updated assets reloaded before import = 0
Start importing Assets/Casual Game Sounds U6/CasualGameSounds/DM-CGS-04.wav using Guid(c5e2a73ad4706440f93bf05df0b465fe) Importer(815301076,1909f56bfc062723c751e8b465ee728b)  -> (artifact id: '90e6be3da7a3cb6a6bda253cc3d7e1e5') in 0.029034 seconds 
Number of asset objects unloaded after import = 2
========================================================================
Received Import Request.
  Time since last request: 0.000029 seconds.
  path: Assets/Casual Game Sounds U6/CasualGameSounds/DM-CGS-14.wav
  artifactKey: Guid(b6428d4edb06344ba829da4edd9967c1) Importer(815301076,1909f56bfc062723c751e8b465ee728b)
Number of updated assets reloaded before import = 0
Start importing Assets/Casual Game Sounds U6/CasualGameSounds/DM-CGS-14.wav using Guid(b6428d4edb06344ba829da4edd9967c1) Importer(815301076,1909f56bfc062723c751e8b465ee728b)  -> (artifact id: 'd86937439f3c9199244de745d35a333c') in 0.025497 seconds 
Number of asset objects unloaded after import = 2
========================================================================
Received Import Request.
  Time since last request: 0.000060 seconds.
  path: Assets/Casual Game Sounds U6/CasualGameSounds/DM-CGS-09.wav
  artifactKey: Guid(ff5f85da24bc943d1abdc5760a22bc81) Importer(815301076,1909f56bfc062723c751e8b465ee728b)
Number of updated assets reloaded before import = 0
Start importing Assets/Casual Game Sounds U6/CasualGameSounds/DM-CGS-09.wav using Guid(ff5f85da24bc943d1abdc5760a22bc81) Importer(815301076,1909f56bfc062723c751e8b465ee728b)  -> (artifact id: '0e6d36fc774c97c8f61d2e91d04cf0ab') in 0.035066 seconds 
Number of asset objects unloaded after import = 2
========================================================================
Received Import Request.
  Time since last request: 0.000023 seconds.
  path: Assets/Casual Game Sounds U6/CasualGameSounds/DM-CGS-13.wav
  artifactKey: Guid(72127805eb2bc4e7fbf2e02eca266cfa) Importer(815301076,1909f56bfc062723c751e8b465ee728b)
Number of updated assets reloaded before import = 0
Start importing Assets/Casual Game Sounds U6/CasualGameSounds/DM-CGS-13.wav using Guid(72127805eb2bc4e7fbf2e02eca266cfa) Importer(815301076,1909f56bfc062723c751e8b465ee728b)  -> (artifact id: 'c607dc9cefb7861e0b466f3b59461d3a') in 0.025507 seconds 
Number of asset objects unloaded after import = 2
========================================================================
Received Import Request.
  Time since last request: 0.000024 seconds.
  path: Assets/Casual Game Sounds U6/CasualGameSounds/DM-CGS-21.wav
  artifactKey: Guid(ffb159a21c8a04135a5616979c828fab) Importer(815301076,1909f56bfc062723c751e8b465ee728b)
Number of updated assets reloaded before import = 0
Start importing Assets/Casual Game Sounds U6/CasualGameSounds/DM-CGS-21.wav using Guid(ffb159a21c8a04135a5616979c828fab) Importer(815301076,1909f56bfc062723c751e8b465ee728b)  -> (artifact id: '6923744d5683b554bdc94a2ccb9f3f8b') in 0.027374 seconds 
Number of asset objects unloaded after import = 2
========================================================================
Received Import Request.
  Time since last request: 0.000032 seconds.
  path: Assets/Casual Game Sounds U6/CasualGameSounds/DM-CGS-34.wav
  artifactKey: Guid(881e3f52c86c94f26a60718d35627cd8) Importer(815301076,1909f56bfc062723c751e8b465ee728b)
Number of updated assets reloaded before import = 0
Start importing Assets/Casual Game Sounds U6/CasualGameSounds/DM-CGS-34.wav using Guid(881e3f52c86c94f26a60718d35627cd8) Importer(815301076,1909f56bfc062723c751e8b465ee728b)  -> (artifact id: 'c42dcc5717e673163007ee78ecc80284') in 0.028102 seconds 
Number of asset objects unloaded after import = 2
========================================================================
Received Import Request.
  Time since last request: 0.000081 seconds.
  path: Assets/Casual Game Sounds U6/CasualGameSounds/DM-CGS-27.wav
  artifactKey: Guid(5039414d94a6e4e70a5ab9e8833e992a) Importer(815301076,1909f56bfc062723c751e8b465ee728b)
Number of updated assets reloaded before import = 0
Start importing Assets/Casual Game Sounds U6/CasualGameSounds/DM-CGS-27.wav using Guid(5039414d94a6e4e70a5ab9e8833e992a) Importer(815301076,1909f56bfc062723c751e8b465ee728b)  -> (artifact id: '3c5981c002f61d95f4af23cea422e56c') in 0.027067 seconds 
Number of asset objects unloaded after import = 2
Editor requested this worker to shutdown with reason: Scaling down because of idle timeout
AssetImportWorker is now disconnected from the server
Process exiting
Exiting without the bug reporter. Application will terminate with return code 0