Using pre-set license
Built from '2021.3/staging' branch; Version is '2021.3.36f1 (7a0645017be0) revision 7996997'; Using compiler version '192829333'; Build Type 'Release'
OS: 'Windows 11  (10.0.26100) 64bit Professional' Language: 'ru' Physical Memory: 16104 MB
BatchMode: 1, IsHumanControllingUs: 0, StartBugReporterOnCrash: 0, Is64bit: 1, IsPro: 1

COMMAND LINE ARGUMENTS:
C:\Program Files\Unity\Hub\Editor\2021.3.36f1\Editor\Unity.exe
-adb2
-batchMode
-noUpm
-name
AssetImportWorker2
-projectPath
C:/UnityProject/Run
-logFile
Logs/AssetImportWorker2.log
-srvPort
65298
Successfully changed project path to: C:/UnityProject/Run
C:/UnityProject/Run
[UnityMemory] Configuration Parameters - Can be set up in boot.config
    "memorysetup-bucket-allocator-granularity=16"
    "memorysetup-bucket-allocator-bucket-count=8"
    "memorysetup-bucket-allocator-block-size=33554432"
    "memorysetup-bucket-allocator-block-count=8"
    "memorysetup-main-allocator-block-size=16777216"
    "memorysetup-thread-allocator-block-size=16777216"
    "memorysetup-gfx-main-allocator-block-size=16777216"
    "memorysetup-gfx-thread-allocator-block-size=16777216"
    "memorysetup-cache-allocator-block-size=4194304"
    "memorysetup-typetree-allocator-block-size=2097152"
    "memorysetup-profiler-bucket-allocator-granularity=16"
    "memorysetup-profiler-bucket-allocator-bucket-count=8"
    "memorysetup-profiler-bucket-allocator-block-size=33554432"
    "memorysetup-profiler-bucket-allocator-block-count=8"
    "memorysetup-profiler-allocator-block-size=16777216"
    "memorysetup-profiler-editor-allocator-block-size=1048576"
    "memorysetup-temp-allocator-size-main=16777216"
    "memorysetup-job-temp-allocator-block-size=2097152"
    "memorysetup-job-temp-allocator-block-size-background=1048576"
    "memorysetup-job-temp-allocator-reduction-small-platforms=262144"
    "memorysetup-temp-allocator-size-background-worker=32768"
    "memorysetup-temp-allocator-size-job-worker=262144"
    "memorysetup-temp-allocator-size-preload-manager=33554432"
    "memorysetup-temp-allocator-size-nav-mesh-worker=65536"
    "memorysetup-temp-allocator-size-audio-worker=65536"
    "memorysetup-temp-allocator-size-cloud-worker=32768"
    "memorysetup-temp-allocator-size-gi-baking-worker=262144"
    "memorysetup-temp-allocator-size-gfx=262144"
Player connection [21912] Host "[IP] 172.16.0.2 [Port] 0 [Flags] 2 [Guid] 4134357081 [EditorId] 4134357081 [Version] 1048832 [Id] WindowsEditor(7,Ilyas) [Debug] 1 [PackageName] WindowsEditor [ProjectName] Editor" joined multi-casting on [225.0.0.222:54997]...

Player connection [21912] Host "[IP] 172.16.0.2 [Port] 0 [Flags] 2 [Guid] 4134357081 [EditorId] 4134357081 [Version] 1048832 [Id] WindowsEditor(7,Ilyas) [Debug] 1 [PackageName] WindowsEditor [ProjectName] Editor" joined alternative multi-casting on [225.0.0.222:34997]...

[Physics::Module] Initialized MultithreadedJobDispatcher with {0} workers.
Refreshing native plugins compatible for Editor in 242.39 ms, found 3 plugins.
Preloading 0 native plugins for Editor in 0.00 ms.
Initialize engine version: 2021.3.36f1 (7a0645017be0)
[Subsystems] Discovering subsystems at path C:/Program Files/Unity/Hub/Editor/2021.3.36f1/Editor/Data/Resources/UnitySubsystems
[Subsystems] Discovering subsystems at path C:/UnityProject/Run/Assets
GfxDevice: creating device client; threaded=0; jobified=0
Direct3D:
    Version:  Direct3D 11.0 [level 11.1]
    Renderer: NVIDIA GeForce RTX 4050 Laptop GPU (ID=0x28a1)
    Vendor:   NVIDIA
    VRAM:     5921 MB
    Driver:   31.0.15.5222
Initialize mono
Mono path[0] = 'C:/Program Files/Unity/Hub/Editor/2021.3.36f1/Editor/Data/Managed'
Mono path[1] = 'C:/Program Files/Unity/Hub/Editor/2021.3.36f1/Editor/Data/MonoBleedingEdge/lib/mono/unityjit-win32'
Mono config path = 'C:/Program Files/Unity/Hub/Editor/2021.3.36f1/Editor/Data/MonoBleedingEdge/etc'
Using monoOptions --debugger-agent=transport=dt_socket,embedding=1,server=y,suspend=n,address=127.0.0.1:56168
Begin MonoManager ReloadAssembly
Registering precompiled unity dll's ...
Register platform support module: C:/Program Files/Unity/Hub/Editor/2021.3.36f1/Editor/Data/PlaybackEngines/WebGLSupport/UnityEditor.WebGL.Extensions.dll
Register platform support module: C:/Program Files/Unity/Hub/Editor/2021.3.36f1/Editor/Data/PlaybackEngines/AndroidPlayer/UnityEditor.Android.Extensions.dll
Register platform support module: C:/Program Files/Unity/Hub/Editor/2021.3.36f1/Editor/Data/PlaybackEngines/iOSSupport/UnityEditor.iOS.Extensions.dll
Register platform support module: C:/Program Files/Unity/Hub/Editor/2021.3.36f1/Editor/Data/PlaybackEngines/WindowsStandaloneSupport/UnityEditor.WindowsStandalone.Extensions.dll
Registered in 0.003615 seconds.
Native extension for WindowsStandalone target not found
Failed to load: C:/Program Files/Unity/Hub/Editor/2021.3.36f1/Editor/Data/PlaybackEngines/iOSSupport\x64\UnityEditor.iOS.Native.dll
Native extension for iOS target not found
Native extension for Android target not found
Android Extension - Scanning For ADB Devices 615 ms
Native extension for WebGL target not found
Refreshing native plugins compatible for Editor in 93.83 ms, found 3 plugins.
Preloading 0 native plugins for Editor in 0.00 ms.
Mono: successfully reloaded assembly
- Completed reload, in  3.515 seconds
Domain Reload Profiling:
	ReloadAssembly (3516ms)
		BeginReloadAssembly (191ms)
			ExecutionOrderSort (0ms)
			DisableScriptedObjects (0ms)
			BackupInstance (0ms)
			ReleaseScriptingObjects (0ms)
			CreateAndSetChildDomain (1ms)
		EndReloadAssembly (2631ms)
			LoadAssemblies (189ms)
			RebuildTransferFunctionScriptingTraits (0ms)
			SetupTypeCache (788ms)
			ReleaseScriptCaches (0ms)
			RebuildScriptCaches (26ms)
			SetupLoadedEditorAssemblies (1781ms)
				LogAssemblyErrors (0ms)
				InitializePlatformSupportModulesInManaged (1546ms)
				SetLoadedEditorAssemblies (0ms)
				RefreshPlugins (94ms)
				BeforeProcessingInitializeOnLoad (1ms)
				ProcessInitializeOnLoadAttributes (81ms)
				ProcessInitializeOnLoadMethodAttributes (58ms)
				AfterProcessingInitializeOnLoad (0ms)
				EditorAssembliesLoaded (0ms)
			ExecutionOrderSort2 (0ms)
			AwakeInstancesAfterBackupRestoration (0ms)
Platform modules already initialized, skipping
Registering precompiled user dll's ...
Registered in 0.003993 seconds.
Begin MonoManager ReloadAssembly
Native extension for WindowsStandalone target not found
Failed to load: C:/Program Files/Unity/Hub/Editor/2021.3.36f1/Editor/Data/PlaybackEngines/iOSSupport\x64\UnityEditor.iOS.Native.dll
Native extension for iOS target not found
Native extension for Android target not found
Native extension for WebGL target not found
Refreshing native plugins compatible for Editor in 85.04 ms, found 3 plugins.
Preloading 0 native plugins for Editor in 0.00 ms.
Package Manager log level set to [2]
[Package Manager] Server::EnsureServerProcessIsRunning -- launch failed, reason: Unity was launched with the -noUpm command-line argument
[Package Manager] Cannot connect to Unity Package Manager local server
[ScriptCompilation] NOT recompiling all scripts because this is an import worker process. Reason to compile was: Define symbols changed
Mono: successfully reloaded assembly
- Completed reload, in  2.324 seconds
Domain Reload Profiling:
	ReloadAssembly (2326ms)
		BeginReloadAssembly (157ms)
			ExecutionOrderSort (0ms)
			DisableScriptedObjects (6ms)
			BackupInstance (0ms)
			ReleaseScriptingObjects (0ms)
			CreateAndSetChildDomain (27ms)
		EndReloadAssembly (1991ms)
			LoadAssemblies (157ms)
			RebuildTransferFunctionScriptingTraits (0ms)
			SetupTypeCache (420ms)
			ReleaseScriptCaches (0ms)
			RebuildScriptCaches (50ms)
			SetupLoadedEditorAssemblies (1317ms)
				LogAssemblyErrors (0ms)
				InitializePlatformSupportModulesInManaged (28ms)
				SetLoadedEditorAssemblies (0ms)
				RefreshPlugins (85ms)
				BeforeProcessingInitializeOnLoad (95ms)
				ProcessInitializeOnLoadAttributes (929ms)
				ProcessInitializeOnLoadMethodAttributes (167ms)
				AfterProcessingInitializeOnLoad (12ms)
				EditorAssembliesLoaded (1ms)
			ExecutionOrderSort2 (0ms)
			AwakeInstancesAfterBackupRestoration (16ms)
Platform modules already initialized, skipping
========================================================================
Worker process is ready to serve import requests
Launched and connected shader compiler UnityShaderCompiler.exe after 0.10 seconds
Refreshing native plugins compatible for Editor in 1.15 ms, found 3 plugins.
Preloading 0 native plugins for Editor in 0.00 ms.
Unloading 4470 Unused Serialized files (Serialized files now loaded: 0)
Unloading 58 unused Assets / (193.8 KB). Loaded Objects now: 4905.
Memory consumption went from 164.5 MB to 164.3 MB.
Total: 3.108000 ms (FindLiveObjects: 0.217500 ms CreateObjectMapping: 0.116600 ms MarkObjects: 2.679200 ms  DeleteObjects: 0.093600 ms)

AssetImportParameters requested are different than current active one (requested -> active):
  custom:video-decoder-ogg-theora: a1e56fd34408186e4bbccfd4996cb3dc -> 
  custom:container-muxer-webm: aa71ff27fc2769a1b78a27578f13a17b -> 
  custom:container-demuxer-webm: 4f35f7cbe854078d1ac9338744f61a02 -> 
  custom:video-encoder-webm-vp8: eb34c28f22e8b96e1ab97ce403110664 -> 
  custom:video-codec-MediaFoundation-h265: 746d11721c4dcdbdad8f713fa42b33f4 -> 
  custom:CustomObjectIndexerAttribute: bc11b3a6c3213fcdd17b65e7da85e133 -> 
  custom:audio-encoder-webm-vorbis: bf7c407c2cedff20999df2af8eb42d56 -> 
  custom:framework-win-MediaFoundation: 216162199b28c13a410421893ffa2e32 -> 
  custom:SearchIndexIgnoredProperties: e643bd26f0fe6173181afceb89e7c659 -> 
  custom:container-demuxer-ogg: 62fdf1f143b41e24485cea50d1cbac27 -> 
  custom:video-decoder-webm-vp8: 9c59270c3fd7afecdb556c50c9e8de78 -> 
  custom:audio-decoder-ogg-vorbis: bf7c407c2cedff20999df2af8eb42d56 -> 
========================================================================
Received Import Request.
  Time since last request: 225451.994717 seconds.
  path: Assets/Violet Theme Ui/White Icons/White Menu 2.png
  artifactKey: Guid(2c1995397cae9e54d8b0ea22c4adfbd1) Importer(815301076,1909f56bfc062723c751e8b465ee728b)
Number of updated assets reloaded before import = 0
Start importing Assets/Violet Theme Ui/White Icons/White Menu 2.png using Guid(2c1995397cae9e54d8b0ea22c4adfbd1) Importer(815301076,1909f56bfc062723c751e8b465ee728b)  -> (artifact id: 'd6caf5cd233d09f505d6b1e6d999ada5') in 0.153152 seconds 
Number of asset objects unloaded after import = 6
========================================================================
Received Import Request.
  Time since last request: 0.164071 seconds.
  path: Assets/Violet Theme Ui/White Icons/White Magnet.png
  artifactKey: Guid(8cfada4c89eaa6c4685c523b514b7796) Importer(815301076,1909f56bfc062723c751e8b465ee728b)
Number of updated assets reloaded before import = 0
Start importing Assets/Violet Theme Ui/White Icons/White Magnet.png using Guid(8cfada4c89eaa6c4685c523b514b7796) Importer(815301076,1909f56bfc062723c751e8b465ee728b)  -> (artifact id: 'e7a044ec7dc4aa614dfba24da179ed4e') in 0.051077 seconds 
Number of asset objects unloaded after import = 5
========================================================================
Received Import Request.
  Time since last request: 0.000027 seconds.
  path: Assets/Violet Theme Ui/White Icons/White Mask.png
  artifactKey: Guid(66696ccde8a43d84ca1148ccebc54c17) Importer(815301076,1909f56bfc062723c751e8b465ee728b)
Number of updated assets reloaded before import = 0
Start importing Assets/Violet Theme Ui/White Icons/White Mask.png using Guid(66696ccde8a43d84ca1148ccebc54c17) Importer(815301076,1909f56bfc062723c751e8b465ee728b)  -> (artifact id: '861305899e078f81bbbaa46d6db72682') in 0.038041 seconds 
Number of asset objects unloaded after import = 3
========================================================================
Received Import Request.
  Time since last request: 0.527858 seconds.
  path: Assets/Violet Theme Ui/White Icons/White Light.png
  artifactKey: Guid(bb9e6f3dfe556f944bd5b17e5bca4877) Importer(815301076,1909f56bfc062723c751e8b465ee728b)
Number of updated assets reloaded before import = 0
Start importing Assets/Violet Theme Ui/White Icons/White Light.png using Guid(bb9e6f3dfe556f944bd5b17e5bca4877) Importer(815301076,1909f56bfc062723c751e8b465ee728b)  -> (artifact id: '5b2fc67e78a07b9573e1ed4801de557e') in 0.062248 seconds 
Number of asset objects unloaded after import = 5
========================================================================
Received Import Request.
  Time since last request: 0.000017 seconds.
  path: Assets/Violet Theme Ui/White Icons/White Mace.png
  artifactKey: Guid(0fa130f929ff66d4c81226692bc322f6) Importer(815301076,1909f56bfc062723c751e8b465ee728b)
Number of updated assets reloaded before import = 0
Start importing Assets/Violet Theme Ui/White Icons/White Mace.png using Guid(0fa130f929ff66d4c81226692bc322f6) Importer(815301076,1909f56bfc062723c751e8b465ee728b)  -> (artifact id: '9cfae9e466cb21c87f95ddfef3ee6313') in 0.052827 seconds 
Number of asset objects unloaded after import = 3
========================================================================
Received Import Request.
  Time since last request: 0.021407 seconds.
  path: Assets/Violet Theme Ui/White Icons/White Layers Round.png
  artifactKey: Guid(e0a17ee233304a242ba4649f5a99cd4c) Importer(815301076,1909f56bfc062723c751e8b465ee728b)
Number of updated assets reloaded before import = 0
Start importing Assets/Violet Theme Ui/White Icons/White Layers Round.png using Guid(e0a17ee233304a242ba4649f5a99cd4c) Importer(815301076,1909f56bfc062723c751e8b465ee728b)  -> (artifact id: 'f7a491763743908c24ebd727e3c2e42c') in 0.067627 seconds 
Number of asset objects unloaded after import = 5
========================================================================
Received Import Request.
  Time since last request: 0.232834 seconds.
  path: Assets/Violet Theme Ui/White Icons/White Home 3.png
  artifactKey: Guid(14b98b7c72e2b9c45bdedc8ad103da84) Importer(815301076,1909f56bfc062723c751e8b465ee728b)
Number of updated assets reloaded before import = 0
Start importing Assets/Violet Theme Ui/White Icons/White Home 3.png using Guid(14b98b7c72e2b9c45bdedc8ad103da84) Importer(815301076,1909f56bfc062723c751e8b465ee728b)  -> (artifact id: '94c5cd456627f4f55bd726b8e961ce43') in 0.054724 seconds 
Number of asset objects unloaded after import = 3
========================================================================
Received Import Request.
  Time since last request: 0.000034 seconds.
  path: Assets/Violet Theme Ui/White Icons/White Info 1.png
  artifactKey: Guid(458eadb5d498dba4f8a494ff07209f5a) Importer(815301076,1909f56bfc062723c751e8b465ee728b)
Number of updated assets reloaded before import = 0
Start importing Assets/Violet Theme Ui/White Icons/White Info 1.png using Guid(458eadb5d498dba4f8a494ff07209f5a) Importer(815301076,1909f56bfc062723c751e8b465ee728b)  -> (artifact id: 'e80c7763e3b4361c19d36d786458c320') in 0.063605 seconds 
Number of asset objects unloaded after import = 3
========================================================================
Received Import Request.
  Time since last request: 0.000043 seconds.
  path: Assets/Violet Theme Ui/White Icons/White Key.png
  artifactKey: Guid(decd9f9d258a2a846af4921e94195170) Importer(815301076,1909f56bfc062723c751e8b465ee728b)
Number of updated assets reloaded before import = 0
Start importing Assets/Violet Theme Ui/White Icons/White Key.png using Guid(decd9f9d258a2a846af4921e94195170) Importer(815301076,1909f56bfc062723c751e8b465ee728b)  -> (artifact id: '28bf649f54f6de805cfee126992266f6') in 0.047049 seconds 
Number of asset objects unloaded after import = 3
========================================================================
Received Import Request.
  Time since last request: 0.383425 seconds.
  path: Assets/Violet Theme Ui/White Icons/White Hammer 2.png
  artifactKey: Guid(5354af62c0baa3e4885a82d901b4ec9e) Importer(815301076,1909f56bfc062723c751e8b465ee728b)
Number of updated assets reloaded before import = 0
Start importing Assets/Violet Theme Ui/White Icons/White Hammer 2.png using Guid(5354af62c0baa3e4885a82d901b4ec9e) Importer(815301076,1909f56bfc062723c751e8b465ee728b)  -> (artifact id: '655c8850ed44b3eb0d499067388fadab') in 0.042326 seconds 
Number of asset objects unloaded after import = 4
========================================================================
Received Import Request.
  Time since last request: 0.000019 seconds.
  path: Assets/Violet Theme Ui/White Icons/White Heart Arrow.png
  artifactKey: Guid(399283a628f57804cbdf1072cb8c873b) Importer(815301076,1909f56bfc062723c751e8b465ee728b)
Number of updated assets reloaded before import = 0
Start importing Assets/Violet Theme Ui/White Icons/White Heart Arrow.png using Guid(399283a628f57804cbdf1072cb8c873b) Importer(815301076,1909f56bfc062723c751e8b465ee728b)  -> (artifact id: 'ed3fee84226ad9d3027810844f6a28de') in 0.039976 seconds 
Number of asset objects unloaded after import = 3
========================================================================
Received Import Request.
  Time since last request: 0.000031 seconds.
  path: Assets/Violet Theme Ui/White Icons/White Helmet 2.png
  artifactKey: Guid(e48adbf0233bd3748bf697c59dc0d44e) Importer(815301076,1909f56bfc062723c751e8b465ee728b)
Number of updated assets reloaded before import = 0
Start importing Assets/Violet Theme Ui/White Icons/White Helmet 2.png using Guid(e48adbf0233bd3748bf697c59dc0d44e) Importer(815301076,1909f56bfc062723c751e8b465ee728b)  -> (artifact id: '4fbfd925eff0b86ef45b80fc04912cb6') in 0.036765 seconds 
Number of asset objects unloaded after import = 3
========================================================================
Received Import Request.
  Time since last request: 0.142457 seconds.
  path: Assets/Violet Theme Ui/White Icons/White Graduation Cap.png
  artifactKey: Guid(7ed692b56605d6a4489fb866afa88c2c) Importer(815301076,1909f56bfc062723c751e8b465ee728b)
Number of updated assets reloaded before import = 0
Start importing Assets/Violet Theme Ui/White Icons/White Graduation Cap.png using Guid(7ed692b56605d6a4489fb866afa88c2c) Importer(815301076,1909f56bfc062723c751e8b465ee728b)  -> (artifact id: 'daad4caaadb99114e3d9e150f4763eb0') in 0.056133 seconds 
Number of asset objects unloaded after import = 4
========================================================================
Received Import Request.
  Time since last request: 0.000029 seconds.
  path: Assets/Violet Theme Ui/White Icons/White Gun.png
  artifactKey: Guid(9ce1a11ff7aa36e4b9ad5dacd8c016f8) Importer(815301076,1909f56bfc062723c751e8b465ee728b)
Number of updated assets reloaded before import = 0
Start importing Assets/Violet Theme Ui/White Icons/White Gun.png using Guid(9ce1a11ff7aa36e4b9ad5dacd8c016f8) Importer(815301076,1909f56bfc062723c751e8b465ee728b)  -> (artifact id: '6792a629eb28a48031366e7fc5ffe793') in 0.037741 seconds 
Number of asset objects unloaded after import = 3
========================================================================
Received Import Request.
  Time since last request: 0.374877 seconds.
  path: Assets/Violet Theme Ui/White Icons/White Gem 2.png
  artifactKey: Guid(37d7ae99dc83d1d4887fb685af0baea7) Importer(815301076,1909f56bfc062723c751e8b465ee728b)
Number of updated assets reloaded before import = 0
Start importing Assets/Violet Theme Ui/White Icons/White Gem 2.png using Guid(37d7ae99dc83d1d4887fb685af0baea7) Importer(815301076,1909f56bfc062723c751e8b465ee728b)  -> (artifact id: '1e4c74a45e2acf112250c96bcf4bf94a') in 0.067344 seconds 
Number of asset objects unloaded after import = 10
========================================================================
Received Import Request.
  Time since last request: 0.224623 seconds.
  path: Assets/Violet Theme Ui/White Icons/White Gear 2.png
  artifactKey: Guid(1aeed7b3f15aff04494ae81ad74349e0) Importer(815301076,1909f56bfc062723c751e8b465ee728b)
Number of updated assets reloaded before import = 0
Start importing Assets/Violet Theme Ui/White Icons/White Gear 2.png using Guid(1aeed7b3f15aff04494ae81ad74349e0) Importer(815301076,1909f56bfc062723c751e8b465ee728b)  -> (artifact id: '7dbad45633829446342708bf782e5e21') in 0.037317 seconds 
Number of asset objects unloaded after import = 3
========================================================================
Received Import Request.
  Time since last request: 0.185826 seconds.
  path: Assets/Violet Theme Ui/White Icons/White Folder 2.png
  artifactKey: Guid(b5a4eb1bb81a3c741942fc1012c53fca) Importer(815301076,1909f56bfc062723c751e8b465ee728b)
Number of updated assets reloaded before import = 0
Start importing Assets/Violet Theme Ui/White Icons/White Folder 2.png using Guid(b5a4eb1bb81a3c741942fc1012c53fca) Importer(815301076,1909f56bfc062723c751e8b465ee728b)  -> (artifact id: '14c9c1f1572a8dd827175439195eb560') in 0.040370 seconds 
Number of asset objects unloaded after import = 4
========================================================================
Received Import Request.
  Time since last request: 0.000020 seconds.
  path: Assets/Violet Theme Ui/White Icons/White Gear 1.png
  artifactKey: Guid(947a4a4150039314191f967d35886cf1) Importer(815301076,1909f56bfc062723c751e8b465ee728b)
Number of updated assets reloaded before import = 0
Start importing Assets/Violet Theme Ui/White Icons/White Gear 1.png using Guid(947a4a4150039314191f967d35886cf1) Importer(815301076,1909f56bfc062723c751e8b465ee728b)  -> (artifact id: '9b2c88cf090ad7f074703a7aa3c03b2e') in 0.042638 seconds 
Number of asset objects unloaded after import = 3
========================================================================
Received Import Request.
  Time since last request: 0.645789 seconds.
  path: Assets/Violet Theme Ui/White Icons/White Female.png
  artifactKey: Guid(34bf72806fa81cb4a871018b3fa1f88c) Importer(815301076,1909f56bfc062723c751e8b465ee728b)
Number of updated assets reloaded before import = 0
Start importing Assets/Violet Theme Ui/White Icons/White Female.png using Guid(34bf72806fa81cb4a871018b3fa1f88c) Importer(815301076,1909f56bfc062723c751e8b465ee728b)  -> (artifact id: '5134438198fc21c942728c235eadb795') in 0.053151 seconds 
Number of asset objects unloaded after import = 3
========================================================================
Received Import Request.
  Time since last request: 0.000022 seconds.
  path: Assets/Violet Theme Ui/White Icons/White Fire.png
  artifactKey: Guid(8b75ff1a4e6dd3b4d97bd28dc17ff4b9) Importer(815301076,1909f56bfc062723c751e8b465ee728b)
Number of updated assets reloaded before import = 0
Start importing Assets/Violet Theme Ui/White Icons/White Fire.png using Guid(8b75ff1a4e6dd3b4d97bd28dc17ff4b9) Importer(815301076,1909f56bfc062723c751e8b465ee728b)  -> (artifact id: '6f5a3712468d3cc5e510ad3bda5519f6') in 0.054914 seconds 
Number of asset objects unloaded after import = 3
========================================================================
Received Import Request.
  Time since last request: 0.000029 seconds.
  path: Assets/Violet Theme Ui/White Icons/White Fish 1.png
  artifactKey: Guid(e9f5ffbfecb772241b4a237e6f94e80d) Importer(815301076,1909f56bfc062723c751e8b465ee728b)
Number of updated assets reloaded before import = 0
Start importing Assets/Violet Theme Ui/White Icons/White Fish 1.png using Guid(e9f5ffbfecb772241b4a237e6f94e80d) Importer(815301076,1909f56bfc062723c751e8b465ee728b)  -> (artifact id: 'a632b2296e9688164fe86b9f6678d611') in 0.045027 seconds 
Number of asset objects unloaded after import = 4
========================================================================
Received Import Request.
  Time since last request: 0.077578 seconds.
  path: Assets/Violet Theme Ui/White Icons/White Expand.png
  artifactKey: Guid(dcaf568f4227a954bb38a1f968381054) Importer(815301076,1909f56bfc062723c751e8b465ee728b)
Number of updated assets reloaded before import = 0
Start importing Assets/Violet Theme Ui/White Icons/White Expand.png using Guid(dcaf568f4227a954bb38a1f968381054) Importer(815301076,1909f56bfc062723c751e8b465ee728b)  -> (artifact id: 'af482539a3e3cf67463daccdc9a3fcff') in 0.043563 seconds 
Number of asset objects unloaded after import = 6
========================================================================
Received Import Request.
  Time since last request: 0.000020 seconds.
  path: Assets/Violet Theme Ui/White Icons/White Fan.png
  artifactKey: Guid(83c3b7682f149604e8ca948a8de4387e) Importer(815301076,1909f56bfc062723c751e8b465ee728b)
Number of updated assets reloaded before import = 0
Start importing Assets/Violet Theme Ui/White Icons/White Fan.png using Guid(83c3b7682f149604e8ca948a8de4387e) Importer(815301076,1909f56bfc062723c751e8b465ee728b)  -> (artifact id: 'dcd06d20e18cb956695a8b8aeeae4611') in 0.044099 seconds 
Number of asset objects unloaded after import = 6
========================================================================
Received Import Request.
  Time since last request: 0.216452 seconds.
  path: Assets/Violet Theme Ui/White Icons/White Disc.png
  artifactKey: Guid(2c248267db061ba4ebd1526d75220aec) Importer(815301076,1909f56bfc062723c751e8b465ee728b)
Number of updated assets reloaded before import = 0
Start importing Assets/Violet Theme Ui/White Icons/White Disc.png using Guid(2c248267db061ba4ebd1526d75220aec) Importer(815301076,1909f56bfc062723c751e8b465ee728b)  -> (artifact id: 'd169917c97f0324407148d9b442c2336') in 0.046535 seconds 
Number of asset objects unloaded after import = 3
========================================================================
Received Import Request.
  Time since last request: 0.000017 seconds.
  path: Assets/Violet Theme Ui/White Icons/White Energy.png
  artifactKey: Guid(11627667c4ccf3f499c7661a8781abba) Importer(815301076,1909f56bfc062723c751e8b465ee728b)
Number of updated assets reloaded before import = 0
Start importing Assets/Violet Theme Ui/White Icons/White Energy.png using Guid(11627667c4ccf3f499c7661a8781abba) Importer(815301076,1909f56bfc062723c751e8b465ee728b)  -> (artifact id: '90f8ab07c42f901f89034e9b08ed17b3') in 0.040150 seconds 
Number of asset objects unloaded after import = 3
========================================================================
Received Import Request.
  Time since last request: 0.366304 seconds.
  path: Assets/Violet Theme Ui/White Icons/White Cross.png
  artifactKey: Guid(a292199eee9f1e54bb7060b491996fbe) Importer(815301076,1909f56bfc062723c751e8b465ee728b)
Number of updated assets reloaded before import = 0
Start importing Assets/Violet Theme Ui/White Icons/White Cross.png using Guid(a292199eee9f1e54bb7060b491996fbe) Importer(815301076,1909f56bfc062723c751e8b465ee728b)  -> (artifact id: '478bf765378763293d645a9532073d84') in 0.041486 seconds 
Number of asset objects unloaded after import = 3
========================================================================
Received Import Request.
  Time since last request: 0.000017 seconds.
  path: Assets/Violet Theme Ui/White Icons/White Dice.png
  artifactKey: Guid(4df7d6be0df6c3c4eb6602808ef5144e) Importer(815301076,1909f56bfc062723c751e8b465ee728b)
Number of updated assets reloaded before import = 0
Start importing Assets/Violet Theme Ui/White Icons/White Dice.png using Guid(4df7d6be0df6c3c4eb6602808ef5144e) Importer(815301076,1909f56bfc062723c751e8b465ee728b)  -> (artifact id: '39f168329f240598a058996084efe44a') in 0.059667 seconds 
Number of asset objects unloaded after import = 5
========================================================================
Received Import Request.
  Time since last request: 0.221698 seconds.
  path: Assets/Violet Theme Ui/White Icons/White Compress.png
  artifactKey: Guid(3133d4ad30dcfce4c8c365055d6645c7) Importer(815301076,1909f56bfc062723c751e8b465ee728b)
Number of updated assets reloaded before import = 0
Start importing Assets/Violet Theme Ui/White Icons/White Compress.png using Guid(3133d4ad30dcfce4c8c365055d6645c7) Importer(815301076,1909f56bfc062723c751e8b465ee728b)  -> (artifact id: '49bf1a987676d56345850ef590f661c6') in 0.058358 seconds 
Number of asset objects unloaded after import = 6
========================================================================
Received Import Request.
  Time since last request: 0.478164 seconds.
  path: Assets/Violet Theme Ui/White Icons/White Choices.png
  artifactKey: Guid(7019cc732dcbc284cafdcb1d32018068) Importer(815301076,1909f56bfc062723c751e8b465ee728b)
Number of updated assets reloaded before import = 0
Start importing Assets/Violet Theme Ui/White Icons/White Choices.png using Guid(7019cc732dcbc284cafdcb1d32018068) Importer(815301076,1909f56bfc062723c751e8b465ee728b)  -> (artifact id: 'c4dec51b8bd4bc5abafbf4cb7aa7d569') in 0.063462 seconds 
Number of asset objects unloaded after import = 6
========================================================================
Received Import Request.
  Time since last request: 0.000019 seconds.
  path: Assets/Violet Theme Ui/White Icons/White Clock.png
  artifactKey: Guid(963e3ccea09488348a07e88fcbefd958) Importer(815301076,1909f56bfc062723c751e8b465ee728b)
Number of updated assets reloaded before import = 0
Start importing Assets/Violet Theme Ui/White Icons/White Clock.png using Guid(963e3ccea09488348a07e88fcbefd958) Importer(815301076,1909f56bfc062723c751e8b465ee728b)  -> (artifact id: '803b3c944b6610c24f3f2fc8baaa841c') in 0.034960 seconds 
Number of asset objects unloaded after import = 3
========================================================================
Received Import Request.
  Time since last request: 0.000021 seconds.
  path: Assets/Violet Theme Ui/White Icons/White Compass.png
  artifactKey: Guid(12e105ba6efad2142bbc212df2701300) Importer(815301076,1909f56bfc062723c751e8b465ee728b)
Number of updated assets reloaded before import = 0
Start importing Assets/Violet Theme Ui/White Icons/White Compass.png using Guid(12e105ba6efad2142bbc212df2701300) Importer(815301076,1909f56bfc062723c751e8b465ee728b)  -> (artifact id: '15646db749f3158192adb493afc4fcae') in 0.049734 seconds 
Number of asset objects unloaded after import = 3
========================================================================
Received Import Request.
  Time since last request: 0.000035 seconds.
  path: Assets/Violet Theme Ui/White Icons/White Cloud.png
  artifactKey: Guid(83c044260d3230e45b3a6cb006416df2) Importer(815301076,1909f56bfc062723c751e8b465ee728b)
Number of updated assets reloaded before import = 0
Start importing Assets/Violet Theme Ui/White Icons/White Cloud.png using Guid(83c044260d3230e45b3a6cb006416df2) Importer(815301076,1909f56bfc062723c751e8b465ee728b)  -> (artifact id: '883ca6e3eff48fd543c1688730e45aa4') in 0.047044 seconds 
Number of asset objects unloaded after import = 3
========================================================================
Received Import Request.
  Time since last request: 0.172635 seconds.
  path: Assets/Violet Theme Ui/White Icons/White Chat 2.png
  artifactKey: Guid(b87089d14f7860c41984539bdf4bb177) Importer(815301076,1909f56bfc062723c751e8b465ee728b)
Number of updated assets reloaded before import = 0
Start importing Assets/Violet Theme Ui/White Icons/White Chat 2.png using Guid(b87089d14f7860c41984539bdf4bb177) Importer(815301076,1909f56bfc062723c751e8b465ee728b)  -> (artifact id: '66001626f5fc5a02eef2dfd2f71a5419') in 0.045720 seconds 
Number of asset objects unloaded after import = 3
========================================================================
Received Import Request.
  Time since last request: 0.000021 seconds.
  path: Assets/Violet Theme Ui/White Icons/White Check.png
  artifactKey: Guid(cfd28c4685f7c504c8541bb8903d4ec8) Importer(815301076,1909f56bfc062723c751e8b465ee728b)
Number of updated assets reloaded before import = 0
Start importing Assets/Violet Theme Ui/White Icons/White Check.png using Guid(cfd28c4685f7c504c8541bb8903d4ec8) Importer(815301076,1909f56bfc062723c751e8b465ee728b)  -> (artifact id: '2e3592af54d47baad1458db367387811') in 0.035309 seconds 
Number of asset objects unloaded after import = 3
========================================================================
Received Import Request.
  Time since last request: 0.075603 seconds.
  path: Assets/Violet Theme Ui/White Icons/White Cart.png
  artifactKey: Guid(cfdbd5242e19eb8438226557819869a0) Importer(815301076,1909f56bfc062723c751e8b465ee728b)
Number of updated assets reloaded before import = 0
Start importing Assets/Violet Theme Ui/White Icons/White Cart.png using Guid(cfdbd5242e19eb8438226557819869a0) Importer(815301076,1909f56bfc062723c751e8b465ee728b)  -> (artifact id: 'e2d6ebb987d44f54c52f790d9ee0c5da') in 0.062795 seconds 
Number of asset objects unloaded after import = 5
========================================================================
Received Import Request.
  Time since last request: 0.871967 seconds.
  path: Assets/Violet Theme Ui/White Icons/White Calculator.png
  artifactKey: Guid(5fd6ea44dbbd9d046872ded11c5decf5) Importer(815301076,1909f56bfc062723c751e8b465ee728b)
Number of updated assets reloaded before import = 0
Start importing Assets/Violet Theme Ui/White Icons/White Calculator.png using Guid(5fd6ea44dbbd9d046872ded11c5decf5) Importer(815301076,1909f56bfc062723c751e8b465ee728b)  -> (artifact id: 'f26074d9eb85f5adb19ae9823412e968') in 0.048807 seconds 
Number of asset objects unloaded after import = 3
========================================================================
Received Import Request.
  Time since last request: 0.000041 seconds.
  path: Assets/Violet Theme Ui/White Icons/White Calendar 3.png
  artifactKey: Guid(12eb67918fb8c0540950ec4de2d608b3) Importer(815301076,1909f56bfc062723c751e8b465ee728b)
Number of updated assets reloaded before import = 0
Start importing Assets/Violet Theme Ui/White Icons/White Calendar 3.png using Guid(12eb67918fb8c0540950ec4de2d608b3) Importer(815301076,1909f56bfc062723c751e8b465ee728b)  -> (artifact id: '466daeb6e544286e48bc3692f412f2d9') in 0.059715 seconds 
Number of asset objects unloaded after import = 4
========================================================================
Received Import Request.
  Time since last request: 0.186036 seconds.
  path: Assets/Violet Theme Ui/White Icons/White Bow.png
  artifactKey: Guid(139896ae9c7105140bf96a66f05e1c40) Importer(815301076,1909f56bfc062723c751e8b465ee728b)
Number of updated assets reloaded before import = 0
Start importing Assets/Violet Theme Ui/White Icons/White Bow.png using Guid(139896ae9c7105140bf96a66f05e1c40) Importer(815301076,1909f56bfc062723c751e8b465ee728b)  -> (artifact id: '2c8537275cf22ba0e2b1dad6844b9e67') in 0.062221 seconds 
Number of asset objects unloaded after import = 3
========================================================================
Received Import Request.
  Time since last request: 0.000018 seconds.
  path: Assets/Violet Theme Ui/White Icons/White Building.png
  artifactKey: Guid(3580e3b3da4859240ac7a3e3c6cedc81) Importer(815301076,1909f56bfc062723c751e8b465ee728b)
Number of updated assets reloaded before import = 0
Start importing Assets/Violet Theme Ui/White Icons/White Building.png using Guid(3580e3b3da4859240ac7a3e3c6cedc81) Importer(815301076,1909f56bfc062723c751e8b465ee728b)  -> (artifact id: 'f5af0104d4537b8e3a8feda0d61ef591') in 0.037694 seconds 
Number of asset objects unloaded after import = 3
========================================================================
Received Import Request.
  Time since last request: 0.327084 seconds.
  path: Assets/Violet Theme Ui/White Icons/White Book 2.png
  artifactKey: Guid(c481e9467be21884f91a1ee7aa1cf73b) Importer(815301076,1909f56bfc062723c751e8b465ee728b)
Number of updated assets reloaded before import = 0
Start importing Assets/Violet Theme Ui/White Icons/White Book 2.png using Guid(c481e9467be21884f91a1ee7aa1cf73b) Importer(815301076,1909f56bfc062723c751e8b465ee728b)  -> (artifact id: '0fd0ef7bc910169932e12919e180570b') in 0.037051 seconds 
Number of asset objects unloaded after import = 4
========================================================================
Received Import Request.
  Time since last request: 0.221784 seconds.
  path: Assets/Violet Theme Ui/White Icons/White Blade 3.png
  artifactKey: Guid(75b002f5320d0204fbb110edd8b21bbd) Importer(815301076,1909f56bfc062723c751e8b465ee728b)
Number of updated assets reloaded before import = 0
Start importing Assets/Violet Theme Ui/White Icons/White Blade 3.png using Guid(75b002f5320d0204fbb110edd8b21bbd) Importer(815301076,1909f56bfc062723c751e8b465ee728b)  -> (artifact id: 'a1e055c0f9b35a17105beaf71dbdaeff') in 0.059064 seconds 
Number of asset objects unloaded after import = 4
========================================================================
Received Import Request.
  Time since last request: 0.000034 seconds.
  path: Assets/Violet Theme Ui/White Icons/White Bomb 1.png
  artifactKey: Guid(e46522e28efe3b849b09ef69fc569232) Importer(815301076,1909f56bfc062723c751e8b465ee728b)
Number of updated assets reloaded before import = 0
Start importing Assets/Violet Theme Ui/White Icons/White Bomb 1.png using Guid(e46522e28efe3b849b09ef69fc569232) Importer(815301076,1909f56bfc062723c751e8b465ee728b)  -> (artifact id: '949d79a0e13a3a53e816912ff282aec5') in 0.078894 seconds 
Number of asset objects unloaded after import = 5
========================================================================
Received Import Request.
  Time since last request: 0.042988 seconds.
  path: Assets/Violet Theme Ui/White Icons/White Battery Half.png
  artifactKey: Guid(b8c37e2574275e84aa76ff34202f1b2c) Importer(815301076,1909f56bfc062723c751e8b465ee728b)
Number of updated assets reloaded before import = 0
Start importing Assets/Violet Theme Ui/White Icons/White Battery Half.png using Guid(b8c37e2574275e84aa76ff34202f1b2c) Importer(815301076,1909f56bfc062723c751e8b465ee728b)  -> (artifact id: '3cefdf664ee344217d88ef2d06dcf422') in 0.046810 seconds 
Number of asset objects unloaded after import = 4
========================================================================
Received Import Request.
  Time since last request: 0.000023 seconds.
  path: Assets/Violet Theme Ui/White Icons/White Blade 2.png
  artifactKey: Guid(645d5009f90f1804ab28fa2119bc9f9d) Importer(815301076,1909f56bfc062723c751e8b465ee728b)
Number of updated assets reloaded before import = 0
Start importing Assets/Violet Theme Ui/White Icons/White Blade 2.png using Guid(645d5009f90f1804ab28fa2119bc9f9d) Importer(815301076,1909f56bfc062723c751e8b465ee728b)  -> (artifact id: 'b8b3970a323a43ac1a7513fb81de0c1e') in 0.048414 seconds 
Number of asset objects unloaded after import = 4
========================================================================
Received Import Request.
  Time since last request: 0.433809 seconds.
  path: Assets/Violet Theme Ui/White Icons/White Banner.png
  artifactKey: Guid(88af35d2d0b4e324dad1d706b38e1bda) Importer(815301076,1909f56bfc062723c751e8b465ee728b)
Number of updated assets reloaded before import = 0
Start importing Assets/Violet Theme Ui/White Icons/White Banner.png using Guid(88af35d2d0b4e324dad1d706b38e1bda) Importer(815301076,1909f56bfc062723c751e8b465ee728b)  -> (artifact id: '23086ac244c1f974e8e2986e5353d4e4') in 0.049716 seconds 
Number of asset objects unloaded after import = 7
========================================================================
Received Import Request.
  Time since last request: 0.071736 seconds.
  path: Assets/Violet Theme Ui/White Icons/White Backward.png
  artifactKey: Guid(7b1fc72ce1c2e774fae4dc31adce7ebf) Importer(815301076,1909f56bfc062723c751e8b465ee728b)
Number of updated assets reloaded before import = 0
Start importing Assets/Violet Theme Ui/White Icons/White Backward.png using Guid(7b1fc72ce1c2e774fae4dc31adce7ebf) Importer(815301076,1909f56bfc062723c751e8b465ee728b)  -> (artifact id: 'b96746842a2bedebdbdc6907cb7cb45d') in 0.035084 seconds 
Number of asset objects unloaded after import = 3
========================================================================
Received Import Request.
  Time since last request: 0.443857 seconds.
  path: Assets/Violet Theme Ui/White Icons/White Arrow.png
  artifactKey: Guid(c50ddbba5ed77344c947c12c3e69d01d) Importer(815301076,1909f56bfc062723c751e8b465ee728b)
Number of updated assets reloaded before import = 0
Start importing Assets/Violet Theme Ui/White Icons/White Arrow.png using Guid(c50ddbba5ed77344c947c12c3e69d01d) Importer(815301076,1909f56bfc062723c751e8b465ee728b)  -> (artifact id: '0827a56df254fe032a9bd3163ed1902a') in 0.043031 seconds 
Number of asset objects unloaded after import = 4
========================================================================
Received Import Request.
  Time since last request: 0.000016 seconds.
  path: Assets/Violet Theme Ui/White Icons/White Backward 2.png
  artifactKey: Guid(c962ddd9b0a42d3418bf5991eb64eeb8) Importer(815301076,1909f56bfc062723c751e8b465ee728b)
Number of updated assets reloaded before import = 0
Start importing Assets/Violet Theme Ui/White Icons/White Backward 2.png using Guid(c962ddd9b0a42d3418bf5991eb64eeb8) Importer(815301076,1909f56bfc062723c751e8b465ee728b)  -> (artifact id: '1226a13b5a177b1afd4e90975c2a6560') in 0.039959 seconds 
Number of asset objects unloaded after import = 3
========================================================================
Received Import Request.
  Time since last request: 0.036530 seconds.
  path: Assets/Violet Theme Ui/White Icons/White Alarm 2 off.png
  artifactKey: Guid(2e49d973a56a83b428bf9346752a6cf3) Importer(815301076,1909f56bfc062723c751e8b465ee728b)
Number of updated assets reloaded before import = 0
Start importing Assets/Violet Theme Ui/White Icons/White Alarm 2 off.png using Guid(2e49d973a56a83b428bf9346752a6cf3) Importer(815301076,1909f56bfc062723c751e8b465ee728b)  -> (artifact id: 'ab5bfd8be4b29b96ec405b177d64f115') in 0.035435 seconds 
Number of asset objects unloaded after import = 3
========================================================================
Received Import Request.
  Time since last request: 0.000019 seconds.
  path: Assets/Violet Theme Ui/White Icons/White Alert.png
  artifactKey: Guid(a9f32f23d12396345a8684444399eba2) Importer(815301076,1909f56bfc062723c751e8b465ee728b)
Number of updated assets reloaded before import = 0
Start importing Assets/Violet Theme Ui/White Icons/White Alert.png using Guid(a9f32f23d12396345a8684444399eba2) Importer(815301076,1909f56bfc062723c751e8b465ee728b)  -> (artifact id: 'abbd7ec7590d7d5ebba37bdf3238a1cf') in 0.035797 seconds 
Number of asset objects unloaded after import = 4
========================================================================
Received Import Request.
  Time since last request: 0.466664 seconds.
  path: Assets/Store Assets/Simple Vector Icons/128px/UI_Icon_ZoomOut.png
  artifactKey: Guid(75299ce4b650f43cb90fde2a4990c3ed) Importer(815301076,1909f56bfc062723c751e8b465ee728b)
Number of updated assets reloaded before import = 0
Start importing Assets/Store Assets/Simple Vector Icons/128px/UI_Icon_ZoomOut.png using Guid(75299ce4b650f43cb90fde2a4990c3ed) Importer(815301076,1909f56bfc062723c751e8b465ee728b)  -> (artifact id: 'd555154cc64489b1605d9e2254c80da4') in 0.056601 seconds 
Number of asset objects unloaded after import = 3
========================================================================
Received Import Request.
  Time since last request: 0.000026 seconds.
  path: Assets/Violet Theme Ui/White Icons/White Add.png
  artifactKey: Guid(6ae0fe68f93b83843b430c78ad694acc) Importer(815301076,1909f56bfc062723c751e8b465ee728b)
Number of updated assets reloaded before import = 0
Start importing Assets/Violet Theme Ui/White Icons/White Add.png using Guid(6ae0fe68f93b83843b430c78ad694acc) Importer(815301076,1909f56bfc062723c751e8b465ee728b)  -> (artifact id: '33855d778dd3b355b783925beb636109') in 0.052052 seconds 
Number of asset objects unloaded after import = 3
========================================================================
Received Import Request.
  Time since last request: 0.077673 seconds.
  path: Assets/Store Assets/Simple Vector Icons/128px/UI_Icon_Umbrella.png
  artifactKey: Guid(7b972e448813946c6a4972f077dc74a3) Importer(815301076,1909f56bfc062723c751e8b465ee728b)
Number of updated assets reloaded before import = 0
Start importing Assets/Store Assets/Simple Vector Icons/128px/UI_Icon_Umbrella.png using Guid(7b972e448813946c6a4972f077dc74a3) Importer(815301076,1909f56bfc062723c751e8b465ee728b)  -> (artifact id: '89a6a1f24fa85fe7845ae2edde9e3ef8') in 0.056466 seconds 
Number of asset objects unloaded after import = 3
========================================================================
Received Import Request.
  Time since last request: 0.000036 seconds.
  path: Assets/Store Assets/Simple Vector Icons/128px/UI_Icon_Wifi.png
  artifactKey: Guid(323de550b765d4d9ca06025bace6670c) Importer(815301076,1909f56bfc062723c751e8b465ee728b)
Number of updated assets reloaded before import = 0
Start importing Assets/Store Assets/Simple Vector Icons/128px/UI_Icon_Wifi.png using Guid(323de550b765d4d9ca06025bace6670c) Importer(815301076,1909f56bfc062723c751e8b465ee728b)  -> (artifact id: '371d478e3fc4daa2272f46fc7e41597a') in 0.082308 seconds 
Number of asset objects unloaded after import = 3
========================================================================
Received Import Request.
  Time since last request: 0.000034 seconds.
  path: Assets/Store Assets/Simple Vector Icons/128px/UI_Icon_Wallet.png
  artifactKey: Guid(f5dc6872b084a4d7ea5a5a465b8ce21c) Importer(815301076,1909f56bfc062723c751e8b465ee728b)
Number of updated assets reloaded before import = 0
Start importing Assets/Store Assets/Simple Vector Icons/128px/UI_Icon_Wallet.png using Guid(f5dc6872b084a4d7ea5a5a465b8ce21c) Importer(815301076,1909f56bfc062723c751e8b465ee728b)  -> (artifact id: 'b741a8b83e0b2c5be7650c12003564e2') in 0.071427 seconds 
Number of asset objects unloaded after import = 3
========================================================================
Received Import Request.
  Time since last request: 0.000054 seconds.
  path: Assets/Store Assets/Simple Vector Icons/128px/UI_Icon_ZoomIn.png
  artifactKey: Guid(33990fc8435304855921f7924c282f98) Importer(815301076,1909f56bfc062723c751e8b465ee728b)
Number of updated assets reloaded before import = 0
Start importing Assets/Store Assets/Simple Vector Icons/128px/UI_Icon_ZoomIn.png using Guid(33990fc8435304855921f7924c282f98) Importer(815301076,1909f56bfc062723c751e8b465ee728b)  -> (artifact id: 'b8cd536e90c2430acfa2843bcc3a93ec') in 0.066719 seconds 
Number of asset objects unloaded after import = 3
========================================================================
Received Import Request.
  Time since last request: 0.061493 seconds.
  path: Assets/Store Assets/Simple Vector Icons/128px/UI_Icon_Ticket.png
  artifactKey: Guid(cb738fc3e39f947989c339aa06133db4) Importer(815301076,1909f56bfc062723c751e8b465ee728b)
Number of updated assets reloaded before import = 0
Start importing Assets/Store Assets/Simple Vector Icons/128px/UI_Icon_Ticket.png using Guid(cb738fc3e39f947989c339aa06133db4) Importer(815301076,1909f56bfc062723c751e8b465ee728b)  -> (artifact id: '0da5c4423a59800c5f5c6f5ab0eac76b') in 0.070178 seconds 
Number of asset objects unloaded after import = 3
========================================================================
Received Import Request.
  Time since last request: 0.000033 seconds.
  path: Assets/Store Assets/Simple Vector Icons/128px/UI_Icon_TurnAround.png
  artifactKey: Guid(f24f28f98280343b0a3efbade43a6805) Importer(815301076,1909f56bfc062723c751e8b465ee728b)
Number of updated assets reloaded before import = 0
Start importing Assets/Store Assets/Simple Vector Icons/128px/UI_Icon_TurnAround.png using Guid(f24f28f98280343b0a3efbade43a6805) Importer(815301076,1909f56bfc062723c751e8b465ee728b)  -> (artifact id: '09d92a9a4413dae811af301017c69676') in 0.061765 seconds 
Number of asset objects unloaded after import = 3
========================================================================
Received Import Request.
  Time since last request: 0.000036 seconds.
  path: Assets/Store Assets/Simple Vector Icons/128px/UI_Icon_TurnLeft.png
  artifactKey: Guid(8f8588eda0543417a9ae333f6cbff473) Importer(815301076,1909f56bfc062723c751e8b465ee728b)
Number of updated assets reloaded before import = 0
Start importing Assets/Store Assets/Simple Vector Icons/128px/UI_Icon_TurnLeft.png using Guid(8f8588eda0543417a9ae333f6cbff473) Importer(815301076,1909f56bfc062723c751e8b465ee728b)  -> (artifact id: 'cf9d3dcef960e0e1ad59d1bd0192e55b') in 0.068445 seconds 
Number of asset objects unloaded after import = 3
========================================================================
Received Import Request.
  Time since last request: 0.000054 seconds.
  path: Assets/Store Assets/Simple Vector Icons/128px/UI_Icon_Trending.png
  artifactKey: Guid(ad75d403df2244f61b6121a1a20febaf) Importer(815301076,1909f56bfc062723c751e8b465ee728b)
Number of updated assets reloaded before import = 0
Start importing Assets/Store Assets/Simple Vector Icons/128px/UI_Icon_Trending.png using Guid(ad75d403df2244f61b6121a1a20febaf) Importer(815301076,1909f56bfc062723c751e8b465ee728b)  -> (artifact id: 'eb43955912d0dcb204f2d54a93fe5700') in 0.074599 seconds 
Number of asset objects unloaded after import = 3
========================================================================
Received Import Request.
  Time since last request: 1.271425 seconds.
  path: Assets/Store Assets/Simple Vector Icons/128px/UI_Icon_Store.png
  artifactKey: Guid(125f4eb0ac638446986e279b4c4181ad) Importer(815301076,1909f56bfc062723c751e8b465ee728b)
Number of updated assets reloaded before import = 0
Start importing Assets/Store Assets/Simple Vector Icons/128px/UI_Icon_Store.png using Guid(125f4eb0ac638446986e279b4c4181ad) Importer(815301076,1909f56bfc062723c751e8b465ee728b)  -> (artifact id: 'b9840675513e1dd39f457b4e1044fdb5') in 0.073973 seconds 
Number of asset objects unloaded after import = 3
========================================================================
Received Import Request.
  Time since last request: 0.000022 seconds.
  path: Assets/Store Assets/Simple Vector Icons/128px/UI_Icon_Thermo4.png
  artifactKey: Guid(80e3805f7f0544d4fa41e250af0b8d54) Importer(815301076,1909f56bfc062723c751e8b465ee728b)
Number of updated assets reloaded before import = 0
Start importing Assets/Store Assets/Simple Vector Icons/128px/UI_Icon_Thermo4.png using Guid(80e3805f7f0544d4fa41e250af0b8d54) Importer(815301076,1909f56bfc062723c751e8b465ee728b)  -> (artifact id: 'eff713ca2cb413a353bc7fe9895d8cb9') in 0.060749 seconds 
Number of asset objects unloaded after import = 3
========================================================================
Received Import Request.
  Time since last request: 0.000027 seconds.
  path: Assets/Store Assets/Simple Vector Icons/128px/UI_Icon_Thermo2.png
  artifactKey: Guid(f95e0234f06de4189b8a506f38c413d3) Importer(815301076,1909f56bfc062723c751e8b465ee728b)
Number of updated assets reloaded before import = 0
Start importing Assets/Store Assets/Simple Vector Icons/128px/UI_Icon_Thermo2.png using Guid(f95e0234f06de4189b8a506f38c413d3) Importer(815301076,1909f56bfc062723c751e8b465ee728b)  -> (artifact id: '71877b90e523dddabb054be76e950ac2') in 0.051070 seconds 
Number of asset objects unloaded after import = 3
========================================================================
Received Import Request.
  Time since last request: 0.000023 seconds.
  path: Assets/Store Assets/Simple Vector Icons/128px/UI_Icon_Swap.png
  artifactKey: Guid(36363d95dfa7745d7884deacae15d0a9) Importer(815301076,1909f56bfc062723c751e8b465ee728b)
Number of updated assets reloaded before import = 0
Start importing Assets/Store Assets/Simple Vector Icons/128px/UI_Icon_Swap.png using Guid(36363d95dfa7745d7884deacae15d0a9) Importer(815301076,1909f56bfc062723c751e8b465ee728b)  -> (artifact id: '123a931f2ca81933439af04b28917cd2') in 0.072901 seconds 
Number of asset objects unloaded after import = 3
========================================================================
Received Import Request.
  Time since last request: 0.114186 seconds.
  path: Assets/Store Assets/Simple Vector Icons/128px/UI_Icon_SortABC1.png
  artifactKey: Guid(25324a1c84bf74339ac619399895408a) Importer(815301076,1909f56bfc062723c751e8b465ee728b)
Number of updated assets reloaded before import = 0
Start importing Assets/Store Assets/Simple Vector Icons/128px/UI_Icon_SortABC1.png using Guid(25324a1c84bf74339ac619399895408a) Importer(815301076,1909f56bfc062723c751e8b465ee728b)  -> (artifact id: 'b4328103c98954806b1dda8299d03eda') in 0.059868 seconds 
Number of asset objects unloaded after import = 3
========================================================================
Received Import Request.
  Time since last request: 0.000036 seconds.
  path: Assets/Store Assets/Simple Vector Icons/128px/UI_Icon_Steam.png
  artifactKey: Guid(d7311857c26a94f88bb63dd96edc4bcd) Importer(815301076,1909f56bfc062723c751e8b465ee728b)
Number of updated assets reloaded before import = 0
Start importing Assets/Store Assets/Simple Vector Icons/128px/UI_Icon_Steam.png using Guid(d7311857c26a94f88bb63dd96edc4bcd) Importer(815301076,1909f56bfc062723c751e8b465ee728b)  -> (artifact id: '27cedd7052ffc1745e3743285dcf32ff') in 0.062155 seconds 
Number of asset objects unloaded after import = 3
========================================================================
Received Import Request.
  Time since last request: 0.000042 seconds.
  path: Assets/Store Assets/Simple Vector Icons/128px/UI_Icon_Star.png
  artifactKey: Guid(db443e2dd87b74181992a397527a483e) Importer(815301076,1909f56bfc062723c751e8b465ee728b)
Number of updated assets reloaded before import = 0
Start importing Assets/Store Assets/Simple Vector Icons/128px/UI_Icon_Star.png using Guid(db443e2dd87b74181992a397527a483e) Importer(815301076,1909f56bfc062723c751e8b465ee728b)  -> (artifact id: 'dbed781142df195f17ed02f97f14a266') in 0.058569 seconds 
Number of asset objects unloaded after import = 3
========================================================================
Received Import Request.
  Time since last request: 0.000027 seconds.
  path: Assets/Store Assets/Simple Vector Icons/128px/UI_Icon_SoundOff.png
  artifactKey: Guid(5f393014c067b4ee09b975d451aa3385) Importer(815301076,1909f56bfc062723c751e8b465ee728b)
Number of updated assets reloaded before import = 0
Start importing Assets/Store Assets/Simple Vector Icons/128px/UI_Icon_SoundOff.png using Guid(5f393014c067b4ee09b975d451aa3385) Importer(815301076,1909f56bfc062723c751e8b465ee728b)  -> (artifact id: '8e97cdade23282ecc402faac25afc5ea') in 0.061561 seconds 
Number of asset objects unloaded after import = 3
========================================================================
Received Import Request.
  Time since last request: 0.000028 seconds.
  path: Assets/Store Assets/Simple Vector Icons/128px/UI_Icon_SocialVK.png
  artifactKey: Guid(c48ace799ccfb488ba5286a618cdd9f4) Importer(815301076,1909f56bfc062723c751e8b465ee728b)
Number of updated assets reloaded before import = 0
Start importing Assets/Store Assets/Simple Vector Icons/128px/UI_Icon_SocialVK.png using Guid(c48ace799ccfb488ba5286a618cdd9f4) Importer(815301076,1909f56bfc062723c751e8b465ee728b)  -> (artifact id: 'b5f4c5e053a35d17ac5997f6b27d788f') in 0.055923 seconds 
Number of asset objects unloaded after import = 3
========================================================================
Received Import Request.
  Time since last request: 0.000019 seconds.
  path: Assets/Store Assets/Simple Vector Icons/128px/UI_Icon_SocialFoursquare.png
  artifactKey: Guid(bb77d1265103040d4b9b066cc5f3f094) Importer(815301076,1909f56bfc062723c751e8b465ee728b)
Number of updated assets reloaded before import = 0
Start importing Assets/Store Assets/Simple Vector Icons/128px/UI_Icon_SocialFoursquare.png using Guid(bb77d1265103040d4b9b066cc5f3f094) Importer(815301076,1909f56bfc062723c751e8b465ee728b)  -> (artifact id: '57197f667719fbc9d2d064cf707da574') in 0.053881 seconds 
Number of asset objects unloaded after import = 3
========================================================================
Received Import Request.
  Time since last request: 0.000018 seconds.
  path: Assets/Store Assets/Simple Vector Icons/128px/UI_Icon_SocialYoutube.png
  artifactKey: Guid(82e889bfa501442789d15d63815e977e) Importer(815301076,1909f56bfc062723c751e8b465ee728b)
Number of updated assets reloaded before import = 0
Start importing Assets/Store Assets/Simple Vector Icons/128px/UI_Icon_SocialYoutube.png using Guid(82e889bfa501442789d15d63815e977e) Importer(815301076,1909f56bfc062723c751e8b465ee728b)  -> (artifact id: 'ce52b23a3b4d7049508ab693d5f8f6e0') in 0.063332 seconds 
Number of asset objects unloaded after import = 3
========================================================================
Received Import Request.
  Time since last request: 0.000025 seconds.
  path: Assets/Store Assets/Simple Vector Icons/128px/UI_Icon_SocialReddit.png
  artifactKey: Guid(350757f3f7e8c4ccea2d82fef7111327) Importer(815301076,1909f56bfc062723c751e8b465ee728b)
Number of updated assets reloaded before import = 0
Start importing Assets/Store Assets/Simple Vector Icons/128px/UI_Icon_SocialReddit.png using Guid(350757f3f7e8c4ccea2d82fef7111327) Importer(815301076,1909f56bfc062723c751e8b465ee728b)  -> (artifact id: '3602a5b8cbfc28f24dadb5d483bd6c45') in 0.055928 seconds 
Number of asset objects unloaded after import = 3
========================================================================
Received Import Request.
  Time since last request: 0.266365 seconds.
  path: Assets/Store Assets/Simple Vector Icons/128px/UI_Icon_Skip.png
  artifactKey: Guid(327e6358a52bb4325810c474d30ad68a) Importer(815301076,1909f56bfc062723c751e8b465ee728b)
Number of updated assets reloaded before import = 0
Start importing Assets/Store Assets/Simple Vector Icons/128px/UI_Icon_Skip.png using Guid(327e6358a52bb4325810c474d30ad68a) Importer(815301076,1909f56bfc062723c751e8b465ee728b)  -> (artifact id: 'ad22e5a08878bbd95fcf012511391b08') in 0.067117 seconds 
Number of asset objects unloaded after import = 3
========================================================================
Received Import Request.
  Time since last request: 0.000031 seconds.
  path: Assets/Store Assets/Simple Vector Icons/128px/UI_Icon_SmileyUnhappy.png
  artifactKey: Guid(acd5b84fce9994d7e96c6e8089bb936c) Importer(815301076,1909f56bfc062723c751e8b465ee728b)
Number of updated assets reloaded before import = 0
Start importing Assets/Store Assets/Simple Vector Icons/128px/UI_Icon_SmileyUnhappy.png using Guid(acd5b84fce9994d7e96c6e8089bb936c) Importer(815301076,1909f56bfc062723c751e8b465ee728b)  -> (artifact id: 'c10cfc1938779ebb2f3ecff38132bbb8') in 0.069612 seconds 
Number of asset objects unloaded after import = 3
========================================================================
Received Import Request.
  Time since last request: 0.000024 seconds.
  path: Assets/Store Assets/Simple Vector Icons/128px/UI_Icon_SmileyNeutral.png
  artifactKey: Guid(0e24fe35792744711b7dfef097572607) Importer(815301076,1909f56bfc062723c751e8b465ee728b)
Number of updated assets reloaded before import = 0
Start importing Assets/Store Assets/Simple Vector Icons/128px/UI_Icon_SmileyNeutral.png using Guid(0e24fe35792744711b7dfef097572607) Importer(815301076,1909f56bfc062723c751e8b465ee728b)  -> (artifact id: '11a203065af773020f6812deebb5bda6') in 0.078184 seconds 
Number of asset objects unloaded after import = 3
========================================================================
Received Import Request.
  Time since last request: 0.000034 seconds.
  path: Assets/Store Assets/Simple Vector Icons/128px/UI_Icon_SmileyDead.png
  artifactKey: Guid(181a33a926d114f2986db2828e3a1411) Importer(815301076,1909f56bfc062723c751e8b465ee728b)
Number of updated assets reloaded before import = 0
Start importing Assets/Store Assets/Simple Vector Icons/128px/UI_Icon_SmileyDead.png using Guid(181a33a926d114f2986db2828e3a1411) Importer(815301076,1909f56bfc062723c751e8b465ee728b)  -> (artifact id: 'cc6675c57df1320716de712fff765311') in 0.069825 seconds 
Number of asset objects unloaded after import = 3
========================================================================
Received Import Request.
  Time since last request: 0.040948 seconds.
  path: Assets/Store Assets/Simple Vector Icons/128px/UI_Icon_Save2.png
  artifactKey: Guid(143a2f22a790b42a0b658bda3ff20337) Importer(815301076,1909f56bfc062723c751e8b465ee728b)
Number of updated assets reloaded before import = 0
Start importing Assets/Store Assets/Simple Vector Icons/128px/UI_Icon_Save2.png using Guid(143a2f22a790b42a0b658bda3ff20337) Importer(815301076,1909f56bfc062723c751e8b465ee728b)  -> (artifact id: 'ba1d2e3cf4fa8d870f691ed9a3a1de54') in 0.079265 seconds 
Number of asset objects unloaded after import = 3
========================================================================
Received Import Request.
  Time since last request: 0.000024 seconds.
  path: Assets/Store Assets/Simple Vector Icons/128px/UI_Icon_Share.png
  artifactKey: Guid(3869595bfa5564a268d129a0edb52d8c) Importer(815301076,1909f56bfc062723c751e8b465ee728b)
Number of updated assets reloaded before import = 0
Start importing Assets/Store Assets/Simple Vector Icons/128px/UI_Icon_Share.png using Guid(3869595bfa5564a268d129a0edb52d8c) Importer(815301076,1909f56bfc062723c751e8b465ee728b)  -> (artifact id: '41c75f5fe65920ee144bb576f06f78bb') in 0.059684 seconds 
Number of asset objects unloaded after import = 3
========================================================================
Received Import Request.
  Time since last request: 0.000031 seconds.
  path: Assets/Store Assets/Simple Vector Icons/128px/UI_Icon_SinglePlayer.png
  artifactKey: Guid(64ed8522d16f54ac19372380109a204d) Importer(815301076,1909f56bfc062723c751e8b465ee728b)
Number of updated assets reloaded before import = 0
Start importing Assets/Store Assets/Simple Vector Icons/128px/UI_Icon_SinglePlayer.png using Guid(64ed8522d16f54ac19372380109a204d) Importer(815301076,1909f56bfc062723c751e8b465ee728b)  -> (artifact id: 'd01c34d56b452108b767ac4c8ee58e71') in 0.061771 seconds 
Number of asset objects unloaded after import = 3
========================================================================
Received Import Request.
  Time since last request: 0.000064 seconds.
  path: Assets/Store Assets/Simple Vector Icons/128px/UI_Icon_SignIn.png
  artifactKey: Guid(07a96ae653b3f4b40b295ef0b8a7efc9) Importer(815301076,1909f56bfc062723c751e8b465ee728b)
Number of updated assets reloaded before import = 0
Start importing Assets/Store Assets/Simple Vector Icons/128px/UI_Icon_SignIn.png using Guid(07a96ae653b3f4b40b295ef0b8a7efc9) Importer(815301076,1909f56bfc062723c751e8b465ee728b)  -> (artifact id: 'f633c32a8c3dfc7814792e6a2a71d112') in 0.057735 seconds 
Number of asset objects unloaded after import = 3
========================================================================
Received Import Request.
  Time since last request: 0.000051 seconds.
  path: Assets/Store Assets/Simple Vector Icons/128px/UI_Icon_Return.png
  artifactKey: Guid(d7686601a901f43d093cb8652de6d30f) Importer(815301076,1909f56bfc062723c751e8b465ee728b)
Number of updated assets reloaded before import = 0
Start importing Assets/Store Assets/Simple Vector Icons/128px/UI_Icon_Return.png using Guid(d7686601a901f43d093cb8652de6d30f) Importer(815301076,1909f56bfc062723c751e8b465ee728b)  -> (artifact id: '4c84926acab7ecdb541cb631d05fa63b') in 0.059634 seconds 
Number of asset objects unloaded after import = 3
========================================================================
Received Import Request.
  Time since last request: 0.000037 seconds.
  path: Assets/Store Assets/Simple Vector Icons/128px/UI_Icon_Reply.png
  artifactKey: Guid(44a2d2f1c5ec546f289903594febea0a) Importer(815301076,1909f56bfc062723c751e8b465ee728b)
Number of updated assets reloaded before import = 0
Start importing Assets/Store Assets/Simple Vector Icons/128px/UI_Icon_Reply.png using Guid(44a2d2f1c5ec546f289903594febea0a) Importer(815301076,1909f56bfc062723c751e8b465ee728b)  -> (artifact id: '80e10d78d14ffa3cc3f7ec98f6ff0ec2') in 0.062127 seconds 
Number of asset objects unloaded after import = 3
========================================================================
Received Import Request.
  Time since last request: 0.000032 seconds.
  path: Assets/Store Assets/Simple Vector Icons/128px/UI_Icon_Ribbon.png
  artifactKey: Guid(047e94493db574308ab4da8b6e133d31) Importer(815301076,1909f56bfc062723c751e8b465ee728b)
Number of updated assets reloaded before import = 0
Start importing Assets/Store Assets/Simple Vector Icons/128px/UI_Icon_Ribbon.png using Guid(047e94493db574308ab4da8b6e133d31) Importer(815301076,1909f56bfc062723c751e8b465ee728b)  -> (artifact id: '23a23e7d1c30a19c7d9edfdaec8ca772') in 0.069907 seconds 
Number of asset objects unloaded after import = 3
========================================================================
Received Import Request.
  Time since last request: 0.000037 seconds.
  path: Assets/Store Assets/Simple Vector Icons/128px/UI_Icon_RotateLeft.png
  artifactKey: Guid(c0c10bd10e10042b89c0bc12b1e530c9) Importer(815301076,1909f56bfc062723c751e8b465ee728b)
Number of updated assets reloaded before import = 0
Start importing Assets/Store Assets/Simple Vector Icons/128px/UI_Icon_RotateLeft.png using Guid(c0c10bd10e10042b89c0bc12b1e530c9) Importer(815301076,1909f56bfc062723c751e8b465ee728b)  -> (artifact id: 'dfb44af92431cbe71c065513f237c4c2') in 0.070789 seconds 
Number of asset objects unloaded after import = 3
========================================================================
Received Import Request.
  Time since last request: 0.835991 seconds.
  path: Assets/Store Assets/Simple Vector Icons/128px/UI_Icon_Print.png
  artifactKey: Guid(689473171c3c44a6685294ebf11637bd) Importer(815301076,1909f56bfc062723c751e8b465ee728b)
Number of updated assets reloaded before import = 0
Start importing Assets/Store Assets/Simple Vector Icons/128px/UI_Icon_Print.png using Guid(689473171c3c44a6685294ebf11637bd) Importer(815301076,1909f56bfc062723c751e8b465ee728b)  -> (artifact id: 'f62cf0ea64d9a882310b1686f4537744') in 0.060134 seconds 
Number of asset objects unloaded after import = 3
========================================================================
Received Import Request.
  Time since last request: 0.000045 seconds.
  path: Assets/Store Assets/Simple Vector Icons/128px/UI_Icon_Receipt.png
  artifactKey: Guid(05b1b97442d4e467bacc0c386f33ae7f) Importer(815301076,1909f56bfc062723c751e8b465ee728b)
Number of updated assets reloaded before import = 0
Start importing Assets/Store Assets/Simple Vector Icons/128px/UI_Icon_Receipt.png using Guid(05b1b97442d4e467bacc0c386f33ae7f) Importer(815301076,1909f56bfc062723c751e8b465ee728b)  -> (artifact id: '72df61a0838c5f2e04c6322dfea5abf9') in 0.054423 seconds 
Number of asset objects unloaded after import = 3
========================================================================
Received Import Request.
  Time since last request: 0.000019 seconds.
  path: Assets/Store Assets/Simple Vector Icons/128px/UI_Icon_Recycle.png
  artifactKey: Guid(3f34a8579a0d14f7684c1733dfd55d8a) Importer(815301076,1909f56bfc062723c751e8b465ee728b)
Number of updated assets reloaded before import = 0
Start importing Assets/Store Assets/Simple Vector Icons/128px/UI_Icon_Recycle.png using Guid(3f34a8579a0d14f7684c1733dfd55d8a) Importer(815301076,1909f56bfc062723c751e8b465ee728b)  -> (artifact id: '1429d6640aa8b3e590da5898d59615e5') in 0.057950 seconds 
Number of asset objects unloaded after import = 3
========================================================================
Received Import Request.
  Time since last request: 0.000035 seconds.
  path: Assets/Store Assets/Simple Vector Icons/128px/UI_Icon_QuoteRight.png
  artifactKey: Guid(d9ae4d33d80094b21905c1b3c39479e9) Importer(815301076,1909f56bfc062723c751e8b465ee728b)
Number of updated assets reloaded before import = 0
Start importing Assets/Store Assets/Simple Vector Icons/128px/UI_Icon_QuoteRight.png using Guid(d9ae4d33d80094b21905c1b3c39479e9) Importer(815301076,1909f56bfc062723c751e8b465ee728b)  -> (artifact id: '832525dff2379f7351a012c30540b371') in 0.048144 seconds 
Number of asset objects unloaded after import = 3
========================================================================
Received Import Request.
  Time since last request: 0.000028 seconds.
  path: Assets/Store Assets/Simple Vector Icons/128px/UI_Icon_Pause.png
  artifactKey: Guid(ffe35a6f6f74c4bcdb3865e2a16f0bce) Importer(815301076,1909f56bfc062723c751e8b465ee728b)
Number of updated assets reloaded before import = 0
Start importing Assets/Store Assets/Simple Vector Icons/128px/UI_Icon_Pause.png using Guid(ffe35a6f6f74c4bcdb3865e2a16f0bce) Importer(815301076,1909f56bfc062723c751e8b465ee728b)  -> (artifact id: '9a8500de57b89be45970782c19ea8dc8') in 0.052862 seconds 
Number of asset objects unloaded after import = 3
========================================================================
Received Import Request.
  Time since last request: 0.000016 seconds.
  path: Assets/Store Assets/Simple Vector Icons/128px/UI_Icon_PineTree.png
  artifactKey: Guid(afa5b438c350d449e9f47e57a5d87a43) Importer(815301076,1909f56bfc062723c751e8b465ee728b)
Number of updated assets reloaded before import = 0
Start importing Assets/Store Assets/Simple Vector Icons/128px/UI_Icon_PineTree.png using Guid(afa5b438c350d449e9f47e57a5d87a43) Importer(815301076,1909f56bfc062723c751e8b465ee728b)  -> (artifact id: '8f651fef1442b2ce6c616a1dc4fe8291') in 0.042106 seconds 
Number of asset objects unloaded after import = 3
========================================================================
Received Import Request.
  Time since last request: 0.000017 seconds.
  path: Assets/Store Assets/Simple Vector Icons/128px/UI_Icon_PlayBackwards.png
  artifactKey: Guid(ef7244118c1e249e4bbbdd56fb60e50d) Importer(815301076,1909f56bfc062723c751e8b465ee728b)
Number of updated assets reloaded before import = 0
Start importing Assets/Store Assets/Simple Vector Icons/128px/UI_Icon_PlayBackwards.png using Guid(ef7244118c1e249e4bbbdd56fb60e50d) Importer(815301076,1909f56bfc062723c751e8b465ee728b)  -> (artifact id: '95a233e031d6185112ef04542140a2d8') in 0.049070 seconds 
Number of asset objects unloaded after import = 3
========================================================================
Received Import Request.
  Time since last request: 0.000027 seconds.
  path: Assets/Store Assets/Simple Vector Icons/128px/UI_Icon_Pin.png
  artifactKey: Guid(48598a30d035f49838c523048522e9d5) Importer(815301076,1909f56bfc062723c751e8b465ee728b)
Number of updated assets reloaded before import = 0
Start importing Assets/Store Assets/Simple Vector Icons/128px/UI_Icon_Pin.png using Guid(48598a30d035f49838c523048522e9d5) Importer(815301076,1909f56bfc062723c751e8b465ee728b)  -> (artifact id: '644107cc7a0c0313e785a1cfefba6aa3') in 0.079670 seconds 
Number of asset objects unloaded after import = 3
========================================================================
Received Import Request.
  Time since last request: 0.336019 seconds.
  path: Assets/Store Assets/Simple Vector Icons/128px/UI_Icon_Menu.png
  artifactKey: Guid(be1122e930e9e40a3b025d1504529016) Importer(815301076,1909f56bfc062723c751e8b465ee728b)
Number of updated assets reloaded before import = 0
Start importing Assets/Store Assets/Simple Vector Icons/128px/UI_Icon_Menu.png using Guid(be1122e930e9e40a3b025d1504529016) Importer(815301076,1909f56bfc062723c751e8b465ee728b)  -> (artifact id: 'fee5feeb16e91abfbce8e6637443a56c') in 0.085317 seconds 
Number of asset objects unloaded after import = 3
========================================================================
Received Import Request.
  Time since last request: 0.000034 seconds.
  path: Assets/Store Assets/Simple Vector Icons/128px/UI_Icon_OnOff.png
  artifactKey: Guid(2cb4d44ad329141c5977fa32a3c5b75d) Importer(815301076,1909f56bfc062723c751e8b465ee728b)
Number of updated assets reloaded before import = 0
Start importing Assets/Store Assets/Simple Vector Icons/128px/UI_Icon_OnOff.png using Guid(2cb4d44ad329141c5977fa32a3c5b75d) Importer(815301076,1909f56bfc062723c751e8b465ee728b)  -> (artifact id: 'e61c245727569975b4d9391f8a517304') in 0.054742 seconds 
Number of asset objects unloaded after import = 3
========================================================================
Received Import Request.
  Time since last request: 0.000032 seconds.
  path: Assets/Store Assets/Simple Vector Icons/128px/UI_Icon_Mail.png
  artifactKey: Guid(49a459cd2e34646ed9ae7cd0454d2d37) Importer(815301076,1909f56bfc062723c751e8b465ee728b)
Number of updated assets reloaded before import = 0
Start importing Assets/Store Assets/Simple Vector Icons/128px/UI_Icon_Mail.png using Guid(49a459cd2e34646ed9ae7cd0454d2d37) Importer(815301076,1909f56bfc062723c751e8b465ee728b)  -> (artifact id: 'd62b720139555946dde6e87f6b6c7e7c') in 0.059597 seconds 
Number of asset objects unloaded after import = 3
========================================================================
Received Import Request.
  Time since last request: 0.000021 seconds.
  path: Assets/Store Assets/Simple Vector Icons/128px/UI_Icon_List.png
  artifactKey: Guid(717fb9805810f437bb9708e0f0e2976b) Importer(815301076,1909f56bfc062723c751e8b465ee728b)
Number of updated assets reloaded before import = 0
Start importing Assets/Store Assets/Simple Vector Icons/128px/UI_Icon_List.png using Guid(717fb9805810f437bb9708e0f0e2976b) Importer(815301076,1909f56bfc062723c751e8b465ee728b)  -> (artifact id: '3fba5cc5aa6ba4552909bbe911f99276') in 0.055393 seconds 
Number of asset objects unloaded after import = 3
========================================================================
Received Import Request.
  Time since last request: 0.000022 seconds.
  path: Assets/Store Assets/Simple Vector Icons/128px/UI_Icon_Medal.png
  artifactKey: Guid(30101268cbdfb4676bdaa81d17143048) Importer(815301076,1909f56bfc062723c751e8b465ee728b)
Number of updated assets reloaded before import = 0
Start importing Assets/Store Assets/Simple Vector Icons/128px/UI_Icon_Medal.png using Guid(30101268cbdfb4676bdaa81d17143048) Importer(815301076,1909f56bfc062723c751e8b465ee728b)  -> (artifact id: 'a7f8bd25885944dff4cce4ede2721f43') in 0.055944 seconds 
Number of asset objects unloaded after import = 3
========================================================================
Received Import Request.
  Time since last request: 0.000038 seconds.
  path: Assets/Store Assets/Simple Vector Icons/128px/UI_Icon_LockUnlocked.png
  artifactKey: Guid(367bf99c177b241689fcb6ae7729b953) Importer(815301076,1909f56bfc062723c751e8b465ee728b)
Number of updated assets reloaded before import = 0
Start importing Assets/Store Assets/Simple Vector Icons/128px/UI_Icon_LockUnlocked.png using Guid(367bf99c177b241689fcb6ae7729b953) Importer(815301076,1909f56bfc062723c751e8b465ee728b)  -> (artifact id: '43e8047337801bb145755d1627ad4f7b') in 0.077356 seconds 
Number of asset objects unloaded after import = 3
========================================================================
Received Import Request.
  Time since last request: 0.000040 seconds.
  path: Assets/Store Assets/Simple Vector Icons/128px/UI_Icon_Key.png
  artifactKey: Guid(a842b423350a4489c8d4dfe25c866927) Importer(815301076,1909f56bfc062723c751e8b465ee728b)
Number of updated assets reloaded before import = 0
Start importing Assets/Store Assets/Simple Vector Icons/128px/UI_Icon_Key.png using Guid(a842b423350a4489c8d4dfe25c866927) Importer(815301076,1909f56bfc062723c751e8b465ee728b)  -> (artifact id: 'c5efe18a54bc4db2c646cbdd2b4806db') in 0.066963 seconds 
Number of asset objects unloaded after import = 3
========================================================================
Received Import Request.
  Time since last request: 0.000059 seconds.
  path: Assets/Store Assets/Simple Vector Icons/128px/UI_Icon_Leaf.png
  artifactKey: Guid(c0b7e415d42ac4dd6aa9da32b3f29c6d) Importer(815301076,1909f56bfc062723c751e8b465ee728b)
Number of updated assets reloaded before import = 0
Start importing Assets/Store Assets/Simple Vector Icons/128px/UI_Icon_Leaf.png using Guid(c0b7e415d42ac4dd6aa9da32b3f29c6d) Importer(815301076,1909f56bfc062723c751e8b465ee728b)  -> (artifact id: '522640632b2cdbe8648bc1c9a61afd5b') in 0.075102 seconds 
Number of asset objects unloaded after import = 3
========================================================================
Received Import Request.
  Time since last request: 0.000041 seconds.
  path: Assets/Store Assets/Simple Vector Icons/128px/UI_Icon_LightbulbOff.png
  artifactKey: Guid(18aa07e5a100a4d4688eeb5735422d01) Importer(815301076,1909f56bfc062723c751e8b465ee728b)
Number of updated assets reloaded before import = 0
Start importing Assets/Store Assets/Simple Vector Icons/128px/UI_Icon_LightbulbOff.png using Guid(18aa07e5a100a4d4688eeb5735422d01) Importer(815301076,1909f56bfc062723c751e8b465ee728b)  -> (artifact id: '79d91269ea70f963025fe273c3de2ce1') in 0.066115 seconds 
Number of asset objects unloaded after import = 3
========================================================================
Received Import Request.
  Time since last request: 0.000038 seconds.
  path: Assets/Store Assets/Simple Vector Icons/128px/UI_Icon_MusicOn.png
  artifactKey: Guid(b243c812baeaf4841b1a8e3c165eaee0) Importer(815301076,1909f56bfc062723c751e8b465ee728b)
Number of updated assets reloaded before import = 0
Start importing Assets/Store Assets/Simple Vector Icons/128px/UI_Icon_MusicOn.png using Guid(b243c812baeaf4841b1a8e3c165eaee0) Importer(815301076,1909f56bfc062723c751e8b465ee728b)  -> (artifact id: '1b2d62a25009e3331a4db98bce93568b') in 0.076657 seconds 
Number of asset objects unloaded after import = 3
========================================================================
Received Import Request.
  Time since last request: 0.000041 seconds.
  path: Assets/Store Assets/Simple Vector Icons/128px/UI_Icon_NewPlayer.png
  artifactKey: Guid(c7bc06909a7d74aa483c9549370e4278) Importer(815301076,1909f56bfc062723c751e8b465ee728b)
Number of updated assets reloaded before import = 0
Start importing Assets/Store Assets/Simple Vector Icons/128px/UI_Icon_NewPlayer.png using Guid(c7bc06909a7d74aa483c9549370e4278) Importer(815301076,1909f56bfc062723c751e8b465ee728b)  -> (artifact id: 'accb38c5ac24f418977ad4befcb87722') in 0.080045 seconds 
Number of asset objects unloaded after import = 3
========================================================================
Received Import Request.
  Time since last request: 0.000053 seconds.
  path: Assets/Store Assets/Simple Vector Icons/128px/UI_Icon_InvPants.png
  artifactKey: Guid(263f77b252bb74a5ba72e0f1df535843) Importer(815301076,1909f56bfc062723c751e8b465ee728b)
Number of updated assets reloaded before import = 0
Start importing Assets/Store Assets/Simple Vector Icons/128px/UI_Icon_InvPants.png using Guid(263f77b252bb74a5ba72e0f1df535843) Importer(815301076,1909f56bfc062723c751e8b465ee728b)  -> (artifact id: '0e7b79895235ba75c817ab2484d0f90e') in 0.064609 seconds 
Number of asset objects unloaded after import = 3
========================================================================
Received Import Request.
  Time since last request: 0.000034 seconds.
  path: Assets/Store Assets/Simple Vector Icons/128px/UI_Icon_Home.png
  artifactKey: Guid(c685b7fa80b3943e7bbe5fe3ce412608) Importer(815301076,1909f56bfc062723c751e8b465ee728b)
Number of updated assets reloaded before import = 0
Start importing Assets/Store Assets/Simple Vector Icons/128px/UI_Icon_Home.png using Guid(c685b7fa80b3943e7bbe5fe3ce412608) Importer(815301076,1909f56bfc062723c751e8b465ee728b)  -> (artifact id: '1a77b19d29e4fd5b0b178193f631cb84') in 0.071436 seconds 
Number of asset objects unloaded after import = 3
========================================================================
Received Import Request.
  Time since last request: 0.000026 seconds.
  path: Assets/Store Assets/Simple Vector Icons/128px/UI_Icon_InputJoystick.png
  artifactKey: Guid(8c7b65caf61ef4db5806d585bfa9b396) Importer(815301076,1909f56bfc062723c751e8b465ee728b)
Number of updated assets reloaded before import = 0
Start importing Assets/Store Assets/Simple Vector Icons/128px/UI_Icon_InputJoystick.png using Guid(8c7b65caf61ef4db5806d585bfa9b396) Importer(815301076,1909f56bfc062723c751e8b465ee728b)  -> (artifact id: 'c9e7094155a2b0ca379b6b08e0ea39fb') in 0.073579 seconds 
Number of asset objects unloaded after import = 3
========================================================================
Received Import Request.
  Time since last request: 0.000031 seconds.
  path: Assets/Store Assets/Simple Vector Icons/128px/UI_Icon_InboxOut.png
  artifactKey: Guid(07e8f71d3090a4e66adbaecf3d81f075) Importer(815301076,1909f56bfc062723c751e8b465ee728b)
Number of updated assets reloaded before import = 0
Start importing Assets/Store Assets/Simple Vector Icons/128px/UI_Icon_InboxOut.png using Guid(07e8f71d3090a4e66adbaecf3d81f075) Importer(815301076,1909f56bfc062723c751e8b465ee728b)  -> (artifact id: 'd4216d5f3e7f2f73dd4c472c624a1cc0') in 0.065231 seconds 
Number of asset objects unloaded after import = 3
========================================================================
Received Import Request.
  Time since last request: 0.000040 seconds.
  path: Assets/Store Assets/Simple Vector Icons/128px/UI_Icon_Gift.png
  artifactKey: Guid(a4c70a25dc3144ee1b1bd029cc5c8b69) Importer(815301076,1909f56bfc062723c751e8b465ee728b)
Number of updated assets reloaded before import = 0
Start importing Assets/Store Assets/Simple Vector Icons/128px/UI_Icon_Gift.png using Guid(a4c70a25dc3144ee1b1bd029cc5c8b69) Importer(815301076,1909f56bfc062723c751e8b465ee728b)  -> (artifact id: 'f3323140f020e5cf67b453ede82fecb5') in 0.071195 seconds 
Number of asset objects unloaded after import = 3
========================================================================
Received Import Request.
  Time since last request: 0.000023 seconds.
  path: Assets/Store Assets/Simple Vector Icons/128px/UI_Icon_Hashtag.png
  artifactKey: Guid(9435b736be24d4bdba21c6d360b263da) Importer(815301076,1909f56bfc062723c751e8b465ee728b)
Number of updated assets reloaded before import = 0
Start importing Assets/Store Assets/Simple Vector Icons/128px/UI_Icon_Hashtag.png using Guid(9435b736be24d4bdba21c6d360b263da) Importer(815301076,1909f56bfc062723c751e8b465ee728b)  -> (artifact id: '2b8f75f64c408daa3ea1d10e31e4fbc6') in 0.065611 seconds 
Number of asset objects unloaded after import = 3
========================================================================
Received Import Request.
  Time since last request: 0.000038 seconds.
  path: Assets/Store Assets/Simple Vector Icons/128px/UI_Icon_GenderMale1.png
  artifactKey: Guid(fcbd5546d22624942aeb53362cfd8c98) Importer(815301076,1909f56bfc062723c751e8b465ee728b)
Number of updated assets reloaded before import = 0
Start importing Assets/Store Assets/Simple Vector Icons/128px/UI_Icon_GenderMale1.png using Guid(fcbd5546d22624942aeb53362cfd8c98) Importer(815301076,1909f56bfc062723c751e8b465ee728b)  -> (artifact id: '3c283b8d3f0f368b66f0373f18b8c6d9') in 0.065265 seconds 
Number of asset objects unloaded after import = 3
========================================================================
Received Import Request.
  Time since last request: 0.000040 seconds.
  path: Assets/Store Assets/Simple Vector Icons/128px/UI_Icon_Infinite.png
  artifactKey: Guid(87d49976ed5ee4865838b02ee9546cfa) Importer(815301076,1909f56bfc062723c751e8b465ee728b)
Number of updated assets reloaded before import = 0
Start importing Assets/Store Assets/Simple Vector Icons/128px/UI_Icon_Infinite.png using Guid(87d49976ed5ee4865838b02ee9546cfa) Importer(815301076,1909f56bfc062723c751e8b465ee728b)  -> (artifact id: '642dc4871d442f76e5e057e607de85ad') in 0.063635 seconds 
Number of asset objects unloaded after import = 3
========================================================================
Received Import Request.
  Time since last request: 0.000047 seconds.
  path: Assets/Store Assets/Simple Vector Icons/128px/UI_Icon_Globe.png
  artifactKey: Guid(8c23741f9b26445f79736bef444e22bd) Importer(815301076,1909f56bfc062723c751e8b465ee728b)
Number of updated assets reloaded before import = 0
Start importing Assets/Store Assets/Simple Vector Icons/128px/UI_Icon_Globe.png using Guid(8c23741f9b26445f79736bef444e22bd) Importer(815301076,1909f56bfc062723c751e8b465ee728b)  -> (artifact id: '8a85ff1bd98e9eee26570fce4cbc72b1') in 0.071436 seconds 
Number of asset objects unloaded after import = 3
========================================================================
Received Import Request.
  Time since last request: 0.114164 seconds.
  path: Assets/Store Assets/Simple Vector Icons/128px/UI_Icon_FilmPlay.png
  artifactKey: Guid(fa4a24d48d6e840c782f25f5243717cc) Importer(815301076,1909f56bfc062723c751e8b465ee728b)
Number of updated assets reloaded before import = 0
Start importing Assets/Store Assets/Simple Vector Icons/128px/UI_Icon_FilmPlay.png using Guid(fa4a24d48d6e840c782f25f5243717cc) Importer(815301076,1909f56bfc062723c751e8b465ee728b)  -> (artifact id: '4e540b4197430f913b3eb5e6d591fad3') in 0.071558 seconds 
Number of asset objects unloaded after import = 3
========================================================================
Received Import Request.
  Time since last request: 0.000032 seconds.
  path: Assets/Store Assets/Simple Vector Icons/128px/UI_Icon_GenderFemale2.png
  artifactKey: Guid(b00d10af9bf074ed99ced4a2ac5682d5) Importer(815301076,1909f56bfc062723c751e8b465ee728b)
Number of updated assets reloaded before import = 0
Start importing Assets/Store Assets/Simple Vector Icons/128px/UI_Icon_GenderFemale2.png using Guid(b00d10af9bf074ed99ced4a2ac5682d5) Importer(815301076,1909f56bfc062723c751e8b465ee728b)  -> (artifact id: 'ff771f7f30bcebd0752fe12a519706f9') in 0.070058 seconds 
Number of asset objects unloaded after import = 3
========================================================================
Received Import Request.
  Time since last request: 0.000060 seconds.
  path: Assets/Store Assets/Simple Vector Icons/128px/UI_Icon_GenderFemale1.png
  artifactKey: Guid(076f19a10f2db4ae2897da685f8184c0) Importer(815301076,1909f56bfc062723c751e8b465ee728b)
Number of updated assets reloaded before import = 0
Start importing Assets/Store Assets/Simple Vector Icons/128px/UI_Icon_GenderFemale1.png using Guid(076f19a10f2db4ae2897da685f8184c0) Importer(815301076,1909f56bfc062723c751e8b465ee728b)  -> (artifact id: 'f56627f8704f1a1f497e2f37cdc5cf01') in 0.071238 seconds 
Number of asset objects unloaded after import = 3
========================================================================
Received Import Request.
  Time since last request: 0.000052 seconds.
  path: Assets/Store Assets/Simple Vector Icons/128px/UI_Icon_FullscreenEnter.png
  artifactKey: Guid(733d2346b52a944b9bc53a6b08fde21b) Importer(815301076,1909f56bfc062723c751e8b465ee728b)
Number of updated assets reloaded before import = 0
Start importing Assets/Store Assets/Simple Vector Icons/128px/UI_Icon_FullscreenEnter.png using Guid(733d2346b52a944b9bc53a6b08fde21b) Importer(815301076,1909f56bfc062723c751e8b465ee728b)  -> (artifact id: 'c6f4acf3078eba71c96254fc17e081d9') in 0.063648 seconds 
Number of asset objects unloaded after import = 3
========================================================================
Received Import Request.
  Time since last request: 0.030101 seconds.
  path: Assets/Store Assets/Simple Vector Icons/128px/UI_Icon_FaithChristianity.png
  artifactKey: Guid(20e10494249204a4597789a175c0012a) Importer(815301076,1909f56bfc062723c751e8b465ee728b)
Number of updated assets reloaded before import = 0
Start importing Assets/Store Assets/Simple Vector Icons/128px/UI_Icon_FaithChristianity.png using Guid(20e10494249204a4597789a175c0012a) Importer(815301076,1909f56bfc062723c751e8b465ee728b)  -> (artifact id: 'a383273d42c1cb28b28c6d5e1b31b294') in 0.069249 seconds 
Number of asset objects unloaded after import = 3
========================================================================
Received Import Request.
  Time since last request: 0.000033 seconds.
  path: Assets/Store Assets/Simple Vector Icons/128px/UI_Icon_FileCopy.png
  artifactKey: Guid(f112077108a364b998d78350526340c8) Importer(815301076,1909f56bfc062723c751e8b465ee728b)
Number of updated assets reloaded before import = 0
Start importing Assets/Store Assets/Simple Vector Icons/128px/UI_Icon_FileCopy.png using Guid(f112077108a364b998d78350526340c8) Importer(815301076,1909f56bfc062723c751e8b465ee728b)  -> (artifact id: 'a1aa4d8102bf488bab07e5ac05c92195') in 0.061610 seconds 
Number of asset objects unloaded after import = 3
========================================================================
Received Import Request.
  Time since last request: 0.000043 seconds.
  path: Assets/Store Assets/Simple Vector Icons/128px/UI_Icon_Dice6.png
  artifactKey: Guid(a5b0d27b789f349fc97c8c0f238b1a1e) Importer(815301076,1909f56bfc062723c751e8b465ee728b)
Number of updated assets reloaded before import = 0
Start importing Assets/Store Assets/Simple Vector Icons/128px/UI_Icon_Dice6.png using Guid(a5b0d27b789f349fc97c8c0f238b1a1e) Importer(815301076,1909f56bfc062723c751e8b465ee728b)  -> (artifact id: '0cca3352489c09da991103485f901b18') in 0.061503 seconds 
Number of asset objects unloaded after import = 3
========================================================================
Received Import Request.
  Time since last request: 0.000032 seconds.
  path: Assets/Store Assets/Simple Vector Icons/128px/UI_Icon_FileDocument.png
  artifactKey: Guid(e2727becf41334b4aa9616683ea24023) Importer(815301076,1909f56bfc062723c751e8b465ee728b)
Number of updated assets reloaded before import = 0
Start importing Assets/Store Assets/Simple Vector Icons/128px/UI_Icon_FileDocument.png using Guid(e2727becf41334b4aa9616683ea24023) Importer(815301076,1909f56bfc062723c751e8b465ee728b)  -> (artifact id: '366f6de62c4e0566e89c4246680eff2d') in 0.070329 seconds 
Number of asset objects unloaded after import = 3
========================================================================
Received Import Request.
  Time since last request: 0.000044 seconds.
  path: Assets/Store Assets/Simple Vector Icons/128px/UI_Icon_Energy.png
  artifactKey: Guid(4257bbe279aff48c8b9b51a581df754e) Importer(815301076,1909f56bfc062723c751e8b465ee728b)
Number of updated assets reloaded before import = 0
Start importing Assets/Store Assets/Simple Vector Icons/128px/UI_Icon_Energy.png using Guid(4257bbe279aff48c8b9b51a581df754e) Importer(815301076,1909f56bfc062723c751e8b465ee728b)  -> (artifact id: 'b954e0ec2f34eba12db1161fbb4b4272') in 0.068646 seconds 
Number of asset objects unloaded after import = 3
========================================================================
Received Import Request.
  Time since last request: 0.000046 seconds.
  path: Assets/Store Assets/Simple Vector Icons/128px/UI_Icon_FileCut.png
  artifactKey: Guid(dd5ec4382d6ab474d9d90620c1cfe2da) Importer(815301076,1909f56bfc062723c751e8b465ee728b)
Number of updated assets reloaded before import = 0
Start importing Assets/Store Assets/Simple Vector Icons/128px/UI_Icon_FileCut.png using Guid(dd5ec4382d6ab474d9d90620c1cfe2da) Importer(815301076,1909f56bfc062723c751e8b465ee728b)  -> (artifact id: 'ef47dccf65f976fa17f24e94ba06b662') in 0.079921 seconds 
Number of asset objects unloaded after import = 3
========================================================================
Received Import Request.
  Time since last request: 0.000056 seconds.
  path: Assets/Store Assets/Simple Vector Icons/128px/UI_Icon_Exit.png
  artifactKey: Guid(00b6c5e920e3a4240bb743a6a8746424) Importer(815301076,1909f56bfc062723c751e8b465ee728b)
Number of updated assets reloaded before import = 0
Start importing Assets/Store Assets/Simple Vector Icons/128px/UI_Icon_Exit.png using Guid(00b6c5e920e3a4240bb743a6a8746424) Importer(815301076,1909f56bfc062723c751e8b465ee728b)  -> (artifact id: '0afc2cc159818c448ee855aca4491a1a') in 0.072835 seconds 
Number of asset objects unloaded after import = 3
========================================================================
Received Import Request.
  Time since last request: 0.000035 seconds.
  path: Assets/Store Assets/Simple Vector Icons/128px/UI_Icon_Edit.png
  artifactKey: Guid(8e692cf1c9c5c40f68156a87eba5ba32) Importer(815301076,1909f56bfc062723c751e8b465ee728b)
Number of updated assets reloaded before import = 0
Start importing Assets/Store Assets/Simple Vector Icons/128px/UI_Icon_Edit.png using Guid(8e692cf1c9c5c40f68156a87eba5ba32) Importer(815301076,1909f56bfc062723c751e8b465ee728b)  -> (artifact id: '78a3fcfd4e9a92f08fbc18048a69642b') in 0.058270 seconds 
Number of asset objects unloaded after import = 3
========================================================================
Received Import Request.
  Time since last request: 0.179026 seconds.
  path: Assets/Store Assets/Simple Vector Icons/128px/UI_Icon_CurrencyEuro.png
  artifactKey: Guid(fd241432d12394ba4aa41854472c03bf) Importer(815301076,1909f56bfc062723c751e8b465ee728b)
Number of updated assets reloaded before import = 0
Start importing Assets/Store Assets/Simple Vector Icons/128px/UI_Icon_CurrencyEuro.png using Guid(fd241432d12394ba4aa41854472c03bf) Importer(815301076,1909f56bfc062723c751e8b465ee728b)  -> (artifact id: '46244e32422300d5ac20f9721bda1965') in 0.075389 seconds 
Number of asset objects unloaded after import = 3
========================================================================
Received Import Request.
  Time since last request: 0.000033 seconds.
  path: Assets/Store Assets/Simple Vector Icons/128px/UI_Icon_Delete.png
  artifactKey: Guid(fc97fc8801d5845a2bc14d433f579286) Importer(815301076,1909f56bfc062723c751e8b465ee728b)
Number of updated assets reloaded before import = 0
Start importing Assets/Store Assets/Simple Vector Icons/128px/UI_Icon_Delete.png using Guid(fc97fc8801d5845a2bc14d433f579286) Importer(815301076,1909f56bfc062723c751e8b465ee728b)  -> (artifact id: 'd4cadf0d4d781438092f8baccb9d05d5') in 0.068151 seconds 
Number of asset objects unloaded after import = 3
========================================================================
Received Import Request.
  Time since last request: 0.000057 seconds.
  path: Assets/Store Assets/Simple Vector Icons/128px/UI_Icon_Community.png
  artifactKey: Guid(3a3c89dd0e78141c7af31f53a3a3e8fd) Importer(815301076,1909f56bfc062723c751e8b465ee728b)
Number of updated assets reloaded before import = 0
Start importing Assets/Store Assets/Simple Vector Icons/128px/UI_Icon_Community.png using Guid(3a3c89dd0e78141c7af31f53a3a3e8fd) Importer(815301076,1909f56bfc062723c751e8b465ee728b)  -> (artifact id: 'c09bf957e44a64e538a1b049d2f7b1ac') in 0.062466 seconds 
Number of asset objects unloaded after import = 3
========================================================================
Received Import Request.
  Time since last request: 0.000046 seconds.
  path: Assets/Store Assets/Simple Vector Icons/128px/UI_Icon_CurrencyDollar.png
  artifactKey: Guid(d849ce2be36c3410387f5015c6dc0ae1) Importer(815301076,1909f56bfc062723c751e8b465ee728b)
Number of updated assets reloaded before import = 0
Start importing Assets/Store Assets/Simple Vector Icons/128px/UI_Icon_CurrencyDollar.png using Guid(d849ce2be36c3410387f5015c6dc0ae1) Importer(815301076,1909f56bfc062723c751e8b465ee728b)  -> (artifact id: '80bda07c1b5e08122c8cc30362e89693') in 0.063022 seconds 
Number of asset objects unloaded after import = 3
========================================================================
Received Import Request.
  Time since last request: 0.000034 seconds.
  path: Assets/Store Assets/Simple Vector Icons/128px/UI_Icon_Confirm.png
  artifactKey: Guid(f9bb722cae9694d9b912e31a11ef69c7) Importer(815301076,1909f56bfc062723c751e8b465ee728b)
Number of updated assets reloaded before import = 0
Start importing Assets/Store Assets/Simple Vector Icons/128px/UI_Icon_Confirm.png using Guid(f9bb722cae9694d9b912e31a11ef69c7) Importer(815301076,1909f56bfc062723c751e8b465ee728b)  -> (artifact id: 'be9c4f89cc6ef8da99508808924e0e96') in 0.069221 seconds 
Number of asset objects unloaded after import = 3
========================================================================
Received Import Request.
  Time since last request: 0.000034 seconds.
  path: Assets/Store Assets/Simple Vector Icons/128px/UI_Icon_ClapperboardPlay.png
  artifactKey: Guid(6dfe7ef52906e430f8778a9a887b7b6e) Importer(815301076,1909f56bfc062723c751e8b465ee728b)
Number of updated assets reloaded before import = 0
Start importing Assets/Store Assets/Simple Vector Icons/128px/UI_Icon_ClapperboardPlay.png using Guid(6dfe7ef52906e430f8778a9a887b7b6e) Importer(815301076,1909f56bfc062723c751e8b465ee728b)  -> (artifact id: '98c6a3abe6d935c62b076659e2f13399') in 0.067672 seconds 
Number of asset objects unloaded after import = 3
========================================================================
Received Import Request.
  Time since last request: 0.000043 seconds.
  path: Assets/Store Assets/Simple Vector Icons/128px/UI_Icon_Clapperboard.png
  artifactKey: Guid(c8a43f1a4a9954b3a937d43a0888c18e) Importer(815301076,1909f56bfc062723c751e8b465ee728b)
Number of updated assets reloaded before import = 0
Start importing Assets/Store Assets/Simple Vector Icons/128px/UI_Icon_Clapperboard.png using Guid(c8a43f1a4a9954b3a937d43a0888c18e) Importer(815301076,1909f56bfc062723c751e8b465ee728b)  -> (artifact id: '20ce2bda52ef42d69765b4ff8697dcdb') in 0.082675 seconds 
Number of asset objects unloaded after import = 3
========================================================================
Received Import Request.
  Time since last request: 0.000054 seconds.
  path: Assets/Store Assets/Simple Vector Icons/128px/UI_Icon_CardHearts.png
  artifactKey: Guid(49a6751f96c744a778c8cae53b080a09) Importer(815301076,1909f56bfc062723c751e8b465ee728b)
Number of updated assets reloaded before import = 0
Start importing Assets/Store Assets/Simple Vector Icons/128px/UI_Icon_CardHearts.png using Guid(49a6751f96c744a778c8cae53b080a09) Importer(815301076,1909f56bfc062723c751e8b465ee728b)  -> (artifact id: '57d3f35789362940e11a67debfa76591') in 0.066637 seconds 
Number of asset objects unloaded after import = 3
========================================================================
Received Import Request.
  Time since last request: 0.000031 seconds.
  path: Assets/Store Assets/Simple Vector Icons/128px/UI_Icon_CardDiamonds.png
  artifactKey: Guid(c9813477ee5db4bbe836e5ae652aa4ce) Importer(815301076,1909f56bfc062723c751e8b465ee728b)
Number of updated assets reloaded before import = 0
Start importing Assets/Store Assets/Simple Vector Icons/128px/UI_Icon_CardDiamonds.png using Guid(c9813477ee5db4bbe836e5ae652aa4ce) Importer(815301076,1909f56bfc062723c751e8b465ee728b)  -> (artifact id: 'bcd934e2392d5aa7fd2cdb12e12b0839') in 0.076562 seconds 
Number of asset objects unloaded after import = 3
========================================================================
Received Import Request.
  Time since last request: 0.000029 seconds.
  path: Assets/Store Assets/Simple Vector Icons/128px/UI_Icon_Code.png
  artifactKey: Guid(e6583fd00313f40708b0664f5eaab584) Importer(815301076,1909f56bfc062723c751e8b465ee728b)
Number of updated assets reloaded before import = 0
Start importing Assets/Store Assets/Simple Vector Icons/128px/UI_Icon_Code.png using Guid(e6583fd00313f40708b0664f5eaab584) Importer(815301076,1909f56bfc062723c751e8b465ee728b)  -> (artifact id: 'bac40d5a10f0e43b73030a50e2cd5ceb') in 0.064219 seconds 
Number of asset objects unloaded after import = 3
========================================================================
Received Import Request.
  Time since last request: 0.000034 seconds.
  path: Assets/Store Assets/Simple Vector Icons/128px/UI_Icon_DevicePhone.png
  artifactKey: Guid(b02200a422ecf4c0dba8c86c92c38d63) Importer(815301076,1909f56bfc062723c751e8b465ee728b)
Number of updated assets reloaded before import = 0
Start importing Assets/Store Assets/Simple Vector Icons/128px/UI_Icon_DevicePhone.png using Guid(b02200a422ecf4c0dba8c86c92c38d63) Importer(815301076,1909f56bfc062723c751e8b465ee728b)  -> (artifact id: '3f744a64ed4de443caf00ac884c66062') in 0.080972 seconds 
Number of asset objects unloaded after import = 3
========================================================================
Received Import Request.
  Time since last request: 0.307998 seconds.
  path: Assets/Store Assets/Simple Vector Icons/128px/UI_Icon_BtnXboxX.png
  artifactKey: Guid(4afe8cc278e064937a78448f852e49b3) Importer(815301076,1909f56bfc062723c751e8b465ee728b)
Number of updated assets reloaded before import = 0
Start importing Assets/Store Assets/Simple Vector Icons/128px/UI_Icon_BtnXboxX.png using Guid(4afe8cc278e064937a78448f852e49b3) Importer(815301076,1909f56bfc062723c751e8b465ee728b)  -> (artifact id: '95c897923baea0d39dc4379d0eb5d701') in 0.085395 seconds 
Number of asset objects unloaded after import = 3
========================================================================
Received Import Request.
  Time since last request: 0.000025 seconds.
  path: Assets/Store Assets/Simple Vector Icons/128px/UI_Icon_CalendarPlus.png
  artifactKey: Guid(bec0cddf9427c47adb8a473685bbaa0a) Importer(815301076,1909f56bfc062723c751e8b465ee728b)
Number of updated assets reloaded before import = 0
Start importing Assets/Store Assets/Simple Vector Icons/128px/UI_Icon_CalendarPlus.png using Guid(bec0cddf9427c47adb8a473685bbaa0a) Importer(815301076,1909f56bfc062723c751e8b465ee728b)  -> (artifact id: 'f0eb60e22dd45025967dbe2653e3d349') in 0.048348 seconds 
Number of asset objects unloaded after import = 3
========================================================================
Received Import Request.
  Time since last request: 0.000023 seconds.
  path: Assets/Store Assets/Simple Vector Icons/128px/UI_Icon_Calc.png
  artifactKey: Guid(940d210056da34403ae26db0e1de45ca) Importer(815301076,1909f56bfc062723c751e8b465ee728b)
Number of updated assets reloaded before import = 0
Start importing Assets/Store Assets/Simple Vector Icons/128px/UI_Icon_Calc.png using Guid(940d210056da34403ae26db0e1de45ca) Importer(815301076,1909f56bfc062723c751e8b465ee728b)  -> (artifact id: 'e4e139501e8040fe0e6d2d1272206df2') in 0.063365 seconds 
Number of asset objects unloaded after import = 3
========================================================================
Received Import Request.
  Time since last request: 0.000032 seconds.
  path: Assets/Store Assets/Simple Vector Icons/128px/UI_Icon_BtnPsTriangleRound.png
  artifactKey: Guid(1c96deb9db071405788147516aef22a2) Importer(815301076,1909f56bfc062723c751e8b465ee728b)
Number of updated assets reloaded before import = 0
Start importing Assets/Store Assets/Simple Vector Icons/128px/UI_Icon_BtnPsTriangleRound.png using Guid(1c96deb9db071405788147516aef22a2) Importer(815301076,1909f56bfc062723c751e8b465ee728b)  -> (artifact id: '191812379d7461e8b6fe6fe013012985') in 0.074361 seconds 
Number of asset objects unloaded after import = 3
========================================================================
Received Import Request.
  Time since last request: 0.000025 seconds.
  path: Assets/Store Assets/Simple Vector Icons/128px/UI_Icon_BtnR2.png
  artifactKey: Guid(026471bee25e945eb921274aa76e22d0) Importer(815301076,1909f56bfc062723c751e8b465ee728b)
Number of updated assets reloaded before import = 0
Start importing Assets/Store Assets/Simple Vector Icons/128px/UI_Icon_BtnR2.png using Guid(026471bee25e945eb921274aa76e22d0) Importer(815301076,1909f56bfc062723c751e8b465ee728b)  -> (artifact id: '067758d372c5b23736a5cc43bdd919a1') in 0.071870 seconds 
Number of asset objects unloaded after import = 3
========================================================================
Received Import Request.
  Time since last request: 0.000034 seconds.
  path: Assets/Store Assets/Simple Vector Icons/128px/UI_Icon_BtnR3.png
  artifactKey: Guid(b317dda614e7c4c08b49ed44119d7f6a) Importer(815301076,1909f56bfc062723c751e8b465ee728b)
Number of updated assets reloaded before import = 0
Start importing Assets/Store Assets/Simple Vector Icons/128px/UI_Icon_BtnR3.png using Guid(b317dda614e7c4c08b49ed44119d7f6a) Importer(815301076,1909f56bfc062723c751e8b465ee728b)  -> (artifact id: 'ccdbca5fdc6a392d3f860220d06f29e2') in 0.060963 seconds 
Number of asset objects unloaded after import = 3
========================================================================
Received Import Request.
  Time since last request: 0.000043 seconds.
  path: Assets/Store Assets/Simple Vector Icons/128px/UI_Icon_CalendarMonth.png
  artifactKey: Guid(911757b1193c94bbd8669b935c01f07f) Importer(815301076,1909f56bfc062723c751e8b465ee728b)
Number of updated assets reloaded before import = 0
Start importing Assets/Store Assets/Simple Vector Icons/128px/UI_Icon_CalendarMonth.png using Guid(911757b1193c94bbd8669b935c01f07f) Importer(815301076,1909f56bfc062723c751e8b465ee728b)  -> (artifact id: '6ee74423d60b6cacf5842f9eb978c732') in 0.074263 seconds 
Number of asset objects unloaded after import = 3
========================================================================
Received Import Request.
  Time since last request: 0.000055 seconds.
  path: Assets/Store Assets/Simple Vector Icons/128px/UI_Icon_CalendarMinus.png
  artifactKey: Guid(dd5d8232dc58e42c8b5a6f0c14507bea) Importer(815301076,1909f56bfc062723c751e8b465ee728b)
Number of updated assets reloaded before import = 0
Start importing Assets/Store Assets/Simple Vector Icons/128px/UI_Icon_CalendarMinus.png using Guid(dd5d8232dc58e42c8b5a6f0c14507bea) Importer(815301076,1909f56bfc062723c751e8b465ee728b)  -> (artifact id: '965559d579765bdcadc62888257c7c0c') in 0.062635 seconds 
Number of asset objects unloaded after import = 3
========================================================================
Received Import Request.
  Time since last request: 0.372177 seconds.
  path: Assets/Store Assets/Simple Vector Icons/128px/UI_Icon_BtnDpadDirDown.png
  artifactKey: Guid(9e078e3dd7e3144c7a0a2af4d10233ca) Importer(815301076,1909f56bfc062723c751e8b465ee728b)
Number of updated assets reloaded before import = 0
Start importing Assets/Store Assets/Simple Vector Icons/128px/UI_Icon_BtnDpadDirDown.png using Guid(9e078e3dd7e3144c7a0a2af4d10233ca) Importer(815301076,1909f56bfc062723c751e8b465ee728b)  -> (artifact id: 'cef5015f248b33da65cdd359b7cce544') in 0.083215 seconds 
Number of asset objects unloaded after import = 3
========================================================================
Received Import Request.
  Time since last request: 0.000023 seconds.
  path: Assets/Store Assets/Simple Vector Icons/128px/UI_Icon_BtnDpadVertical.png
  artifactKey: Guid(58b58eb1df14f4a9f88d39483ad43635) Importer(815301076,1909f56bfc062723c751e8b465ee728b)
Number of updated assets reloaded before import = 0
Start importing Assets/Store Assets/Simple Vector Icons/128px/UI_Icon_BtnDpadVertical.png using Guid(58b58eb1df14f4a9f88d39483ad43635) Importer(815301076,1909f56bfc062723c751e8b465ee728b)  -> (artifact id: '8f808f48cf85ca765ee7ba3f4eb2683c') in 0.071948 seconds 
Number of asset objects unloaded after import = 3
========================================================================
Received Import Request.
  Time since last request: 0.000016 seconds.
  path: Assets/Store Assets/Simple Vector Icons/128px/UI_Icon_BtnDpadHorizontal.png
  artifactKey: Guid(6eba35870be90444984080670746f0d1) Importer(815301076,1909f56bfc062723c751e8b465ee728b)
Number of updated assets reloaded before import = 0
Start importing Assets/Store Assets/Simple Vector Icons/128px/UI_Icon_BtnDpadHorizontal.png using Guid(6eba35870be90444984080670746f0d1) Importer(815301076,1909f56bfc062723c751e8b465ee728b)  -> (artifact id: '83f2519cb6382b3442fc33c156ecbaa3') in 0.060340 seconds 
Number of asset objects unloaded after import = 3
========================================================================
Received Import Request.
  Time since last request: 0.000025 seconds.
  path: Assets/Store Assets/Simple Vector Icons/128px/UI_Icon_BtnPsCircleRound.png
  artifactKey: Guid(d2361b2766c0f4c9889b9df2498769f6) Importer(815301076,1909f56bfc062723c751e8b465ee728b)
Number of updated assets reloaded before import = 0
Start importing Assets/Store Assets/Simple Vector Icons/128px/UI_Icon_BtnPsCircleRound.png using Guid(d2361b2766c0f4c9889b9df2498769f6) Importer(815301076,1909f56bfc062723c751e8b465ee728b)  -> (artifact id: '8d1f11784ab9c7283bbaf57bbb1ecccc') in 0.057094 seconds 
Number of asset objects unloaded after import = 3
========================================================================
Received Import Request.
  Time since last request: 0.000036 seconds.
  path: Assets/Store Assets/Simple Vector Icons/128px/UI_Icon_BoneBroken.png
  artifactKey: Guid(3c8805f83859a417d8660ad748b18c90) Importer(815301076,1909f56bfc062723c751e8b465ee728b)
Number of updated assets reloaded before import = 0
Start importing Assets/Store Assets/Simple Vector Icons/128px/UI_Icon_BoneBroken.png using Guid(3c8805f83859a417d8660ad748b18c90) Importer(815301076,1909f56bfc062723c751e8b465ee728b)  -> (artifact id: 'c513b115705678a3e4aaafd9c46a2146') in 0.064452 seconds 
Number of asset objects unloaded after import = 3
========================================================================
Received Import Request.
  Time since last request: 0.000039 seconds.
  path: Assets/Store Assets/Simple Vector Icons/128px/UI_Icon_Bluetooth.png
  artifactKey: Guid(e36c733aa6a4949148383ced851ef46f) Importer(815301076,1909f56bfc062723c751e8b465ee728b)
Number of updated assets reloaded before import = 0
Start importing Assets/Store Assets/Simple Vector Icons/128px/UI_Icon_Bluetooth.png using Guid(e36c733aa6a4949148383ced851ef46f) Importer(815301076,1909f56bfc062723c751e8b465ee728b)  -> (artifact id: '00a2b2df7a69472b5b401923b3753db4') in 0.074032 seconds 
Number of asset objects unloaded after import = 3
========================================================================
Received Import Request.
  Time since last request: 0.000033 seconds.
  path: Assets/Store Assets/Simple Vector Icons/128px/UI_Icon_Battery75.png
  artifactKey: Guid(ba68618e2f7464bbfae1948fc204b1e9) Importer(815301076,1909f56bfc062723c751e8b465ee728b)
Number of updated assets reloaded before import = 0
Start importing Assets/Store Assets/Simple Vector Icons/128px/UI_Icon_Battery75.png using Guid(ba68618e2f7464bbfae1948fc204b1e9) Importer(815301076,1909f56bfc062723c751e8b465ee728b)  -> (artifact id: '1ff8b5f4a731fd2d64cddb2fb1ec6b25') in 0.066638 seconds 
Number of asset objects unloaded after import = 3
========================================================================
Received Import Request.
  Time since last request: 0.000038 seconds.
  path: Assets/Store Assets/Simple Vector Icons/128px/UI_Icon_BtnDpad.png
  artifactKey: Guid(e0e50c287558f4470b7adfca68be9ea4) Importer(815301076,1909f56bfc062723c751e8b465ee728b)
Number of updated assets reloaded before import = 0
Start importing Assets/Store Assets/Simple Vector Icons/128px/UI_Icon_BtnDpad.png using Guid(e0e50c287558f4470b7adfca68be9ea4) Importer(815301076,1909f56bfc062723c751e8b465ee728b)  -> (artifact id: 'f29ad32d59ffc39058a1ac351f43464a') in 0.058167 seconds 
Number of asset objects unloaded after import = 3
========================================================================
Received Import Request.
  Time since last request: 0.000042 seconds.
  path: Assets/Store Assets/Simple Vector Icons/128px/UI_Icon_ArrowLeft.png
  artifactKey: Guid(22552856ad82b463a99791768b620dac) Importer(815301076,1909f56bfc062723c751e8b465ee728b)
Number of updated assets reloaded before import = 0
Start importing Assets/Store Assets/Simple Vector Icons/128px/UI_Icon_ArrowLeft.png using Guid(22552856ad82b463a99791768b620dac) Importer(815301076,1909f56bfc062723c751e8b465ee728b)  -> (artifact id: 'c8d88839d3d8e475b9d9721618145093') in 0.070001 seconds 
Number of asset objects unloaded after import = 3
========================================================================
Received Import Request.
  Time since last request: 0.000037 seconds.
  path: Assets/Store Assets/Simple Vector Icons/128px/UI_Icon_Attack.png
  artifactKey: Guid(f9bb58f5cd5d74e6f8b342a51fa10128) Importer(815301076,1909f56bfc062723c751e8b465ee728b)
Number of updated assets reloaded before import = 0
Start importing Assets/Store Assets/Simple Vector Icons/128px/UI_Icon_Attack.png using Guid(f9bb58f5cd5d74e6f8b342a51fa10128) Importer(815301076,1909f56bfc062723c751e8b465ee728b)  -> (artifact id: '504d8e6442b80ce4705eb749e4d272db') in 0.070014 seconds 
Number of asset objects unloaded after import = 3
========================================================================
Received Import Request.
  Time since last request: 0.000034 seconds.
  path: Assets/Store Assets/Simple Vector Icons/128px/UI_Icon_Award.png
  artifactKey: Guid(732c72dbc1fb04c5db11e6e63d7ab79f) Importer(815301076,1909f56bfc062723c751e8b465ee728b)
Number of updated assets reloaded before import = 0
Start importing Assets/Store Assets/Simple Vector Icons/128px/UI_Icon_Award.png using Guid(732c72dbc1fb04c5db11e6e63d7ab79f) Importer(815301076,1909f56bfc062723c751e8b465ee728b)  -> (artifact id: 'cfe046cbeaf3465ff048572e67dc0e0c') in 0.081934 seconds 
Number of asset objects unloaded after import = 3
========================================================================
Received Import Request.
  Time since last request: 0.000039 seconds.
  path: Assets/Store Assets/Simple Vector Icons/128px/UI_Icon_ArrowUp.png
  artifactKey: Guid(060adfd2a55e84dc6bec54b7f04839b5) Importer(815301076,1909f56bfc062723c751e8b465ee728b)
Number of updated assets reloaded before import = 0
Start importing Assets/Store Assets/Simple Vector Icons/128px/UI_Icon_ArrowUp.png using Guid(060adfd2a55e84dc6bec54b7f04839b5) Importer(815301076,1909f56bfc062723c751e8b465ee728b)  -> (artifact id: '9faddd0c91ac895939dd9d1bbec3be89') in 0.073729 seconds 
Number of asset objects unloaded after import = 3
========================================================================
Received Import Request.
  Time since last request: 0.218138 seconds.
  path: Assets/Violet Theme Ui/Toggles/Toggle Fill Violet.png
  artifactKey: Guid(e7da5cbaae50b3742a2c64373d61cfd0) Importer(815301076,1909f56bfc062723c751e8b465ee728b)
Number of updated assets reloaded before import = 0
Start importing Assets/Violet Theme Ui/Toggles/Toggle Fill Violet.png using Guid(e7da5cbaae50b3742a2c64373d61cfd0) Importer(815301076,1909f56bfc062723c751e8b465ee728b)  -> (artifact id: '5440fc912228d9267c589c2cdc831174') in 0.056024 seconds 
Number of asset objects unloaded after import = 3
========================================================================
Received Import Request.
  Time since last request: 0.000031 seconds.
  path: Assets/Store Assets/Simple Vector Icons/128px/UI_Icon_AD.png
  artifactKey: Guid(9acc2e10d235a43908c0b5f077a39235) Importer(815301076,1909f56bfc062723c751e8b465ee728b)
Number of updated assets reloaded before import = 0
Start importing Assets/Store Assets/Simple Vector Icons/128px/UI_Icon_AD.png using Guid(9acc2e10d235a43908c0b5f077a39235) Importer(815301076,1909f56bfc062723c751e8b465ee728b)  -> (artifact id: 'ef2f775058e733dc0b3165163bbb2bc3') in 0.052537 seconds 
Number of asset objects unloaded after import = 3
========================================================================
Received Import Request.
  Time since last request: 0.000024 seconds.
  path: Assets/Violet Theme Ui/Colored Icons/Trophy.png
  artifactKey: Guid(3522f1dff3fd3564c98cbbb56b303b6b) Importer(815301076,1909f56bfc062723c751e8b465ee728b)
Number of updated assets reloaded before import = 0
Start importing Assets/Violet Theme Ui/Colored Icons/Trophy.png using Guid(3522f1dff3fd3564c98cbbb56b303b6b) Importer(815301076,1909f56bfc062723c751e8b465ee728b)  -> (artifact id: '97b8ba32bd034766b855e0c636e67107') in 0.046766 seconds 
Number of asset objects unloaded after import = 3
========================================================================
Received Import Request.
  Time since last request: 0.000027 seconds.
  path: Assets/Store Assets/Simple Vector Icons/128px/UI_Icon_Aim.png
  artifactKey: Guid(aede6ae3dc7744767a6a5c14fec87326) Importer(815301076,1909f56bfc062723c751e8b465ee728b)
Number of updated assets reloaded before import = 0
Start importing Assets/Store Assets/Simple Vector Icons/128px/UI_Icon_Aim.png using Guid(aede6ae3dc7744767a6a5c14fec87326) Importer(815301076,1909f56bfc062723c751e8b465ee728b)  -> (artifact id: '1e02048041bbea82dcf7764663507457') in 0.058012 seconds 
Number of asset objects unloaded after import = 3
========================================================================
Received Import Request.
  Time since last request: 0.167668 seconds.
  path: Assets/Violet Theme Ui/Switch/Switch On Yellow.png
  artifactKey: Guid(87997358d64812c47acfa994451db577) Importer(815301076,1909f56bfc062723c751e8b465ee728b)
Number of updated assets reloaded before import = 0
Start importing Assets/Violet Theme Ui/Switch/Switch On Yellow.png using Guid(87997358d64812c47acfa994451db577) Importer(815301076,1909f56bfc062723c751e8b465ee728b)  -> (artifact id: '216cb720bc959cbf6db3e671a960fe59') in 0.046915 seconds 
Number of asset objects unloaded after import = 3
========================================================================
Received Import Request.
  Time since last request: 0.000020 seconds.
  path: Assets/Violet Theme Ui/Toggles/Toggle Fill Pink.png
  artifactKey: Guid(4135a87dd7182ca4ba28587e8cf76f35) Importer(815301076,1909f56bfc062723c751e8b465ee728b)
Number of updated assets reloaded before import = 0
Start importing Assets/Violet Theme Ui/Toggles/Toggle Fill Pink.png using Guid(4135a87dd7182ca4ba28587e8cf76f35) Importer(815301076,1909f56bfc062723c751e8b465ee728b)  -> (artifact id: '6feb5f57b6e836d3ba833c1de913708b') in 0.041587 seconds 
Number of asset objects unloaded after import = 3
========================================================================
Received Import Request.
  Time since last request: 0.000040 seconds.
  path: Assets/Violet Theme Ui/Toggles/Toggle Fill Orange.png
  artifactKey: Guid(b13761cdab549c14f86ee1256f9a8d2d) Importer(815301076,1909f56bfc062723c751e8b465ee728b)
Number of updated assets reloaded before import = 0
Start importing Assets/Violet Theme Ui/Toggles/Toggle Fill Orange.png using Guid(b13761cdab549c14f86ee1256f9a8d2d) Importer(815301076,1909f56bfc062723c751e8b465ee728b)  -> (artifact id: '75e31eee85806a6b178cffa72b2b9625') in 0.036270 seconds 
Number of asset objects unloaded after import = 3
========================================================================
Received Import Request.
  Time since last request: 0.000048 seconds.
  path: Assets/Violet Theme Ui/Toggles/Toggle Fill Purple.png
  artifactKey: Guid(7f0d7499939e3d4468c39fe0d61db66d) Importer(815301076,1909f56bfc062723c751e8b465ee728b)
Number of updated assets reloaded before import = 0
Start importing Assets/Violet Theme Ui/Toggles/Toggle Fill Purple.png using Guid(7f0d7499939e3d4468c39fe0d61db66d) Importer(815301076,1909f56bfc062723c751e8b465ee728b)  -> (artifact id: 'fdb615a1ba234ab7f325ac1a348210ff') in 0.037581 seconds 
Number of asset objects unloaded after import = 3
========================================================================
Received Import Request.
  Time since last request: 0.219416 seconds.
  path: Assets/Violet Theme Ui/Colored Icons/Star.png
  artifactKey: Guid(174cd13a4c04d4944a6e414d9e3987f4) Importer(815301076,1909f56bfc062723c751e8b465ee728b)
Number of updated assets reloaded before import = 0
Start importing Assets/Violet Theme Ui/Colored Icons/Star.png using Guid(174cd13a4c04d4944a6e414d9e3987f4) Importer(815301076,1909f56bfc062723c751e8b465ee728b)  -> (artifact id: '173d81af441accaf427bea18092a5915') in 0.027693 seconds 
Number of asset objects unloaded after import = 3
========================================================================
Received Import Request.
  Time since last request: 0.000023 seconds.
  path: Assets/Violet Theme Ui/Switch/Switch On Purple.png
  artifactKey: Guid(d142bc3b7eadc7c43bb6bdb9b40b51d8) Importer(815301076,1909f56bfc062723c751e8b465ee728b)
Number of updated assets reloaded before import = 0
Start importing Assets/Violet Theme Ui/Switch/Switch On Purple.png using Guid(d142bc3b7eadc7c43bb6bdb9b40b51d8) Importer(815301076,1909f56bfc062723c751e8b465ee728b)  -> (artifact id: '4a3d6f72903be059c0788259be141a60') in 0.028117 seconds 
Number of asset objects unloaded after import = 3
========================================================================
Received Import Request.
  Time since last request: 0.000022 seconds.
  path: Assets/Violet Theme Ui/Switch/Switch On Orange.png
  artifactKey: Guid(9cfba0c5f2e0a1348a792f8a72c9e429) Importer(815301076,1909f56bfc062723c751e8b465ee728b)
Number of updated assets reloaded before import = 0
Start importing Assets/Violet Theme Ui/Switch/Switch On Orange.png using Guid(9cfba0c5f2e0a1348a792f8a72c9e429) Importer(815301076,1909f56bfc062723c751e8b465ee728b)  -> (artifact id: 'f1de81f79d8e8e1f8ebd1fc3a30cbe8b') in 0.019106 seconds 
Number of asset objects unloaded after import = 3
========================================================================
Received Import Request.
  Time since last request: 0.000025 seconds.
  path: Assets/Violet Theme Ui/Switch/Switch On Blue.png
  artifactKey: Guid(f65f5ba5c7649ab4e82dd2a91a3e6d60) Importer(815301076,1909f56bfc062723c751e8b465ee728b)
Number of updated assets reloaded before import = 0
Start importing Assets/Violet Theme Ui/Switch/Switch On Blue.png using Guid(f65f5ba5c7649ab4e82dd2a91a3e6d60) Importer(815301076,1909f56bfc062723c751e8b465ee728b)  -> (artifact id: '3c0686ccf2eaa7150d8a2eee16fe3622') in 0.024024 seconds 
Number of asset objects unloaded after import = 3
========================================================================
Received Import Request.
  Time since last request: 0.000030 seconds.
  path: Assets/Violet Theme Ui/Switch/Switch On Red.png
  artifactKey: Guid(57bb1f0c009ff8a41a3bb184e99fd58d) Importer(815301076,1909f56bfc062723c751e8b465ee728b)
Number of updated assets reloaded before import = 0
Start importing Assets/Violet Theme Ui/Switch/Switch On Red.png using Guid(57bb1f0c009ff8a41a3bb184e99fd58d) Importer(815301076,1909f56bfc062723c751e8b465ee728b)  -> (artifact id: '36d04278df4d88d9edab4643765ee550') in 0.026611 seconds 
Number of asset objects unloaded after import = 3
========================================================================
Received Import Request.
  Time since last request: 1.541474 seconds.
  path: Assets/Violet Theme Ui/Sliders/Slider Background.png
  artifactKey: Guid(1129e40c4bb98d04a8cc90b024594009) Importer(815301076,1909f56bfc062723c751e8b465ee728b)
Number of updated assets reloaded before import = 0
Start importing Assets/Violet Theme Ui/Sliders/Slider Background.png using Guid(1129e40c4bb98d04a8cc90b024594009) Importer(815301076,1909f56bfc062723c751e8b465ee728b)  -> (artifact id: '5b8e40d10843e44157e3a1e068e3acdb') in 0.038261 seconds 
Number of asset objects unloaded after import = 3
========================================================================
Received Import Request.
  Time since last request: 0.000018 seconds.
  path: Assets/Violet Theme Ui/Buttons/Misc/Small Square Button Purple.png
  artifactKey: Guid(59df2390a598c904bab275d1ea743916) Importer(815301076,1909f56bfc062723c751e8b465ee728b)
Number of updated assets reloaded before import = 0
Start importing Assets/Violet Theme Ui/Buttons/Misc/Small Square Button Purple.png using Guid(59df2390a598c904bab275d1ea743916) Importer(815301076,1909f56bfc062723c751e8b465ee728b)  -> (artifact id: 'c17ae2e3cb31b5675a83beedf268ccb4') in 0.021581 seconds 
Number of asset objects unloaded after import = 3
========================================================================
Received Import Request.
  Time since last request: 0.000018 seconds.
  path: Assets/Violet Theme Ui/Buttons/Misc/Small Square Button Violet.png
  artifactKey: Guid(931f6455943555649a61ed7f1c76cbf6) Importer(815301076,1909f56bfc062723c751e8b465ee728b)
Number of updated assets reloaded before import = 0
Start importing Assets/Violet Theme Ui/Buttons/Misc/Small Square Button Violet.png using Guid(931f6455943555649a61ed7f1c76cbf6) Importer(815301076,1909f56bfc062723c751e8b465ee728b)  -> (artifact id: 'b05531310478f4373b4c7f9466b605c0') in 0.032018 seconds 
Number of asset objects unloaded after import = 3
========================================================================
Received Import Request.
  Time since last request: 0.000036 seconds.
  path: Assets/Violet Theme Ui/Buttons/Misc/Small Square Button Red.png
  artifactKey: Guid(fa360ec6245a3dd43bfbae1ac1093a6e) Importer(815301076,1909f56bfc062723c751e8b465ee728b)
Number of updated assets reloaded before import = 0
Start importing Assets/Violet Theme Ui/Buttons/Misc/Small Square Button Red.png using Guid(fa360ec6245a3dd43bfbae1ac1093a6e) Importer(815301076,1909f56bfc062723c751e8b465ee728b)  -> (artifact id: 'e9be54109a4dfaaf802a6fc0a61cb8f7') in 0.029716 seconds 
Number of asset objects unloaded after import = 3
========================================================================
Received Import Request.
  Time since last request: 0.030601 seconds.
  path: Assets/Violet Theme Ui/Progress Bars/Progress Bar Yellow.png
  artifactKey: Guid(b67c53ee68dad3640b6698ae3135ffd9) Importer(815301076,1909f56bfc062723c751e8b465ee728b)
Number of updated assets reloaded before import = 0
Start importing Assets/Violet Theme Ui/Progress Bars/Progress Bar Yellow.png using Guid(b67c53ee68dad3640b6698ae3135ffd9) Importer(815301076,1909f56bfc062723c751e8b465ee728b)  -> (artifact id: 'c90da28b068c30a87e06d6ae15b97b5d') in 0.026958 seconds 
Number of asset objects unloaded after import = 3
========================================================================
Received Import Request.
  Time since last request: 0.000032 seconds.
  path: Assets/Violet Theme Ui/Colored Icons/Sack Of Coin.png
  artifactKey: Guid(1c959de863dbbf441a16e5ff5d2502f2) Importer(815301076,1909f56bfc062723c751e8b465ee728b)
Number of updated assets reloaded before import = 0
Start importing Assets/Violet Theme Ui/Colored Icons/Sack Of Coin.png using Guid(1c959de863dbbf441a16e5ff5d2502f2) Importer(815301076,1909f56bfc062723c751e8b465ee728b)  -> (artifact id: 'cca34cd7b9e2d289c86b5abe7b8f47fc') in 0.033606 seconds 
Number of asset objects unloaded after import = 3
========================================================================
Received Import Request.
  Time since last request: 0.000022 seconds.
  path: Assets/Violet Theme Ui/Colored Icons/shield blue.png
  artifactKey: Guid(888bc6c3bee4a644894eb075d8d389f5) Importer(815301076,1909f56bfc062723c751e8b465ee728b)
Number of updated assets reloaded before import = 0
Start importing Assets/Violet Theme Ui/Colored Icons/shield blue.png using Guid(888bc6c3bee4a644894eb075d8d389f5) Importer(815301076,1909f56bfc062723c751e8b465ee728b)  -> (artifact id: '44075c840a244828594dcf144ef3bae5') in 0.023952 seconds 
Number of asset objects unloaded after import = 3
========================================================================
Received Import Request.
  Time since last request: 0.000027 seconds.
  path: Assets/Violet Theme Ui/Colored Icons/Silver Lock.png
  artifactKey: Guid(d36270e47d36e304a9d89c1fc73428e9) Importer(815301076,1909f56bfc062723c751e8b465ee728b)
Number of updated assets reloaded before import = 0
Start importing Assets/Violet Theme Ui/Colored Icons/Silver Lock.png using Guid(d36270e47d36e304a9d89c1fc73428e9) Importer(815301076,1909f56bfc062723c751e8b465ee728b)  -> (artifact id: 'cb5b553067ff835b4ab688cbf12c7449') in 0.028157 seconds 
Number of asset objects unloaded after import = 3
========================================================================
Received Import Request.
  Time since last request: 11.672959 seconds.
  path: Assets/Violet Theme Ui/Panels/Dark Panels Style 2 Pink.png
  artifactKey: Guid(816373d26daf2fe40b59acd3712be032) Importer(815301076,1909f56bfc062723c751e8b465ee728b)
Number of updated assets reloaded before import = 0
Start importing Assets/Violet Theme Ui/Panels/Dark Panels Style 2 Pink.png using Guid(816373d26daf2fe40b59acd3712be032) Importer(815301076,1909f56bfc062723c751e8b465ee728b)  -> (artifact id: 'a788c41a15b8f095a3686a843e8d3a03') in 0.117335 seconds 
Number of asset objects unloaded after import = 3
========================================================================
Received Import Request.
  Time since last request: 0.000023 seconds.
  path: Assets/Violet Theme Ui/Colored Icons/Gem 1 Green.png
  artifactKey: Guid(aa690ae72e998f54b8c8b099d2165bab) Importer(815301076,1909f56bfc062723c751e8b465ee728b)
Number of updated assets reloaded before import = 0
Start importing Assets/Violet Theme Ui/Colored Icons/Gem 1 Green.png using Guid(aa690ae72e998f54b8c8b099d2165bab) Importer(815301076,1909f56bfc062723c751e8b465ee728b)  -> (artifact id: '488c417952a1d3beaf162205d9ac7bcb') in 0.054855 seconds 
Number of asset objects unloaded after import = 3
========================================================================
Received Import Request.
  Time since last request: 0.000024 seconds.
  path: Assets/Violet Theme Ui/NEW Panels/Design 2 Ribbon 2 PINK.png
  artifactKey: Guid(77dc37efa2daee9488644f89d23924b3) Importer(815301076,1909f56bfc062723c751e8b465ee728b)
Number of updated assets reloaded before import = 0
Start importing Assets/Violet Theme Ui/NEW Panels/Design 2 Ribbon 2 PINK.png using Guid(77dc37efa2daee9488644f89d23924b3) Importer(815301076,1909f56bfc062723c751e8b465ee728b)  -> (artifact id: '8314276322385738040976c537147280') in 0.054083 seconds 
Number of asset objects unloaded after import = 3
========================================================================
Received Import Request.
  Time since last request: 0.000036 seconds.
  path: Assets/Violet Theme Ui/Colored Icons/Energy.png
  artifactKey: Guid(0e97f32679693fb42816be9a80e0254b) Importer(815301076,1909f56bfc062723c751e8b465ee728b)
Number of updated assets reloaded before import = 0
Start importing Assets/Violet Theme Ui/Colored Icons/Energy.png using Guid(0e97f32679693fb42816be9a80e0254b) Importer(815301076,1909f56bfc062723c751e8b465ee728b)  -> (artifact id: 'd6addb8ab5c856c8cb48a02b4a925a77') in 0.030460 seconds 
Number of asset objects unloaded after import = 3
========================================================================
Received Import Request.
  Time since last request: 0.000020 seconds.
  path: Assets/Violet Theme Ui/Sliders/Fill Orange.png
  artifactKey: Guid(e48c6d8deee79854582bcfa4c7f93d4b) Importer(815301076,1909f56bfc062723c751e8b465ee728b)
Number of updated assets reloaded before import = 0
Start importing Assets/Violet Theme Ui/Sliders/Fill Orange.png using Guid(e48c6d8deee79854582bcfa4c7f93d4b) Importer(815301076,1909f56bfc062723c751e8b465ee728b)  -> (artifact id: 'bcded04f30c953e2a9f66479f8caad74') in 0.042657 seconds 
Number of asset objects unloaded after import = 3
========================================================================
Received Import Request.
  Time since last request: 0.000018 seconds.
  path: Assets/Violet Theme Ui/Colored Icons/Gem 1 Purple.png
  artifactKey: Guid(7ae2be9a267597a4596c1cdebed8f84d) Importer(815301076,1909f56bfc062723c751e8b465ee728b)
Number of updated assets reloaded before import = 0
Start importing Assets/Violet Theme Ui/Colored Icons/Gem 1 Purple.png using Guid(7ae2be9a267597a4596c1cdebed8f84d) Importer(815301076,1909f56bfc062723c751e8b465ee728b)  -> (artifact id: '062fe413ba799cfafefa0d3abc5159e5') in 0.035173 seconds 
Number of asset objects unloaded after import = 3
========================================================================
Received Import Request.
  Time since last request: 0.000023 seconds.
  path: Assets/Violet Theme Ui/GemsAndCoins/Gem Chest.png
  artifactKey: Guid(f345d2a549da5f2468383961e4435f7a) Importer(815301076,1909f56bfc062723c751e8b465ee728b)
Number of updated assets reloaded before import = 0
Start importing Assets/Violet Theme Ui/GemsAndCoins/Gem Chest.png using Guid(f345d2a549da5f2468383961e4435f7a) Importer(815301076,1909f56bfc062723c751e8b465ee728b)  -> (artifact id: 'c2c1d4aa5a5d24ec4a3f09d9d378b073') in 0.033798 seconds 
Number of asset objects unloaded after import = 3
========================================================================
Received Import Request.
  Time since last request: 0.000020 seconds.
  path: Assets/Violet Theme Ui/Colored Icons/Hour Glass.png
  artifactKey: Guid(647a538c2f2902245bf207b897881a5f) Importer(815301076,1909f56bfc062723c751e8b465ee728b)
Number of updated assets reloaded before import = 0
Start importing Assets/Violet Theme Ui/Colored Icons/Hour Glass.png using Guid(647a538c2f2902245bf207b897881a5f) Importer(815301076,1909f56bfc062723c751e8b465ee728b)  -> (artifact id: 'e1feb1e4ca95dc11a7c3169bdd739065') in 0.034893 seconds 
Number of asset objects unloaded after import = 3
========================================================================
Received Import Request.
  Time since last request: 0.000027 seconds.
  path: Assets/Violet Theme Ui/NEW Panels/Design 2 Ribbon 2 CYAN.png
  artifactKey: Guid(983d5401b4aa7124badfe9801ef526e7) Importer(815301076,1909f56bfc062723c751e8b465ee728b)
Number of updated assets reloaded before import = 0
Start importing Assets/Violet Theme Ui/NEW Panels/Design 2 Ribbon 2 CYAN.png using Guid(983d5401b4aa7124badfe9801ef526e7) Importer(815301076,1909f56bfc062723c751e8b465ee728b)  -> (artifact id: '45d0dbe5f474fc88c6a764797355c6b3') in 0.045949 seconds 
Number of asset objects unloaded after import = 3
========================================================================
Received Import Request.
  Time since last request: 0.000045 seconds.
  path: Assets/Violet Theme Ui/Sliders/Fill Purple.png
  artifactKey: Guid(6cae52e32f6bb8043a16d589cd25370b) Importer(815301076,1909f56bfc062723c751e8b465ee728b)
Number of updated assets reloaded before import = 0
Start importing Assets/Violet Theme Ui/Sliders/Fill Purple.png using Guid(6cae52e32f6bb8043a16d589cd25370b) Importer(815301076,1909f56bfc062723c751e8b465ee728b)  -> (artifact id: '7d96b87c88b4eb5ae5da4234f7a49e73') in 0.025333 seconds 
Number of asset objects unloaded after import = 3
========================================================================
Received Import Request.
  Time since last request: 0.000019 seconds.
  path: Assets/Violet Theme Ui/NEW Panels/Design 2 Ribbon 1  YELLOW.png
  artifactKey: Guid(074cf6faa2221db4f8ab14b481dce425) Importer(815301076,1909f56bfc062723c751e8b465ee728b)
Number of updated assets reloaded before import = 0
Start importing Assets/Violet Theme Ui/NEW Panels/Design 2 Ribbon 1  YELLOW.png using Guid(074cf6faa2221db4f8ab14b481dce425) Importer(815301076,1909f56bfc062723c751e8b465ee728b)  -> (artifact id: '35a3287cd503baec02a910c0f4a29637') in 0.036474 seconds 
Number of asset objects unloaded after import = 3
========================================================================
Received Import Request.
  Time since last request: 0.000026 seconds.
  path: Assets/Violet Theme Ui/Colored Icons/Heart Dark.png
  artifactKey: Guid(c52c66e8c335c1640a21e3d2c274bfd7) Importer(815301076,1909f56bfc062723c751e8b465ee728b)
Number of updated assets reloaded before import = 0
Start importing Assets/Violet Theme Ui/Colored Icons/Heart Dark.png using Guid(c52c66e8c335c1640a21e3d2c274bfd7) Importer(815301076,1909f56bfc062723c751e8b465ee728b)  -> (artifact id: 'ef0e35330c302e91d34da7dacfaf9b5d') in 0.043941 seconds 
Number of asset objects unloaded after import = 3
========================================================================
Received Import Request.
  Time since last request: 0.000022 seconds.
  path: Assets/Violet Theme Ui/Colored Icons/Down.png
  artifactKey: Guid(60543be98b18e94439b2e2a67aae367f) Importer(815301076,1909f56bfc062723c751e8b465ee728b)
Number of updated assets reloaded before import = 0
Start importing Assets/Violet Theme Ui/Colored Icons/Down.png using Guid(60543be98b18e94439b2e2a67aae367f) Importer(815301076,1909f56bfc062723c751e8b465ee728b)  -> (artifact id: '89b62622d821074df981d5e8778f8359') in 0.028732 seconds 
Number of asset objects unloaded after import = 3
========================================================================
Received Import Request.
  Time since last request: 0.000034 seconds.
  path: Assets/UI/free-icon-two-arrows-9847392.png
  artifactKey: Guid(a8a5d695a406dd3429dcc2dbe5f3e48d) Importer(815301076,1909f56bfc062723c751e8b465ee728b)
Number of updated assets reloaded before import = 0
Start importing Assets/UI/free-icon-two-arrows-9847392.png using Guid(a8a5d695a406dd3429dcc2dbe5f3e48d) Importer(815301076,1909f56bfc062723c751e8b465ee728b)  -> (artifact id: 'f9ae894941eef26e973a01f8f00c7b32') in 0.069376 seconds 
Number of asset objects unloaded after import = 3
========================================================================
Received Import Request.
  Time since last request: 0.000027 seconds.
  path: Assets/Violet Theme Ui/Sliders/Handle Violet.png
  artifactKey: Guid(1bf6b9a3ebb8b9444b55cca415d03ac5) Importer(815301076,1909f56bfc062723c751e8b465ee728b)
Number of updated assets reloaded before import = 0
Start importing Assets/Violet Theme Ui/Sliders/Handle Violet.png using Guid(1bf6b9a3ebb8b9444b55cca415d03ac5) Importer(815301076,1909f56bfc062723c751e8b465ee728b)  -> (artifact id: '09ec3a0f5b4d26fdc15f09e1a55d7f73') in 0.030612 seconds 
Number of asset objects unloaded after import = 3
========================================================================
Received Import Request.
  Time since last request: 0.000082 seconds.
  path: Assets/Violet Theme Ui/NEW Panels/Design 2 Ribbon 1 ORANGE.png
  artifactKey: Guid(4f6f192a605b1654fb61e8893c25b039) Importer(815301076,1909f56bfc062723c751e8b465ee728b)
Number of updated assets reloaded before import = 0
Start importing Assets/Violet Theme Ui/NEW Panels/Design 2 Ribbon 1 ORANGE.png using Guid(4f6f192a605b1654fb61e8893c25b039) Importer(815301076,1909f56bfc062723c751e8b465ee728b)  -> (artifact id: '5fa8d82a4b02189054485f4d76ff0893') in 0.047427 seconds 
Number of asset objects unloaded after import = 3
========================================================================
Received Import Request.
  Time since last request: 0.000027 seconds.
  path: Assets/Violet Theme Ui/Sliders/Handle Pink.png
  artifactKey: Guid(f3eafdc0f9c9fcb40b39db80b74f6f6a) Importer(815301076,1909f56bfc062723c751e8b465ee728b)
Number of updated assets reloaded before import = 0
Start importing Assets/Violet Theme Ui/Sliders/Handle Pink.png using Guid(f3eafdc0f9c9fcb40b39db80b74f6f6a) Importer(815301076,1909f56bfc062723c751e8b465ee728b)  -> (artifact id: '7cc534c89f35d0fcdb23fc2721bb4e37') in 0.031745 seconds 
Number of asset objects unloaded after import = 3
========================================================================
Received Import Request.
  Time since last request: 0.000023 seconds.
  path: Assets/Violet Theme Ui/Sliders/Handle Blue.png
  artifactKey: Guid(90a65e5f1a9c4c04a89791b3a9eda3c9) Importer(815301076,1909f56bfc062723c751e8b465ee728b)
Number of updated assets reloaded before import = 0
Start importing Assets/Violet Theme Ui/Sliders/Handle Blue.png using Guid(90a65e5f1a9c4c04a89791b3a9eda3c9) Importer(815301076,1909f56bfc062723c751e8b465ee728b)  -> (artifact id: '3a2152289dc6352093c5ccf94bd312c4') in 0.028874 seconds 
Number of asset objects unloaded after import = 3
========================================================================
Received Import Request.
  Time since last request: 0.000026 seconds.
  path: Assets/Violet Theme Ui/Sliders/Handle Red.png
  artifactKey: Guid(34c670642e6efda40b50b89365cb199b) Importer(815301076,1909f56bfc062723c751e8b465ee728b)
Number of updated assets reloaded before import = 0
Start importing Assets/Violet Theme Ui/Sliders/Handle Red.png using Guid(34c670642e6efda40b50b89365cb199b) Importer(815301076,1909f56bfc062723c751e8b465ee728b)  -> (artifact id: '2ea3db19c0124cb4e304e18a98637764') in 0.026571 seconds 
Number of asset objects unloaded after import = 3
========================================================================
Received Import Request.
  Time since last request: 0.000025 seconds.
  path: Assets/Violet Theme Ui/Colored Icons/Hammer.png
  artifactKey: Guid(c83fa2ac472c64145a29bad9c05a9a50) Importer(815301076,1909f56bfc062723c751e8b465ee728b)
Number of updated assets reloaded before import = 0
Start importing Assets/Violet Theme Ui/Colored Icons/Hammer.png using Guid(c83fa2ac472c64145a29bad9c05a9a50) Importer(815301076,1909f56bfc062723c751e8b465ee728b)  -> (artifact id: '3b30a8580bcff1e1d811b966d446b8c7') in 0.033024 seconds 
Number of asset objects unloaded after import = 3
========================================================================
Received Import Request.
  Time since last request: 0.000023 seconds.
  path: Assets/Violet Theme Ui/Sliders/Fill Pink.png
  artifactKey: Guid(e13090386b0ba8948876eaafcac9a9af) Importer(815301076,1909f56bfc062723c751e8b465ee728b)
Number of updated assets reloaded before import = 0
Start importing Assets/Violet Theme Ui/Sliders/Fill Pink.png using Guid(e13090386b0ba8948876eaafcac9a9af) Importer(815301076,1909f56bfc062723c751e8b465ee728b)  -> (artifact id: 'dd3e1a1b4cf66f32dd95a5763f6781e9') in 0.035341 seconds 
Number of asset objects unloaded after import = 3
========================================================================
Received Import Request.
  Time since last request: 0.000028 seconds.
  path: Assets/Violet Theme Ui/NEW Panels/Design 2 Ribbon 2 BUBBLE GUM.png
  artifactKey: Guid(3c231f82a6c4ec5409504599cf0ecefd) Importer(815301076,1909f56bfc062723c751e8b465ee728b)
Number of updated assets reloaded before import = 0
Start importing Assets/Violet Theme Ui/NEW Panels/Design 2 Ribbon 2 BUBBLE GUM.png using Guid(3c231f82a6c4ec5409504599cf0ecefd) Importer(815301076,1909f56bfc062723c751e8b465ee728b)  -> (artifact id: '34898c16508b03e8308b5f745b14e6a4') in 0.052683 seconds 
Number of asset objects unloaded after import = 3
========================================================================
Received Import Request.
  Time since last request: 1.747102 seconds.
  path: Assets/UI/icons8-сдвинуть-влево-на-ряд-64.png
  artifactKey: Guid(429f30991cd2dc7448f9705189ae4084) Importer(815301076,1909f56bfc062723c751e8b465ee728b)
Number of updated assets reloaded before import = 0
Start importing Assets/UI/icons8-сдвинуть-влево-на-ряд-64.png using Guid(429f30991cd2dc7448f9705189ae4084) Importer(815301076,1909f56bfc062723c751e8b465ee728b)  -> (artifact id: 'a092377f59c47fa07996858163a5eb47') in 0.076282 seconds 
Number of asset objects unloaded after import = 3
========================================================================
Received Import Request.
  Time since last request: 0.000019 seconds.
  path: Assets/Violet Theme Ui/Colored Icons/Magnifying Glass.png
  artifactKey: Guid(c565245094b56bb4e906bb430bd0702f) Importer(815301076,1909f56bfc062723c751e8b465ee728b)
Number of updated assets reloaded before import = 0
Start importing Assets/Violet Theme Ui/Colored Icons/Magnifying Glass.png using Guid(c565245094b56bb4e906bb430bd0702f) Importer(815301076,1909f56bfc062723c751e8b465ee728b)  -> (artifact id: '58836b79dd02005a9c24bf51af6ebcc4') in 0.031882 seconds 
Number of asset objects unloaded after import = 3
========================================================================
Received Import Request.
  Time since last request: 0.000026 seconds.
  path: Assets/Violet Theme Ui/Colored Icons/map pointer.png
  artifactKey: Guid(1298f0068576ea74a90e272e3e9cb693) Importer(815301076,1909f56bfc062723c751e8b465ee728b)
Number of updated assets reloaded before import = 0
Start importing Assets/Violet Theme Ui/Colored Icons/map pointer.png using Guid(1298f0068576ea74a90e272e3e9cb693) Importer(815301076,1909f56bfc062723c751e8b465ee728b)  -> (artifact id: '7a828f138a134d8117ff7e6daf247b03') in 0.035172 seconds 
Number of asset objects unloaded after import = 3
========================================================================
Received Import Request.
  Time since last request: 0.178503 seconds.
  path: Assets/Violet Theme Ui/Buttons/Misc/Menu Background.png
  artifactKey: Guid(f0b4dc9b8fe390b4597ba9c379657d44) Importer(815301076,1909f56bfc062723c751e8b465ee728b)
Number of updated assets reloaded before import = 0
Start importing Assets/Violet Theme Ui/Buttons/Misc/Menu Background.png using Guid(f0b4dc9b8fe390b4597ba9c379657d44) Importer(815301076,1909f56bfc062723c751e8b465ee728b)  -> (artifact id: 'de7c29ad7ccb0b16ac4a26f3c86850b5') in 0.066173 seconds 
Number of asset objects unloaded after import = 3
========================================================================
Received Import Request.
  Time since last request: 0.000025 seconds.
  path: Assets/Violet Theme Ui/NEW Panels/Panel 1 RED.png
  artifactKey: Guid(109558ba875bace41991b42e3200f526) Importer(815301076,1909f56bfc062723c751e8b465ee728b)
Number of updated assets reloaded before import = 0
Start importing Assets/Violet Theme Ui/NEW Panels/Panel 1 RED.png using Guid(109558ba875bace41991b42e3200f526) Importer(815301076,1909f56bfc062723c751e8b465ee728b)  -> (artifact id: '194a069bda131b24f2ff92fe812eb6b1') in 0.032152 seconds 
Number of asset objects unloaded after import = 3
========================================================================
Received Import Request.
  Time since last request: 0.000033 seconds.
  path: Assets/Violet Theme Ui/NEW Panels/Panel 1 PINK.png
  artifactKey: Guid(97d33f331f77ab645ac1e452716afcfe) Importer(815301076,1909f56bfc062723c751e8b465ee728b)
Number of updated assets reloaded before import = 0
Start importing Assets/Violet Theme Ui/NEW Panels/Panel 1 PINK.png using Guid(97d33f331f77ab645ac1e452716afcfe) Importer(815301076,1909f56bfc062723c751e8b465ee728b)  -> (artifact id: 'a5807c82c09dd19e0ceccbf2be69f68d') in 0.036332 seconds 
Number of asset objects unloaded after import = 3
========================================================================
Received Import Request.
  Time since last request: 0.000025 seconds.
  path: Assets/Violet Theme Ui/NEW Panels/Panel 1 YELLOW.png
  artifactKey: Guid(5670db3fcde148d43a3bb725c8f51ff1) Importer(815301076,1909f56bfc062723c751e8b465ee728b)
Number of updated assets reloaded before import = 0
Start importing Assets/Violet Theme Ui/NEW Panels/Panel 1 YELLOW.png using Guid(5670db3fcde148d43a3bb725c8f51ff1) Importer(815301076,1909f56bfc062723c751e8b465ee728b)  -> (artifact id: '5ca941316965407d7448dc5c10e9b123') in 0.039799 seconds 
Number of asset objects unloaded after import = 3
========================================================================
Received Import Request.
  Time since last request: 0.572375 seconds.
  path: Assets/Violet Theme Ui/NEW Panels/Panel 2 BLUE.png
  artifactKey: Guid(39f23c01c072ecf4a930753d3decff63) Importer(815301076,1909f56bfc062723c751e8b465ee728b)
Number of updated assets reloaded before import = 0
Start importing Assets/Violet Theme Ui/NEW Panels/Panel 2 BLUE.png using Guid(39f23c01c072ecf4a930753d3decff63) Importer(815301076,1909f56bfc062723c751e8b465ee728b)  -> (artifact id: 'e54a30f9cc10e0601e75d0920d0018e1') in 0.160922 seconds 
Number of asset objects unloaded after import = 3
========================================================================
Received Import Request.
  Time since last request: 0.000029 seconds.
  path: Assets/PluginYourGames/Example/Sprites/PanelTextureYG.png
  artifactKey: Guid(3e0646a1d1e3f2c47bbce66b56ba3282) Importer(815301076,1909f56bfc062723c751e8b465ee728b)
Number of updated assets reloaded before import = 0
Start importing Assets/PluginYourGames/Example/Sprites/PanelTextureYG.png using Guid(3e0646a1d1e3f2c47bbce66b56ba3282) Importer(815301076,1909f56bfc062723c751e8b465ee728b)  -> (artifact id: '846e1e28c94a623664ca21b0805cbb04') in 0.046506 seconds 
Number of asset objects unloaded after import = 3
========================================================================
Received Import Request.
  Time since last request: 0.000033 seconds.
  path: Assets/Violet Theme Ui/NEW Panels/Panel 2 YELLOW.png
  artifactKey: Guid(62ff7ae08ee8b28488d5c9f0cee87fed) Importer(815301076,1909f56bfc062723c751e8b465ee728b)
Number of updated assets reloaded before import = 0
Start importing Assets/Violet Theme Ui/NEW Panels/Panel 2 YELLOW.png using Guid(62ff7ae08ee8b28488d5c9f0cee87fed) Importer(815301076,1909f56bfc062723c751e8b465ee728b)  -> (artifact id: 'd2591a1898e71aedc7bf214791688cff') in 0.044759 seconds 
Number of asset objects unloaded after import = 3
========================================================================
Received Import Request.
  Time since last request: 0.000038 seconds.
  path: Assets/Violet Theme Ui/Colored Icons/Pencil.png
  artifactKey: Guid(f14422fe0972f6742b86a49a59c03d34) Importer(815301076,1909f56bfc062723c751e8b465ee728b)
Number of updated assets reloaded before import = 0
Start importing Assets/Violet Theme Ui/Colored Icons/Pencil.png using Guid(f14422fe0972f6742b86a49a59c03d34) Importer(815301076,1909f56bfc062723c751e8b465ee728b)  -> (artifact id: '2d8f5a3a3bcc46abd0730f27cd751dc2') in 0.037753 seconds 
Number of asset objects unloaded after import = 3
========================================================================
Received Import Request.
  Time since last request: 0.481223 seconds.
  path: Assets/Violet Theme Ui/Colored Icons/Potion Red.png
  artifactKey: Guid(9035a2602b4b6774fb8c30b4f5872fca) Importer(815301076,1909f56bfc062723c751e8b465ee728b)
Number of updated assets reloaded before import = 0
Start importing Assets/Violet Theme Ui/Colored Icons/Potion Red.png using Guid(9035a2602b4b6774fb8c30b4f5872fca) Importer(815301076,1909f56bfc062723c751e8b465ee728b)  -> (artifact id: 'ee632efa2b6f972701c98bcbcd827b8a') in 0.059776 seconds 
Number of asset objects unloaded after import = 3
========================================================================
Received Import Request.
  Time since last request: 0.000022 seconds.
  path: Assets/Violet Theme Ui/Progress Bars/Progress Bar Orange.png
  artifactKey: Guid(b0bf94ead829fd24591a1625a292a742) Importer(815301076,1909f56bfc062723c751e8b465ee728b)
Number of updated assets reloaded before import = 0
Start importing Assets/Violet Theme Ui/Progress Bars/Progress Bar Orange.png using Guid(b0bf94ead829fd24591a1625a292a742) Importer(815301076,1909f56bfc062723c751e8b465ee728b)  -> (artifact id: '00a9731a6f17498947b56bd3404f2e81') in 0.039975 seconds 
Number of asset objects unloaded after import = 3
========================================================================
Received Import Request.
  Time since last request: 0.000025 seconds.
  path: Assets/Violet Theme Ui/Progress Bars/Progress Bar Pink.png
  artifactKey: Guid(bc5c9842ed20fb14eab8fca166a60f01) Importer(815301076,1909f56bfc062723c751e8b465ee728b)
Number of updated assets reloaded before import = 0
Start importing Assets/Violet Theme Ui/Progress Bars/Progress Bar Pink.png using Guid(bc5c9842ed20fb14eab8fca166a60f01) Importer(815301076,1909f56bfc062723c751e8b465ee728b)  -> (artifact id: '4a7364fad3582fbedc7f6056e1d33dac') in 0.035582 seconds 
Number of asset objects unloaded after import = 3
========================================================================
Received Prepare
Registering precompiled user dll's ...
Registered in 0.003967 seconds.
Begin MonoManager ReloadAssembly
Native extension for WindowsStandalone target not found
Failed to load: C:/Program Files/Unity/Hub/Editor/2021.3.36f1/Editor/Data/PlaybackEngines/iOSSupport\x64\UnityEditor.iOS.Native.dll
Native extension for iOS target not found
Native extension for Android target not found
Native extension for WebGL target not found
Refreshing native plugins compatible for Editor in 1.73 ms, found 3 plugins.
Preloading 0 native plugins for Editor in 0.00 ms.
[Package Manager] Server::EnsureServerProcessIsRunning -- launch failed, reason: Unity was launched with the -noUpm command-line argument
[Package Manager] Cannot connect to Unity Package Manager local server
[Package Manager] Server::EnsureServerProcessIsRunning -- launch failed, reason: Unity was launched with the -noUpm command-line argument
[Package Manager] Cannot connect to Unity Package Manager local server
[Package Manager] Server::EnsureServerProcessIsRunning -- launch failed, reason: Unity was launched with the -noUpm command-line argument
[Package Manager] Cannot connect to Unity Package Manager local server
System.IO.IOException: Sharing violation on path C:\UnityProject\Run\Assets\PluginYourGames\Editor\ModulesListYG2.txt
  at System.IO.FileStream..ctor (System.String path, System.IO.FileMode mode, System.IO.FileAccess access, System.IO.FileShare share, System.Int32 bufferSize, System.Boolean anonymous, System.IO.FileOptions options) [0x0019e] in <b4dec521950c405ea4b0b85c62087906>:0 
  at System.IO.FileStream..ctor (System.String path, System.IO.FileMode mode, System.IO.FileAccess access, System.IO.FileShare share, System.Int32 bufferSize, System.IO.FileOptions options) [0x00000] in <b4dec521950c405ea4b0b85c62087906>:0 
  at (wrapper remoting-invoke-with-check) System.IO.FileStream..ctor(string,System.IO.FileMode,System.IO.FileAccess,System.IO.FileShare,int,System.IO.FileOptions)
  at System.IO.StreamWriter..ctor (System.String path, System.Boolean append, System.Text.Encoding encoding, System.Int32 bufferSize) [0x00055] in <b4dec521950c405ea4b0b85c62087906>:0 
  at System.IO.StreamWriter..ctor (System.String path) [0x00008] in <b4dec521950c405ea4b0b85c62087906>:0 
  at (wrapper remoting-invoke-with-check) System.IO.StreamWriter..ctor(string)
  at System.IO.File.WriteAllText (System.String path, System.String contents) [0x00026] in <b4dec521950c405ea4b0b85c62087906>:0 
  at YG.EditorScr.DefineSymbols.ModulesDefineSymbols () [0x001e9] in C:\UnityProject\Run\Assets\PluginYourGames\Scripts\EditorScr\DefineSymbols.cs:215 
  at YG.EditorScr.DefineSymbols.UpdateDefineSymbols () [0x0000f] in C:\UnityProject\Run\Assets\PluginYourGames\Scripts\EditorScr\DefineSymbols.cs:57 
  at YG.EditorScr.DefineSymbols..cctor () [0x00023] in C:\UnityProject\Run\Assets\PluginYourGames\Scripts\EditorScr\DefineSymbols.cs:31 
UnityEngine.StackTraceUtility:ExtractStackTrace ()
UnityEngine.DebugLogHandler:LogFormat (UnityEngine.LogType,UnityEngine.Object,string,object[])
UnityEngine.Logger:Log (UnityEngine.LogType,object)
UnityEngine.Debug:LogError (object)
UnityEditor.EditorAssemblies:ProcessInitializeOnLoadAttributes (System.Type[])

Mono: successfully reloaded assembly
- Completed reload, in  2.395 seconds
Domain Reload Profiling:
	ReloadAssembly (2396ms)
		BeginReloadAssembly (142ms)
			ExecutionOrderSort (0ms)
			DisableScriptedObjects (4ms)
			BackupInstance (0ms)
			ReleaseScriptingObjects (0ms)
			CreateAndSetChildDomain (41ms)
		EndReloadAssembly (2167ms)
			LoadAssemblies (94ms)
			RebuildTransferFunctionScriptingTraits (0ms)
			SetupTypeCache (335ms)
			ReleaseScriptCaches (3ms)
			RebuildScriptCaches (112ms)
			SetupLoadedEditorAssemblies (1416ms)
				LogAssemblyErrors (0ms)
				InitializePlatformSupportModulesInManaged (97ms)
				SetLoadedEditorAssemblies (2ms)
				RefreshPlugins (2ms)
				BeforeProcessingInitializeOnLoad (201ms)
				ProcessInitializeOnLoadAttributes (951ms)
				ProcessInitializeOnLoadMethodAttributes (150ms)
				AfterProcessingInitializeOnLoad (13ms)
				EditorAssembliesLoaded (0ms)
			ExecutionOrderSort2 (0ms)
			AwakeInstancesAfterBackupRestoration (16ms)
Platform modules already initialized, skipping
Refreshing native plugins compatible for Editor in 2.32 ms, found 3 plugins.
Preloading 0 native plugins for Editor in 0.00 ms.
Unloading 4412 Unused Serialized files (Serialized files now loaded: 0)
Unloading 53 unused Assets / (167.3 KB). Loaded Objects now: 5121.
Memory consumption went from 159.3 MB to 159.2 MB.
Total: 6.085600 ms (FindLiveObjects: 0.698600 ms CreateObjectMapping: 0.296400 ms MarkObjects: 4.980800 ms  DeleteObjects: 0.107200 ms)

AssetImportParameters requested are different than current active one (requested -> active):
  custom:video-decoder-ogg-theora: a1e56fd34408186e4bbccfd4996cb3dc -> 
  custom:container-muxer-webm: aa71ff27fc2769a1b78a27578f13a17b -> 
  custom:container-demuxer-webm: 4f35f7cbe854078d1ac9338744f61a02 -> 
  custom:video-encoder-webm-vp8: eb34c28f22e8b96e1ab97ce403110664 -> 
  custom:video-codec-MediaFoundation-h265: 746d11721c4dcdbdad8f713fa42b33f4 -> 
  custom:CustomObjectIndexerAttribute: bc11b3a6c3213fcdd17b65e7da85e133 -> 
  custom:audio-encoder-webm-vorbis: bf7c407c2cedff20999df2af8eb42d56 -> 
  custom:framework-win-MediaFoundation: 216162199b28c13a410421893ffa2e32 -> 
  custom:SearchIndexIgnoredProperties: e643bd26f0fe6173181afceb89e7c659 -> 
  custom:container-demuxer-ogg: 62fdf1f143b41e24485cea50d1cbac27 -> 
  custom:video-decoder-webm-vp8: 9c59270c3fd7afecdb556c50c9e8de78 -> 
  custom:audio-decoder-ogg-vorbis: bf7c407c2cedff20999df2af8eb42d56 -> 
========================================================================
Received Prepare
Registering precompiled user dll's ...
Registered in 0.003821 seconds.
Begin MonoManager ReloadAssembly
Native extension for WindowsStandalone target not found
Failed to load: C:/Program Files/Unity/Hub/Editor/2021.3.36f1/Editor/Data/PlaybackEngines/iOSSupport\x64\UnityEditor.iOS.Native.dll
Native extension for iOS target not found
Native extension for Android target not found
Native extension for WebGL target not found
Refreshing native plugins compatible for Editor in 0.80 ms, found 3 plugins.
Preloading 0 native plugins for Editor in 0.00 ms.
[Package Manager] Server::EnsureServerProcessIsRunning -- launch failed, reason: Unity was launched with the -noUpm command-line argument
[Package Manager] Cannot connect to Unity Package Manager local server
[Package Manager] Server::EnsureServerProcessIsRunning -- launch failed, reason: Unity was launched with the -noUpm command-line argument
[Package Manager] Cannot connect to Unity Package Manager local server
[ScriptCompilation] NOT recompiling all scripts because this is an import worker process. Reason to compile was: Define symbols changed
Mono: successfully reloaded assembly
- Completed reload, in  1.751 seconds
Domain Reload Profiling:
	ReloadAssembly (1753ms)
		BeginReloadAssembly (137ms)
			ExecutionOrderSort (0ms)
			DisableScriptedObjects (7ms)
			BackupInstance (0ms)
			ReleaseScriptingObjects (0ms)
			CreateAndSetChildDomain (34ms)
		EndReloadAssembly (1533ms)
			LoadAssemblies (97ms)
			RebuildTransferFunctionScriptingTraits (0ms)
			SetupTypeCache (269ms)
			ReleaseScriptCaches (2ms)
			RebuildScriptCaches (53ms)
			SetupLoadedEditorAssemblies (1041ms)
				LogAssemblyErrors (0ms)
				InitializePlatformSupportModulesInManaged (32ms)
				SetLoadedEditorAssemblies (0ms)
				RefreshPlugins (1ms)
				BeforeProcessingInitializeOnLoad (78ms)
				ProcessInitializeOnLoadAttributes (768ms)
				ProcessInitializeOnLoadMethodAttributes (150ms)
				AfterProcessingInitializeOnLoad (11ms)
				EditorAssembliesLoaded (0ms)
			ExecutionOrderSort2 (0ms)
			AwakeInstancesAfterBackupRestoration (11ms)
Platform modules already initialized, skipping
Refreshing native plugins compatible for Editor in 1.68 ms, found 3 plugins.
Preloading 0 native plugins for Editor in 0.00 ms.
Unloading 4412 Unused Serialized files (Serialized files now loaded: 0)
Unloading 53 unused Assets / (167.3 KB). Loaded Objects now: 5124.
Memory consumption went from 159.3 MB to 159.2 MB.
Total: 5.965500 ms (FindLiveObjects: 0.475200 ms CreateObjectMapping: 0.228100 ms MarkObjects: 5.164000 ms  DeleteObjects: 0.096400 ms)

AssetImportParameters requested are different than current active one (requested -> active):
  custom:video-decoder-ogg-theora: a1e56fd34408186e4bbccfd4996cb3dc -> 
  custom:container-muxer-webm: aa71ff27fc2769a1b78a27578f13a17b -> 
  custom:container-demuxer-webm: 4f35f7cbe854078d1ac9338744f61a02 -> 
  custom:video-encoder-webm-vp8: eb34c28f22e8b96e1ab97ce403110664 -> 
  custom:video-codec-MediaFoundation-h265: 746d11721c4dcdbdad8f713fa42b33f4 -> 
  custom:CustomObjectIndexerAttribute: bc11b3a6c3213fcdd17b65e7da85e133 -> 
  custom:audio-encoder-webm-vorbis: bf7c407c2cedff20999df2af8eb42d56 -> 
  custom:framework-win-MediaFoundation: 216162199b28c13a410421893ffa2e32 -> 
  custom:SearchIndexIgnoredProperties: e643bd26f0fe6173181afceb89e7c659 -> 
  custom:container-demuxer-ogg: 62fdf1f143b41e24485cea50d1cbac27 -> 
  custom:video-decoder-webm-vp8: 9c59270c3fd7afecdb556c50c9e8de78 -> 
  custom:audio-decoder-ogg-vorbis: bf7c407c2cedff20999df2af8eb42d56 -> 
Editor requested this worker to shutdown with reason: Scaling down because of idle timeout
AssetImportWorker is now disconnected from the server
Process exiting
Exiting without the bug reporter. Application will terminate with return code 0