Using pre-set license
Built from '2021.3/staging' branch; Version is '2021.3.36f1 (7a0645017be0) revision 7996997'; Using compiler version '192829333'; Build Type 'Release'
OS: 'Windows 11  (10.0.26100) 64bit Professional' Language: 'ru' Physical Memory: 16104 MB
BatchMode: 1, IsHumanControllingUs: 0, StartBugReporterOnCrash: 0, Is64bit: 1, IsPro: 1

COMMAND LINE ARGUMENTS:
C:\Program Files\Unity\Hub\Editor\2021.3.36f1\Editor\Unity.exe
-adb2
-batchMode
-noUpm
-name
AssetImportWorker1
-projectPath
C:/UnityProject/Run
-logFile
Logs/AssetImportWorker1.log
-srvPort
65298
Successfully changed project path to: C:/UnityProject/Run
C:/UnityProject/Run
[UnityMemory] Configuration Parameters - Can be set up in boot.config
    "memorysetup-bucket-allocator-granularity=16"
    "memorysetup-bucket-allocator-bucket-count=8"
    "memorysetup-bucket-allocator-block-size=33554432"
    "memorysetup-bucket-allocator-block-count=8"
    "memorysetup-main-allocator-block-size=16777216"
    "memorysetup-thread-allocator-block-size=16777216"
    "memorysetup-gfx-main-allocator-block-size=16777216"
    "memorysetup-gfx-thread-allocator-block-size=16777216"
    "memorysetup-cache-allocator-block-size=4194304"
    "memorysetup-typetree-allocator-block-size=2097152"
    "memorysetup-profiler-bucket-allocator-granularity=16"
    "memorysetup-profiler-bucket-allocator-bucket-count=8"
    "memorysetup-profiler-bucket-allocator-block-size=33554432"
    "memorysetup-profiler-bucket-allocator-block-count=8"
    "memorysetup-profiler-allocator-block-size=16777216"
    "memorysetup-profiler-editor-allocator-block-size=1048576"
    "memorysetup-temp-allocator-size-main=16777216"
    "memorysetup-job-temp-allocator-block-size=2097152"
    "memorysetup-job-temp-allocator-block-size-background=1048576"
    "memorysetup-job-temp-allocator-reduction-small-platforms=262144"
    "memorysetup-temp-allocator-size-background-worker=32768"
    "memorysetup-temp-allocator-size-job-worker=262144"
    "memorysetup-temp-allocator-size-preload-manager=33554432"
    "memorysetup-temp-allocator-size-nav-mesh-worker=65536"
    "memorysetup-temp-allocator-size-audio-worker=65536"
    "memorysetup-temp-allocator-size-cloud-worker=32768"
    "memorysetup-temp-allocator-size-gi-baking-worker=262144"
    "memorysetup-temp-allocator-size-gfx=262144"
Player connection [14440] Host "[IP] 172.16.0.2 [Port] 0 [Flags] 2 [Guid] 2404654571 [EditorId] 2404654571 [Version] 1048832 [Id] WindowsEditor(7,Ilyas) [Debug] 1 [PackageName] WindowsEditor [ProjectName] Editor" joined multi-casting on [225.0.0.222:54997]...

Player connection [14440] Host "[IP] 172.16.0.2 [Port] 0 [Flags] 2 [Guid] 2404654571 [EditorId] 2404654571 [Version] 1048832 [Id] WindowsEditor(7,Ilyas) [Debug] 1 [PackageName] WindowsEditor [ProjectName] Editor" joined alternative multi-casting on [225.0.0.222:34997]...

[Physics::Module] Initialized MultithreadedJobDispatcher with {0} workers.
Refreshing native plugins compatible for Editor in 1064.86 ms, found 3 plugins.
Preloading 0 native plugins for Editor in 0.00 ms.
Initialize engine version: 2021.3.36f1 (7a0645017be0)
[Subsystems] Discovering subsystems at path C:/Program Files/Unity/Hub/Editor/2021.3.36f1/Editor/Data/Resources/UnitySubsystems
[Subsystems] Discovering subsystems at path C:/UnityProject/Run/Assets
GfxDevice: creating device client; threaded=0; jobified=0
Direct3D:
    Version:  Direct3D 11.0 [level 11.1]
    Renderer: NVIDIA GeForce RTX 4050 Laptop GPU (ID=0x28a1)
    Vendor:   NVIDIA
    VRAM:     5921 MB
    Driver:   31.0.15.5222
Initialize mono
Mono path[0] = 'C:/Program Files/Unity/Hub/Editor/2021.3.36f1/Editor/Data/Managed'
Mono path[1] = 'C:/Program Files/Unity/Hub/Editor/2021.3.36f1/Editor/Data/MonoBleedingEdge/lib/mono/unityjit-win32'
Mono config path = 'C:/Program Files/Unity/Hub/Editor/2021.3.36f1/Editor/Data/MonoBleedingEdge/etc'
Using monoOptions --debugger-agent=transport=dt_socket,embedding=1,server=y,suspend=n,address=127.0.0.1:56364
Begin MonoManager ReloadAssembly
Registering precompiled unity dll's ...
Register platform support module: C:/Program Files/Unity/Hub/Editor/2021.3.36f1/Editor/Data/PlaybackEngines/WebGLSupport/UnityEditor.WebGL.Extensions.dll
Register platform support module: C:/Program Files/Unity/Hub/Editor/2021.3.36f1/Editor/Data/PlaybackEngines/AndroidPlayer/UnityEditor.Android.Extensions.dll
Register platform support module: C:/Program Files/Unity/Hub/Editor/2021.3.36f1/Editor/Data/PlaybackEngines/iOSSupport/UnityEditor.iOS.Extensions.dll
Register platform support module: C:/Program Files/Unity/Hub/Editor/2021.3.36f1/Editor/Data/PlaybackEngines/WindowsStandaloneSupport/UnityEditor.WindowsStandalone.Extensions.dll
Registered in 11.985373 seconds.
Native extension for WindowsStandalone target not found
Failed to load: C:/Program Files/Unity/Hub/Editor/2021.3.36f1/Editor/Data/PlaybackEngines/iOSSupport\x64\UnityEditor.iOS.Native.dll
Native extension for iOS target not found
Native extension for Android target not found
Android Extension - Scanning For ADB Devices 519 ms
Native extension for WebGL target not found
Refreshing native plugins compatible for Editor in 195.74 ms, found 3 plugins.
Preloading 0 native plugins for Editor in 0.00 ms.
Mono: successfully reloaded assembly
- Completed reload, in 64.530 seconds
Domain Reload Profiling:
	ReloadAssembly (64531ms)
		BeginReloadAssembly (39824ms)
			ExecutionOrderSort (0ms)
			DisableScriptedObjects (0ms)
			BackupInstance (0ms)
			ReleaseScriptingObjects (0ms)
			CreateAndSetChildDomain (2ms)
		EndReloadAssembly (8693ms)
			LoadAssemblies (39893ms)
			RebuildTransferFunctionScriptingTraits (0ms)
			SetupTypeCache (6468ms)
			ReleaseScriptCaches (0ms)
			RebuildScriptCaches (98ms)
			SetupLoadedEditorAssemblies (1592ms)
				LogAssemblyErrors (0ms)
				InitializePlatformSupportModulesInManaged (1080ms)
				SetLoadedEditorAssemblies (0ms)
				RefreshPlugins (196ms)
				BeforeProcessingInitializeOnLoad (3ms)
				ProcessInitializeOnLoadAttributes (200ms)
				ProcessInitializeOnLoadMethodAttributes (113ms)
				AfterProcessingInitializeOnLoad (0ms)
				EditorAssembliesLoaded (0ms)
			ExecutionOrderSort2 (0ms)
			AwakeInstancesAfterBackupRestoration (0ms)
Platform modules already initialized, skipping
Registering precompiled user dll's ...
Registered in 2.761165 seconds.
Begin MonoManager ReloadAssembly
Native extension for WindowsStandalone target not found
Failed to load: C:/Program Files/Unity/Hub/Editor/2021.3.36f1/Editor/Data/PlaybackEngines/iOSSupport\x64\UnityEditor.iOS.Native.dll
Native extension for iOS target not found
Native extension for Android target not found
Native extension for WebGL target not found
Refreshing native plugins compatible for Editor in 155.48 ms, found 3 plugins.
Preloading 0 native plugins for Editor in 0.00 ms.
Package Manager log level set to [2]
[Package Manager] Server::EnsureServerProcessIsRunning -- launch failed, reason: Unity was launched with the -noUpm command-line argument
[Package Manager] Cannot connect to Unity Package Manager local server
Mono: successfully reloaded assembly
- Completed reload, in  7.394 seconds
Domain Reload Profiling:
	ReloadAssembly (7396ms)
		BeginReloadAssembly (273ms)
			ExecutionOrderSort (0ms)
			DisableScriptedObjects (11ms)
			BackupInstance (0ms)
			ReleaseScriptingObjects (0ms)
			CreateAndSetChildDomain (37ms)
		EndReloadAssembly (6637ms)
			LoadAssemblies (1939ms)
			RebuildTransferFunctionScriptingTraits (0ms)
			SetupTypeCache (3002ms)
			ReleaseScriptCaches (1ms)
			RebuildScriptCaches (142ms)
			SetupLoadedEditorAssemblies (1514ms)
				LogAssemblyErrors (0ms)
				InitializePlatformSupportModulesInManaged (62ms)
				SetLoadedEditorAssemblies (0ms)
				RefreshPlugins (156ms)
				BeforeProcessingInitializeOnLoad (187ms)
				ProcessInitializeOnLoadAttributes (971ms)
				ProcessInitializeOnLoadMethodAttributes (120ms)
				AfterProcessingInitializeOnLoad (18ms)
				EditorAssembliesLoaded (0ms)
			ExecutionOrderSort2 (0ms)
			AwakeInstancesAfterBackupRestoration (12ms)
Platform modules already initialized, skipping
========================================================================
Worker process is ready to serve import requests
Launched and connected shader compiler UnityShaderCompiler.exe after 0.06 seconds
Refreshing native plugins compatible for Editor in 1.08 ms, found 3 plugins.
Preloading 0 native plugins for Editor in 0.00 ms.
Unloading 4379 Unused Serialized files (Serialized files now loaded: 0)
Unloading 54 unused Assets / (2.1 MB). Loaded Objects now: 4813.
Memory consumption went from 166.0 MB to 163.9 MB.
Total: 5.116900 ms (FindLiveObjects: 0.515600 ms CreateObjectMapping: 0.296500 ms MarkObjects: 3.852400 ms  DeleteObjects: 0.450600 ms)

AssetImportParameters requested are different than current active one (requested -> active):
  custom:video-decoder-ogg-theora: a1e56fd34408186e4bbccfd4996cb3dc -> 
  custom:container-muxer-webm: aa71ff27fc2769a1b78a27578f13a17b -> 
  custom:container-demuxer-webm: 4f35f7cbe854078d1ac9338744f61a02 -> 
  custom:video-encoder-webm-vp8: eb34c28f22e8b96e1ab97ce403110664 -> 
  custom:video-codec-MediaFoundation-h265: 746d11721c4dcdbdad8f713fa42b33f4 -> 
  custom:CustomObjectIndexerAttribute: bc11b3a6c3213fcdd17b65e7da85e133 -> 
  custom:audio-encoder-webm-vorbis: bf7c407c2cedff20999df2af8eb42d56 -> 
  custom:framework-win-MediaFoundation: 216162199b28c13a410421893ffa2e32 -> 
  custom:SearchIndexIgnoredProperties: e643bd26f0fe6173181afceb89e7c659 -> 
  custom:container-demuxer-ogg: 62fdf1f143b41e24485cea50d1cbac27 -> 
  custom:video-decoder-webm-vp8: 9c59270c3fd7afecdb556c50c9e8de78 -> 
  custom:audio-decoder-ogg-vorbis: bf7c407c2cedff20999df2af8eb42d56 -> 
========================================================================
Received Prepare
Registering precompiled user dll's ...
Registered in 0.020038 seconds.
Begin MonoManager ReloadAssembly
Native extension for WindowsStandalone target not found
Failed to load: C:/Program Files/Unity/Hub/Editor/2021.3.36f1/Editor/Data/PlaybackEngines/iOSSupport\x64\UnityEditor.iOS.Native.dll
Native extension for iOS target not found
Native extension for Android target not found
Native extension for WebGL target not found
Refreshing native plugins compatible for Editor in 1.52 ms, found 3 plugins.
Preloading 0 native plugins for Editor in 0.00 ms.
[Package Manager] Server::EnsureServerProcessIsRunning -- launch failed, reason: Unity was launched with the -noUpm command-line argument
[Package Manager] Cannot connect to Unity Package Manager local server
[Package Manager] Server::EnsureServerProcessIsRunning -- launch failed, reason: Unity was launched with the -noUpm command-line argument
[Package Manager] Cannot connect to Unity Package Manager local server
[Package Manager] Server::EnsureServerProcessIsRunning -- launch failed, reason: Unity was launched with the -noUpm command-line argument
[Package Manager] Cannot connect to Unity Package Manager local server
Mono: successfully reloaded assembly
- Completed reload, in  2.392 seconds
Domain Reload Profiling:
	ReloadAssembly (2393ms)
		BeginReloadAssembly (282ms)
			ExecutionOrderSort (0ms)
			DisableScriptedObjects (10ms)
			BackupInstance (0ms)
			ReleaseScriptingObjects (0ms)
			CreateAndSetChildDomain (61ms)
		EndReloadAssembly (1942ms)
			LoadAssemblies (202ms)
			RebuildTransferFunctionScriptingTraits (0ms)
			SetupTypeCache (487ms)
			ReleaseScriptCaches (2ms)
			RebuildScriptCaches (80ms)
			SetupLoadedEditorAssemblies (1147ms)
				LogAssemblyErrors (0ms)
				InitializePlatformSupportModulesInManaged (63ms)
				SetLoadedEditorAssemblies (1ms)
				RefreshPlugins (2ms)
				BeforeProcessingInitializeOnLoad (145ms)
				ProcessInitializeOnLoadAttributes (801ms)
				ProcessInitializeOnLoadMethodAttributes (120ms)
				AfterProcessingInitializeOnLoad (14ms)
				EditorAssembliesLoaded (0ms)
			ExecutionOrderSort2 (0ms)
			AwakeInstancesAfterBackupRestoration (14ms)
Platform modules already initialized, skipping
Refreshing native plugins compatible for Editor in 1.38 ms, found 3 plugins.
Preloading 0 native plugins for Editor in 0.00 ms.
Unloading 4322 Unused Serialized files (Serialized files now loaded: 0)
Unloading 49 unused Assets / (2.1 MB). Loaded Objects now: 4816.
Memory consumption went from 160.0 MB to 158.0 MB.
Total: 5.000900 ms (FindLiveObjects: 0.446000 ms CreateObjectMapping: 0.223500 ms MarkObjects: 3.934900 ms  DeleteObjects: 0.394600 ms)

AssetImportParameters requested are different than current active one (requested -> active):
  custom:video-decoder-ogg-theora: a1e56fd34408186e4bbccfd4996cb3dc -> 
  custom:container-muxer-webm: aa71ff27fc2769a1b78a27578f13a17b -> 
  custom:container-demuxer-webm: 4f35f7cbe854078d1ac9338744f61a02 -> 
  custom:video-encoder-webm-vp8: eb34c28f22e8b96e1ab97ce403110664 -> 
  custom:video-codec-MediaFoundation-h265: 746d11721c4dcdbdad8f713fa42b33f4 -> 
  custom:CustomObjectIndexerAttribute: bc11b3a6c3213fcdd17b65e7da85e133 -> 
  custom:audio-encoder-webm-vorbis: bf7c407c2cedff20999df2af8eb42d56 -> 
  custom:framework-win-MediaFoundation: 216162199b28c13a410421893ffa2e32 -> 
  custom:SearchIndexIgnoredProperties: e643bd26f0fe6173181afceb89e7c659 -> 
  custom:container-demuxer-ogg: 62fdf1f143b41e24485cea50d1cbac27 -> 
  custom:video-decoder-webm-vp8: 9c59270c3fd7afecdb556c50c9e8de78 -> 
  custom:audio-decoder-ogg-vorbis: bf7c407c2cedff20999df2af8eb42d56 -> 
========================================================================
Received Prepare
Registering precompiled user dll's ...
Registered in 0.015349 seconds.
Begin MonoManager ReloadAssembly
Native extension for WindowsStandalone target not found
Failed to load: C:/Program Files/Unity/Hub/Editor/2021.3.36f1/Editor/Data/PlaybackEngines/iOSSupport\x64\UnityEditor.iOS.Native.dll
Native extension for iOS target not found
Native extension for Android target not found
Native extension for WebGL target not found
Refreshing native plugins compatible for Editor in 1.22 ms, found 3 plugins.
Preloading 0 native plugins for Editor in 0.00 ms.
[Package Manager] Server::EnsureServerProcessIsRunning -- launch failed, reason: Unity was launched with the -noUpm command-line argument
[Package Manager] Cannot connect to Unity Package Manager local server
[Package Manager] Server::EnsureServerProcessIsRunning -- launch failed, reason: Unity was launched with the -noUpm command-line argument
[Package Manager] Cannot connect to Unity Package Manager local server
Mono: successfully reloaded assembly
- Completed reload, in  2.567 seconds
Domain Reload Profiling:
	ReloadAssembly (2568ms)
		BeginReloadAssembly (408ms)
			ExecutionOrderSort (0ms)
			DisableScriptedObjects (11ms)
			BackupInstance (0ms)
			ReleaseScriptingObjects (0ms)
			CreateAndSetChildDomain (77ms)
		EndReloadAssembly (1932ms)
			LoadAssemblies (320ms)
			RebuildTransferFunctionScriptingTraits (0ms)
			SetupTypeCache (497ms)
			ReleaseScriptCaches (2ms)
			RebuildScriptCaches (81ms)
			SetupLoadedEditorAssemblies (1124ms)
				LogAssemblyErrors (0ms)
				InitializePlatformSupportModulesInManaged (64ms)
				SetLoadedEditorAssemblies (1ms)
				RefreshPlugins (1ms)
				BeforeProcessingInitializeOnLoad (153ms)
				ProcessInitializeOnLoadAttributes (778ms)
				ProcessInitializeOnLoadMethodAttributes (112ms)
				AfterProcessingInitializeOnLoad (14ms)
				EditorAssembliesLoaded (0ms)
			ExecutionOrderSort2 (0ms)
			AwakeInstancesAfterBackupRestoration (12ms)
Platform modules already initialized, skipping
Refreshing native plugins compatible for Editor in 1.32 ms, found 3 plugins.
Preloading 0 native plugins for Editor in 0.00 ms.
Unloading 4322 Unused Serialized files (Serialized files now loaded: 0)
Unloading 49 unused Assets / (2.1 MB). Loaded Objects now: 4819.
Memory consumption went from 160.1 MB to 158.0 MB.
Total: 5.018900 ms (FindLiveObjects: 0.443300 ms CreateObjectMapping: 0.245600 ms MarkObjects: 3.944400 ms  DeleteObjects: 0.383800 ms)

AssetImportParameters requested are different than current active one (requested -> active):
  custom:video-decoder-ogg-theora: a1e56fd34408186e4bbccfd4996cb3dc -> 
  custom:container-muxer-webm: aa71ff27fc2769a1b78a27578f13a17b -> 
  custom:container-demuxer-webm: 4f35f7cbe854078d1ac9338744f61a02 -> 
  custom:video-encoder-webm-vp8: eb34c28f22e8b96e1ab97ce403110664 -> 
  custom:video-codec-MediaFoundation-h265: 746d11721c4dcdbdad8f713fa42b33f4 -> 
  custom:CustomObjectIndexerAttribute: bc11b3a6c3213fcdd17b65e7da85e133 -> 
  custom:audio-encoder-webm-vorbis: bf7c407c2cedff20999df2af8eb42d56 -> 
  custom:framework-win-MediaFoundation: 216162199b28c13a410421893ffa2e32 -> 
  custom:SearchIndexIgnoredProperties: e643bd26f0fe6173181afceb89e7c659 -> 
  custom:container-demuxer-ogg: 62fdf1f143b41e24485cea50d1cbac27 -> 
  custom:video-decoder-webm-vp8: 9c59270c3fd7afecdb556c50c9e8de78 -> 
  custom:audio-decoder-ogg-vorbis: bf7c407c2cedff20999df2af8eb42d56 -> 
========================================================================
Received Prepare
Registering precompiled user dll's ...
Registered in 0.015985 seconds.
Begin MonoManager ReloadAssembly
Native extension for WindowsStandalone target not found
Failed to load: C:/Program Files/Unity/Hub/Editor/2021.3.36f1/Editor/Data/PlaybackEngines/iOSSupport\x64\UnityEditor.iOS.Native.dll
Native extension for iOS target not found
Native extension for Android target not found
Native extension for WebGL target not found
Refreshing native plugins compatible for Editor in 0.77 ms, found 3 plugins.
Preloading 0 native plugins for Editor in 0.00 ms.
[Package Manager] Server::EnsureServerProcessIsRunning -- launch failed, reason: Unity was launched with the -noUpm command-line argument
[Package Manager] Cannot connect to Unity Package Manager local server
[Package Manager] Server::EnsureServerProcessIsRunning -- launch failed, reason: Unity was launched with the -noUpm command-line argument
[Package Manager] Cannot connect to Unity Package Manager local server
Mono: successfully reloaded assembly
- Completed reload, in  1.489 seconds
Domain Reload Profiling:
	ReloadAssembly (1490ms)
		BeginReloadAssembly (157ms)
			ExecutionOrderSort (0ms)
			DisableScriptedObjects (4ms)
			BackupInstance (0ms)
			ReleaseScriptingObjects (0ms)
			CreateAndSetChildDomain (38ms)
		EndReloadAssembly (1220ms)
			LoadAssemblies (110ms)
			RebuildTransferFunctionScriptingTraits (0ms)
			SetupTypeCache (324ms)
			ReleaseScriptCaches (2ms)
			RebuildScriptCaches (48ms)
			SetupLoadedEditorAssemblies (723ms)
				LogAssemblyErrors (0ms)
				InitializePlatformSupportModulesInManaged (35ms)
				SetLoadedEditorAssemblies (1ms)
				RefreshPlugins (1ms)
				BeforeProcessingInitializeOnLoad (79ms)
				ProcessInitializeOnLoadAttributes (552ms)
				ProcessInitializeOnLoadMethodAttributes (49ms)
				AfterProcessingInitializeOnLoad (5ms)
				EditorAssembliesLoaded (0ms)
			ExecutionOrderSort2 (0ms)
			AwakeInstancesAfterBackupRestoration (6ms)
Platform modules already initialized, skipping
Refreshing native plugins compatible for Editor in 0.87 ms, found 3 plugins.
Preloading 0 native plugins for Editor in 0.00 ms.
Unloading 4322 Unused Serialized files (Serialized files now loaded: 0)
Unloading 49 unused Assets / (2.1 MB). Loaded Objects now: 4822.
Memory consumption went from 160.1 MB to 158.0 MB.
Total: 4.167100 ms (FindLiveObjects: 0.296800 ms CreateObjectMapping: 0.162400 ms MarkObjects: 3.381600 ms  DeleteObjects: 0.325100 ms)

AssetImportParameters requested are different than current active one (requested -> active):
  custom:video-decoder-ogg-theora: a1e56fd34408186e4bbccfd4996cb3dc -> 
  custom:container-muxer-webm: aa71ff27fc2769a1b78a27578f13a17b -> 
  custom:container-demuxer-webm: 4f35f7cbe854078d1ac9338744f61a02 -> 
  custom:video-encoder-webm-vp8: eb34c28f22e8b96e1ab97ce403110664 -> 
  custom:video-codec-MediaFoundation-h265: 746d11721c4dcdbdad8f713fa42b33f4 -> 
  custom:CustomObjectIndexerAttribute: bc11b3a6c3213fcdd17b65e7da85e133 -> 
  custom:audio-encoder-webm-vorbis: bf7c407c2cedff20999df2af8eb42d56 -> 
  custom:framework-win-MediaFoundation: 216162199b28c13a410421893ffa2e32 -> 
  custom:SearchIndexIgnoredProperties: e643bd26f0fe6173181afceb89e7c659 -> 
  custom:container-demuxer-ogg: 62fdf1f143b41e24485cea50d1cbac27 -> 
  custom:video-decoder-webm-vp8: 9c59270c3fd7afecdb556c50c9e8de78 -> 
  custom:audio-decoder-ogg-vorbis: bf7c407c2cedff20999df2af8eb42d56 -> 
========================================================================
Received Import Request.
  Time since last request: 78733.320574 seconds.
  path: Assets/Scripts/PlayerSwimmer.cs
  artifactKey: Guid(9255261e23bf7a04db5e5c663d303979) Importer(815301076,1909f56bfc062723c751e8b465ee728b)
Number of updated assets reloaded before import = 0
Start importing Assets/Scripts/PlayerSwimmer.cs using Guid(9255261e23bf7a04db5e5c663d303979) Importer(815301076,1909f56bfc062723c751e8b465ee728b)  -> (artifact id: '0a913133c3f490829a6ef6a9b16d05b5') in 0.107834 seconds 
Number of asset objects unloaded after import = 0
========================================================================
Received Prepare
Registering precompiled user dll's ...
Registered in 0.008194 seconds.
Begin MonoManager ReloadAssembly
Native extension for WindowsStandalone target not found
Failed to load: C:/Program Files/Unity/Hub/Editor/2021.3.36f1/Editor/Data/PlaybackEngines/iOSSupport\x64\UnityEditor.iOS.Native.dll
Native extension for iOS target not found
Native extension for Android target not found
Native extension for WebGL target not found
Refreshing native plugins compatible for Editor in 1.09 ms, found 3 plugins.
Preloading 0 native plugins for Editor in 0.00 ms.
[Package Manager] Server::EnsureServerProcessIsRunning -- launch failed, reason: Unity was launched with the -noUpm command-line argument
[Package Manager] Cannot connect to Unity Package Manager local server
[Package Manager] Server::EnsureServerProcessIsRunning -- launch failed, reason: Unity was launched with the -noUpm command-line argument
[Package Manager] Cannot connect to Unity Package Manager local server
Mono: successfully reloaded assembly
- Completed reload, in  2.518 seconds
Domain Reload Profiling:
	ReloadAssembly (2520ms)
		BeginReloadAssembly (221ms)
			ExecutionOrderSort (0ms)
			DisableScriptedObjects (8ms)
			BackupInstance (0ms)
			ReleaseScriptingObjects (0ms)
			CreateAndSetChildDomain (51ms)
		EndReloadAssembly (2150ms)
			LoadAssemblies (155ms)
			RebuildTransferFunctionScriptingTraits (0ms)
			SetupTypeCache (325ms)
			ReleaseScriptCaches (2ms)
			RebuildScriptCaches (57ms)
			SetupLoadedEditorAssemblies (1556ms)
				LogAssemblyErrors (0ms)
				InitializePlatformSupportModulesInManaged (53ms)
				SetLoadedEditorAssemblies (1ms)
				RefreshPlugins (1ms)
				BeforeProcessingInitializeOnLoad (102ms)
				ProcessInitializeOnLoadAttributes (1137ms)
				ProcessInitializeOnLoadMethodAttributes (234ms)
				AfterProcessingInitializeOnLoad (27ms)
				EditorAssembliesLoaded (1ms)
			ExecutionOrderSort2 (0ms)
			AwakeInstancesAfterBackupRestoration (17ms)
Platform modules already initialized, skipping
Refreshing native plugins compatible for Editor in 1.01 ms, found 3 plugins.
Preloading 0 native plugins for Editor in 0.00 ms.
Unloading 4321 Unused Serialized files (Serialized files now loaded: 0)
Unloading 50 unused Assets / (2.1 MB). Loaded Objects now: 4824.
Memory consumption went from 160.1 MB to 158.0 MB.
Total: 4.551300 ms (FindLiveObjects: 0.357100 ms CreateObjectMapping: 0.265300 ms MarkObjects: 3.574100 ms  DeleteObjects: 0.352800 ms)

AssetImportParameters requested are different than current active one (requested -> active):
  custom:video-decoder-ogg-theora: a1e56fd34408186e4bbccfd4996cb3dc -> 
  custom:container-muxer-webm: aa71ff27fc2769a1b78a27578f13a17b -> 
  custom:container-demuxer-webm: 4f35f7cbe854078d1ac9338744f61a02 -> 
  custom:video-encoder-webm-vp8: eb34c28f22e8b96e1ab97ce403110664 -> 
  custom:video-codec-MediaFoundation-h265: 746d11721c4dcdbdad8f713fa42b33f4 -> 
  custom:CustomObjectIndexerAttribute: bc11b3a6c3213fcdd17b65e7da85e133 -> 
  custom:audio-encoder-webm-vorbis: bf7c407c2cedff20999df2af8eb42d56 -> 
  custom:framework-win-MediaFoundation: 216162199b28c13a410421893ffa2e32 -> 
  custom:SearchIndexIgnoredProperties: e643bd26f0fe6173181afceb89e7c659 -> 
  custom:container-demuxer-ogg: 62fdf1f143b41e24485cea50d1cbac27 -> 
  custom:video-decoder-webm-vp8: 9c59270c3fd7afecdb556c50c9e8de78 -> 
  custom:audio-decoder-ogg-vorbis: bf7c407c2cedff20999df2af8eb42d56 -> 
========================================================================
Received Prepare
Registering precompiled user dll's ...
Registered in 0.015845 seconds.
Begin MonoManager ReloadAssembly
Native extension for WindowsStandalone target not found
Failed to load: C:/Program Files/Unity/Hub/Editor/2021.3.36f1/Editor/Data/PlaybackEngines/iOSSupport\x64\UnityEditor.iOS.Native.dll
Native extension for iOS target not found
Native extension for Android target not found
Native extension for WebGL target not found
Refreshing native plugins compatible for Editor in 1.19 ms, found 3 plugins.
Preloading 0 native plugins for Editor in 0.00 ms.
[Package Manager] Server::EnsureServerProcessIsRunning -- launch failed, reason: Unity was launched with the -noUpm command-line argument
[Package Manager] Cannot connect to Unity Package Manager local server
[Package Manager] Server::EnsureServerProcessIsRunning -- launch failed, reason: Unity was launched with the -noUpm command-line argument
[Package Manager] Cannot connect to Unity Package Manager local server
Mono: successfully reloaded assembly
- Completed reload, in  2.338 seconds
Domain Reload Profiling:
	ReloadAssembly (2340ms)
		BeginReloadAssembly (261ms)
			ExecutionOrderSort (0ms)
			DisableScriptedObjects (10ms)
			BackupInstance (0ms)
			ReleaseScriptingObjects (0ms)
			CreateAndSetChildDomain (60ms)
		EndReloadAssembly (1910ms)
			LoadAssemblies (193ms)
			RebuildTransferFunctionScriptingTraits (0ms)
			SetupTypeCache (473ms)
			ReleaseScriptCaches (2ms)
			RebuildScriptCaches (85ms)
			SetupLoadedEditorAssemblies (1105ms)
				LogAssemblyErrors (0ms)
				InitializePlatformSupportModulesInManaged (60ms)
				SetLoadedEditorAssemblies (1ms)
				RefreshPlugins (1ms)
				BeforeProcessingInitializeOnLoad (134ms)
				ProcessInitializeOnLoadAttributes (769ms)
				ProcessInitializeOnLoadMethodAttributes (123ms)
				AfterProcessingInitializeOnLoad (16ms)
				EditorAssembliesLoaded (0ms)
			ExecutionOrderSort2 (0ms)
			AwakeInstancesAfterBackupRestoration (12ms)
Platform modules already initialized, skipping
Refreshing native plugins compatible for Editor in 1.19 ms, found 3 plugins.
Preloading 0 native plugins for Editor in 0.00 ms.
Unloading 4321 Unused Serialized files (Serialized files now loaded: 0)
Unloading 49 unused Assets / (2.1 MB). Loaded Objects now: 4827.
Memory consumption went from 160.1 MB to 158.0 MB.
Total: 5.332500 ms (FindLiveObjects: 0.477500 ms CreateObjectMapping: 0.288800 ms MarkObjects: 4.176000 ms  DeleteObjects: 0.388400 ms)

AssetImportParameters requested are different than current active one (requested -> active):
  custom:video-decoder-ogg-theora: a1e56fd34408186e4bbccfd4996cb3dc -> 
  custom:container-muxer-webm: aa71ff27fc2769a1b78a27578f13a17b -> 
  custom:container-demuxer-webm: 4f35f7cbe854078d1ac9338744f61a02 -> 
  custom:video-encoder-webm-vp8: eb34c28f22e8b96e1ab97ce403110664 -> 
  custom:video-codec-MediaFoundation-h265: 746d11721c4dcdbdad8f713fa42b33f4 -> 
  custom:CustomObjectIndexerAttribute: bc11b3a6c3213fcdd17b65e7da85e133 -> 
  custom:audio-encoder-webm-vorbis: bf7c407c2cedff20999df2af8eb42d56 -> 
  custom:framework-win-MediaFoundation: 216162199b28c13a410421893ffa2e32 -> 
  custom:SearchIndexIgnoredProperties: e643bd26f0fe6173181afceb89e7c659 -> 
  custom:container-demuxer-ogg: 62fdf1f143b41e24485cea50d1cbac27 -> 
  custom:video-decoder-webm-vp8: 9c59270c3fd7afecdb556c50c9e8de78 -> 
  custom:audio-decoder-ogg-vorbis: bf7c407c2cedff20999df2af8eb42d56 -> 
========================================================================
Received Prepare
Registering precompiled user dll's ...
Registered in 0.019909 seconds.
Begin MonoManager ReloadAssembly
Native extension for WindowsStandalone target not found
Failed to load: C:/Program Files/Unity/Hub/Editor/2021.3.36f1/Editor/Data/PlaybackEngines/iOSSupport\x64\UnityEditor.iOS.Native.dll
Native extension for iOS target not found
Native extension for Android target not found
Native extension for WebGL target not found
Refreshing native plugins compatible for Editor in 1.47 ms, found 3 plugins.
Preloading 0 native plugins for Editor in 0.00 ms.
[Package Manager] Server::EnsureServerProcessIsRunning -- launch failed, reason: Unity was launched with the -noUpm command-line argument
[Package Manager] Cannot connect to Unity Package Manager local server
[Package Manager] Server::EnsureServerProcessIsRunning -- launch failed, reason: Unity was launched with the -noUpm command-line argument
[Package Manager] Cannot connect to Unity Package Manager local server
Mono: successfully reloaded assembly
- Completed reload, in  2.790 seconds
Domain Reload Profiling:
	ReloadAssembly (2792ms)
		BeginReloadAssembly (303ms)
			ExecutionOrderSort (0ms)
			DisableScriptedObjects (18ms)
			BackupInstance (0ms)
			ReleaseScriptingObjects (0ms)
			CreateAndSetChildDomain (72ms)
		EndReloadAssembly (2318ms)
			LoadAssemblies (220ms)
			RebuildTransferFunctionScriptingTraits (0ms)
			SetupTypeCache (680ms)
			ReleaseScriptCaches (4ms)
			RebuildScriptCaches (120ms)
			SetupLoadedEditorAssemblies (1211ms)
				LogAssemblyErrors (0ms)
				InitializePlatformSupportModulesInManaged (81ms)
				SetLoadedEditorAssemblies (1ms)
				RefreshPlugins (2ms)
				BeforeProcessingInitializeOnLoad (170ms)
				ProcessInitializeOnLoadAttributes (835ms)
				ProcessInitializeOnLoadMethodAttributes (110ms)
				AfterProcessingInitializeOnLoad (12ms)
				EditorAssembliesLoaded (0ms)
			ExecutionOrderSort2 (0ms)
			AwakeInstancesAfterBackupRestoration (13ms)
Platform modules already initialized, skipping
Refreshing native plugins compatible for Editor in 1.14 ms, found 3 plugins.
Preloading 0 native plugins for Editor in 0.00 ms.
Unloading 4321 Unused Serialized files (Serialized files now loaded: 0)
Unloading 49 unused Assets / (2.1 MB). Loaded Objects now: 4830.
Memory consumption went from 160.1 MB to 158.0 MB.
Total: 5.775100 ms (FindLiveObjects: 0.431600 ms CreateObjectMapping: 0.240000 ms MarkObjects: 4.451300 ms  DeleteObjects: 0.649600 ms)

AssetImportParameters requested are different than current active one (requested -> active):
  custom:video-decoder-ogg-theora: a1e56fd34408186e4bbccfd4996cb3dc -> 
  custom:container-muxer-webm: aa71ff27fc2769a1b78a27578f13a17b -> 
  custom:container-demuxer-webm: 4f35f7cbe854078d1ac9338744f61a02 -> 
  custom:video-encoder-webm-vp8: eb34c28f22e8b96e1ab97ce403110664 -> 
  custom:video-codec-MediaFoundation-h265: 746d11721c4dcdbdad8f713fa42b33f4 -> 
  custom:CustomObjectIndexerAttribute: bc11b3a6c3213fcdd17b65e7da85e133 -> 
  custom:audio-encoder-webm-vorbis: bf7c407c2cedff20999df2af8eb42d56 -> 
  custom:framework-win-MediaFoundation: 216162199b28c13a410421893ffa2e32 -> 
  custom:SearchIndexIgnoredProperties: e643bd26f0fe6173181afceb89e7c659 -> 
  custom:container-demuxer-ogg: 62fdf1f143b41e24485cea50d1cbac27 -> 
  custom:video-decoder-webm-vp8: 9c59270c3fd7afecdb556c50c9e8de78 -> 
  custom:audio-decoder-ogg-vorbis: bf7c407c2cedff20999df2af8eb42d56 -> 
========================================================================
Received Prepare
Registering precompiled user dll's ...
Registered in 0.014151 seconds.
Begin MonoManager ReloadAssembly
Native extension for WindowsStandalone target not found
Failed to load: C:/Program Files/Unity/Hub/Editor/2021.3.36f1/Editor/Data/PlaybackEngines/iOSSupport\x64\UnityEditor.iOS.Native.dll
Native extension for iOS target not found
Native extension for Android target not found
Native extension for WebGL target not found
Refreshing native plugins compatible for Editor in 0.79 ms, found 3 plugins.
Preloading 0 native plugins for Editor in 0.00 ms.
[Package Manager] Server::EnsureServerProcessIsRunning -- launch failed, reason: Unity was launched with the -noUpm command-line argument
[Package Manager] Cannot connect to Unity Package Manager local server
[Package Manager] Server::EnsureServerProcessIsRunning -- launch failed, reason: Unity was launched with the -noUpm command-line argument
[Package Manager] Cannot connect to Unity Package Manager local server
Mono: successfully reloaded assembly
- Completed reload, in  1.436 seconds
Domain Reload Profiling:
	ReloadAssembly (1437ms)
		BeginReloadAssembly (137ms)
			ExecutionOrderSort (0ms)
			DisableScriptedObjects (4ms)
			BackupInstance (0ms)
			ReleaseScriptingObjects (0ms)
			CreateAndSetChildDomain (31ms)
		EndReloadAssembly (1197ms)
			LoadAssemblies (106ms)
			RebuildTransferFunctionScriptingTraits (0ms)
			SetupTypeCache (304ms)
			ReleaseScriptCaches (2ms)
			RebuildScriptCaches (48ms)
			SetupLoadedEditorAssemblies (716ms)
				LogAssemblyErrors (0ms)
				InitializePlatformSupportModulesInManaged (36ms)
				SetLoadedEditorAssemblies (1ms)
				RefreshPlugins (1ms)
				BeforeProcessingInitializeOnLoad (79ms)
				ProcessInitializeOnLoadAttributes (551ms)
				ProcessInitializeOnLoadMethodAttributes (45ms)
				AfterProcessingInitializeOnLoad (4ms)
				EditorAssembliesLoaded (0ms)
			ExecutionOrderSort2 (0ms)
			AwakeInstancesAfterBackupRestoration (5ms)
Platform modules already initialized, skipping
Refreshing native plugins compatible for Editor in 0.93 ms, found 3 plugins.
Preloading 0 native plugins for Editor in 0.00 ms.
Unloading 4321 Unused Serialized files (Serialized files now loaded: 0)
Unloading 49 unused Assets / (2.1 MB). Loaded Objects now: 4833.
Memory consumption went from 160.1 MB to 158.0 MB.
Total: 4.049400 ms (FindLiveObjects: 0.314500 ms CreateObjectMapping: 0.174600 ms MarkObjects: 3.241600 ms  DeleteObjects: 0.317100 ms)

AssetImportParameters requested are different than current active one (requested -> active):
  custom:video-decoder-ogg-theora: a1e56fd34408186e4bbccfd4996cb3dc -> 
  custom:container-muxer-webm: aa71ff27fc2769a1b78a27578f13a17b -> 
  custom:container-demuxer-webm: 4f35f7cbe854078d1ac9338744f61a02 -> 
  custom:video-encoder-webm-vp8: eb34c28f22e8b96e1ab97ce403110664 -> 
  custom:video-codec-MediaFoundation-h265: 746d11721c4dcdbdad8f713fa42b33f4 -> 
  custom:CustomObjectIndexerAttribute: bc11b3a6c3213fcdd17b65e7da85e133 -> 
  custom:audio-encoder-webm-vorbis: bf7c407c2cedff20999df2af8eb42d56 -> 
  custom:framework-win-MediaFoundation: 216162199b28c13a410421893ffa2e32 -> 
  custom:SearchIndexIgnoredProperties: e643bd26f0fe6173181afceb89e7c659 -> 
  custom:container-demuxer-ogg: 62fdf1f143b41e24485cea50d1cbac27 -> 
  custom:video-decoder-webm-vp8: 9c59270c3fd7afecdb556c50c9e8de78 -> 
  custom:audio-decoder-ogg-vorbis: bf7c407c2cedff20999df2af8eb42d56 -> 
========================================================================
Received Prepare
Registering precompiled user dll's ...
Registered in 0.002860 seconds.
Begin MonoManager ReloadAssembly
Native extension for WindowsStandalone target not found
Failed to load: C:/Program Files/Unity/Hub/Editor/2021.3.36f1/Editor/Data/PlaybackEngines/iOSSupport\x64\UnityEditor.iOS.Native.dll
Native extension for iOS target not found
Native extension for Android target not found
Native extension for WebGL target not found
Refreshing native plugins compatible for Editor in 1.08 ms, found 3 plugins.
Preloading 0 native plugins for Editor in 0.00 ms.
[Package Manager] Server::EnsureServerProcessIsRunning -- launch failed, reason: Unity was launched with the -noUpm command-line argument
[Package Manager] Cannot connect to Unity Package Manager local server
[Package Manager] Server::EnsureServerProcessIsRunning -- launch failed, reason: Unity was launched with the -noUpm command-line argument
[Package Manager] Cannot connect to Unity Package Manager local server
Mono: successfully reloaded assembly
- Completed reload, in  1.440 seconds
Domain Reload Profiling:
	ReloadAssembly (1440ms)
		BeginReloadAssembly (123ms)
			ExecutionOrderSort (0ms)
			DisableScriptedObjects (4ms)
			BackupInstance (0ms)
			ReleaseScriptingObjects (0ms)
			CreateAndSetChildDomain (31ms)
		EndReloadAssembly (1241ms)
			LoadAssemblies (85ms)
			RebuildTransferFunctionScriptingTraits (0ms)
			SetupTypeCache (260ms)
			ReleaseScriptCaches (2ms)
			RebuildScriptCaches (49ms)
			SetupLoadedEditorAssemblies (801ms)
				LogAssemblyErrors (0ms)
				InitializePlatformSupportModulesInManaged (38ms)
				SetLoadedEditorAssemblies (1ms)
				RefreshPlugins (1ms)
				BeforeProcessingInitializeOnLoad (79ms)
				ProcessInitializeOnLoadAttributes (601ms)
				ProcessInitializeOnLoadMethodAttributes (75ms)
				AfterProcessingInitializeOnLoad (6ms)
				EditorAssembliesLoaded (0ms)
			ExecutionOrderSort2 (0ms)
			AwakeInstancesAfterBackupRestoration (7ms)
Platform modules already initialized, skipping
Refreshing native plugins compatible for Editor in 1.61 ms, found 3 plugins.
Preloading 0 native plugins for Editor in 0.00 ms.
Unloading 4321 Unused Serialized files (Serialized files now loaded: 0)
Unloading 49 unused Assets / (2.1 MB). Loaded Objects now: 4836.
Memory consumption went from 160.1 MB to 158.0 MB.
Total: 4.772900 ms (FindLiveObjects: 0.383800 ms CreateObjectMapping: 0.360500 ms MarkObjects: 3.671100 ms  DeleteObjects: 0.355600 ms)

AssetImportParameters requested are different than current active one (requested -> active):
  custom:video-decoder-ogg-theora: a1e56fd34408186e4bbccfd4996cb3dc -> 
  custom:container-muxer-webm: aa71ff27fc2769a1b78a27578f13a17b -> 
  custom:container-demuxer-webm: 4f35f7cbe854078d1ac9338744f61a02 -> 
  custom:video-encoder-webm-vp8: eb34c28f22e8b96e1ab97ce403110664 -> 
  custom:video-codec-MediaFoundation-h265: 746d11721c4dcdbdad8f713fa42b33f4 -> 
  custom:CustomObjectIndexerAttribute: bc11b3a6c3213fcdd17b65e7da85e133 -> 
  custom:audio-encoder-webm-vorbis: bf7c407c2cedff20999df2af8eb42d56 -> 
  custom:framework-win-MediaFoundation: 216162199b28c13a410421893ffa2e32 -> 
  custom:SearchIndexIgnoredProperties: e643bd26f0fe6173181afceb89e7c659 -> 
  custom:container-demuxer-ogg: 62fdf1f143b41e24485cea50d1cbac27 -> 
  custom:video-decoder-webm-vp8: 9c59270c3fd7afecdb556c50c9e8de78 -> 
  custom:audio-decoder-ogg-vorbis: bf7c407c2cedff20999df2af8eb42d56 -> 
========================================================================
Received Prepare
Registering precompiled user dll's ...
Registered in 0.003809 seconds.
Begin MonoManager ReloadAssembly
Native extension for WindowsStandalone target not found
Failed to load: C:/Program Files/Unity/Hub/Editor/2021.3.36f1/Editor/Data/PlaybackEngines/iOSSupport\x64\UnityEditor.iOS.Native.dll
Native extension for iOS target not found
Native extension for Android target not found
Native extension for WebGL target not found
Refreshing native plugins compatible for Editor in 0.80 ms, found 3 plugins.
Preloading 0 native plugins for Editor in 0.00 ms.
[Package Manager] Server::EnsureServerProcessIsRunning -- launch failed, reason: Unity was launched with the -noUpm command-line argument
[Package Manager] Cannot connect to Unity Package Manager local server
[Package Manager] Server::EnsureServerProcessIsRunning -- launch failed, reason: Unity was launched with the -noUpm command-line argument
[Package Manager] Cannot connect to Unity Package Manager local server
Mono: successfully reloaded assembly
- Completed reload, in  1.456 seconds
Domain Reload Profiling:
	ReloadAssembly (1457ms)
		BeginReloadAssembly (131ms)
			ExecutionOrderSort (0ms)
			DisableScriptedObjects (4ms)
			BackupInstance (0ms)
			ReleaseScriptingObjects (0ms)
			CreateAndSetChildDomain (30ms)
		EndReloadAssembly (1249ms)
			LoadAssemblies (93ms)
			RebuildTransferFunctionScriptingTraits (0ms)
			SetupTypeCache (279ms)
			ReleaseScriptCaches (2ms)
			RebuildScriptCaches (47ms)
			SetupLoadedEditorAssemblies (791ms)
				LogAssemblyErrors (0ms)
				InitializePlatformSupportModulesInManaged (38ms)
				SetLoadedEditorAssemblies (1ms)
				RefreshPlugins (1ms)
				BeforeProcessingInitializeOnLoad (80ms)
				ProcessInitializeOnLoadAttributes (596ms)
				ProcessInitializeOnLoadMethodAttributes (69ms)
				AfterProcessingInitializeOnLoad (6ms)
				EditorAssembliesLoaded (0ms)
			ExecutionOrderSort2 (0ms)
			AwakeInstancesAfterBackupRestoration (6ms)
Platform modules already initialized, skipping
Refreshing native plugins compatible for Editor in 1.03 ms, found 3 plugins.
Preloading 0 native plugins for Editor in 0.00 ms.
Unloading 4321 Unused Serialized files (Serialized files now loaded: 0)
Unloading 49 unused Assets / (2.1 MB). Loaded Objects now: 4839.
Memory consumption went from 160.1 MB to 158.0 MB.
Total: 3.336900 ms (FindLiveObjects: 0.286900 ms CreateObjectMapping: 0.190600 ms MarkObjects: 2.533300 ms  DeleteObjects: 0.324900 ms)

AssetImportParameters requested are different than current active one (requested -> active):
  custom:video-decoder-ogg-theora: a1e56fd34408186e4bbccfd4996cb3dc -> 
  custom:container-muxer-webm: aa71ff27fc2769a1b78a27578f13a17b -> 
  custom:container-demuxer-webm: 4f35f7cbe854078d1ac9338744f61a02 -> 
  custom:video-encoder-webm-vp8: eb34c28f22e8b96e1ab97ce403110664 -> 
  custom:video-codec-MediaFoundation-h265: 746d11721c4dcdbdad8f713fa42b33f4 -> 
  custom:CustomObjectIndexerAttribute: bc11b3a6c3213fcdd17b65e7da85e133 -> 
  custom:audio-encoder-webm-vorbis: bf7c407c2cedff20999df2af8eb42d56 -> 
  custom:framework-win-MediaFoundation: 216162199b28c13a410421893ffa2e32 -> 
  custom:SearchIndexIgnoredProperties: e643bd26f0fe6173181afceb89e7c659 -> 
  custom:container-demuxer-ogg: 62fdf1f143b41e24485cea50d1cbac27 -> 
  custom:video-decoder-webm-vp8: 9c59270c3fd7afecdb556c50c9e8de78 -> 
  custom:audio-decoder-ogg-vorbis: bf7c407c2cedff20999df2af8eb42d56 -> 
========================================================================
Received Prepare
Registering precompiled user dll's ...
Registered in 0.003681 seconds.
Begin MonoManager ReloadAssembly
Native extension for WindowsStandalone target not found
Failed to load: C:/Program Files/Unity/Hub/Editor/2021.3.36f1/Editor/Data/PlaybackEngines/iOSSupport\x64\UnityEditor.iOS.Native.dll
Native extension for iOS target not found
Native extension for Android target not found
Native extension for WebGL target not found
Refreshing native plugins compatible for Editor in 0.81 ms, found 3 plugins.
Preloading 0 native plugins for Editor in 0.00 ms.
[Package Manager] Server::EnsureServerProcessIsRunning -- launch failed, reason: Unity was launched with the -noUpm command-line argument
[Package Manager] Cannot connect to Unity Package Manager local server
[Package Manager] Server::EnsureServerProcessIsRunning -- launch failed, reason: Unity was launched with the -noUpm command-line argument
[Package Manager] Cannot connect to Unity Package Manager local server
Mono: successfully reloaded assembly
- Completed reload, in  1.482 seconds
Domain Reload Profiling:
	ReloadAssembly (1483ms)
		BeginReloadAssembly (129ms)
			ExecutionOrderSort (0ms)
			DisableScriptedObjects (4ms)
			BackupInstance (0ms)
			ReleaseScriptingObjects (0ms)
			CreateAndSetChildDomain (32ms)
		EndReloadAssembly (1273ms)
			LoadAssemblies (87ms)
			RebuildTransferFunctionScriptingTraits (0ms)
			SetupTypeCache (305ms)
			ReleaseScriptCaches (2ms)
			RebuildScriptCaches (50ms)
			SetupLoadedEditorAssemblies (787ms)
				LogAssemblyErrors (0ms)
				InitializePlatformSupportModulesInManaged (39ms)
				SetLoadedEditorAssemblies (0ms)
				RefreshPlugins (1ms)
				BeforeProcessingInitializeOnLoad (77ms)
				ProcessInitializeOnLoadAttributes (591ms)
				ProcessInitializeOnLoadMethodAttributes (74ms)
				AfterProcessingInitializeOnLoad (5ms)
				EditorAssembliesLoaded (0ms)
			ExecutionOrderSort2 (0ms)
			AwakeInstancesAfterBackupRestoration (7ms)
Platform modules already initialized, skipping
Refreshing native plugins compatible for Editor in 0.84 ms, found 3 plugins.
Preloading 0 native plugins for Editor in 0.00 ms.
Unloading 4321 Unused Serialized files (Serialized files now loaded: 0)
Unloading 49 unused Assets / (2.1 MB). Loaded Objects now: 4842.
Memory consumption went from 160.1 MB to 158.1 MB.
Total: 3.732400 ms (FindLiveObjects: 0.258800 ms CreateObjectMapping: 0.148700 ms MarkObjects: 2.991600 ms  DeleteObjects: 0.331700 ms)

AssetImportParameters requested are different than current active one (requested -> active):
  custom:video-decoder-ogg-theora: a1e56fd34408186e4bbccfd4996cb3dc -> 
  custom:container-muxer-webm: aa71ff27fc2769a1b78a27578f13a17b -> 
  custom:container-demuxer-webm: 4f35f7cbe854078d1ac9338744f61a02 -> 
  custom:video-encoder-webm-vp8: eb34c28f22e8b96e1ab97ce403110664 -> 
  custom:video-codec-MediaFoundation-h265: 746d11721c4dcdbdad8f713fa42b33f4 -> 
  custom:CustomObjectIndexerAttribute: bc11b3a6c3213fcdd17b65e7da85e133 -> 
  custom:audio-encoder-webm-vorbis: bf7c407c2cedff20999df2af8eb42d56 -> 
  custom:framework-win-MediaFoundation: 216162199b28c13a410421893ffa2e32 -> 
  custom:SearchIndexIgnoredProperties: e643bd26f0fe6173181afceb89e7c659 -> 
  custom:container-demuxer-ogg: 62fdf1f143b41e24485cea50d1cbac27 -> 
  custom:video-decoder-webm-vp8: 9c59270c3fd7afecdb556c50c9e8de78 -> 
  custom:audio-decoder-ogg-vorbis: bf7c407c2cedff20999df2af8eb42d56 -> 
========================================================================
Received Prepare
Registering precompiled user dll's ...
Registered in 0.003972 seconds.
Begin MonoManager ReloadAssembly
Native extension for WindowsStandalone target not found
Failed to load: C:/Program Files/Unity/Hub/Editor/2021.3.36f1/Editor/Data/PlaybackEngines/iOSSupport\x64\UnityEditor.iOS.Native.dll
Native extension for iOS target not found
Native extension for Android target not found
Native extension for WebGL target not found
Refreshing native plugins compatible for Editor in 0.77 ms, found 3 plugins.
Preloading 0 native plugins for Editor in 0.00 ms.
[Package Manager] Server::EnsureServerProcessIsRunning -- launch failed, reason: Unity was launched with the -noUpm command-line argument
[Package Manager] Cannot connect to Unity Package Manager local server
[Package Manager] Server::EnsureServerProcessIsRunning -- launch failed, reason: Unity was launched with the -noUpm command-line argument
[Package Manager] Cannot connect to Unity Package Manager local server
Mono: successfully reloaded assembly
- Completed reload, in  1.512 seconds
Domain Reload Profiling:
	ReloadAssembly (1512ms)
		BeginReloadAssembly (181ms)
			ExecutionOrderSort (0ms)
			DisableScriptedObjects (8ms)
			BackupInstance (0ms)
			ReleaseScriptingObjects (0ms)
			CreateAndSetChildDomain (45ms)
		EndReloadAssembly (1215ms)
			LoadAssemblies (122ms)
			RebuildTransferFunctionScriptingTraits (0ms)
			SetupTypeCache (297ms)
			ReleaseScriptCaches (2ms)
			RebuildScriptCaches (47ms)
			SetupLoadedEditorAssemblies (738ms)
				LogAssemblyErrors (0ms)
				InitializePlatformSupportModulesInManaged (36ms)
				SetLoadedEditorAssemblies (0ms)
				RefreshPlugins (1ms)
				BeforeProcessingInitializeOnLoad (77ms)
				ProcessInitializeOnLoadAttributes (556ms)
				ProcessInitializeOnLoadMethodAttributes (61ms)
				AfterProcessingInitializeOnLoad (6ms)
				EditorAssembliesLoaded (0ms)
			ExecutionOrderSort2 (0ms)
			AwakeInstancesAfterBackupRestoration (6ms)
Platform modules already initialized, skipping
Refreshing native plugins compatible for Editor in 0.88 ms, found 3 plugins.
Preloading 0 native plugins for Editor in 0.00 ms.
Unloading 4321 Unused Serialized files (Serialized files now loaded: 0)
Unloading 49 unused Assets / (2.1 MB). Loaded Objects now: 4845.
Memory consumption went from 160.1 MB to 158.1 MB.
Total: 4.615700 ms (FindLiveObjects: 0.293100 ms CreateObjectMapping: 0.186300 ms MarkObjects: 3.836800 ms  DeleteObjects: 0.298000 ms)

AssetImportParameters requested are different than current active one (requested -> active):
  custom:video-decoder-ogg-theora: a1e56fd34408186e4bbccfd4996cb3dc -> 
  custom:container-muxer-webm: aa71ff27fc2769a1b78a27578f13a17b -> 
  custom:container-demuxer-webm: 4f35f7cbe854078d1ac9338744f61a02 -> 
  custom:video-encoder-webm-vp8: eb34c28f22e8b96e1ab97ce403110664 -> 
  custom:video-codec-MediaFoundation-h265: 746d11721c4dcdbdad8f713fa42b33f4 -> 
  custom:CustomObjectIndexerAttribute: bc11b3a6c3213fcdd17b65e7da85e133 -> 
  custom:audio-encoder-webm-vorbis: bf7c407c2cedff20999df2af8eb42d56 -> 
  custom:framework-win-MediaFoundation: 216162199b28c13a410421893ffa2e32 -> 
  custom:SearchIndexIgnoredProperties: e643bd26f0fe6173181afceb89e7c659 -> 
  custom:container-demuxer-ogg: 62fdf1f143b41e24485cea50d1cbac27 -> 
  custom:video-decoder-webm-vp8: 9c59270c3fd7afecdb556c50c9e8de78 -> 
  custom:audio-decoder-ogg-vorbis: bf7c407c2cedff20999df2af8eb42d56 -> 
========================================================================
Received Prepare
Registering precompiled user dll's ...
Registered in 0.003711 seconds.
Begin MonoManager ReloadAssembly
Native extension for WindowsStandalone target not found
Failed to load: C:/Program Files/Unity/Hub/Editor/2021.3.36f1/Editor/Data/PlaybackEngines/iOSSupport\x64\UnityEditor.iOS.Native.dll
Native extension for iOS target not found
Native extension for Android target not found
Native extension for WebGL target not found
Refreshing native plugins compatible for Editor in 1.11 ms, found 3 plugins.
Preloading 0 native plugins for Editor in 0.00 ms.
[Package Manager] Server::EnsureServerProcessIsRunning -- launch failed, reason: Unity was launched with the -noUpm command-line argument
[Package Manager] Cannot connect to Unity Package Manager local server
[Package Manager] Server::EnsureServerProcessIsRunning -- launch failed, reason: Unity was launched with the -noUpm command-line argument
[Package Manager] Cannot connect to Unity Package Manager local server
Mono: successfully reloaded assembly
- Completed reload, in  2.233 seconds
Domain Reload Profiling:
	ReloadAssembly (2234ms)
		BeginReloadAssembly (191ms)
			ExecutionOrderSort (0ms)
			DisableScriptedObjects (7ms)
			BackupInstance (0ms)
			ReleaseScriptingObjects (0ms)
			CreateAndSetChildDomain (43ms)
		EndReloadAssembly (1921ms)
			LoadAssemblies (131ms)
			RebuildTransferFunctionScriptingTraits (0ms)
			SetupTypeCache (502ms)
			ReleaseScriptCaches (3ms)
			RebuildScriptCaches (82ms)
			SetupLoadedEditorAssemblies (1119ms)
				LogAssemblyErrors (0ms)
				InitializePlatformSupportModulesInManaged (69ms)
				SetLoadedEditorAssemblies (1ms)
				RefreshPlugins (1ms)
				BeforeProcessingInitializeOnLoad (129ms)
				ProcessInitializeOnLoadAttributes (784ms)
				ProcessInitializeOnLoadMethodAttributes (124ms)
				AfterProcessingInitializeOnLoad (10ms)
				EditorAssembliesLoaded (0ms)
			ExecutionOrderSort2 (0ms)
			AwakeInstancesAfterBackupRestoration (11ms)
Platform modules already initialized, skipping
Refreshing native plugins compatible for Editor in 1.69 ms, found 3 plugins.
Preloading 0 native plugins for Editor in 0.00 ms.
Unloading 4321 Unused Serialized files (Serialized files now loaded: 0)
Unloading 49 unused Assets / (2.1 MB). Loaded Objects now: 4848.
Memory consumption went from 160.2 MB to 158.1 MB.
Total: 6.662600 ms (FindLiveObjects: 0.410900 ms CreateObjectMapping: 0.234600 ms MarkObjects: 5.600000 ms  DeleteObjects: 0.414600 ms)

AssetImportParameters requested are different than current active one (requested -> active):
  custom:video-decoder-ogg-theora: a1e56fd34408186e4bbccfd4996cb3dc -> 
  custom:container-muxer-webm: aa71ff27fc2769a1b78a27578f13a17b -> 
  custom:container-demuxer-webm: 4f35f7cbe854078d1ac9338744f61a02 -> 
  custom:video-encoder-webm-vp8: eb34c28f22e8b96e1ab97ce403110664 -> 
  custom:video-codec-MediaFoundation-h265: 746d11721c4dcdbdad8f713fa42b33f4 -> 
  custom:CustomObjectIndexerAttribute: bc11b3a6c3213fcdd17b65e7da85e133 -> 
  custom:audio-encoder-webm-vorbis: bf7c407c2cedff20999df2af8eb42d56 -> 
  custom:framework-win-MediaFoundation: 216162199b28c13a410421893ffa2e32 -> 
  custom:SearchIndexIgnoredProperties: e643bd26f0fe6173181afceb89e7c659 -> 
  custom:container-demuxer-ogg: 62fdf1f143b41e24485cea50d1cbac27 -> 
  custom:video-decoder-webm-vp8: 9c59270c3fd7afecdb556c50c9e8de78 -> 
  custom:audio-decoder-ogg-vorbis: bf7c407c2cedff20999df2af8eb42d56 -> 
========================================================================
Received Prepare
Registering precompiled user dll's ...
Registered in 0.002943 seconds.
Begin MonoManager ReloadAssembly
Native extension for WindowsStandalone target not found
Failed to load: C:/Program Files/Unity/Hub/Editor/2021.3.36f1/Editor/Data/PlaybackEngines/iOSSupport\x64\UnityEditor.iOS.Native.dll
Native extension for iOS target not found
Native extension for Android target not found
Native extension for WebGL target not found
Refreshing native plugins compatible for Editor in 1.27 ms, found 3 plugins.
Preloading 0 native plugins for Editor in 0.00 ms.
[Package Manager] Server::EnsureServerProcessIsRunning -- launch failed, reason: Unity was launched with the -noUpm command-line argument
[Package Manager] Cannot connect to Unity Package Manager local server
[Package Manager] Server::EnsureServerProcessIsRunning -- launch failed, reason: Unity was launched with the -noUpm command-line argument
[Package Manager] Cannot connect to Unity Package Manager local server
Mono: successfully reloaded assembly
- Completed reload, in  2.190 seconds
Domain Reload Profiling:
	ReloadAssembly (2191ms)
		BeginReloadAssembly (127ms)
			ExecutionOrderSort (0ms)
			DisableScriptedObjects (4ms)
			BackupInstance (0ms)
			ReleaseScriptingObjects (0ms)
			CreateAndSetChildDomain (30ms)
		EndReloadAssembly (1986ms)
			LoadAssemblies (92ms)
			RebuildTransferFunctionScriptingTraits (0ms)
			SetupTypeCache (490ms)
			ReleaseScriptCaches (4ms)
			RebuildScriptCaches (90ms)
			SetupLoadedEditorAssemblies (1168ms)
				LogAssemblyErrors (0ms)
				InitializePlatformSupportModulesInManaged (71ms)
				SetLoadedEditorAssemblies (1ms)
				RefreshPlugins (1ms)
				BeforeProcessingInitializeOnLoad (147ms)
				ProcessInitializeOnLoadAttributes (815ms)
				ProcessInitializeOnLoadMethodAttributes (125ms)
				AfterProcessingInitializeOnLoad (8ms)
				EditorAssembliesLoaded (0ms)
			ExecutionOrderSort2 (0ms)
			AwakeInstancesAfterBackupRestoration (12ms)
Platform modules already initialized, skipping
Refreshing native plugins compatible for Editor in 1.49 ms, found 3 plugins.
Preloading 0 native plugins for Editor in 0.00 ms.
Unloading 4321 Unused Serialized files (Serialized files now loaded: 0)
Unloading 49 unused Assets / (2.1 MB). Loaded Objects now: 4851.
Memory consumption went from 160.2 MB to 158.1 MB.
Total: 5.853600 ms (FindLiveObjects: 0.415600 ms CreateObjectMapping: 0.229500 ms MarkObjects: 4.751000 ms  DeleteObjects: 0.454400 ms)

AssetImportParameters requested are different than current active one (requested -> active):
  custom:video-decoder-ogg-theora: a1e56fd34408186e4bbccfd4996cb3dc -> 
  custom:container-muxer-webm: aa71ff27fc2769a1b78a27578f13a17b -> 
  custom:container-demuxer-webm: 4f35f7cbe854078d1ac9338744f61a02 -> 
  custom:video-encoder-webm-vp8: eb34c28f22e8b96e1ab97ce403110664 -> 
  custom:video-codec-MediaFoundation-h265: 746d11721c4dcdbdad8f713fa42b33f4 -> 
  custom:CustomObjectIndexerAttribute: bc11b3a6c3213fcdd17b65e7da85e133 -> 
  custom:audio-encoder-webm-vorbis: bf7c407c2cedff20999df2af8eb42d56 -> 
  custom:framework-win-MediaFoundation: 216162199b28c13a410421893ffa2e32 -> 
  custom:SearchIndexIgnoredProperties: e643bd26f0fe6173181afceb89e7c659 -> 
  custom:container-demuxer-ogg: 62fdf1f143b41e24485cea50d1cbac27 -> 
  custom:video-decoder-webm-vp8: 9c59270c3fd7afecdb556c50c9e8de78 -> 
  custom:audio-decoder-ogg-vorbis: bf7c407c2cedff20999df2af8eb42d56 -> 
========================================================================
Received Prepare
Registering precompiled user dll's ...
Registered in 0.003570 seconds.
Begin MonoManager ReloadAssembly
Native extension for WindowsStandalone target not found
Failed to load: C:/Program Files/Unity/Hub/Editor/2021.3.36f1/Editor/Data/PlaybackEngines/iOSSupport\x64\UnityEditor.iOS.Native.dll
Native extension for iOS target not found
Native extension for Android target not found
Native extension for WebGL target not found
Refreshing native plugins compatible for Editor in 0.84 ms, found 3 plugins.
Preloading 0 native plugins for Editor in 0.00 ms.
[Package Manager] Server::EnsureServerProcessIsRunning -- launch failed, reason: Unity was launched with the -noUpm command-line argument
[Package Manager] Cannot connect to Unity Package Manager local server
[Package Manager] Server::EnsureServerProcessIsRunning -- launch failed, reason: Unity was launched with the -noUpm command-line argument
[Package Manager] Cannot connect to Unity Package Manager local server
Mono: successfully reloaded assembly
- Completed reload, in  1.727 seconds
Domain Reload Profiling:
	ReloadAssembly (1727ms)
		BeginReloadAssembly (169ms)
			ExecutionOrderSort (0ms)
			DisableScriptedObjects (5ms)
			BackupInstance (0ms)
			ReleaseScriptingObjects (0ms)
			CreateAndSetChildDomain (44ms)
		EndReloadAssembly (1406ms)
			LoadAssemblies (149ms)
			RebuildTransferFunctionScriptingTraits (0ms)
			SetupTypeCache (411ms)
			ReleaseScriptCaches (2ms)
			RebuildScriptCaches (60ms)
			SetupLoadedEditorAssemblies (745ms)
				LogAssemblyErrors (0ms)
				InitializePlatformSupportModulesInManaged (43ms)
				SetLoadedEditorAssemblies (1ms)
				RefreshPlugins (1ms)
				BeforeProcessingInitializeOnLoad (85ms)
				ProcessInitializeOnLoadAttributes (561ms)
				ProcessInitializeOnLoadMethodAttributes (51ms)
				AfterProcessingInitializeOnLoad (4ms)
				EditorAssembliesLoaded (0ms)
			ExecutionOrderSort2 (0ms)
			AwakeInstancesAfterBackupRestoration (5ms)
Platform modules already initialized, skipping
Refreshing native plugins compatible for Editor in 0.99 ms, found 3 plugins.
Preloading 0 native plugins for Editor in 0.00 ms.
Unloading 4321 Unused Serialized files (Serialized files now loaded: 0)
Unloading 49 unused Assets / (2.1 MB). Loaded Objects now: 4854.
Memory consumption went from 160.2 MB to 158.1 MB.
Total: 5.099300 ms (FindLiveObjects: 0.305200 ms CreateObjectMapping: 0.166500 ms MarkObjects: 4.229500 ms  DeleteObjects: 0.395600 ms)

AssetImportParameters requested are different than current active one (requested -> active):
  custom:video-decoder-ogg-theora: a1e56fd34408186e4bbccfd4996cb3dc -> 
  custom:container-muxer-webm: aa71ff27fc2769a1b78a27578f13a17b -> 
  custom:container-demuxer-webm: 4f35f7cbe854078d1ac9338744f61a02 -> 
  custom:video-encoder-webm-vp8: eb34c28f22e8b96e1ab97ce403110664 -> 
  custom:video-codec-MediaFoundation-h265: 746d11721c4dcdbdad8f713fa42b33f4 -> 
  custom:CustomObjectIndexerAttribute: bc11b3a6c3213fcdd17b65e7da85e133 -> 
  custom:audio-encoder-webm-vorbis: bf7c407c2cedff20999df2af8eb42d56 -> 
  custom:framework-win-MediaFoundation: 216162199b28c13a410421893ffa2e32 -> 
  custom:SearchIndexIgnoredProperties: e643bd26f0fe6173181afceb89e7c659 -> 
  custom:container-demuxer-ogg: 62fdf1f143b41e24485cea50d1cbac27 -> 
  custom:video-decoder-webm-vp8: 9c59270c3fd7afecdb556c50c9e8de78 -> 
  custom:audio-decoder-ogg-vorbis: bf7c407c2cedff20999df2af8eb42d56 -> 
========================================================================
Received Prepare
Registering precompiled user dll's ...
Registered in 0.005675 seconds.
Begin MonoManager ReloadAssembly
Native extension for WindowsStandalone target not found
Failed to load: C:/Program Files/Unity/Hub/Editor/2021.3.36f1/Editor/Data/PlaybackEngines/iOSSupport\x64\UnityEditor.iOS.Native.dll
Native extension for iOS target not found
Native extension for Android target not found
Native extension for WebGL target not found
Refreshing native plugins compatible for Editor in 1.30 ms, found 3 plugins.
Preloading 0 native plugins for Editor in 0.00 ms.
[Package Manager] Server::EnsureServerProcessIsRunning -- launch failed, reason: Unity was launched with the -noUpm command-line argument
[Package Manager] Cannot connect to Unity Package Manager local server
[Package Manager] Server::EnsureServerProcessIsRunning -- launch failed, reason: Unity was launched with the -noUpm command-line argument
[Package Manager] Cannot connect to Unity Package Manager local server
Mono: successfully reloaded assembly
- Completed reload, in  2.416 seconds
Domain Reload Profiling:
	ReloadAssembly (2417ms)
		BeginReloadAssembly (294ms)
			ExecutionOrderSort (0ms)
			DisableScriptedObjects (12ms)
			BackupInstance (0ms)
			ReleaseScriptingObjects (0ms)
			CreateAndSetChildDomain (54ms)
		EndReloadAssembly (1948ms)
			LoadAssemblies (237ms)
			RebuildTransferFunctionScriptingTraits (0ms)
			SetupTypeCache (546ms)
			ReleaseScriptCaches (2ms)
			RebuildScriptCaches (84ms)
			SetupLoadedEditorAssemblies (1068ms)
				LogAssemblyErrors (0ms)
				InitializePlatformSupportModulesInManaged (58ms)
				SetLoadedEditorAssemblies (1ms)
				RefreshPlugins (1ms)
				BeforeProcessingInitializeOnLoad (129ms)
				ProcessInitializeOnLoadAttributes (756ms)
				ProcessInitializeOnLoadMethodAttributes (109ms)
				AfterProcessingInitializeOnLoad (14ms)
				EditorAssembliesLoaded (0ms)
			ExecutionOrderSort2 (0ms)
			AwakeInstancesAfterBackupRestoration (13ms)
Platform modules already initialized, skipping
Refreshing native plugins compatible for Editor in 1.39 ms, found 3 plugins.
Preloading 0 native plugins for Editor in 0.00 ms.
Unloading 4322 Unused Serialized files (Serialized files now loaded: 0)
Unloading 49 unused Assets / (2.1 MB). Loaded Objects now: 4858.
Memory consumption went from 160.2 MB to 158.1 MB.
Total: 4.189300 ms (FindLiveObjects: 0.415300 ms CreateObjectMapping: 0.217300 ms MarkObjects: 3.231600 ms  DeleteObjects: 0.323700 ms)

AssetImportParameters requested are different than current active one (requested -> active):
  custom:video-decoder-ogg-theora: a1e56fd34408186e4bbccfd4996cb3dc -> 
  custom:container-muxer-webm: aa71ff27fc2769a1b78a27578f13a17b -> 
  custom:container-demuxer-webm: 4f35f7cbe854078d1ac9338744f61a02 -> 
  custom:video-encoder-webm-vp8: eb34c28f22e8b96e1ab97ce403110664 -> 
  custom:video-codec-MediaFoundation-h265: 746d11721c4dcdbdad8f713fa42b33f4 -> 
  custom:CustomObjectIndexerAttribute: bc11b3a6c3213fcdd17b65e7da85e133 -> 
  custom:audio-encoder-webm-vorbis: bf7c407c2cedff20999df2af8eb42d56 -> 
  custom:framework-win-MediaFoundation: 216162199b28c13a410421893ffa2e32 -> 
  custom:SearchIndexIgnoredProperties: e643bd26f0fe6173181afceb89e7c659 -> 
  custom:container-demuxer-ogg: 62fdf1f143b41e24485cea50d1cbac27 -> 
  custom:video-decoder-webm-vp8: 9c59270c3fd7afecdb556c50c9e8de78 -> 
  custom:audio-decoder-ogg-vorbis: bf7c407c2cedff20999df2af8eb42d56 -> 
========================================================================
Received Prepare
Registering precompiled user dll's ...
Registered in 0.013709 seconds.
Begin MonoManager ReloadAssembly
Native extension for WindowsStandalone target not found
Failed to load: C:/Program Files/Unity/Hub/Editor/2021.3.36f1/Editor/Data/PlaybackEngines/iOSSupport\x64\UnityEditor.iOS.Native.dll
Native extension for iOS target not found
Native extension for Android target not found
Native extension for WebGL target not found
Refreshing native plugins compatible for Editor in 0.83 ms, found 3 plugins.
Preloading 0 native plugins for Editor in 0.00 ms.
[Package Manager] Server::EnsureServerProcessIsRunning -- launch failed, reason: Unity was launched with the -noUpm command-line argument
[Package Manager] Cannot connect to Unity Package Manager local server
[Package Manager] Server::EnsureServerProcessIsRunning -- launch failed, reason: Unity was launched with the -noUpm command-line argument
[Package Manager] Cannot connect to Unity Package Manager local server
Mono: successfully reloaded assembly
- Completed reload, in  1.509 seconds
Domain Reload Profiling:
	ReloadAssembly (1511ms)
		BeginReloadAssembly (176ms)
			ExecutionOrderSort (0ms)
			DisableScriptedObjects (14ms)
			BackupInstance (0ms)
			ReleaseScriptingObjects (0ms)
			CreateAndSetChildDomain (32ms)
		EndReloadAssembly (1238ms)
			LoadAssemblies (106ms)
			RebuildTransferFunctionScriptingTraits (0ms)
			SetupTypeCache (304ms)
			ReleaseScriptCaches (2ms)
			RebuildScriptCaches (51ms)
			SetupLoadedEditorAssemblies (743ms)
				LogAssemblyErrors (0ms)
				InitializePlatformSupportModulesInManaged (37ms)
				SetLoadedEditorAssemblies (1ms)
				RefreshPlugins (1ms)
				BeforeProcessingInitializeOnLoad (83ms)
				ProcessInitializeOnLoadAttributes (556ms)
				ProcessInitializeOnLoadMethodAttributes (58ms)
				AfterProcessingInitializeOnLoad (6ms)
				EditorAssembliesLoaded (0ms)
			ExecutionOrderSort2 (0ms)
			AwakeInstancesAfterBackupRestoration (6ms)
Platform modules already initialized, skipping
Refreshing native plugins compatible for Editor in 1.03 ms, found 3 plugins.
Preloading 0 native plugins for Editor in 0.00 ms.
Unloading 4322 Unused Serialized files (Serialized files now loaded: 0)
Unloading 49 unused Assets / (2.1 MB). Loaded Objects now: 4861.
Memory consumption went from 160.2 MB to 158.1 MB.
Total: 4.304000 ms (FindLiveObjects: 0.326600 ms CreateObjectMapping: 0.171700 ms MarkObjects: 3.480200 ms  DeleteObjects: 0.323700 ms)

AssetImportParameters requested are different than current active one (requested -> active):
  custom:video-decoder-ogg-theora: a1e56fd34408186e4bbccfd4996cb3dc -> 
  custom:container-muxer-webm: aa71ff27fc2769a1b78a27578f13a17b -> 
  custom:container-demuxer-webm: 4f35f7cbe854078d1ac9338744f61a02 -> 
  custom:video-encoder-webm-vp8: eb34c28f22e8b96e1ab97ce403110664 -> 
  custom:video-codec-MediaFoundation-h265: 746d11721c4dcdbdad8f713fa42b33f4 -> 
  custom:CustomObjectIndexerAttribute: bc11b3a6c3213fcdd17b65e7da85e133 -> 
  custom:audio-encoder-webm-vorbis: bf7c407c2cedff20999df2af8eb42d56 -> 
  custom:framework-win-MediaFoundation: 216162199b28c13a410421893ffa2e32 -> 
  custom:SearchIndexIgnoredProperties: e643bd26f0fe6173181afceb89e7c659 -> 
  custom:container-demuxer-ogg: 62fdf1f143b41e24485cea50d1cbac27 -> 
  custom:video-decoder-webm-vp8: 9c59270c3fd7afecdb556c50c9e8de78 -> 
  custom:audio-decoder-ogg-vorbis: bf7c407c2cedff20999df2af8eb42d56 -> 
========================================================================
Received Prepare
Registering precompiled user dll's ...
Registered in 0.002899 seconds.
Begin MonoManager ReloadAssembly
Native extension for WindowsStandalone target not found
Failed to load: C:/Program Files/Unity/Hub/Editor/2021.3.36f1/Editor/Data/PlaybackEngines/iOSSupport\x64\UnityEditor.iOS.Native.dll
Native extension for iOS target not found
Native extension for Android target not found
Native extension for WebGL target not found
Refreshing native plugins compatible for Editor in 0.74 ms, found 3 plugins.
Preloading 0 native plugins for Editor in 0.00 ms.
[Package Manager] Server::EnsureServerProcessIsRunning -- launch failed, reason: Unity was launched with the -noUpm command-line argument
[Package Manager] Cannot connect to Unity Package Manager local server
[Package Manager] Server::EnsureServerProcessIsRunning -- launch failed, reason: Unity was launched with the -noUpm command-line argument
[Package Manager] Cannot connect to Unity Package Manager local server
Mono: successfully reloaded assembly
- Completed reload, in  1.438 seconds
Domain Reload Profiling:
	ReloadAssembly (1439ms)
		BeginReloadAssembly (124ms)
			ExecutionOrderSort (0ms)
			DisableScriptedObjects (4ms)
			BackupInstance (0ms)
			ReleaseScriptingObjects (0ms)
			CreateAndSetChildDomain (28ms)
		EndReloadAssembly (1232ms)
			LoadAssemblies (87ms)
			RebuildTransferFunctionScriptingTraits (0ms)
			SetupTypeCache (261ms)
			ReleaseScriptCaches (2ms)
			RebuildScriptCaches (48ms)
			SetupLoadedEditorAssemblies (784ms)
				LogAssemblyErrors (0ms)
				InitializePlatformSupportModulesInManaged (38ms)
				SetLoadedEditorAssemblies (0ms)
				RefreshPlugins (1ms)
				BeforeProcessingInitializeOnLoad (76ms)
				ProcessInitializeOnLoadAttributes (587ms)
				ProcessInitializeOnLoadMethodAttributes (74ms)
				AfterProcessingInitializeOnLoad (6ms)
				EditorAssembliesLoaded (0ms)
			ExecutionOrderSort2 (0ms)
			AwakeInstancesAfterBackupRestoration (9ms)
Platform modules already initialized, skipping
Refreshing native plugins compatible for Editor in 2.05 ms, found 3 plugins.
Preloading 0 native plugins for Editor in 0.00 ms.
Unloading 4322 Unused Serialized files (Serialized files now loaded: 0)
Unloading 49 unused Assets / (2.1 MB). Loaded Objects now: 4864.
Memory consumption went from 160.2 MB to 158.1 MB.
Total: 5.558100 ms (FindLiveObjects: 0.388800 ms CreateObjectMapping: 0.217600 ms MarkObjects: 4.508600 ms  DeleteObjects: 0.440700 ms)

AssetImportParameters requested are different than current active one (requested -> active):
  custom:video-decoder-ogg-theora: a1e56fd34408186e4bbccfd4996cb3dc -> 
  custom:container-muxer-webm: aa71ff27fc2769a1b78a27578f13a17b -> 
  custom:container-demuxer-webm: 4f35f7cbe854078d1ac9338744f61a02 -> 
  custom:video-encoder-webm-vp8: eb34c28f22e8b96e1ab97ce403110664 -> 
  custom:video-codec-MediaFoundation-h265: 746d11721c4dcdbdad8f713fa42b33f4 -> 
  custom:CustomObjectIndexerAttribute: bc11b3a6c3213fcdd17b65e7da85e133 -> 
  custom:audio-encoder-webm-vorbis: bf7c407c2cedff20999df2af8eb42d56 -> 
  custom:framework-win-MediaFoundation: 216162199b28c13a410421893ffa2e32 -> 
  custom:SearchIndexIgnoredProperties: e643bd26f0fe6173181afceb89e7c659 -> 
  custom:container-demuxer-ogg: 62fdf1f143b41e24485cea50d1cbac27 -> 
  custom:video-decoder-webm-vp8: 9c59270c3fd7afecdb556c50c9e8de78 -> 
  custom:audio-decoder-ogg-vorbis: bf7c407c2cedff20999df2af8eb42d56 -> 
========================================================================
Received Prepare
Registering precompiled user dll's ...
Registered in 0.002986 seconds.
Begin MonoManager ReloadAssembly
Native extension for WindowsStandalone target not found
Failed to load: C:/Program Files/Unity/Hub/Editor/2021.3.36f1/Editor/Data/PlaybackEngines/iOSSupport\x64\UnityEditor.iOS.Native.dll
Native extension for iOS target not found
Native extension for Android target not found
Native extension for WebGL target not found
Refreshing native plugins compatible for Editor in 1.21 ms, found 3 plugins.
Preloading 0 native plugins for Editor in 0.00 ms.
[Package Manager] Server::EnsureServerProcessIsRunning -- launch failed, reason: Unity was launched with the -noUpm command-line argument
[Package Manager] Cannot connect to Unity Package Manager local server
[Package Manager] Server::EnsureServerProcessIsRunning -- launch failed, reason: Unity was launched with the -noUpm command-line argument
[Package Manager] Cannot connect to Unity Package Manager local server
Mono: successfully reloaded assembly
- Completed reload, in  2.276 seconds
Domain Reload Profiling:
	ReloadAssembly (2277ms)
		BeginReloadAssembly (132ms)
			ExecutionOrderSort (0ms)
			DisableScriptedObjects (4ms)
			BackupInstance (0ms)
			ReleaseScriptingObjects (0ms)
			CreateAndSetChildDomain (34ms)
		EndReloadAssembly (2036ms)
			LoadAssemblies (107ms)
			RebuildTransferFunctionScriptingTraits (0ms)
			SetupTypeCache (565ms)
			ReleaseScriptCaches (3ms)
			RebuildScriptCaches (87ms)
			SetupLoadedEditorAssemblies (1157ms)
				LogAssemblyErrors (0ms)
				InitializePlatformSupportModulesInManaged (69ms)
				SetLoadedEditorAssemblies (1ms)
				RefreshPlugins (1ms)
				BeforeProcessingInitializeOnLoad (144ms)
				ProcessInitializeOnLoadAttributes (802ms)
				ProcessInitializeOnLoadMethodAttributes (129ms)
				AfterProcessingInitializeOnLoad (11ms)
				EditorAssembliesLoaded (0ms)
			ExecutionOrderSort2 (0ms)
			AwakeInstancesAfterBackupRestoration (12ms)
Platform modules already initialized, skipping
Refreshing native plugins compatible for Editor in 1.49 ms, found 3 plugins.
Preloading 0 native plugins for Editor in 0.00 ms.
Unloading 4322 Unused Serialized files (Serialized files now loaded: 0)
Unloading 49 unused Assets / (2.1 MB). Loaded Objects now: 4867.
Memory consumption went from 160.2 MB to 158.2 MB.
Total: 5.776500 ms (FindLiveObjects: 0.400400 ms CreateObjectMapping: 0.242100 ms MarkObjects: 4.696600 ms  DeleteObjects: 0.435300 ms)

AssetImportParameters requested are different than current active one (requested -> active):
  custom:video-decoder-ogg-theora: a1e56fd34408186e4bbccfd4996cb3dc -> 
  custom:container-muxer-webm: aa71ff27fc2769a1b78a27578f13a17b -> 
  custom:container-demuxer-webm: 4f35f7cbe854078d1ac9338744f61a02 -> 
  custom:video-encoder-webm-vp8: eb34c28f22e8b96e1ab97ce403110664 -> 
  custom:video-codec-MediaFoundation-h265: 746d11721c4dcdbdad8f713fa42b33f4 -> 
  custom:CustomObjectIndexerAttribute: bc11b3a6c3213fcdd17b65e7da85e133 -> 
  custom:audio-encoder-webm-vorbis: bf7c407c2cedff20999df2af8eb42d56 -> 
  custom:framework-win-MediaFoundation: 216162199b28c13a410421893ffa2e32 -> 
  custom:SearchIndexIgnoredProperties: e643bd26f0fe6173181afceb89e7c659 -> 
  custom:container-demuxer-ogg: 62fdf1f143b41e24485cea50d1cbac27 -> 
  custom:video-decoder-webm-vp8: 9c59270c3fd7afecdb556c50c9e8de78 -> 
  custom:audio-decoder-ogg-vorbis: bf7c407c2cedff20999df2af8eb42d56 -> 
========================================================================
Received Prepare
Registering precompiled user dll's ...
Registered in 0.004978 seconds.
Begin MonoManager ReloadAssembly
Native extension for WindowsStandalone target not found
Failed to load: C:/Program Files/Unity/Hub/Editor/2021.3.36f1/Editor/Data/PlaybackEngines/iOSSupport\x64\UnityEditor.iOS.Native.dll
Native extension for iOS target not found
Native extension for Android target not found
Native extension for WebGL target not found
Refreshing native plugins compatible for Editor in 0.82 ms, found 3 plugins.
Preloading 0 native plugins for Editor in 0.00 ms.
[Package Manager] Server::EnsureServerProcessIsRunning -- launch failed, reason: Unity was launched with the -noUpm command-line argument
[Package Manager] Cannot connect to Unity Package Manager local server
[Package Manager] Server::EnsureServerProcessIsRunning -- launch failed, reason: Unity was launched with the -noUpm command-line argument
[Package Manager] Cannot connect to Unity Package Manager local server
Mono: successfully reloaded assembly
- Completed reload, in  1.439 seconds
Domain Reload Profiling:
	ReloadAssembly (1440ms)
		BeginReloadAssembly (122ms)
			ExecutionOrderSort (0ms)
			DisableScriptedObjects (4ms)
			BackupInstance (0ms)
			ReleaseScriptingObjects (0ms)
			CreateAndSetChildDomain (31ms)
		EndReloadAssembly (1243ms)
			LoadAssemblies (82ms)
			RebuildTransferFunctionScriptingTraits (0ms)
			SetupTypeCache (291ms)
			ReleaseScriptCaches (2ms)
			RebuildScriptCaches (46ms)
			SetupLoadedEditorAssemblies (780ms)
				LogAssemblyErrors (0ms)
				InitializePlatformSupportModulesInManaged (37ms)
				SetLoadedEditorAssemblies (1ms)
				RefreshPlugins (1ms)
				BeforeProcessingInitializeOnLoad (75ms)
				ProcessInitializeOnLoadAttributes (585ms)
				ProcessInitializeOnLoadMethodAttributes (76ms)
				AfterProcessingInitializeOnLoad (6ms)
				EditorAssembliesLoaded (0ms)
			ExecutionOrderSort2 (0ms)
			AwakeInstancesAfterBackupRestoration (8ms)
Platform modules already initialized, skipping
Refreshing native plugins compatible for Editor in 1.16 ms, found 3 plugins.
Preloading 0 native plugins for Editor in 0.00 ms.
Unloading 4322 Unused Serialized files (Serialized files now loaded: 0)
Unloading 49 unused Assets / (2.1 MB). Loaded Objects now: 4870.
Memory consumption went from 160.2 MB to 158.2 MB.
Total: 3.302600 ms (FindLiveObjects: 0.346100 ms CreateObjectMapping: 0.153500 ms MarkObjects: 2.516000 ms  DeleteObjects: 0.285400 ms)

AssetImportParameters requested are different than current active one (requested -> active):
  custom:video-decoder-ogg-theora: a1e56fd34408186e4bbccfd4996cb3dc -> 
  custom:container-muxer-webm: aa71ff27fc2769a1b78a27578f13a17b -> 
  custom:container-demuxer-webm: 4f35f7cbe854078d1ac9338744f61a02 -> 
  custom:video-encoder-webm-vp8: eb34c28f22e8b96e1ab97ce403110664 -> 
  custom:video-codec-MediaFoundation-h265: 746d11721c4dcdbdad8f713fa42b33f4 -> 
  custom:CustomObjectIndexerAttribute: bc11b3a6c3213fcdd17b65e7da85e133 -> 
  custom:audio-encoder-webm-vorbis: bf7c407c2cedff20999df2af8eb42d56 -> 
  custom:framework-win-MediaFoundation: 216162199b28c13a410421893ffa2e32 -> 
  custom:SearchIndexIgnoredProperties: e643bd26f0fe6173181afceb89e7c659 -> 
  custom:container-demuxer-ogg: 62fdf1f143b41e24485cea50d1cbac27 -> 
  custom:video-decoder-webm-vp8: 9c59270c3fd7afecdb556c50c9e8de78 -> 
  custom:audio-decoder-ogg-vorbis: bf7c407c2cedff20999df2af8eb42d56 -> 
========================================================================
Received Prepare
Registering precompiled user dll's ...
Registered in 0.003001 seconds.
Begin MonoManager ReloadAssembly
Native extension for WindowsStandalone target not found
Failed to load: C:/Program Files/Unity/Hub/Editor/2021.3.36f1/Editor/Data/PlaybackEngines/iOSSupport\x64\UnityEditor.iOS.Native.dll
Native extension for iOS target not found
Native extension for Android target not found
Native extension for WebGL target not found
Refreshing native plugins compatible for Editor in 1.25 ms, found 3 plugins.
Preloading 0 native plugins for Editor in 0.00 ms.
[Package Manager] Server::EnsureServerProcessIsRunning -- launch failed, reason: Unity was launched with the -noUpm command-line argument
[Package Manager] Cannot connect to Unity Package Manager local server
[Package Manager] Server::EnsureServerProcessIsRunning -- launch failed, reason: Unity was launched with the -noUpm command-line argument
[Package Manager] Cannot connect to Unity Package Manager local server
Mono: successfully reloaded assembly
- Completed reload, in  2.027 seconds
Domain Reload Profiling:
	ReloadAssembly (2028ms)
		BeginReloadAssembly (120ms)
			ExecutionOrderSort (0ms)
			DisableScriptedObjects (4ms)
			BackupInstance (0ms)
			ReleaseScriptingObjects (0ms)
			CreateAndSetChildDomain (28ms)
		EndReloadAssembly (1831ms)
			LoadAssemblies (84ms)
			RebuildTransferFunctionScriptingTraits (0ms)
			SetupTypeCache (325ms)
			ReleaseScriptCaches (3ms)
			RebuildScriptCaches (88ms)
			SetupLoadedEditorAssemblies (1200ms)
				LogAssemblyErrors (0ms)
				InitializePlatformSupportModulesInManaged (68ms)
				SetLoadedEditorAssemblies (1ms)
				RefreshPlugins (1ms)
				BeforeProcessingInitializeOnLoad (165ms)
				ProcessInitializeOnLoadAttributes (816ms)
				ProcessInitializeOnLoadMethodAttributes (137ms)
				AfterProcessingInitializeOnLoad (10ms)
				EditorAssembliesLoaded (0ms)
			ExecutionOrderSort2 (0ms)
			AwakeInstancesAfterBackupRestoration (12ms)
Platform modules already initialized, skipping
Refreshing native plugins compatible for Editor in 1.50 ms, found 3 plugins.
Preloading 0 native plugins for Editor in 0.00 ms.
Unloading 4322 Unused Serialized files (Serialized files now loaded: 0)
Unloading 49 unused Assets / (2.1 MB). Loaded Objects now: 4873.
Memory consumption went from 160.3 MB to 158.2 MB.
Total: 6.094600 ms (FindLiveObjects: 0.444400 ms CreateObjectMapping: 0.262300 ms MarkObjects: 4.855700 ms  DeleteObjects: 0.528800 ms)

AssetImportParameters requested are different than current active one (requested -> active):
  custom:video-decoder-ogg-theora: a1e56fd34408186e4bbccfd4996cb3dc -> 
  custom:container-muxer-webm: aa71ff27fc2769a1b78a27578f13a17b -> 
  custom:container-demuxer-webm: 4f35f7cbe854078d1ac9338744f61a02 -> 
  custom:video-encoder-webm-vp8: eb34c28f22e8b96e1ab97ce403110664 -> 
  custom:video-codec-MediaFoundation-h265: 746d11721c4dcdbdad8f713fa42b33f4 -> 
  custom:CustomObjectIndexerAttribute: bc11b3a6c3213fcdd17b65e7da85e133 -> 
  custom:audio-encoder-webm-vorbis: bf7c407c2cedff20999df2af8eb42d56 -> 
  custom:framework-win-MediaFoundation: 216162199b28c13a410421893ffa2e32 -> 
  custom:SearchIndexIgnoredProperties: e643bd26f0fe6173181afceb89e7c659 -> 
  custom:container-demuxer-ogg: 62fdf1f143b41e24485cea50d1cbac27 -> 
  custom:video-decoder-webm-vp8: 9c59270c3fd7afecdb556c50c9e8de78 -> 
  custom:audio-decoder-ogg-vorbis: bf7c407c2cedff20999df2af8eb42d56 -> 
========================================================================
Received Prepare
Registering precompiled user dll's ...
Registered in 0.004737 seconds.
Begin MonoManager ReloadAssembly
Native extension for WindowsStandalone target not found
Failed to load: C:/Program Files/Unity/Hub/Editor/2021.3.36f1/Editor/Data/PlaybackEngines/iOSSupport\x64\UnityEditor.iOS.Native.dll
Native extension for iOS target not found
Native extension for Android target not found
Native extension for WebGL target not found
Refreshing native plugins compatible for Editor in 1.34 ms, found 3 plugins.
Preloading 0 native plugins for Editor in 0.00 ms.
[Package Manager] Server::EnsureServerProcessIsRunning -- launch failed, reason: Unity was launched with the -noUpm command-line argument
[Package Manager] Cannot connect to Unity Package Manager local server
[Package Manager] Server::EnsureServerProcessIsRunning -- launch failed, reason: Unity was launched with the -noUpm command-line argument
[Package Manager] Cannot connect to Unity Package Manager local server
Mono: successfully reloaded assembly
- Completed reload, in  2.253 seconds
Domain Reload Profiling:
	ReloadAssembly (2254ms)
		BeginReloadAssembly (176ms)
			ExecutionOrderSort (0ms)
			DisableScriptedObjects (6ms)
			BackupInstance (0ms)
			ReleaseScriptingObjects (0ms)
			CreateAndSetChildDomain (38ms)
		EndReloadAssembly (1960ms)
			LoadAssemblies (125ms)
			RebuildTransferFunctionScriptingTraits (0ms)
			SetupTypeCache (507ms)
			ReleaseScriptCaches (3ms)
			RebuildScriptCaches (84ms)
			SetupLoadedEditorAssemblies (1149ms)
				LogAssemblyErrors (0ms)
				InitializePlatformSupportModulesInManaged (64ms)
				SetLoadedEditorAssemblies (1ms)
				RefreshPlugins (1ms)
				BeforeProcessingInitializeOnLoad (140ms)
				ProcessInitializeOnLoadAttributes (789ms)
				ProcessInitializeOnLoadMethodAttributes (143ms)
				AfterProcessingInitializeOnLoad (10ms)
				EditorAssembliesLoaded (1ms)
			ExecutionOrderSort2 (0ms)
			AwakeInstancesAfterBackupRestoration (12ms)
Platform modules already initialized, skipping
Refreshing native plugins compatible for Editor in 1.82 ms, found 3 plugins.
Preloading 0 native plugins for Editor in 0.00 ms.
Unloading 4322 Unused Serialized files (Serialized files now loaded: 0)
Unloading 49 unused Assets / (2.1 MB). Loaded Objects now: 4876.
Memory consumption went from 160.3 MB to 158.2 MB.
Total: 7.355500 ms (FindLiveObjects: 0.482000 ms CreateObjectMapping: 0.308000 ms MarkObjects: 6.016700 ms  DeleteObjects: 0.546000 ms)

AssetImportParameters requested are different than current active one (requested -> active):
  custom:video-decoder-ogg-theora: a1e56fd34408186e4bbccfd4996cb3dc -> 
  custom:container-muxer-webm: aa71ff27fc2769a1b78a27578f13a17b -> 
  custom:container-demuxer-webm: 4f35f7cbe854078d1ac9338744f61a02 -> 
  custom:video-encoder-webm-vp8: eb34c28f22e8b96e1ab97ce403110664 -> 
  custom:video-codec-MediaFoundation-h265: 746d11721c4dcdbdad8f713fa42b33f4 -> 
  custom:CustomObjectIndexerAttribute: bc11b3a6c3213fcdd17b65e7da85e133 -> 
  custom:audio-encoder-webm-vorbis: bf7c407c2cedff20999df2af8eb42d56 -> 
  custom:framework-win-MediaFoundation: 216162199b28c13a410421893ffa2e32 -> 
  custom:SearchIndexIgnoredProperties: e643bd26f0fe6173181afceb89e7c659 -> 
  custom:container-demuxer-ogg: 62fdf1f143b41e24485cea50d1cbac27 -> 
  custom:video-decoder-webm-vp8: 9c59270c3fd7afecdb556c50c9e8de78 -> 
  custom:audio-decoder-ogg-vorbis: bf7c407c2cedff20999df2af8eb42d56 -> 
========================================================================
Received Prepare
Registering precompiled user dll's ...
Registered in 0.003671 seconds.
Begin MonoManager ReloadAssembly
Native extension for WindowsStandalone target not found
Failed to load: C:/Program Files/Unity/Hub/Editor/2021.3.36f1/Editor/Data/PlaybackEngines/iOSSupport\x64\UnityEditor.iOS.Native.dll
Native extension for iOS target not found
Native extension for Android target not found
Native extension for WebGL target not found
Refreshing native plugins compatible for Editor in 1.16 ms, found 3 plugins.
Preloading 0 native plugins for Editor in 0.00 ms.
[Package Manager] Server::EnsureServerProcessIsRunning -- launch failed, reason: Unity was launched with the -noUpm command-line argument
[Package Manager] Cannot connect to Unity Package Manager local server
[Package Manager] Server::EnsureServerProcessIsRunning -- launch failed, reason: Unity was launched with the -noUpm command-line argument
[Package Manager] Cannot connect to Unity Package Manager local server
Mono: successfully reloaded assembly
- Completed reload, in  2.187 seconds
Domain Reload Profiling:
	ReloadAssembly (2189ms)
		BeginReloadAssembly (129ms)
			ExecutionOrderSort (0ms)
			DisableScriptedObjects (4ms)
			BackupInstance (0ms)
			ReleaseScriptingObjects (0ms)
			CreateAndSetChildDomain (30ms)
		EndReloadAssembly (1974ms)
			LoadAssemblies (98ms)
			RebuildTransferFunctionScriptingTraits (0ms)
			SetupTypeCache (510ms)
			ReleaseScriptCaches (3ms)
			RebuildScriptCaches (87ms)
			SetupLoadedEditorAssemblies (1161ms)
				LogAssemblyErrors (0ms)
				InitializePlatformSupportModulesInManaged (67ms)
				SetLoadedEditorAssemblies (1ms)
				RefreshPlugins (1ms)
				BeforeProcessingInitializeOnLoad (139ms)
				ProcessInitializeOnLoadAttributes (808ms)
				ProcessInitializeOnLoadMethodAttributes (134ms)
				AfterProcessingInitializeOnLoad (10ms)
				EditorAssembliesLoaded (0ms)
			ExecutionOrderSort2 (0ms)
			AwakeInstancesAfterBackupRestoration (12ms)
Platform modules already initialized, skipping
Refreshing native plugins compatible for Editor in 1.83 ms, found 3 plugins.
Preloading 0 native plugins for Editor in 0.00 ms.
Unloading 4322 Unused Serialized files (Serialized files now loaded: 0)
Unloading 49 unused Assets / (2.1 MB). Loaded Objects now: 4879.
Memory consumption went from 160.3 MB to 158.2 MB.
Total: 7.158700 ms (FindLiveObjects: 0.422100 ms CreateObjectMapping: 0.298800 ms MarkObjects: 6.004800 ms  DeleteObjects: 0.430100 ms)

AssetImportParameters requested are different than current active one (requested -> active):
  custom:video-decoder-ogg-theora: a1e56fd34408186e4bbccfd4996cb3dc -> 
  custom:container-muxer-webm: aa71ff27fc2769a1b78a27578f13a17b -> 
  custom:container-demuxer-webm: 4f35f7cbe854078d1ac9338744f61a02 -> 
  custom:video-encoder-webm-vp8: eb34c28f22e8b96e1ab97ce403110664 -> 
  custom:video-codec-MediaFoundation-h265: 746d11721c4dcdbdad8f713fa42b33f4 -> 
  custom:CustomObjectIndexerAttribute: bc11b3a6c3213fcdd17b65e7da85e133 -> 
  custom:audio-encoder-webm-vorbis: bf7c407c2cedff20999df2af8eb42d56 -> 
  custom:framework-win-MediaFoundation: 216162199b28c13a410421893ffa2e32 -> 
  custom:SearchIndexIgnoredProperties: e643bd26f0fe6173181afceb89e7c659 -> 
  custom:container-demuxer-ogg: 62fdf1f143b41e24485cea50d1cbac27 -> 
  custom:video-decoder-webm-vp8: 9c59270c3fd7afecdb556c50c9e8de78 -> 
  custom:audio-decoder-ogg-vorbis: bf7c407c2cedff20999df2af8eb42d56 -> 
========================================================================
Received Prepare
Registering precompiled user dll's ...
Registered in 0.003247 seconds.
Begin MonoManager ReloadAssembly
Native extension for WindowsStandalone target not found
Failed to load: C:/Program Files/Unity/Hub/Editor/2021.3.36f1/Editor/Data/PlaybackEngines/iOSSupport\x64\UnityEditor.iOS.Native.dll
Native extension for iOS target not found
Native extension for Android target not found
Native extension for WebGL target not found
Refreshing native plugins compatible for Editor in 0.83 ms, found 3 plugins.
Preloading 0 native plugins for Editor in 0.00 ms.
[Package Manager] Server::EnsureServerProcessIsRunning -- launch failed, reason: Unity was launched with the -noUpm command-line argument
[Package Manager] Cannot connect to Unity Package Manager local server
[Package Manager] Server::EnsureServerProcessIsRunning -- launch failed, reason: Unity was launched with the -noUpm command-line argument
[Package Manager] Cannot connect to Unity Package Manager local server
Mono: successfully reloaded assembly
- Completed reload, in  1.502 seconds
Domain Reload Profiling:
	ReloadAssembly (1503ms)
		BeginReloadAssembly (124ms)
			ExecutionOrderSort (0ms)
			DisableScriptedObjects (4ms)
			BackupInstance (0ms)
			ReleaseScriptingObjects (0ms)
			CreateAndSetChildDomain (27ms)
		EndReloadAssembly (1297ms)
			LoadAssemblies (89ms)
			RebuildTransferFunctionScriptingTraits (0ms)
			SetupTypeCache (286ms)
			ReleaseScriptCaches (2ms)
			RebuildScriptCaches (54ms)
			SetupLoadedEditorAssemblies (815ms)
				LogAssemblyErrors (0ms)
				InitializePlatformSupportModulesInManaged (41ms)
				SetLoadedEditorAssemblies (1ms)
				RefreshPlugins (1ms)
				BeforeProcessingInitializeOnLoad (85ms)
				ProcessInitializeOnLoadAttributes (605ms)
				ProcessInitializeOnLoadMethodAttributes (76ms)
				AfterProcessingInitializeOnLoad (7ms)
				EditorAssembliesLoaded (0ms)
			ExecutionOrderSort2 (0ms)
			AwakeInstancesAfterBackupRestoration (7ms)
Platform modules already initialized, skipping
Refreshing native plugins compatible for Editor in 1.62 ms, found 3 plugins.
Preloading 0 native plugins for Editor in 0.00 ms.
Unloading 4322 Unused Serialized files (Serialized files now loaded: 0)
Unloading 49 unused Assets / (2.1 MB). Loaded Objects now: 4882.
Memory consumption went from 160.3 MB to 158.2 MB.
Total: 5.820800 ms (FindLiveObjects: 0.429400 ms CreateObjectMapping: 0.263700 ms MarkObjects: 4.648000 ms  DeleteObjects: 0.477300 ms)

AssetImportParameters requested are different than current active one (requested -> active):
  custom:video-decoder-ogg-theora: a1e56fd34408186e4bbccfd4996cb3dc -> 
  custom:container-muxer-webm: aa71ff27fc2769a1b78a27578f13a17b -> 
  custom:container-demuxer-webm: 4f35f7cbe854078d1ac9338744f61a02 -> 
  custom:video-encoder-webm-vp8: eb34c28f22e8b96e1ab97ce403110664 -> 
  custom:video-codec-MediaFoundation-h265: 746d11721c4dcdbdad8f713fa42b33f4 -> 
  custom:CustomObjectIndexerAttribute: bc11b3a6c3213fcdd17b65e7da85e133 -> 
  custom:audio-encoder-webm-vorbis: bf7c407c2cedff20999df2af8eb42d56 -> 
  custom:framework-win-MediaFoundation: 216162199b28c13a410421893ffa2e32 -> 
  custom:SearchIndexIgnoredProperties: e643bd26f0fe6173181afceb89e7c659 -> 
  custom:container-demuxer-ogg: 62fdf1f143b41e24485cea50d1cbac27 -> 
  custom:video-decoder-webm-vp8: 9c59270c3fd7afecdb556c50c9e8de78 -> 
  custom:audio-decoder-ogg-vorbis: bf7c407c2cedff20999df2af8eb42d56 -> 
========================================================================
Received Prepare
Registering precompiled user dll's ...
Registered in 0.005313 seconds.
Begin MonoManager ReloadAssembly
Native extension for WindowsStandalone target not found
Failed to load: C:/Program Files/Unity/Hub/Editor/2021.3.36f1/Editor/Data/PlaybackEngines/iOSSupport\x64\UnityEditor.iOS.Native.dll
Native extension for iOS target not found
Native extension for Android target not found
Native extension for WebGL target not found
Refreshing native plugins compatible for Editor in 1.64 ms, found 3 plugins.
Preloading 0 native plugins for Editor in 0.00 ms.
[Package Manager] Server::EnsureServerProcessIsRunning -- launch failed, reason: Unity was launched with the -noUpm command-line argument
[Package Manager] Cannot connect to Unity Package Manager local server
[Package Manager] Server::EnsureServerProcessIsRunning -- launch failed, reason: Unity was launched with the -noUpm command-line argument
[Package Manager] Cannot connect to Unity Package Manager local server
Mono: successfully reloaded assembly
- Completed reload, in  2.286 seconds
Domain Reload Profiling:
	ReloadAssembly (2287ms)
		BeginReloadAssembly (188ms)
			ExecutionOrderSort (0ms)
			DisableScriptedObjects (6ms)
			BackupInstance (0ms)
			ReleaseScriptingObjects (0ms)
			CreateAndSetChildDomain (45ms)
		EndReloadAssembly (1967ms)
			LoadAssemblies (143ms)
			RebuildTransferFunctionScriptingTraits (0ms)
			SetupTypeCache (494ms)
			ReleaseScriptCaches (4ms)
			RebuildScriptCaches (88ms)
			SetupLoadedEditorAssemblies (1146ms)
				LogAssemblyErrors (0ms)
				InitializePlatformSupportModulesInManaged (71ms)
				SetLoadedEditorAssemblies (1ms)
				RefreshPlugins (2ms)
				BeforeProcessingInitializeOnLoad (141ms)
				ProcessInitializeOnLoadAttributes (791ms)
				ProcessInitializeOnLoadMethodAttributes (129ms)
				AfterProcessingInitializeOnLoad (10ms)
				EditorAssembliesLoaded (1ms)
			ExecutionOrderSort2 (0ms)
			AwakeInstancesAfterBackupRestoration (11ms)
Platform modules already initialized, skipping
Refreshing native plugins compatible for Editor in 1.41 ms, found 3 plugins.
Preloading 0 native plugins for Editor in 0.00 ms.
Unloading 4322 Unused Serialized files (Serialized files now loaded: 0)
Unloading 49 unused Assets / (2.1 MB). Loaded Objects now: 4885.
Memory consumption went from 160.3 MB to 158.2 MB.
Total: 6.184300 ms (FindLiveObjects: 0.414800 ms CreateObjectMapping: 0.222000 ms MarkObjects: 5.106000 ms  DeleteObjects: 0.439300 ms)

AssetImportParameters requested are different than current active one (requested -> active):
  custom:video-decoder-ogg-theora: a1e56fd34408186e4bbccfd4996cb3dc -> 
  custom:container-muxer-webm: aa71ff27fc2769a1b78a27578f13a17b -> 
  custom:container-demuxer-webm: 4f35f7cbe854078d1ac9338744f61a02 -> 
  custom:video-encoder-webm-vp8: eb34c28f22e8b96e1ab97ce403110664 -> 
  custom:video-codec-MediaFoundation-h265: 746d11721c4dcdbdad8f713fa42b33f4 -> 
  custom:CustomObjectIndexerAttribute: bc11b3a6c3213fcdd17b65e7da85e133 -> 
  custom:audio-encoder-webm-vorbis: bf7c407c2cedff20999df2af8eb42d56 -> 
  custom:framework-win-MediaFoundation: 216162199b28c13a410421893ffa2e32 -> 
  custom:SearchIndexIgnoredProperties: e643bd26f0fe6173181afceb89e7c659 -> 
  custom:container-demuxer-ogg: 62fdf1f143b41e24485cea50d1cbac27 -> 
  custom:video-decoder-webm-vp8: 9c59270c3fd7afecdb556c50c9e8de78 -> 
  custom:audio-decoder-ogg-vorbis: bf7c407c2cedff20999df2af8eb42d56 -> 
========================================================================
Received Prepare
Registering precompiled user dll's ...
Registered in 0.002889 seconds.
Begin MonoManager ReloadAssembly
Native extension for WindowsStandalone target not found
Failed to load: C:/Program Files/Unity/Hub/Editor/2021.3.36f1/Editor/Data/PlaybackEngines/iOSSupport\x64\UnityEditor.iOS.Native.dll
Native extension for iOS target not found
Native extension for Android target not found
Native extension for WebGL target not found
Refreshing native plugins compatible for Editor in 1.02 ms, found 3 plugins.
Preloading 0 native plugins for Editor in 0.00 ms.
[Package Manager] Server::EnsureServerProcessIsRunning -- launch failed, reason: Unity was launched with the -noUpm command-line argument
[Package Manager] Cannot connect to Unity Package Manager local server
[Package Manager] Server::EnsureServerProcessIsRunning -- launch failed, reason: Unity was launched with the -noUpm command-line argument
[Package Manager] Cannot connect to Unity Package Manager local server
Mono: successfully reloaded assembly
- Completed reload, in  2.309 seconds
Domain Reload Profiling:
	ReloadAssembly (2310ms)
		BeginReloadAssembly (192ms)
			ExecutionOrderSort (0ms)
			DisableScriptedObjects (8ms)
			BackupInstance (0ms)
			ReleaseScriptingObjects (0ms)
			CreateAndSetChildDomain (37ms)
		EndReloadAssembly (1990ms)
			LoadAssemblies (142ms)
			RebuildTransferFunctionScriptingTraits (0ms)
			SetupTypeCache (513ms)
			ReleaseScriptCaches (3ms)
			RebuildScriptCaches (94ms)
			SetupLoadedEditorAssemblies (1161ms)
				LogAssemblyErrors (0ms)
				InitializePlatformSupportModulesInManaged (63ms)
				SetLoadedEditorAssemblies (1ms)
				RefreshPlugins (1ms)
				BeforeProcessingInitializeOnLoad (129ms)
				ProcessInitializeOnLoadAttributes (830ms)
				ProcessInitializeOnLoadMethodAttributes (125ms)
				AfterProcessingInitializeOnLoad (11ms)
				EditorAssembliesLoaded (0ms)
			ExecutionOrderSort2 (0ms)
			AwakeInstancesAfterBackupRestoration (12ms)
Platform modules already initialized, skipping
Refreshing native plugins compatible for Editor in 1.48 ms, found 3 plugins.
Preloading 0 native plugins for Editor in 0.00 ms.
Unloading 4322 Unused Serialized files (Serialized files now loaded: 0)
Unloading 49 unused Assets / (2.1 MB). Loaded Objects now: 4888.
Memory consumption went from 160.3 MB to 158.2 MB.
Total: 7.203000 ms (FindLiveObjects: 0.535000 ms CreateObjectMapping: 0.289000 ms MarkObjects: 5.807900 ms  DeleteObjects: 0.568300 ms)

AssetImportParameters requested are different than current active one (requested -> active):
  custom:video-decoder-ogg-theora: a1e56fd34408186e4bbccfd4996cb3dc -> 
  custom:container-muxer-webm: aa71ff27fc2769a1b78a27578f13a17b -> 
  custom:container-demuxer-webm: 4f35f7cbe854078d1ac9338744f61a02 -> 
  custom:video-encoder-webm-vp8: eb34c28f22e8b96e1ab97ce403110664 -> 
  custom:video-codec-MediaFoundation-h265: 746d11721c4dcdbdad8f713fa42b33f4 -> 
  custom:CustomObjectIndexerAttribute: bc11b3a6c3213fcdd17b65e7da85e133 -> 
  custom:audio-encoder-webm-vorbis: bf7c407c2cedff20999df2af8eb42d56 -> 
  custom:framework-win-MediaFoundation: 216162199b28c13a410421893ffa2e32 -> 
  custom:SearchIndexIgnoredProperties: e643bd26f0fe6173181afceb89e7c659 -> 
  custom:container-demuxer-ogg: 62fdf1f143b41e24485cea50d1cbac27 -> 
  custom:video-decoder-webm-vp8: 9c59270c3fd7afecdb556c50c9e8de78 -> 
  custom:audio-decoder-ogg-vorbis: bf7c407c2cedff20999df2af8eb42d56 -> 
========================================================================
Received Prepare
Registering precompiled user dll's ...
Registered in 0.012807 seconds.
Begin MonoManager ReloadAssembly
Native extension for WindowsStandalone target not found
Failed to load: C:/Program Files/Unity/Hub/Editor/2021.3.36f1/Editor/Data/PlaybackEngines/iOSSupport\x64\UnityEditor.iOS.Native.dll
Native extension for iOS target not found
Native extension for Android target not found
Native extension for WebGL target not found
Refreshing native plugins compatible for Editor in 1.24 ms, found 3 plugins.
Preloading 0 native plugins for Editor in 0.00 ms.
[Package Manager] Server::EnsureServerProcessIsRunning -- launch failed, reason: Unity was launched with the -noUpm command-line argument
[Package Manager] Cannot connect to Unity Package Manager local server
[Package Manager] Server::EnsureServerProcessIsRunning -- launch failed, reason: Unity was launched with the -noUpm command-line argument
[Package Manager] Cannot connect to Unity Package Manager local server
Mono: successfully reloaded assembly
- Completed reload, in  2.368 seconds
Domain Reload Profiling:
	ReloadAssembly (2370ms)
		BeginReloadAssembly (255ms)
			ExecutionOrderSort (0ms)
			DisableScriptedObjects (10ms)
			BackupInstance (0ms)
			ReleaseScriptingObjects (0ms)
			CreateAndSetChildDomain (52ms)
		EndReloadAssembly (1946ms)
			LoadAssemblies (195ms)
			RebuildTransferFunctionScriptingTraits (0ms)
			SetupTypeCache (482ms)
			ReleaseScriptCaches (3ms)
			RebuildScriptCaches (92ms)
			SetupLoadedEditorAssemblies (1115ms)
				LogAssemblyErrors (0ms)
				InitializePlatformSupportModulesInManaged (79ms)
				SetLoadedEditorAssemblies (1ms)
				RefreshPlugins (1ms)
				BeforeProcessingInitializeOnLoad (138ms)
				ProcessInitializeOnLoadAttributes (769ms)
				ProcessInitializeOnLoadMethodAttributes (112ms)
				AfterProcessingInitializeOnLoad (14ms)
				EditorAssembliesLoaded (0ms)
			ExecutionOrderSort2 (0ms)
			AwakeInstancesAfterBackupRestoration (12ms)
Platform modules already initialized, skipping
Refreshing native plugins compatible for Editor in 1.31 ms, found 3 plugins.
Preloading 0 native plugins for Editor in 0.00 ms.
Unloading 4322 Unused Serialized files (Serialized files now loaded: 0)
Unloading 49 unused Assets / (2.1 MB). Loaded Objects now: 4891.
Memory consumption went from 160.3 MB to 158.2 MB.
Total: 4.615500 ms (FindLiveObjects: 0.343900 ms CreateObjectMapping: 0.178900 ms MarkObjects: 3.730600 ms  DeleteObjects: 0.360600 ms)

AssetImportParameters requested are different than current active one (requested -> active):
  custom:video-decoder-ogg-theora: a1e56fd34408186e4bbccfd4996cb3dc -> 
  custom:container-muxer-webm: aa71ff27fc2769a1b78a27578f13a17b -> 
  custom:container-demuxer-webm: 4f35f7cbe854078d1ac9338744f61a02 -> 
  custom:video-encoder-webm-vp8: eb34c28f22e8b96e1ab97ce403110664 -> 
  custom:video-codec-MediaFoundation-h265: 746d11721c4dcdbdad8f713fa42b33f4 -> 
  custom:CustomObjectIndexerAttribute: bc11b3a6c3213fcdd17b65e7da85e133 -> 
  custom:audio-encoder-webm-vorbis: bf7c407c2cedff20999df2af8eb42d56 -> 
  custom:framework-win-MediaFoundation: 216162199b28c13a410421893ffa2e32 -> 
  custom:SearchIndexIgnoredProperties: e643bd26f0fe6173181afceb89e7c659 -> 
  custom:container-demuxer-ogg: 62fdf1f143b41e24485cea50d1cbac27 -> 
  custom:video-decoder-webm-vp8: 9c59270c3fd7afecdb556c50c9e8de78 -> 
  custom:audio-decoder-ogg-vorbis: bf7c407c2cedff20999df2af8eb42d56 -> 
========================================================================
Received Prepare
Registering precompiled user dll's ...
Registered in 0.025939 seconds.
Begin MonoManager ReloadAssembly
Native extension for WindowsStandalone target not found
Failed to load: C:/Program Files/Unity/Hub/Editor/2021.3.36f1/Editor/Data/PlaybackEngines/iOSSupport\x64\UnityEditor.iOS.Native.dll
Native extension for iOS target not found
Native extension for Android target not found
Native extension for WebGL target not found
Refreshing native plugins compatible for Editor in 0.85 ms, found 3 plugins.
Preloading 0 native plugins for Editor in 0.00 ms.
[Package Manager] Server::EnsureServerProcessIsRunning -- launch failed, reason: Unity was launched with the -noUpm command-line argument
[Package Manager] Cannot connect to Unity Package Manager local server
[Package Manager] Server::EnsureServerProcessIsRunning -- launch failed, reason: Unity was launched with the -noUpm command-line argument
[Package Manager] Cannot connect to Unity Package Manager local server
Mono: successfully reloaded assembly
- Completed reload, in  2.105 seconds
Domain Reload Profiling:
	ReloadAssembly (2107ms)
		BeginReloadAssembly (334ms)
			ExecutionOrderSort (0ms)
			DisableScriptedObjects (16ms)
			BackupInstance (0ms)
			ReleaseScriptingObjects (1ms)
			CreateAndSetChildDomain (84ms)
		EndReloadAssembly (1576ms)
			LoadAssemblies (198ms)
			RebuildTransferFunctionScriptingTraits (0ms)
			SetupTypeCache (471ms)
			ReleaseScriptCaches (3ms)
			RebuildScriptCaches (66ms)
			SetupLoadedEditorAssemblies (845ms)
				LogAssemblyErrors (0ms)
				InitializePlatformSupportModulesInManaged (44ms)
				SetLoadedEditorAssemblies (1ms)
				RefreshPlugins (1ms)
				BeforeProcessingInitializeOnLoad (89ms)
				ProcessInitializeOnLoadAttributes (618ms)
				ProcessInitializeOnLoadMethodAttributes (85ms)
				AfterProcessingInitializeOnLoad (7ms)
				EditorAssembliesLoaded (0ms)
			ExecutionOrderSort2 (0ms)
			AwakeInstancesAfterBackupRestoration (8ms)
Platform modules already initialized, skipping
Refreshing native plugins compatible for Editor in 1.10 ms, found 3 plugins.
Preloading 0 native plugins for Editor in 0.00 ms.
Unloading 4322 Unused Serialized files (Serialized files now loaded: 0)
Unloading 49 unused Assets / (2.1 MB). Loaded Objects now: 4894.
Memory consumption went from 160.3 MB to 158.2 MB.
Total: 4.991700 ms (FindLiveObjects: 0.366400 ms CreateObjectMapping: 0.193800 ms MarkObjects: 4.059800 ms  DeleteObjects: 0.369400 ms)

AssetImportParameters requested are different than current active one (requested -> active):
  custom:video-decoder-ogg-theora: a1e56fd34408186e4bbccfd4996cb3dc -> 
  custom:container-muxer-webm: aa71ff27fc2769a1b78a27578f13a17b -> 
  custom:container-demuxer-webm: 4f35f7cbe854078d1ac9338744f61a02 -> 
  custom:video-encoder-webm-vp8: eb34c28f22e8b96e1ab97ce403110664 -> 
  custom:video-codec-MediaFoundation-h265: 746d11721c4dcdbdad8f713fa42b33f4 -> 
  custom:CustomObjectIndexerAttribute: bc11b3a6c3213fcdd17b65e7da85e133 -> 
  custom:audio-encoder-webm-vorbis: bf7c407c2cedff20999df2af8eb42d56 -> 
  custom:framework-win-MediaFoundation: 216162199b28c13a410421893ffa2e32 -> 
  custom:SearchIndexIgnoredProperties: e643bd26f0fe6173181afceb89e7c659 -> 
  custom:container-demuxer-ogg: 62fdf1f143b41e24485cea50d1cbac27 -> 
  custom:video-decoder-webm-vp8: 9c59270c3fd7afecdb556c50c9e8de78 -> 
  custom:audio-decoder-ogg-vorbis: bf7c407c2cedff20999df2af8eb42d56 -> 
========================================================================
Received Prepare
Registering precompiled user dll's ...
Registered in 0.009889 seconds.
Begin MonoManager ReloadAssembly
Native extension for WindowsStandalone target not found
Failed to load: C:/Program Files/Unity/Hub/Editor/2021.3.36f1/Editor/Data/PlaybackEngines/iOSSupport\x64\UnityEditor.iOS.Native.dll
Native extension for iOS target not found
Native extension for Android target not found
Native extension for WebGL target not found
Refreshing native plugins compatible for Editor in 0.80 ms, found 3 plugins.
Preloading 0 native plugins for Editor in 0.00 ms.
[Package Manager] Server::EnsureServerProcessIsRunning -- launch failed, reason: Unity was launched with the -noUpm command-line argument
[Package Manager] Cannot connect to Unity Package Manager local server
[Package Manager] Server::EnsureServerProcessIsRunning -- launch failed, reason: Unity was launched with the -noUpm command-line argument
[Package Manager] Cannot connect to Unity Package Manager local server
Mono: successfully reloaded assembly
- Completed reload, in  1.593 seconds
Domain Reload Profiling:
	ReloadAssembly (1594ms)
		BeginReloadAssembly (178ms)
			ExecutionOrderSort (0ms)
			DisableScriptedObjects (6ms)
			BackupInstance (0ms)
			ReleaseScriptingObjects (0ms)
			CreateAndSetChildDomain (39ms)
		EndReloadAssembly (1304ms)
			LoadAssemblies (144ms)
			RebuildTransferFunctionScriptingTraits (0ms)
			SetupTypeCache (353ms)
			ReleaseScriptCaches (2ms)
			RebuildScriptCaches (49ms)
			SetupLoadedEditorAssemblies (747ms)
				LogAssemblyErrors (0ms)
				InitializePlatformSupportModulesInManaged (38ms)
				SetLoadedEditorAssemblies (0ms)
				RefreshPlugins (1ms)
				BeforeProcessingInitializeOnLoad (84ms)
				ProcessInitializeOnLoadAttributes (568ms)
				ProcessInitializeOnLoadMethodAttributes (50ms)
				AfterProcessingInitializeOnLoad (5ms)
				EditorAssembliesLoaded (0ms)
			ExecutionOrderSort2 (0ms)
			AwakeInstancesAfterBackupRestoration (6ms)
Platform modules already initialized, skipping
Refreshing native plugins compatible for Editor in 1.04 ms, found 3 plugins.
Preloading 0 native plugins for Editor in 0.00 ms.
Unloading 4322 Unused Serialized files (Serialized files now loaded: 0)
Unloading 49 unused Assets / (2.1 MB). Loaded Objects now: 4897.
Memory consumption went from 160.3 MB to 158.3 MB.
Total: 4.950200 ms (FindLiveObjects: 0.449100 ms CreateObjectMapping: 0.221000 ms MarkObjects: 3.938500 ms  DeleteObjects: 0.339300 ms)

AssetImportParameters requested are different than current active one (requested -> active):
  custom:video-decoder-ogg-theora: a1e56fd34408186e4bbccfd4996cb3dc -> 
  custom:container-muxer-webm: aa71ff27fc2769a1b78a27578f13a17b -> 
  custom:container-demuxer-webm: 4f35f7cbe854078d1ac9338744f61a02 -> 
  custom:video-encoder-webm-vp8: eb34c28f22e8b96e1ab97ce403110664 -> 
  custom:video-codec-MediaFoundation-h265: 746d11721c4dcdbdad8f713fa42b33f4 -> 
  custom:CustomObjectIndexerAttribute: bc11b3a6c3213fcdd17b65e7da85e133 -> 
  custom:audio-encoder-webm-vorbis: bf7c407c2cedff20999df2af8eb42d56 -> 
  custom:framework-win-MediaFoundation: 216162199b28c13a410421893ffa2e32 -> 
  custom:SearchIndexIgnoredProperties: e643bd26f0fe6173181afceb89e7c659 -> 
  custom:container-demuxer-ogg: 62fdf1f143b41e24485cea50d1cbac27 -> 
  custom:video-decoder-webm-vp8: 9c59270c3fd7afecdb556c50c9e8de78 -> 
  custom:audio-decoder-ogg-vorbis: bf7c407c2cedff20999df2af8eb42d56 -> 
========================================================================
Received Prepare
Registering precompiled user dll's ...
Registered in 0.004193 seconds.
Begin MonoManager ReloadAssembly
Native extension for WindowsStandalone target not found
Failed to load: C:/Program Files/Unity/Hub/Editor/2021.3.36f1/Editor/Data/PlaybackEngines/iOSSupport\x64\UnityEditor.iOS.Native.dll
Native extension for iOS target not found
Native extension for Android target not found
Native extension for WebGL target not found
Refreshing native plugins compatible for Editor in 0.77 ms, found 3 plugins.
Preloading 0 native plugins for Editor in 0.00 ms.
[Package Manager] Server::EnsureServerProcessIsRunning -- launch failed, reason: Unity was launched with the -noUpm command-line argument
[Package Manager] Cannot connect to Unity Package Manager local server
[Package Manager] Server::EnsureServerProcessIsRunning -- launch failed, reason: Unity was launched with the -noUpm command-line argument
[Package Manager] Cannot connect to Unity Package Manager local server
Mono: successfully reloaded assembly
- Completed reload, in  1.452 seconds
Domain Reload Profiling:
	ReloadAssembly (1453ms)
		BeginReloadAssembly (119ms)
			ExecutionOrderSort (0ms)
			DisableScriptedObjects (4ms)
			BackupInstance (0ms)
			ReleaseScriptingObjects (0ms)
			CreateAndSetChildDomain (27ms)
		EndReloadAssembly (1257ms)
			LoadAssemblies (82ms)
			RebuildTransferFunctionScriptingTraits (0ms)
			SetupTypeCache (296ms)
			ReleaseScriptCaches (2ms)
			RebuildScriptCaches (48ms)
			SetupLoadedEditorAssemblies (787ms)
				LogAssemblyErrors (0ms)
				InitializePlatformSupportModulesInManaged (37ms)
				SetLoadedEditorAssemblies (1ms)
				RefreshPlugins (1ms)
				BeforeProcessingInitializeOnLoad (80ms)
				ProcessInitializeOnLoadAttributes (592ms)
				ProcessInitializeOnLoadMethodAttributes (72ms)
				AfterProcessingInitializeOnLoad (6ms)
				EditorAssembliesLoaded (0ms)
			ExecutionOrderSort2 (0ms)
			AwakeInstancesAfterBackupRestoration (8ms)
Platform modules already initialized, skipping
Refreshing native plugins compatible for Editor in 1.37 ms, found 3 plugins.
Preloading 0 native plugins for Editor in 0.00 ms.
Unloading 4322 Unused Serialized files (Serialized files now loaded: 0)
Unloading 49 unused Assets / (2.1 MB). Loaded Objects now: 4900.
Memory consumption went from 160.3 MB to 158.3 MB.
Total: 6.820200 ms (FindLiveObjects: 0.546500 ms CreateObjectMapping: 0.308200 ms MarkObjects: 5.345100 ms  DeleteObjects: 0.617600 ms)

AssetImportParameters requested are different than current active one (requested -> active):
  custom:video-decoder-ogg-theora: a1e56fd34408186e4bbccfd4996cb3dc -> 
  custom:container-muxer-webm: aa71ff27fc2769a1b78a27578f13a17b -> 
  custom:container-demuxer-webm: 4f35f7cbe854078d1ac9338744f61a02 -> 
  custom:video-encoder-webm-vp8: eb34c28f22e8b96e1ab97ce403110664 -> 
  custom:video-codec-MediaFoundation-h265: 746d11721c4dcdbdad8f713fa42b33f4 -> 
  custom:CustomObjectIndexerAttribute: bc11b3a6c3213fcdd17b65e7da85e133 -> 
  custom:audio-encoder-webm-vorbis: bf7c407c2cedff20999df2af8eb42d56 -> 
  custom:framework-win-MediaFoundation: 216162199b28c13a410421893ffa2e32 -> 
  custom:SearchIndexIgnoredProperties: e643bd26f0fe6173181afceb89e7c659 -> 
  custom:container-demuxer-ogg: 62fdf1f143b41e24485cea50d1cbac27 -> 
  custom:video-decoder-webm-vp8: 9c59270c3fd7afecdb556c50c9e8de78 -> 
  custom:audio-decoder-ogg-vorbis: bf7c407c2cedff20999df2af8eb42d56 -> 
========================================================================
Received Prepare
Registering precompiled user dll's ...
Registered in 0.002750 seconds.
Begin MonoManager ReloadAssembly
Native extension for WindowsStandalone target not found
Failed to load: C:/Program Files/Unity/Hub/Editor/2021.3.36f1/Editor/Data/PlaybackEngines/iOSSupport\x64\UnityEditor.iOS.Native.dll
Native extension for iOS target not found
Native extension for Android target not found
Native extension for WebGL target not found
Refreshing native plugins compatible for Editor in 0.81 ms, found 3 plugins.
Preloading 0 native plugins for Editor in 0.00 ms.
[Package Manager] Server::EnsureServerProcessIsRunning -- launch failed, reason: Unity was launched with the -noUpm command-line argument
[Package Manager] Cannot connect to Unity Package Manager local server
[Package Manager] Server::EnsureServerProcessIsRunning -- launch failed, reason: Unity was launched with the -noUpm command-line argument
[Package Manager] Cannot connect to Unity Package Manager local server
Mono: successfully reloaded assembly
- Completed reload, in  1.665 seconds
Domain Reload Profiling:
	ReloadAssembly (1666ms)
		BeginReloadAssembly (119ms)
			ExecutionOrderSort (0ms)
			DisableScriptedObjects (4ms)
			BackupInstance (0ms)
			ReleaseScriptingObjects (0ms)
			CreateAndSetChildDomain (26ms)
		EndReloadAssembly (1471ms)
			LoadAssemblies (82ms)
			RebuildTransferFunctionScriptingTraits (0ms)
			SetupTypeCache (283ms)
			ReleaseScriptCaches (2ms)
			RebuildScriptCaches (50ms)
			SetupLoadedEditorAssemblies (985ms)
				LogAssemblyErrors (0ms)
				InitializePlatformSupportModulesInManaged (38ms)
				SetLoadedEditorAssemblies (0ms)
				RefreshPlugins (1ms)
				BeforeProcessingInitializeOnLoad (76ms)
				ProcessInitializeOnLoadAttributes (707ms)
				ProcessInitializeOnLoadMethodAttributes (152ms)
				AfterProcessingInitializeOnLoad (9ms)
				EditorAssembliesLoaded (0ms)
			ExecutionOrderSort2 (0ms)
			AwakeInstancesAfterBackupRestoration (10ms)
Platform modules already initialized, skipping
Refreshing native plugins compatible for Editor in 1.74 ms, found 3 plugins.
Preloading 0 native plugins for Editor in 0.00 ms.
Unloading 4322 Unused Serialized files (Serialized files now loaded: 0)
Unloading 49 unused Assets / (2.1 MB). Loaded Objects now: 4903.
Memory consumption went from 160.3 MB to 158.3 MB.
Total: 7.601500 ms (FindLiveObjects: 0.602500 ms CreateObjectMapping: 0.335500 ms MarkObjects: 6.100500 ms  DeleteObjects: 0.560500 ms)

AssetImportParameters requested are different than current active one (requested -> active):
  custom:video-decoder-ogg-theora: a1e56fd34408186e4bbccfd4996cb3dc -> 
  custom:container-muxer-webm: aa71ff27fc2769a1b78a27578f13a17b -> 
  custom:container-demuxer-webm: 4f35f7cbe854078d1ac9338744f61a02 -> 
  custom:video-encoder-webm-vp8: eb34c28f22e8b96e1ab97ce403110664 -> 
  custom:video-codec-MediaFoundation-h265: 746d11721c4dcdbdad8f713fa42b33f4 -> 
  custom:CustomObjectIndexerAttribute: bc11b3a6c3213fcdd17b65e7da85e133 -> 
  custom:audio-encoder-webm-vorbis: bf7c407c2cedff20999df2af8eb42d56 -> 
  custom:framework-win-MediaFoundation: 216162199b28c13a410421893ffa2e32 -> 
  custom:SearchIndexIgnoredProperties: e643bd26f0fe6173181afceb89e7c659 -> 
  custom:container-demuxer-ogg: 62fdf1f143b41e24485cea50d1cbac27 -> 
  custom:video-decoder-webm-vp8: 9c59270c3fd7afecdb556c50c9e8de78 -> 
  custom:audio-decoder-ogg-vorbis: bf7c407c2cedff20999df2af8eb42d56 -> 
========================================================================
Received Prepare
Registering precompiled user dll's ...
Registered in 0.003014 seconds.
Begin MonoManager ReloadAssembly
Native extension for WindowsStandalone target not found
Failed to load: C:/Program Files/Unity/Hub/Editor/2021.3.36f1/Editor/Data/PlaybackEngines/iOSSupport\x64\UnityEditor.iOS.Native.dll
Native extension for iOS target not found
Native extension for Android target not found
Native extension for WebGL target not found
Refreshing native plugins compatible for Editor in 0.76 ms, found 3 plugins.
Preloading 0 native plugins for Editor in 0.00 ms.
[Package Manager] Server::EnsureServerProcessIsRunning -- launch failed, reason: Unity was launched with the -noUpm command-line argument
[Package Manager] Cannot connect to Unity Package Manager local server
[Package Manager] Server::EnsureServerProcessIsRunning -- launch failed, reason: Unity was launched with the -noUpm command-line argument
[Package Manager] Cannot connect to Unity Package Manager local server
Mono: successfully reloaded assembly
- Completed reload, in  1.641 seconds
Domain Reload Profiling:
	ReloadAssembly (1642ms)
		BeginReloadAssembly (121ms)
			ExecutionOrderSort (0ms)
			DisableScriptedObjects (4ms)
			BackupInstance (0ms)
			ReleaseScriptingObjects (0ms)
			CreateAndSetChildDomain (28ms)
		EndReloadAssembly (1444ms)
			LoadAssemblies (83ms)
			RebuildTransferFunctionScriptingTraits (0ms)
			SetupTypeCache (269ms)
			ReleaseScriptCaches (2ms)
			RebuildScriptCaches (49ms)
			SetupLoadedEditorAssemblies (974ms)
				LogAssemblyErrors (0ms)
				InitializePlatformSupportModulesInManaged (35ms)
				SetLoadedEditorAssemblies (1ms)
				RefreshPlugins (1ms)
				BeforeProcessingInitializeOnLoad (79ms)
				ProcessInitializeOnLoadAttributes (708ms)
				ProcessInitializeOnLoadMethodAttributes (138ms)
				AfterProcessingInitializeOnLoad (11ms)
				EditorAssembliesLoaded (0ms)
			ExecutionOrderSort2 (0ms)
			AwakeInstancesAfterBackupRestoration (13ms)
Platform modules already initialized, skipping
Refreshing native plugins compatible for Editor in 1.57 ms, found 3 plugins.
Preloading 0 native plugins for Editor in 0.00 ms.
Unloading 4322 Unused Serialized files (Serialized files now loaded: 0)
Unloading 49 unused Assets / (2.1 MB). Loaded Objects now: 4906.
Memory consumption went from 160.4 MB to 158.3 MB.
Total: 6.090800 ms (FindLiveObjects: 0.468100 ms CreateObjectMapping: 0.414000 ms MarkObjects: 4.754000 ms  DeleteObjects: 0.451400 ms)

AssetImportParameters requested are different than current active one (requested -> active):
  custom:video-decoder-ogg-theora: a1e56fd34408186e4bbccfd4996cb3dc -> 
  custom:container-muxer-webm: aa71ff27fc2769a1b78a27578f13a17b -> 
  custom:container-demuxer-webm: 4f35f7cbe854078d1ac9338744f61a02 -> 
  custom:video-encoder-webm-vp8: eb34c28f22e8b96e1ab97ce403110664 -> 
  custom:video-codec-MediaFoundation-h265: 746d11721c4dcdbdad8f713fa42b33f4 -> 
  custom:CustomObjectIndexerAttribute: bc11b3a6c3213fcdd17b65e7da85e133 -> 
  custom:audio-encoder-webm-vorbis: bf7c407c2cedff20999df2af8eb42d56 -> 
  custom:framework-win-MediaFoundation: 216162199b28c13a410421893ffa2e32 -> 
  custom:SearchIndexIgnoredProperties: e643bd26f0fe6173181afceb89e7c659 -> 
  custom:container-demuxer-ogg: 62fdf1f143b41e24485cea50d1cbac27 -> 
  custom:video-decoder-webm-vp8: 9c59270c3fd7afecdb556c50c9e8de78 -> 
  custom:audio-decoder-ogg-vorbis: bf7c407c2cedff20999df2af8eb42d56 -> 
========================================================================
Received Prepare
Registering precompiled user dll's ...
Registered in 0.004917 seconds.
Begin MonoManager ReloadAssembly
Native extension for WindowsStandalone target not found
Failed to load: C:/Program Files/Unity/Hub/Editor/2021.3.36f1/Editor/Data/PlaybackEngines/iOSSupport\x64\UnityEditor.iOS.Native.dll
Native extension for iOS target not found
Native extension for Android target not found
Native extension for WebGL target not found
Refreshing native plugins compatible for Editor in 2.22 ms, found 3 plugins.
Preloading 0 native plugins for Editor in 0.00 ms.
[Package Manager] Server::EnsureServerProcessIsRunning -- launch failed, reason: Unity was launched with the -noUpm command-line argument
[Package Manager] Cannot connect to Unity Package Manager local server
[Package Manager] Server::EnsureServerProcessIsRunning -- launch failed, reason: Unity was launched with the -noUpm command-line argument
[Package Manager] Cannot connect to Unity Package Manager local server
Mono: successfully reloaded assembly
- Completed reload, in  2.254 seconds
Domain Reload Profiling:
	ReloadAssembly (2256ms)
		BeginReloadAssembly (195ms)
			ExecutionOrderSort (0ms)
			DisableScriptedObjects (7ms)
			BackupInstance (0ms)
			ReleaseScriptingObjects (0ms)
			CreateAndSetChildDomain (41ms)
		EndReloadAssembly (1922ms)
			LoadAssemblies (141ms)
			RebuildTransferFunctionScriptingTraits (0ms)
			SetupTypeCache (427ms)
			ReleaseScriptCaches (3ms)
			RebuildScriptCaches (86ms)
			SetupLoadedEditorAssemblies (1190ms)
				LogAssemblyErrors (0ms)
				InitializePlatformSupportModulesInManaged (57ms)
				SetLoadedEditorAssemblies (1ms)
				RefreshPlugins (3ms)
				BeforeProcessingInitializeOnLoad (150ms)
				ProcessInitializeOnLoadAttributes (834ms)
				ProcessInitializeOnLoadMethodAttributes (134ms)
				AfterProcessingInitializeOnLoad (10ms)
				EditorAssembliesLoaded (1ms)
			ExecutionOrderSort2 (0ms)
			AwakeInstancesAfterBackupRestoration (12ms)
Platform modules already initialized, skipping
Refreshing native plugins compatible for Editor in 1.48 ms, found 3 plugins.
Preloading 0 native plugins for Editor in 0.00 ms.
Unloading 4322 Unused Serialized files (Serialized files now loaded: 0)
Unloading 49 unused Assets / (2.1 MB). Loaded Objects now: 4909.
Memory consumption went from 160.4 MB to 158.3 MB.
Total: 6.540400 ms (FindLiveObjects: 0.557700 ms CreateObjectMapping: 0.259200 ms MarkObjects: 5.240000 ms  DeleteObjects: 0.481700 ms)

AssetImportParameters requested are different than current active one (requested -> active):
  custom:video-decoder-ogg-theora: a1e56fd34408186e4bbccfd4996cb3dc -> 
  custom:container-muxer-webm: aa71ff27fc2769a1b78a27578f13a17b -> 
  custom:container-demuxer-webm: 4f35f7cbe854078d1ac9338744f61a02 -> 
  custom:video-encoder-webm-vp8: eb34c28f22e8b96e1ab97ce403110664 -> 
  custom:video-codec-MediaFoundation-h265: 746d11721c4dcdbdad8f713fa42b33f4 -> 
  custom:CustomObjectIndexerAttribute: bc11b3a6c3213fcdd17b65e7da85e133 -> 
  custom:audio-encoder-webm-vorbis: bf7c407c2cedff20999df2af8eb42d56 -> 
  custom:framework-win-MediaFoundation: 216162199b28c13a410421893ffa2e32 -> 
  custom:SearchIndexIgnoredProperties: e643bd26f0fe6173181afceb89e7c659 -> 
  custom:container-demuxer-ogg: 62fdf1f143b41e24485cea50d1cbac27 -> 
  custom:video-decoder-webm-vp8: 9c59270c3fd7afecdb556c50c9e8de78 -> 
  custom:audio-decoder-ogg-vorbis: bf7c407c2cedff20999df2af8eb42d56 -> 
========================================================================
Received Prepare
Registering precompiled user dll's ...
Registered in 0.006734 seconds.
Begin MonoManager ReloadAssembly
Native extension for WindowsStandalone target not found
Failed to load: C:/Program Files/Unity/Hub/Editor/2021.3.36f1/Editor/Data/PlaybackEngines/iOSSupport\x64\UnityEditor.iOS.Native.dll
Native extension for iOS target not found
Native extension for Android target not found
Native extension for WebGL target not found
Refreshing native plugins compatible for Editor in 1.59 ms, found 3 plugins.
Preloading 0 native plugins for Editor in 0.00 ms.
[Package Manager] Server::EnsureServerProcessIsRunning -- launch failed, reason: Unity was launched with the -noUpm command-line argument
[Package Manager] Cannot connect to Unity Package Manager local server
[Package Manager] Server::EnsureServerProcessIsRunning -- launch failed, reason: Unity was launched with the -noUpm command-line argument
[Package Manager] Cannot connect to Unity Package Manager local server
Mono: successfully reloaded assembly
- Completed reload, in  2.346 seconds
Domain Reload Profiling:
	ReloadAssembly (2347ms)
		BeginReloadAssembly (180ms)
			ExecutionOrderSort (0ms)
			DisableScriptedObjects (6ms)
			BackupInstance (0ms)
			ReleaseScriptingObjects (0ms)
			CreateAndSetChildDomain (38ms)
		EndReloadAssembly (2001ms)
			LoadAssemblies (137ms)
			RebuildTransferFunctionScriptingTraits (0ms)
			SetupTypeCache (541ms)
			ReleaseScriptCaches (3ms)
			RebuildScriptCaches (86ms)
			SetupLoadedEditorAssemblies (1141ms)
				LogAssemblyErrors (0ms)
				InitializePlatformSupportModulesInManaged (65ms)
				SetLoadedEditorAssemblies (1ms)
				RefreshPlugins (2ms)
				BeforeProcessingInitializeOnLoad (140ms)
				ProcessInitializeOnLoadAttributes (794ms)
				ProcessInitializeOnLoadMethodAttributes (128ms)
				AfterProcessingInitializeOnLoad (11ms)
				EditorAssembliesLoaded (0ms)
			ExecutionOrderSort2 (0ms)
			AwakeInstancesAfterBackupRestoration (12ms)
Platform modules already initialized, skipping
Refreshing native plugins compatible for Editor in 1.04 ms, found 3 plugins.
Preloading 0 native plugins for Editor in 0.00 ms.
Unloading 4322 Unused Serialized files (Serialized files now loaded: 0)
Unloading 49 unused Assets / (2.1 MB). Loaded Objects now: 4912.
Memory consumption went from 160.4 MB to 158.3 MB.
Total: 6.874800 ms (FindLiveObjects: 0.523000 ms CreateObjectMapping: 0.263400 ms MarkObjects: 5.593200 ms  DeleteObjects: 0.492500 ms)

AssetImportParameters requested are different than current active one (requested -> active):
  custom:video-decoder-ogg-theora: a1e56fd34408186e4bbccfd4996cb3dc -> 
  custom:container-muxer-webm: aa71ff27fc2769a1b78a27578f13a17b -> 
  custom:container-demuxer-webm: 4f35f7cbe854078d1ac9338744f61a02 -> 
  custom:video-encoder-webm-vp8: eb34c28f22e8b96e1ab97ce403110664 -> 
  custom:video-codec-MediaFoundation-h265: 746d11721c4dcdbdad8f713fa42b33f4 -> 
  custom:CustomObjectIndexerAttribute: bc11b3a6c3213fcdd17b65e7da85e133 -> 
  custom:audio-encoder-webm-vorbis: bf7c407c2cedff20999df2af8eb42d56 -> 
  custom:framework-win-MediaFoundation: 216162199b28c13a410421893ffa2e32 -> 
  custom:SearchIndexIgnoredProperties: e643bd26f0fe6173181afceb89e7c659 -> 
  custom:container-demuxer-ogg: 62fdf1f143b41e24485cea50d1cbac27 -> 
  custom:video-decoder-webm-vp8: 9c59270c3fd7afecdb556c50c9e8de78 -> 
  custom:audio-decoder-ogg-vorbis: bf7c407c2cedff20999df2af8eb42d56 -> 
========================================================================
Received Prepare
Registering precompiled user dll's ...
Registered in 0.006249 seconds.
Begin MonoManager ReloadAssembly
Native extension for WindowsStandalone target not found
Failed to load: C:/Program Files/Unity/Hub/Editor/2021.3.36f1/Editor/Data/PlaybackEngines/iOSSupport\x64\UnityEditor.iOS.Native.dll
Native extension for iOS target not found
Native extension for Android target not found
Native extension for WebGL target not found
Refreshing native plugins compatible for Editor in 1.47 ms, found 3 plugins.
Preloading 0 native plugins for Editor in 0.00 ms.
[Package Manager] Server::EnsureServerProcessIsRunning -- launch failed, reason: Unity was launched with the -noUpm command-line argument
[Package Manager] Cannot connect to Unity Package Manager local server
[Package Manager] Server::EnsureServerProcessIsRunning -- launch failed, reason: Unity was launched with the -noUpm command-line argument
[Package Manager] Cannot connect to Unity Package Manager local server
Mono: successfully reloaded assembly
- Completed reload, in  1.994 seconds
Domain Reload Profiling:
	ReloadAssembly (1995ms)
		BeginReloadAssembly (117ms)
			ExecutionOrderSort (0ms)
			DisableScriptedObjects (4ms)
			BackupInstance (0ms)
			ReleaseScriptingObjects (0ms)
			CreateAndSetChildDomain (26ms)
		EndReloadAssembly (1801ms)
			LoadAssemblies (85ms)
			RebuildTransferFunctionScriptingTraits (0ms)
			SetupTypeCache (313ms)
			ReleaseScriptCaches (3ms)
			RebuildScriptCaches (94ms)
			SetupLoadedEditorAssemblies (1167ms)
				LogAssemblyErrors (0ms)
				InitializePlatformSupportModulesInManaged (68ms)
				SetLoadedEditorAssemblies (1ms)
				RefreshPlugins (2ms)
				BeforeProcessingInitializeOnLoad (149ms)
				ProcessInitializeOnLoadAttributes (799ms)
				ProcessInitializeOnLoadMethodAttributes (136ms)
				AfterProcessingInitializeOnLoad (12ms)
				EditorAssembliesLoaded (0ms)
			ExecutionOrderSort2 (0ms)
			AwakeInstancesAfterBackupRestoration (13ms)
Platform modules already initialized, skipping
Refreshing native plugins compatible for Editor in 1.39 ms, found 3 plugins.
Preloading 0 native plugins for Editor in 0.00 ms.
Unloading 4322 Unused Serialized files (Serialized files now loaded: 0)
Unloading 49 unused Assets / (2.1 MB). Loaded Objects now: 4915.
Memory consumption went from 160.4 MB to 158.3 MB.
Total: 7.264700 ms (FindLiveObjects: 0.738600 ms CreateObjectMapping: 0.286000 ms MarkObjects: 5.638900 ms  DeleteObjects: 0.599000 ms)

AssetImportParameters requested are different than current active one (requested -> active):
  custom:video-decoder-ogg-theora: a1e56fd34408186e4bbccfd4996cb3dc -> 
  custom:container-muxer-webm: aa71ff27fc2769a1b78a27578f13a17b -> 
  custom:container-demuxer-webm: 4f35f7cbe854078d1ac9338744f61a02 -> 
  custom:video-encoder-webm-vp8: eb34c28f22e8b96e1ab97ce403110664 -> 
  custom:video-codec-MediaFoundation-h265: 746d11721c4dcdbdad8f713fa42b33f4 -> 
  custom:CustomObjectIndexerAttribute: bc11b3a6c3213fcdd17b65e7da85e133 -> 
  custom:audio-encoder-webm-vorbis: bf7c407c2cedff20999df2af8eb42d56 -> 
  custom:framework-win-MediaFoundation: 216162199b28c13a410421893ffa2e32 -> 
  custom:SearchIndexIgnoredProperties: e643bd26f0fe6173181afceb89e7c659 -> 
  custom:container-demuxer-ogg: 62fdf1f143b41e24485cea50d1cbac27 -> 
  custom:video-decoder-webm-vp8: 9c59270c3fd7afecdb556c50c9e8de78 -> 
  custom:audio-decoder-ogg-vorbis: bf7c407c2cedff20999df2af8eb42d56 -> 
========================================================================
Received Prepare
Registering precompiled user dll's ...
Registered in 0.008739 seconds.
Begin MonoManager ReloadAssembly
Native extension for WindowsStandalone target not found
Failed to load: C:/Program Files/Unity/Hub/Editor/2021.3.36f1/Editor/Data/PlaybackEngines/iOSSupport\x64\UnityEditor.iOS.Native.dll
Native extension for iOS target not found
Native extension for Android target not found
Native extension for WebGL target not found
Refreshing native plugins compatible for Editor in 0.72 ms, found 3 plugins.
Preloading 0 native plugins for Editor in 0.00 ms.
[Package Manager] Server::EnsureServerProcessIsRunning -- launch failed, reason: Unity was launched with the -noUpm command-line argument
[Package Manager] Cannot connect to Unity Package Manager local server
[Package Manager] Server::EnsureServerProcessIsRunning -- launch failed, reason: Unity was launched with the -noUpm command-line argument
[Package Manager] Cannot connect to Unity Package Manager local server
Mono: successfully reloaded assembly
- Completed reload, in  1.785 seconds
Domain Reload Profiling:
	ReloadAssembly (1786ms)
		BeginReloadAssembly (162ms)
			ExecutionOrderSort (0ms)
			DisableScriptedObjects (5ms)
			BackupInstance (0ms)
			ReleaseScriptingObjects (0ms)
			CreateAndSetChildDomain (35ms)
		EndReloadAssembly (1495ms)
			LoadAssemblies (126ms)
			RebuildTransferFunctionScriptingTraits (0ms)
			SetupTypeCache (373ms)
			ReleaseScriptCaches (2ms)
			RebuildScriptCaches (56ms)
			SetupLoadedEditorAssemblies (913ms)
				LogAssemblyErrors (0ms)
				InitializePlatformSupportModulesInManaged (35ms)
				SetLoadedEditorAssemblies (0ms)
				RefreshPlugins (1ms)
				BeforeProcessingInitializeOnLoad (87ms)
				ProcessInitializeOnLoadAttributes (693ms)
				ProcessInitializeOnLoadMethodAttributes (88ms)
				AfterProcessingInitializeOnLoad (8ms)
				EditorAssembliesLoaded (0ms)
			ExecutionOrderSort2 (0ms)
			AwakeInstancesAfterBackupRestoration (6ms)
Platform modules already initialized, skipping
Refreshing native plugins compatible for Editor in 1.48 ms, found 3 plugins.
Preloading 0 native plugins for Editor in 0.00 ms.
Unloading 4322 Unused Serialized files (Serialized files now loaded: 0)
Unloading 49 unused Assets / (2.1 MB). Loaded Objects now: 4918.
Memory consumption went from 160.4 MB to 158.3 MB.
Total: 5.380900 ms (FindLiveObjects: 0.545700 ms CreateObjectMapping: 0.339800 ms MarkObjects: 3.929200 ms  DeleteObjects: 0.563700 ms)

AssetImportParameters requested are different than current active one (requested -> active):
  custom:video-decoder-ogg-theora: a1e56fd34408186e4bbccfd4996cb3dc -> 
  custom:container-muxer-webm: aa71ff27fc2769a1b78a27578f13a17b -> 
  custom:container-demuxer-webm: 4f35f7cbe854078d1ac9338744f61a02 -> 
  custom:video-encoder-webm-vp8: eb34c28f22e8b96e1ab97ce403110664 -> 
  custom:video-codec-MediaFoundation-h265: 746d11721c4dcdbdad8f713fa42b33f4 -> 
  custom:CustomObjectIndexerAttribute: bc11b3a6c3213fcdd17b65e7da85e133 -> 
  custom:audio-encoder-webm-vorbis: bf7c407c2cedff20999df2af8eb42d56 -> 
  custom:framework-win-MediaFoundation: 216162199b28c13a410421893ffa2e32 -> 
  custom:SearchIndexIgnoredProperties: e643bd26f0fe6173181afceb89e7c659 -> 
  custom:container-demuxer-ogg: 62fdf1f143b41e24485cea50d1cbac27 -> 
  custom:video-decoder-webm-vp8: 9c59270c3fd7afecdb556c50c9e8de78 -> 
  custom:audio-decoder-ogg-vorbis: bf7c407c2cedff20999df2af8eb42d56 -> 
========================================================================
Received Prepare
Registering precompiled user dll's ...
Registered in 0.008430 seconds.
Begin MonoManager ReloadAssembly
Native extension for WindowsStandalone target not found
Failed to load: C:/Program Files/Unity/Hub/Editor/2021.3.36f1/Editor/Data/PlaybackEngines/iOSSupport\x64\UnityEditor.iOS.Native.dll
Native extension for iOS target not found
Native extension for Android target not found
Native extension for WebGL target not found
Refreshing native plugins compatible for Editor in 1.29 ms, found 3 plugins.
Preloading 0 native plugins for Editor in 0.00 ms.
[Package Manager] Server::EnsureServerProcessIsRunning -- launch failed, reason: Unity was launched with the -noUpm command-line argument
[Package Manager] Cannot connect to Unity Package Manager local server
[Package Manager] Server::EnsureServerProcessIsRunning -- launch failed, reason: Unity was launched with the -noUpm command-line argument
[Package Manager] Cannot connect to Unity Package Manager local server
Mono: successfully reloaded assembly
- Completed reload, in  2.534 seconds
Domain Reload Profiling:
	ReloadAssembly (2535ms)
		BeginReloadAssembly (270ms)
			ExecutionOrderSort (0ms)
			DisableScriptedObjects (10ms)
			BackupInstance (0ms)
			ReleaseScriptingObjects (0ms)
			CreateAndSetChildDomain (48ms)
		EndReloadAssembly (2064ms)
			LoadAssemblies (213ms)
			RebuildTransferFunctionScriptingTraits (0ms)
			SetupTypeCache (541ms)
			ReleaseScriptCaches (3ms)
			RebuildScriptCaches (97ms)
			SetupLoadedEditorAssemblies (1181ms)
				LogAssemblyErrors (0ms)
				InitializePlatformSupportModulesInManaged (78ms)
				SetLoadedEditorAssemblies (1ms)
				RefreshPlugins (1ms)
				BeforeProcessingInitializeOnLoad (143ms)
				ProcessInitializeOnLoadAttributes (801ms)
				ProcessInitializeOnLoadMethodAttributes (145ms)
				AfterProcessingInitializeOnLoad (11ms)
				EditorAssembliesLoaded (0ms)
			ExecutionOrderSort2 (0ms)
			AwakeInstancesAfterBackupRestoration (14ms)
Platform modules already initialized, skipping
Refreshing native plugins compatible for Editor in 1.27 ms, found 3 plugins.
Preloading 0 native plugins for Editor in 0.00 ms.
Unloading 4322 Unused Serialized files (Serialized files now loaded: 0)
Unloading 49 unused Assets / (2.1 MB). Loaded Objects now: 4921.
Memory consumption went from 160.4 MB to 158.3 MB.
Total: 7.798800 ms (FindLiveObjects: 0.535600 ms CreateObjectMapping: 0.297500 ms MarkObjects: 6.313900 ms  DeleteObjects: 0.648800 ms)

AssetImportParameters requested are different than current active one (requested -> active):
  custom:video-decoder-ogg-theora: a1e56fd34408186e4bbccfd4996cb3dc -> 
  custom:container-muxer-webm: aa71ff27fc2769a1b78a27578f13a17b -> 
  custom:container-demuxer-webm: 4f35f7cbe854078d1ac9338744f61a02 -> 
  custom:video-encoder-webm-vp8: eb34c28f22e8b96e1ab97ce403110664 -> 
  custom:video-codec-MediaFoundation-h265: 746d11721c4dcdbdad8f713fa42b33f4 -> 
  custom:CustomObjectIndexerAttribute: bc11b3a6c3213fcdd17b65e7da85e133 -> 
  custom:audio-encoder-webm-vorbis: bf7c407c2cedff20999df2af8eb42d56 -> 
  custom:framework-win-MediaFoundation: 216162199b28c13a410421893ffa2e32 -> 
  custom:SearchIndexIgnoredProperties: e643bd26f0fe6173181afceb89e7c659 -> 
  custom:container-demuxer-ogg: 62fdf1f143b41e24485cea50d1cbac27 -> 
  custom:video-decoder-webm-vp8: 9c59270c3fd7afecdb556c50c9e8de78 -> 
  custom:audio-decoder-ogg-vorbis: bf7c407c2cedff20999df2af8eb42d56 -> 
========================================================================
Received Prepare
Registering precompiled user dll's ...
Registered in 0.016576 seconds.
Begin MonoManager ReloadAssembly
Native extension for WindowsStandalone target not found
Failed to load: C:/Program Files/Unity/Hub/Editor/2021.3.36f1/Editor/Data/PlaybackEngines/iOSSupport\x64\UnityEditor.iOS.Native.dll
Native extension for iOS target not found
Native extension for Android target not found
Native extension for WebGL target not found
Refreshing native plugins compatible for Editor in 1.29 ms, found 3 plugins.
Preloading 0 native plugins for Editor in 0.00 ms.
[Package Manager] Server::EnsureServerProcessIsRunning -- launch failed, reason: Unity was launched with the -noUpm command-line argument
[Package Manager] Cannot connect to Unity Package Manager local server
[Package Manager] Server::EnsureServerProcessIsRunning -- launch failed, reason: Unity was launched with the -noUpm command-line argument
[Package Manager] Cannot connect to Unity Package Manager local server
Mono: successfully reloaded assembly
- Completed reload, in  2.363 seconds
Domain Reload Profiling:
	ReloadAssembly (2364ms)
		BeginReloadAssembly (255ms)
			ExecutionOrderSort (0ms)
			DisableScriptedObjects (10ms)
			BackupInstance (0ms)
			ReleaseScriptingObjects (0ms)
			CreateAndSetChildDomain (53ms)
		EndReloadAssembly (1926ms)
			LoadAssemblies (208ms)
			RebuildTransferFunctionScriptingTraits (0ms)
			SetupTypeCache (487ms)
			ReleaseScriptCaches (2ms)
			RebuildScriptCaches (82ms)
			SetupLoadedEditorAssemblies (1121ms)
				LogAssemblyErrors (0ms)
				InitializePlatformSupportModulesInManaged (63ms)
				SetLoadedEditorAssemblies (1ms)
				RefreshPlugins (1ms)
				BeforeProcessingInitializeOnLoad (141ms)
				ProcessInitializeOnLoadAttributes (782ms)
				ProcessInitializeOnLoadMethodAttributes (120ms)
				AfterProcessingInitializeOnLoad (11ms)
				EditorAssembliesLoaded (0ms)
			ExecutionOrderSort2 (0ms)
			AwakeInstancesAfterBackupRestoration (13ms)
Platform modules already initialized, skipping
Refreshing native plugins compatible for Editor in 1.32 ms, found 3 plugins.
Preloading 0 native plugins for Editor in 0.00 ms.
Unloading 4322 Unused Serialized files (Serialized files now loaded: 0)
Unloading 49 unused Assets / (2.1 MB). Loaded Objects now: 4924.
Memory consumption went from 160.4 MB to 158.3 MB.
Total: 4.041600 ms (FindLiveObjects: 0.363900 ms CreateObjectMapping: 0.173600 ms MarkObjects: 3.136100 ms  DeleteObjects: 0.366100 ms)

AssetImportParameters requested are different than current active one (requested -> active):
  custom:video-decoder-ogg-theora: a1e56fd34408186e4bbccfd4996cb3dc -> 
  custom:container-muxer-webm: aa71ff27fc2769a1b78a27578f13a17b -> 
  custom:container-demuxer-webm: 4f35f7cbe854078d1ac9338744f61a02 -> 
  custom:video-encoder-webm-vp8: eb34c28f22e8b96e1ab97ce403110664 -> 
  custom:video-codec-MediaFoundation-h265: 746d11721c4dcdbdad8f713fa42b33f4 -> 
  custom:CustomObjectIndexerAttribute: bc11b3a6c3213fcdd17b65e7da85e133 -> 
  custom:audio-encoder-webm-vorbis: bf7c407c2cedff20999df2af8eb42d56 -> 
  custom:framework-win-MediaFoundation: 216162199b28c13a410421893ffa2e32 -> 
  custom:SearchIndexIgnoredProperties: e643bd26f0fe6173181afceb89e7c659 -> 
  custom:container-demuxer-ogg: 62fdf1f143b41e24485cea50d1cbac27 -> 
  custom:video-decoder-webm-vp8: 9c59270c3fd7afecdb556c50c9e8de78 -> 
  custom:audio-decoder-ogg-vorbis: bf7c407c2cedff20999df2af8eb42d56 -> 
========================================================================
Received Prepare
Registering precompiled user dll's ...
Registered in 0.016389 seconds.
Begin MonoManager ReloadAssembly
Native extension for WindowsStandalone target not found
Failed to load: C:/Program Files/Unity/Hub/Editor/2021.3.36f1/Editor/Data/PlaybackEngines/iOSSupport\x64\UnityEditor.iOS.Native.dll
Native extension for iOS target not found
Native extension for Android target not found
Native extension for WebGL target not found
Refreshing native plugins compatible for Editor in 0.87 ms, found 3 plugins.
Preloading 0 native plugins for Editor in 0.00 ms.
[Package Manager] Server::EnsureServerProcessIsRunning -- launch failed, reason: Unity was launched with the -noUpm command-line argument
[Package Manager] Cannot connect to Unity Package Manager local server
[Package Manager] Server::EnsureServerProcessIsRunning -- launch failed, reason: Unity was launched with the -noUpm command-line argument
[Package Manager] Cannot connect to Unity Package Manager local server
Mono: successfully reloaded assembly
- Completed reload, in  1.792 seconds
Domain Reload Profiling:
	ReloadAssembly (1793ms)
		BeginReloadAssembly (161ms)
			ExecutionOrderSort (0ms)
			DisableScriptedObjects (5ms)
			BackupInstance (0ms)
			ReleaseScriptingObjects (0ms)
			CreateAndSetChildDomain (36ms)
		EndReloadAssembly (1499ms)
			LoadAssemblies (126ms)
			RebuildTransferFunctionScriptingTraits (0ms)
			SetupTypeCache (408ms)
			ReleaseScriptCaches (2ms)
			RebuildScriptCaches (58ms)
			SetupLoadedEditorAssemblies (865ms)
				LogAssemblyErrors (0ms)
				InitializePlatformSupportModulesInManaged (43ms)
				SetLoadedEditorAssemblies (1ms)
				RefreshPlugins (1ms)
				BeforeProcessingInitializeOnLoad (95ms)
				ProcessInitializeOnLoadAttributes (639ms)
				ProcessInitializeOnLoadMethodAttributes (80ms)
				AfterProcessingInitializeOnLoad (6ms)
				EditorAssembliesLoaded (0ms)
			ExecutionOrderSort2 (0ms)
			AwakeInstancesAfterBackupRestoration (8ms)
Platform modules already initialized, skipping
Refreshing native plugins compatible for Editor in 1.93 ms, found 3 plugins.
Preloading 0 native plugins for Editor in 0.00 ms.
Unloading 4322 Unused Serialized files (Serialized files now loaded: 0)
Unloading 49 unused Assets / (2.1 MB). Loaded Objects now: 4927.
Memory consumption went from 160.4 MB to 158.4 MB.
Total: 5.753500 ms (FindLiveObjects: 0.552500 ms CreateObjectMapping: 0.228200 ms MarkObjects: 4.512600 ms  DeleteObjects: 0.458000 ms)

AssetImportParameters requested are different than current active one (requested -> active):
  custom:video-decoder-ogg-theora: a1e56fd34408186e4bbccfd4996cb3dc -> 
  custom:container-muxer-webm: aa71ff27fc2769a1b78a27578f13a17b -> 
  custom:container-demuxer-webm: 4f35f7cbe854078d1ac9338744f61a02 -> 
  custom:video-encoder-webm-vp8: eb34c28f22e8b96e1ab97ce403110664 -> 
  custom:video-codec-MediaFoundation-h265: 746d11721c4dcdbdad8f713fa42b33f4 -> 
  custom:CustomObjectIndexerAttribute: bc11b3a6c3213fcdd17b65e7da85e133 -> 
  custom:audio-encoder-webm-vorbis: bf7c407c2cedff20999df2af8eb42d56 -> 
  custom:framework-win-MediaFoundation: 216162199b28c13a410421893ffa2e32 -> 
  custom:SearchIndexIgnoredProperties: e643bd26f0fe6173181afceb89e7c659 -> 
  custom:container-demuxer-ogg: 62fdf1f143b41e24485cea50d1cbac27 -> 
  custom:video-decoder-webm-vp8: 9c59270c3fd7afecdb556c50c9e8de78 -> 
  custom:audio-decoder-ogg-vorbis: bf7c407c2cedff20999df2af8eb42d56 -> 
========================================================================
Received Prepare
Registering precompiled user dll's ...
Registered in 0.007756 seconds.
Begin MonoManager ReloadAssembly
Native extension for WindowsStandalone target not found
Failed to load: C:/Program Files/Unity/Hub/Editor/2021.3.36f1/Editor/Data/PlaybackEngines/iOSSupport\x64\UnityEditor.iOS.Native.dll
Native extension for iOS target not found
Native extension for Android target not found
Native extension for WebGL target not found
Refreshing native plugins compatible for Editor in 1.20 ms, found 3 plugins.
Preloading 0 native plugins for Editor in 0.00 ms.
[Package Manager] Server::EnsureServerProcessIsRunning -- launch failed, reason: Unity was launched with the -noUpm command-line argument
[Package Manager] Cannot connect to Unity Package Manager local server
[Package Manager] Server::EnsureServerProcessIsRunning -- launch failed, reason: Unity was launched with the -noUpm command-line argument
[Package Manager] Cannot connect to Unity Package Manager local server
Mono: successfully reloaded assembly
- Completed reload, in  2.385 seconds
Domain Reload Profiling:
	ReloadAssembly (2388ms)
		BeginReloadAssembly (215ms)
			ExecutionOrderSort (0ms)
			DisableScriptedObjects (7ms)
			BackupInstance (0ms)
			ReleaseScriptingObjects (0ms)
			CreateAndSetChildDomain (43ms)
		EndReloadAssembly (2015ms)
			LoadAssemblies (167ms)
			RebuildTransferFunctionScriptingTraits (0ms)
			SetupTypeCache (533ms)
			ReleaseScriptCaches (3ms)
			RebuildScriptCaches (82ms)
			SetupLoadedEditorAssemblies (1165ms)
				LogAssemblyErrors (0ms)
				InitializePlatformSupportModulesInManaged (66ms)
				SetLoadedEditorAssemblies (1ms)
				RefreshPlugins (1ms)
				BeforeProcessingInitializeOnLoad (154ms)
				ProcessInitializeOnLoadAttributes (808ms)
				ProcessInitializeOnLoadMethodAttributes (125ms)
				AfterProcessingInitializeOnLoad (9ms)
				EditorAssembliesLoaded (0ms)
			ExecutionOrderSort2 (0ms)
			AwakeInstancesAfterBackupRestoration (10ms)
Platform modules already initialized, skipping
Refreshing native plugins compatible for Editor in 1.10 ms, found 3 plugins.
Preloading 0 native plugins for Editor in 0.00 ms.
Unloading 4322 Unused Serialized files (Serialized files now loaded: 0)
Unloading 49 unused Assets / (2.1 MB). Loaded Objects now: 4930.
Memory consumption went from 160.4 MB to 158.4 MB.
Total: 6.523700 ms (FindLiveObjects: 0.580300 ms CreateObjectMapping: 0.277000 ms MarkObjects: 5.127800 ms  DeleteObjects: 0.535600 ms)

AssetImportParameters requested are different than current active one (requested -> active):
  custom:video-decoder-ogg-theora: a1e56fd34408186e4bbccfd4996cb3dc -> 
  custom:container-muxer-webm: aa71ff27fc2769a1b78a27578f13a17b -> 
  custom:container-demuxer-webm: 4f35f7cbe854078d1ac9338744f61a02 -> 
  custom:video-encoder-webm-vp8: eb34c28f22e8b96e1ab97ce403110664 -> 
  custom:video-codec-MediaFoundation-h265: 746d11721c4dcdbdad8f713fa42b33f4 -> 
  custom:CustomObjectIndexerAttribute: bc11b3a6c3213fcdd17b65e7da85e133 -> 
  custom:audio-encoder-webm-vorbis: bf7c407c2cedff20999df2af8eb42d56 -> 
  custom:framework-win-MediaFoundation: 216162199b28c13a410421893ffa2e32 -> 
  custom:SearchIndexIgnoredProperties: e643bd26f0fe6173181afceb89e7c659 -> 
  custom:container-demuxer-ogg: 62fdf1f143b41e24485cea50d1cbac27 -> 
  custom:video-decoder-webm-vp8: 9c59270c3fd7afecdb556c50c9e8de78 -> 
  custom:audio-decoder-ogg-vorbis: bf7c407c2cedff20999df2af8eb42d56 -> 
========================================================================
Received Prepare
Registering precompiled user dll's ...
Registered in 0.003305 seconds.
Begin MonoManager ReloadAssembly
Native extension for WindowsStandalone target not found
Failed to load: C:/Program Files/Unity/Hub/Editor/2021.3.36f1/Editor/Data/PlaybackEngines/iOSSupport\x64\UnityEditor.iOS.Native.dll
Native extension for iOS target not found
Native extension for Android target not found
Native extension for WebGL target not found
Refreshing native plugins compatible for Editor in 1.08 ms, found 3 plugins.
Preloading 0 native plugins for Editor in 0.00 ms.
[Package Manager] Server::EnsureServerProcessIsRunning -- launch failed, reason: Unity was launched with the -noUpm command-line argument
[Package Manager] Cannot connect to Unity Package Manager local server
[Package Manager] Server::EnsureServerProcessIsRunning -- launch failed, reason: Unity was launched with the -noUpm command-line argument
[Package Manager] Cannot connect to Unity Package Manager local server
Mono: successfully reloaded assembly
- Completed reload, in  2.106 seconds
Domain Reload Profiling:
	ReloadAssembly (2106ms)
		BeginReloadAssembly (201ms)
			ExecutionOrderSort (0ms)
			DisableScriptedObjects (7ms)
			BackupInstance (0ms)
			ReleaseScriptingObjects (0ms)
			CreateAndSetChildDomain (43ms)
		EndReloadAssembly (1753ms)
			LoadAssemblies (149ms)
			RebuildTransferFunctionScriptingTraits (0ms)
			SetupTypeCache (489ms)
			ReleaseScriptCaches (3ms)
			RebuildScriptCaches (90ms)
			SetupLoadedEditorAssemblies (973ms)
				LogAssemblyErrors (0ms)
				InitializePlatformSupportModulesInManaged (64ms)
				SetLoadedEditorAssemblies (1ms)
				RefreshPlugins (1ms)
				BeforeProcessingInitializeOnLoad (139ms)
				ProcessInitializeOnLoadAttributes (687ms)
				ProcessInitializeOnLoadMethodAttributes (75ms)
				AfterProcessingInitializeOnLoad (6ms)
				EditorAssembliesLoaded (0ms)
			ExecutionOrderSort2 (0ms)
			AwakeInstancesAfterBackupRestoration (7ms)
Platform modules already initialized, skipping
Refreshing native plugins compatible for Editor in 0.98 ms, found 3 plugins.
Preloading 0 native plugins for Editor in 0.00 ms.
Unloading 4322 Unused Serialized files (Serialized files now loaded: 0)
Unloading 49 unused Assets / (2.1 MB). Loaded Objects now: 4933.
Memory consumption went from 160.4 MB to 158.4 MB.
Total: 4.655500 ms (FindLiveObjects: 0.355900 ms CreateObjectMapping: 0.179700 ms MarkObjects: 3.597500 ms  DeleteObjects: 0.520500 ms)

AssetImportParameters requested are different than current active one (requested -> active):
  custom:video-decoder-ogg-theora: a1e56fd34408186e4bbccfd4996cb3dc -> 
  custom:container-muxer-webm: aa71ff27fc2769a1b78a27578f13a17b -> 
  custom:container-demuxer-webm: 4f35f7cbe854078d1ac9338744f61a02 -> 
  custom:video-encoder-webm-vp8: eb34c28f22e8b96e1ab97ce403110664 -> 
  custom:video-codec-MediaFoundation-h265: 746d11721c4dcdbdad8f713fa42b33f4 -> 
  custom:CustomObjectIndexerAttribute: bc11b3a6c3213fcdd17b65e7da85e133 -> 
  custom:audio-encoder-webm-vorbis: bf7c407c2cedff20999df2af8eb42d56 -> 
  custom:framework-win-MediaFoundation: 216162199b28c13a410421893ffa2e32 -> 
  custom:SearchIndexIgnoredProperties: e643bd26f0fe6173181afceb89e7c659 -> 
  custom:container-demuxer-ogg: 62fdf1f143b41e24485cea50d1cbac27 -> 
  custom:video-decoder-webm-vp8: 9c59270c3fd7afecdb556c50c9e8de78 -> 
  custom:audio-decoder-ogg-vorbis: bf7c407c2cedff20999df2af8eb42d56 -> 
========================================================================
Received Prepare
Registering precompiled user dll's ...
Registered in 0.005290 seconds.
Begin MonoManager ReloadAssembly
Native extension for WindowsStandalone target not found
Failed to load: C:/Program Files/Unity/Hub/Editor/2021.3.36f1/Editor/Data/PlaybackEngines/iOSSupport\x64\UnityEditor.iOS.Native.dll
Native extension for iOS target not found
Native extension for Android target not found
Native extension for WebGL target not found
Refreshing native plugins compatible for Editor in 1.18 ms, found 3 plugins.
Preloading 0 native plugins for Editor in 0.00 ms.
[Package Manager] Server::EnsureServerProcessIsRunning -- launch failed, reason: Unity was launched with the -noUpm command-line argument
[Package Manager] Cannot connect to Unity Package Manager local server
[Package Manager] Server::EnsureServerProcessIsRunning -- launch failed, reason: Unity was launched with the -noUpm command-line argument
[Package Manager] Cannot connect to Unity Package Manager local server
Mono: successfully reloaded assembly
- Completed reload, in  2.337 seconds
Domain Reload Profiling:
	ReloadAssembly (2338ms)
		BeginReloadAssembly (217ms)
			ExecutionOrderSort (0ms)
			DisableScriptedObjects (7ms)
			BackupInstance (0ms)
			ReleaseScriptingObjects (0ms)
			CreateAndSetChildDomain (47ms)
		EndReloadAssembly (1980ms)
			LoadAssemblies (151ms)
			RebuildTransferFunctionScriptingTraits (0ms)
			SetupTypeCache (479ms)
			ReleaseScriptCaches (3ms)
			RebuildScriptCaches (83ms)
			SetupLoadedEditorAssemblies (1198ms)
				LogAssemblyErrors (0ms)
				InitializePlatformSupportModulesInManaged (67ms)
				SetLoadedEditorAssemblies (1ms)
				RefreshPlugins (1ms)
				BeforeProcessingInitializeOnLoad (159ms)
				ProcessInitializeOnLoadAttributes (823ms)
				ProcessInitializeOnLoadMethodAttributes (135ms)
				AfterProcessingInitializeOnLoad (12ms)
				EditorAssembliesLoaded (0ms)
			ExecutionOrderSort2 (0ms)
			AwakeInstancesAfterBackupRestoration (12ms)
Platform modules already initialized, skipping
Refreshing native plugins compatible for Editor in 1.50 ms, found 3 plugins.
Preloading 0 native plugins for Editor in 0.00 ms.
Unloading 4322 Unused Serialized files (Serialized files now loaded: 0)
Unloading 49 unused Assets / (2.1 MB). Loaded Objects now: 4936.
Memory consumption went from 160.5 MB to 158.4 MB.
Total: 4.714900 ms (FindLiveObjects: 0.368600 ms CreateObjectMapping: 0.196500 ms MarkObjects: 3.781700 ms  DeleteObjects: 0.366400 ms)

AssetImportParameters requested are different than current active one (requested -> active):
  custom:video-decoder-ogg-theora: a1e56fd34408186e4bbccfd4996cb3dc -> 
  custom:container-muxer-webm: aa71ff27fc2769a1b78a27578f13a17b -> 
  custom:container-demuxer-webm: 4f35f7cbe854078d1ac9338744f61a02 -> 
  custom:video-encoder-webm-vp8: eb34c28f22e8b96e1ab97ce403110664 -> 
  custom:video-codec-MediaFoundation-h265: 746d11721c4dcdbdad8f713fa42b33f4 -> 
  custom:CustomObjectIndexerAttribute: bc11b3a6c3213fcdd17b65e7da85e133 -> 
  custom:audio-encoder-webm-vorbis: bf7c407c2cedff20999df2af8eb42d56 -> 
  custom:framework-win-MediaFoundation: 216162199b28c13a410421893ffa2e32 -> 
  custom:SearchIndexIgnoredProperties: e643bd26f0fe6173181afceb89e7c659 -> 
  custom:container-demuxer-ogg: 62fdf1f143b41e24485cea50d1cbac27 -> 
  custom:video-decoder-webm-vp8: 9c59270c3fd7afecdb556c50c9e8de78 -> 
  custom:audio-decoder-ogg-vorbis: bf7c407c2cedff20999df2af8eb42d56 -> 
========================================================================
Received Prepare
Registering precompiled user dll's ...
Registered in 0.004225 seconds.
Begin MonoManager ReloadAssembly
Native extension for WindowsStandalone target not found
Failed to load: C:/Program Files/Unity/Hub/Editor/2021.3.36f1/Editor/Data/PlaybackEngines/iOSSupport\x64\UnityEditor.iOS.Native.dll
Native extension for iOS target not found
Native extension for Android target not found
Native extension for WebGL target not found
Refreshing native plugins compatible for Editor in 1.77 ms, found 3 plugins.
Preloading 0 native plugins for Editor in 0.00 ms.
[Package Manager] Server::EnsureServerProcessIsRunning -- launch failed, reason: Unity was launched with the -noUpm command-line argument
[Package Manager] Cannot connect to Unity Package Manager local server
[Package Manager] Server::EnsureServerProcessIsRunning -- launch failed, reason: Unity was launched with the -noUpm command-line argument
[Package Manager] Cannot connect to Unity Package Manager local server
Mono: successfully reloaded assembly
- Completed reload, in  2.066 seconds
Domain Reload Profiling:
	ReloadAssembly (2067ms)
		BeginReloadAssembly (120ms)
			ExecutionOrderSort (0ms)
			DisableScriptedObjects (4ms)
			BackupInstance (0ms)
			ReleaseScriptingObjects (0ms)
			CreateAndSetChildDomain (26ms)
		EndReloadAssembly (1863ms)
			LoadAssemblies (85ms)
			RebuildTransferFunctionScriptingTraits (0ms)
			SetupTypeCache (399ms)
			ReleaseScriptCaches (3ms)
			RebuildScriptCaches (85ms)
			SetupLoadedEditorAssemblies (1172ms)
				LogAssemblyErrors (0ms)
				InitializePlatformSupportModulesInManaged (67ms)
				SetLoadedEditorAssemblies (1ms)
				RefreshPlugins (2ms)
				BeforeProcessingInitializeOnLoad (141ms)
				ProcessInitializeOnLoadAttributes (815ms)
				ProcessInitializeOnLoadMethodAttributes (134ms)
				AfterProcessingInitializeOnLoad (12ms)
				EditorAssembliesLoaded (0ms)
			ExecutionOrderSort2 (0ms)
			AwakeInstancesAfterBackupRestoration (13ms)
Platform modules already initialized, skipping
Refreshing native plugins compatible for Editor in 1.50 ms, found 3 plugins.
Preloading 0 native plugins for Editor in 0.00 ms.
Unloading 4322 Unused Serialized files (Serialized files now loaded: 0)
Unloading 49 unused Assets / (2.1 MB). Loaded Objects now: 4939.
Memory consumption went from 160.5 MB to 158.4 MB.
Total: 6.750600 ms (FindLiveObjects: 0.437700 ms CreateObjectMapping: 0.279200 ms MarkObjects: 5.537600 ms  DeleteObjects: 0.493000 ms)

AssetImportParameters requested are different than current active one (requested -> active):
  custom:video-decoder-ogg-theora: a1e56fd34408186e4bbccfd4996cb3dc -> 
  custom:container-muxer-webm: aa71ff27fc2769a1b78a27578f13a17b -> 
  custom:container-demuxer-webm: 4f35f7cbe854078d1ac9338744f61a02 -> 
  custom:video-encoder-webm-vp8: eb34c28f22e8b96e1ab97ce403110664 -> 
  custom:video-codec-MediaFoundation-h265: 746d11721c4dcdbdad8f713fa42b33f4 -> 
  custom:CustomObjectIndexerAttribute: bc11b3a6c3213fcdd17b65e7da85e133 -> 
  custom:audio-encoder-webm-vorbis: bf7c407c2cedff20999df2af8eb42d56 -> 
  custom:framework-win-MediaFoundation: 216162199b28c13a410421893ffa2e32 -> 
  custom:SearchIndexIgnoredProperties: e643bd26f0fe6173181afceb89e7c659 -> 
  custom:container-demuxer-ogg: 62fdf1f143b41e24485cea50d1cbac27 -> 
  custom:video-decoder-webm-vp8: 9c59270c3fd7afecdb556c50c9e8de78 -> 
  custom:audio-decoder-ogg-vorbis: bf7c407c2cedff20999df2af8eb42d56 -> 
========================================================================
Received Prepare
Registering precompiled user dll's ...
Registered in 0.004179 seconds.
Begin MonoManager ReloadAssembly
Native extension for WindowsStandalone target not found
Failed to load: C:/Program Files/Unity/Hub/Editor/2021.3.36f1/Editor/Data/PlaybackEngines/iOSSupport\x64\UnityEditor.iOS.Native.dll
Native extension for iOS target not found
Native extension for Android target not found
Native extension for WebGL target not found
Refreshing native plugins compatible for Editor in 0.85 ms, found 3 plugins.
Preloading 0 native plugins for Editor in 0.00 ms.
[Package Manager] Server::EnsureServerProcessIsRunning -- launch failed, reason: Unity was launched with the -noUpm command-line argument
[Package Manager] Cannot connect to Unity Package Manager local server
[Package Manager] Server::EnsureServerProcessIsRunning -- launch failed, reason: Unity was launched with the -noUpm command-line argument
[Package Manager] Cannot connect to Unity Package Manager local server
Mono: successfully reloaded assembly
- Completed reload, in  1.890 seconds
Domain Reload Profiling:
	ReloadAssembly (1891ms)
		BeginReloadAssembly (121ms)
			ExecutionOrderSort (0ms)
			DisableScriptedObjects (4ms)
			BackupInstance (0ms)
			ReleaseScriptingObjects (0ms)
			CreateAndSetChildDomain (29ms)
		EndReloadAssembly (1691ms)
			LoadAssemblies (82ms)
			RebuildTransferFunctionScriptingTraits (0ms)
			SetupTypeCache (293ms)
			ReleaseScriptCaches (2ms)
			RebuildScriptCaches (50ms)
			SetupLoadedEditorAssemblies (1190ms)
				LogAssemblyErrors (0ms)
				InitializePlatformSupportModulesInManaged (39ms)
				SetLoadedEditorAssemblies (1ms)
				RefreshPlugins (1ms)
				BeforeProcessingInitializeOnLoad (121ms)
				ProcessInitializeOnLoadAttributes (885ms)
				ProcessInitializeOnLoadMethodAttributes (133ms)
				AfterProcessingInitializeOnLoad (10ms)
				EditorAssembliesLoaded (0ms)
			ExecutionOrderSort2 (0ms)
			AwakeInstancesAfterBackupRestoration (12ms)
Platform modules already initialized, skipping
Refreshing native plugins compatible for Editor in 1.44 ms, found 3 plugins.
Preloading 0 native plugins for Editor in 0.00 ms.
Unloading 4322 Unused Serialized files (Serialized files now loaded: 0)
Unloading 49 unused Assets / (2.1 MB). Loaded Objects now: 4942.
Memory consumption went from 160.5 MB to 158.4 MB.
Total: 6.740000 ms (FindLiveObjects: 0.483400 ms CreateObjectMapping: 0.268800 ms MarkObjects: 5.497700 ms  DeleteObjects: 0.486400 ms)

AssetImportParameters requested are different than current active one (requested -> active):
  custom:video-decoder-ogg-theora: a1e56fd34408186e4bbccfd4996cb3dc -> 
  custom:container-muxer-webm: aa71ff27fc2769a1b78a27578f13a17b -> 
  custom:container-demuxer-webm: 4f35f7cbe854078d1ac9338744f61a02 -> 
  custom:video-encoder-webm-vp8: eb34c28f22e8b96e1ab97ce403110664 -> 
  custom:video-codec-MediaFoundation-h265: 746d11721c4dcdbdad8f713fa42b33f4 -> 
  custom:CustomObjectIndexerAttribute: bc11b3a6c3213fcdd17b65e7da85e133 -> 
  custom:audio-encoder-webm-vorbis: bf7c407c2cedff20999df2af8eb42d56 -> 
  custom:framework-win-MediaFoundation: 216162199b28c13a410421893ffa2e32 -> 
  custom:SearchIndexIgnoredProperties: e643bd26f0fe6173181afceb89e7c659 -> 
  custom:container-demuxer-ogg: 62fdf1f143b41e24485cea50d1cbac27 -> 
  custom:video-decoder-webm-vp8: 9c59270c3fd7afecdb556c50c9e8de78 -> 
  custom:audio-decoder-ogg-vorbis: bf7c407c2cedff20999df2af8eb42d56 -> 
========================================================================
Received Prepare
Registering precompiled user dll's ...
Registered in 0.013668 seconds.
Begin MonoManager ReloadAssembly
Native extension for WindowsStandalone target not found
Failed to load: C:/Program Files/Unity/Hub/Editor/2021.3.36f1/Editor/Data/PlaybackEngines/iOSSupport\x64\UnityEditor.iOS.Native.dll
Native extension for iOS target not found
Native extension for Android target not found
Native extension for WebGL target not found
Refreshing native plugins compatible for Editor in 1.07 ms, found 3 plugins.
Preloading 0 native plugins for Editor in 0.00 ms.
[Package Manager] Server::EnsureServerProcessIsRunning -- launch failed, reason: Unity was launched with the -noUpm command-line argument
[Package Manager] Cannot connect to Unity Package Manager local server
[Package Manager] Server::EnsureServerProcessIsRunning -- launch failed, reason: Unity was launched with the -noUpm command-line argument
[Package Manager] Cannot connect to Unity Package Manager local server
Mono: successfully reloaded assembly
- Completed reload, in  1.996 seconds
Domain Reload Profiling:
	ReloadAssembly (1997ms)
		BeginReloadAssembly (154ms)
			ExecutionOrderSort (0ms)
			DisableScriptedObjects (5ms)
			BackupInstance (0ms)
			ReleaseScriptingObjects (0ms)
			CreateAndSetChildDomain (35ms)
		EndReloadAssembly (1738ms)
			LoadAssemblies (108ms)
			RebuildTransferFunctionScriptingTraits (0ms)
			SetupTypeCache (304ms)
			ReleaseScriptCaches (2ms)
			RebuildScriptCaches (50ms)
			SetupLoadedEditorAssemblies (1198ms)
				LogAssemblyErrors (0ms)
				InitializePlatformSupportModulesInManaged (64ms)
				SetLoadedEditorAssemblies (1ms)
				RefreshPlugins (1ms)
				BeforeProcessingInitializeOnLoad (154ms)
				ProcessInitializeOnLoadAttributes (818ms)
				ProcessInitializeOnLoadMethodAttributes (145ms)
				AfterProcessingInitializeOnLoad (15ms)
				EditorAssembliesLoaded (0ms)
			ExecutionOrderSort2 (0ms)
			AwakeInstancesAfterBackupRestoration (15ms)
Platform modules already initialized, skipping
Refreshing native plugins compatible for Editor in 1.16 ms, found 3 plugins.
Preloading 0 native plugins for Editor in 0.00 ms.
Unloading 4322 Unused Serialized files (Serialized files now loaded: 0)
Unloading 49 unused Assets / (2.1 MB). Loaded Objects now: 4945.
Memory consumption went from 160.5 MB to 158.4 MB.
Total: 7.743100 ms (FindLiveObjects: 0.711400 ms CreateObjectMapping: 0.467400 ms MarkObjects: 6.036100 ms  DeleteObjects: 0.525300 ms)

AssetImportParameters requested are different than current active one (requested -> active):
  custom:video-decoder-ogg-theora: a1e56fd34408186e4bbccfd4996cb3dc -> 
  custom:container-muxer-webm: aa71ff27fc2769a1b78a27578f13a17b -> 
  custom:container-demuxer-webm: 4f35f7cbe854078d1ac9338744f61a02 -> 
  custom:video-encoder-webm-vp8: eb34c28f22e8b96e1ab97ce403110664 -> 
  custom:video-codec-MediaFoundation-h265: 746d11721c4dcdbdad8f713fa42b33f4 -> 
  custom:CustomObjectIndexerAttribute: bc11b3a6c3213fcdd17b65e7da85e133 -> 
  custom:audio-encoder-webm-vorbis: bf7c407c2cedff20999df2af8eb42d56 -> 
  custom:framework-win-MediaFoundation: 216162199b28c13a410421893ffa2e32 -> 
  custom:SearchIndexIgnoredProperties: e643bd26f0fe6173181afceb89e7c659 -> 
  custom:container-demuxer-ogg: 62fdf1f143b41e24485cea50d1cbac27 -> 
  custom:video-decoder-webm-vp8: 9c59270c3fd7afecdb556c50c9e8de78 -> 
  custom:audio-decoder-ogg-vorbis: bf7c407c2cedff20999df2af8eb42d56 -> 
========================================================================
Received Prepare
Registering precompiled user dll's ...
Registered in 0.006907 seconds.
Begin MonoManager ReloadAssembly
Native extension for WindowsStandalone target not found
Failed to load: C:/Program Files/Unity/Hub/Editor/2021.3.36f1/Editor/Data/PlaybackEngines/iOSSupport\x64\UnityEditor.iOS.Native.dll
Native extension for iOS target not found
Native extension for Android target not found
Native extension for WebGL target not found
Refreshing native plugins compatible for Editor in 1.66 ms, found 3 plugins.
Preloading 0 native plugins for Editor in 0.00 ms.
[Package Manager] Server::EnsureServerProcessIsRunning -- launch failed, reason: Unity was launched with the -noUpm command-line argument
[Package Manager] Cannot connect to Unity Package Manager local server
[Package Manager] Server::EnsureServerProcessIsRunning -- launch failed, reason: Unity was launched with the -noUpm command-line argument
[Package Manager] Cannot connect to Unity Package Manager local server
Mono: successfully reloaded assembly
- Completed reload, in  2.432 seconds
Domain Reload Profiling:
	ReloadAssembly (2434ms)
		BeginReloadAssembly (190ms)
			ExecutionOrderSort (0ms)
			DisableScriptedObjects (7ms)
			BackupInstance (0ms)
			ReleaseScriptingObjects (0ms)
			CreateAndSetChildDomain (43ms)
		EndReloadAssembly (2110ms)
			LoadAssemblies (143ms)
			RebuildTransferFunctionScriptingTraits (0ms)
			SetupTypeCache (564ms)
			ReleaseScriptCaches (3ms)
			RebuildScriptCaches (85ms)
			SetupLoadedEditorAssemblies (1214ms)
				LogAssemblyErrors (0ms)
				InitializePlatformSupportModulesInManaged (71ms)
				SetLoadedEditorAssemblies (1ms)
				RefreshPlugins (2ms)
				BeforeProcessingInitializeOnLoad (170ms)
				ProcessInitializeOnLoadAttributes (823ms)
				ProcessInitializeOnLoadMethodAttributes (135ms)
				AfterProcessingInitializeOnLoad (12ms)
				EditorAssembliesLoaded (1ms)
			ExecutionOrderSort2 (0ms)
			AwakeInstancesAfterBackupRestoration (14ms)
Platform modules already initialized, skipping
Refreshing native plugins compatible for Editor in 1.45 ms, found 3 plugins.
Preloading 0 native plugins for Editor in 0.00 ms.
Unloading 4322 Unused Serialized files (Serialized files now loaded: 0)
Unloading 49 unused Assets / (2.1 MB). Loaded Objects now: 4948.
Memory consumption went from 160.5 MB to 158.4 MB.
Total: 5.830000 ms (FindLiveObjects: 0.432400 ms CreateObjectMapping: 0.325500 ms MarkObjects: 4.544500 ms  DeleteObjects: 0.525100 ms)

AssetImportParameters requested are different than current active one (requested -> active):
  custom:video-decoder-ogg-theora: a1e56fd34408186e4bbccfd4996cb3dc -> 
  custom:container-muxer-webm: aa71ff27fc2769a1b78a27578f13a17b -> 
  custom:container-demuxer-webm: 4f35f7cbe854078d1ac9338744f61a02 -> 
  custom:video-encoder-webm-vp8: eb34c28f22e8b96e1ab97ce403110664 -> 
  custom:video-codec-MediaFoundation-h265: 746d11721c4dcdbdad8f713fa42b33f4 -> 
  custom:CustomObjectIndexerAttribute: bc11b3a6c3213fcdd17b65e7da85e133 -> 
  custom:audio-encoder-webm-vorbis: bf7c407c2cedff20999df2af8eb42d56 -> 
  custom:framework-win-MediaFoundation: 216162199b28c13a410421893ffa2e32 -> 
  custom:SearchIndexIgnoredProperties: e643bd26f0fe6173181afceb89e7c659 -> 
  custom:container-demuxer-ogg: 62fdf1f143b41e24485cea50d1cbac27 -> 
  custom:video-decoder-webm-vp8: 9c59270c3fd7afecdb556c50c9e8de78 -> 
  custom:audio-decoder-ogg-vorbis: bf7c407c2cedff20999df2af8eb42d56 -> 
========================================================================
Received Prepare
Registering precompiled user dll's ...
Registered in 0.011444 seconds.
Begin MonoManager ReloadAssembly
Native extension for WindowsStandalone target not found
Failed to load: C:/Program Files/Unity/Hub/Editor/2021.3.36f1/Editor/Data/PlaybackEngines/iOSSupport\x64\UnityEditor.iOS.Native.dll
Native extension for iOS target not found
Native extension for Android target not found
Native extension for WebGL target not found
Refreshing native plugins compatible for Editor in 1.40 ms, found 3 plugins.
Preloading 0 native plugins for Editor in 0.00 ms.
[Package Manager] Server::EnsureServerProcessIsRunning -- launch failed, reason: Unity was launched with the -noUpm command-line argument
[Package Manager] Cannot connect to Unity Package Manager local server
[Package Manager] Server::EnsureServerProcessIsRunning -- launch failed, reason: Unity was launched with the -noUpm command-line argument
[Package Manager] Cannot connect to Unity Package Manager local server
Mono: successfully reloaded assembly
- Completed reload, in  2.655 seconds
Domain Reload Profiling:
	ReloadAssembly (2657ms)
		BeginReloadAssembly (329ms)
			ExecutionOrderSort (0ms)
			DisableScriptedObjects (11ms)
			BackupInstance (0ms)
			ReleaseScriptingObjects (0ms)
			CreateAndSetChildDomain (63ms)
		EndReloadAssembly (2091ms)
			LoadAssemblies (253ms)
			RebuildTransferFunctionScriptingTraits (0ms)
			SetupTypeCache (542ms)
			ReleaseScriptCaches (3ms)
			RebuildScriptCaches (92ms)
			SetupLoadedEditorAssemblies (1189ms)
				LogAssemblyErrors (0ms)
				InitializePlatformSupportModulesInManaged (71ms)
				SetLoadedEditorAssemblies (1ms)
				RefreshPlugins (2ms)
				BeforeProcessingInitializeOnLoad (152ms)
				ProcessInitializeOnLoadAttributes (822ms)
				ProcessInitializeOnLoadMethodAttributes (131ms)
				AfterProcessingInitializeOnLoad (11ms)
				EditorAssembliesLoaded (1ms)
			ExecutionOrderSort2 (0ms)
			AwakeInstancesAfterBackupRestoration (13ms)
Platform modules already initialized, skipping
Refreshing native plugins compatible for Editor in 3.46 ms, found 3 plugins.
Preloading 0 native plugins for Editor in 0.00 ms.
Unloading 4322 Unused Serialized files (Serialized files now loaded: 0)
Unloading 49 unused Assets / (2.1 MB). Loaded Objects now: 4951.
Memory consumption went from 160.5 MB to 158.4 MB.
Total: 7.105900 ms (FindLiveObjects: 0.544000 ms CreateObjectMapping: 0.279400 ms MarkObjects: 5.640900 ms  DeleteObjects: 0.638300 ms)

AssetImportParameters requested are different than current active one (requested -> active):
  custom:video-decoder-ogg-theora: a1e56fd34408186e4bbccfd4996cb3dc -> 
  custom:container-muxer-webm: aa71ff27fc2769a1b78a27578f13a17b -> 
  custom:container-demuxer-webm: 4f35f7cbe854078d1ac9338744f61a02 -> 
  custom:video-encoder-webm-vp8: eb34c28f22e8b96e1ab97ce403110664 -> 
  custom:video-codec-MediaFoundation-h265: 746d11721c4dcdbdad8f713fa42b33f4 -> 
  custom:CustomObjectIndexerAttribute: bc11b3a6c3213fcdd17b65e7da85e133 -> 
  custom:audio-encoder-webm-vorbis: bf7c407c2cedff20999df2af8eb42d56 -> 
  custom:framework-win-MediaFoundation: 216162199b28c13a410421893ffa2e32 -> 
  custom:SearchIndexIgnoredProperties: e643bd26f0fe6173181afceb89e7c659 -> 
  custom:container-demuxer-ogg: 62fdf1f143b41e24485cea50d1cbac27 -> 
  custom:video-decoder-webm-vp8: 9c59270c3fd7afecdb556c50c9e8de78 -> 
  custom:audio-decoder-ogg-vorbis: bf7c407c2cedff20999df2af8eb42d56 -> 
========================================================================
Received Prepare
Registering precompiled user dll's ...
Registered in 0.010614 seconds.
Begin MonoManager ReloadAssembly
Native extension for WindowsStandalone target not found
Failed to load: C:/Program Files/Unity/Hub/Editor/2021.3.36f1/Editor/Data/PlaybackEngines/iOSSupport\x64\UnityEditor.iOS.Native.dll
Native extension for iOS target not found
Native extension for Android target not found
Native extension for WebGL target not found
Refreshing native plugins compatible for Editor in 1.40 ms, found 3 plugins.
Preloading 0 native plugins for Editor in 0.00 ms.
[Package Manager] Server::EnsureServerProcessIsRunning -- launch failed, reason: Unity was launched with the -noUpm command-line argument
[Package Manager] Cannot connect to Unity Package Manager local server
[Package Manager] Server::EnsureServerProcessIsRunning -- launch failed, reason: Unity was launched with the -noUpm command-line argument
[Package Manager] Cannot connect to Unity Package Manager local server
Mono: successfully reloaded assembly
- Completed reload, in  2.350 seconds
Domain Reload Profiling:
	ReloadAssembly (2351ms)
		BeginReloadAssembly (195ms)
			ExecutionOrderSort (0ms)
			DisableScriptedObjects (7ms)
			BackupInstance (0ms)
			ReleaseScriptingObjects (0ms)
			CreateAndSetChildDomain (41ms)
		EndReloadAssembly (2006ms)
			LoadAssemblies (155ms)
			RebuildTransferFunctionScriptingTraits (0ms)
			SetupTypeCache (550ms)
			ReleaseScriptCaches (3ms)
			RebuildScriptCaches (83ms)
			SetupLoadedEditorAssemblies (1139ms)
				LogAssemblyErrors (0ms)
				InitializePlatformSupportModulesInManaged (73ms)
				SetLoadedEditorAssemblies (1ms)
				RefreshPlugins (2ms)
				BeforeProcessingInitializeOnLoad (149ms)
				ProcessInitializeOnLoadAttributes (780ms)
				ProcessInitializeOnLoadMethodAttributes (126ms)
				AfterProcessingInitializeOnLoad (9ms)
				EditorAssembliesLoaded (0ms)
			ExecutionOrderSort2 (0ms)
			AwakeInstancesAfterBackupRestoration (12ms)
Platform modules already initialized, skipping
Refreshing native plugins compatible for Editor in 1.78 ms, found 3 plugins.
Preloading 0 native plugins for Editor in 0.00 ms.
Unloading 4322 Unused Serialized files (Serialized files now loaded: 0)
Unloading 49 unused Assets / (2.1 MB). Loaded Objects now: 4954.
Memory consumption went from 160.5 MB to 158.4 MB.
Total: 7.691400 ms (FindLiveObjects: 0.579400 ms CreateObjectMapping: 0.310400 ms MarkObjects: 6.304300 ms  DeleteObjects: 0.494200 ms)

AssetImportParameters requested are different than current active one (requested -> active):
  custom:video-decoder-ogg-theora: a1e56fd34408186e4bbccfd4996cb3dc -> 
  custom:container-muxer-webm: aa71ff27fc2769a1b78a27578f13a17b -> 
  custom:container-demuxer-webm: 4f35f7cbe854078d1ac9338744f61a02 -> 
  custom:video-encoder-webm-vp8: eb34c28f22e8b96e1ab97ce403110664 -> 
  custom:video-codec-MediaFoundation-h265: 746d11721c4dcdbdad8f713fa42b33f4 -> 
  custom:CustomObjectIndexerAttribute: bc11b3a6c3213fcdd17b65e7da85e133 -> 
  custom:audio-encoder-webm-vorbis: bf7c407c2cedff20999df2af8eb42d56 -> 
  custom:framework-win-MediaFoundation: 216162199b28c13a410421893ffa2e32 -> 
  custom:SearchIndexIgnoredProperties: e643bd26f0fe6173181afceb89e7c659 -> 
  custom:container-demuxer-ogg: 62fdf1f143b41e24485cea50d1cbac27 -> 
  custom:video-decoder-webm-vp8: 9c59270c3fd7afecdb556c50c9e8de78 -> 
  custom:audio-decoder-ogg-vorbis: bf7c407c2cedff20999df2af8eb42d56 -> 
========================================================================
Received Prepare
Registering precompiled user dll's ...
Registered in 0.003674 seconds.
Begin MonoManager ReloadAssembly
Native extension for WindowsStandalone target not found
Failed to load: C:/Program Files/Unity/Hub/Editor/2021.3.36f1/Editor/Data/PlaybackEngines/iOSSupport\x64\UnityEditor.iOS.Native.dll
Native extension for iOS target not found
Native extension for Android target not found
Native extension for WebGL target not found
Refreshing native plugins compatible for Editor in 1.30 ms, found 3 plugins.
Preloading 0 native plugins for Editor in 0.00 ms.
[Package Manager] Server::EnsureServerProcessIsRunning -- launch failed, reason: Unity was launched with the -noUpm command-line argument
[Package Manager] Cannot connect to Unity Package Manager local server
[Package Manager] Server::EnsureServerProcessIsRunning -- launch failed, reason: Unity was launched with the -noUpm command-line argument
[Package Manager] Cannot connect to Unity Package Manager local server
Mono: successfully reloaded assembly
- Completed reload, in  2.453 seconds
Domain Reload Profiling:
	ReloadAssembly (2454ms)
		BeginReloadAssembly (199ms)
			ExecutionOrderSort (0ms)
			DisableScriptedObjects (7ms)
			BackupInstance (0ms)
			ReleaseScriptingObjects (0ms)
			CreateAndSetChildDomain (43ms)
		EndReloadAssembly (2106ms)
			LoadAssemblies (161ms)
			RebuildTransferFunctionScriptingTraits (0ms)
			SetupTypeCache (597ms)
			ReleaseScriptCaches (3ms)
			RebuildScriptCaches (86ms)
			SetupLoadedEditorAssemblies (1173ms)
				LogAssemblyErrors (0ms)
				InitializePlatformSupportModulesInManaged (71ms)
				SetLoadedEditorAssemblies (1ms)
				RefreshPlugins (1ms)
				BeforeProcessingInitializeOnLoad (154ms)
				ProcessInitializeOnLoadAttributes (796ms)
				ProcessInitializeOnLoadMethodAttributes (136ms)
				AfterProcessingInitializeOnLoad (12ms)
				EditorAssembliesLoaded (0ms)
			ExecutionOrderSort2 (0ms)
			AwakeInstancesAfterBackupRestoration (13ms)
Platform modules already initialized, skipping
Refreshing native plugins compatible for Editor in 1.45 ms, found 3 plugins.
Preloading 0 native plugins for Editor in 0.00 ms.
Unloading 4322 Unused Serialized files (Serialized files now loaded: 0)
Unloading 49 unused Assets / (2.1 MB). Loaded Objects now: 4957.
Memory consumption went from 160.5 MB to 158.5 MB.
Total: 6.645200 ms (FindLiveObjects: 0.768300 ms CreateObjectMapping: 0.282600 ms MarkObjects: 5.116100 ms  DeleteObjects: 0.475300 ms)

AssetImportParameters requested are different than current active one (requested -> active):
  custom:video-decoder-ogg-theora: a1e56fd34408186e4bbccfd4996cb3dc -> 
  custom:container-muxer-webm: aa71ff27fc2769a1b78a27578f13a17b -> 
  custom:container-demuxer-webm: 4f35f7cbe854078d1ac9338744f61a02 -> 
  custom:video-encoder-webm-vp8: eb34c28f22e8b96e1ab97ce403110664 -> 
  custom:video-codec-MediaFoundation-h265: 746d11721c4dcdbdad8f713fa42b33f4 -> 
  custom:CustomObjectIndexerAttribute: bc11b3a6c3213fcdd17b65e7da85e133 -> 
  custom:audio-encoder-webm-vorbis: bf7c407c2cedff20999df2af8eb42d56 -> 
  custom:framework-win-MediaFoundation: 216162199b28c13a410421893ffa2e32 -> 
  custom:SearchIndexIgnoredProperties: e643bd26f0fe6173181afceb89e7c659 -> 
  custom:container-demuxer-ogg: 62fdf1f143b41e24485cea50d1cbac27 -> 
  custom:video-decoder-webm-vp8: 9c59270c3fd7afecdb556c50c9e8de78 -> 
  custom:audio-decoder-ogg-vorbis: bf7c407c2cedff20999df2af8eb42d56 -> 
========================================================================
Received Prepare
Registering precompiled user dll's ...
Registered in 0.023802 seconds.
Begin MonoManager ReloadAssembly
Native extension for WindowsStandalone target not found
Failed to load: C:/Program Files/Unity/Hub/Editor/2021.3.36f1/Editor/Data/PlaybackEngines/iOSSupport\x64\UnityEditor.iOS.Native.dll
Native extension for iOS target not found
Native extension for Android target not found
Native extension for WebGL target not found
Refreshing native plugins compatible for Editor in 0.89 ms, found 3 plugins.
Preloading 0 native plugins for Editor in 0.00 ms.
[Package Manager] Server::EnsureServerProcessIsRunning -- launch failed, reason: Unity was launched with the -noUpm command-line argument
[Package Manager] Cannot connect to Unity Package Manager local server
[Package Manager] Server::EnsureServerProcessIsRunning -- launch failed, reason: Unity was launched with the -noUpm command-line argument
[Package Manager] Cannot connect to Unity Package Manager local server
Mono: successfully reloaded assembly
- Completed reload, in  1.553 seconds
Domain Reload Profiling:
	ReloadAssembly (1554ms)
		BeginReloadAssembly (156ms)
			ExecutionOrderSort (0ms)
			DisableScriptedObjects (6ms)
			BackupInstance (0ms)
			ReleaseScriptingObjects (0ms)
			CreateAndSetChildDomain (33ms)
		EndReloadAssembly (1296ms)
			LoadAssemblies (108ms)
			RebuildTransferFunctionScriptingTraits (0ms)
			SetupTypeCache (321ms)
			ReleaseScriptCaches (2ms)
			RebuildScriptCaches (49ms)
			SetupLoadedEditorAssemblies (782ms)
				LogAssemblyErrors (0ms)
				InitializePlatformSupportModulesInManaged (44ms)
				SetLoadedEditorAssemblies (1ms)
				RefreshPlugins (1ms)
				BeforeProcessingInitializeOnLoad (88ms)
				ProcessInitializeOnLoadAttributes (568ms)
				ProcessInitializeOnLoadMethodAttributes (73ms)
				AfterProcessingInitializeOnLoad (7ms)
				EditorAssembliesLoaded (0ms)
			ExecutionOrderSort2 (0ms)
			AwakeInstancesAfterBackupRestoration (8ms)
Platform modules already initialized, skipping
Refreshing native plugins compatible for Editor in 0.98 ms, found 3 plugins.
Preloading 0 native plugins for Editor in 0.00 ms.
Unloading 4322 Unused Serialized files (Serialized files now loaded: 0)
Unloading 49 unused Assets / (2.1 MB). Loaded Objects now: 4960.
Memory consumption went from 160.5 MB to 158.5 MB.
Total: 5.781800 ms (FindLiveObjects: 0.338300 ms CreateObjectMapping: 0.198100 ms MarkObjects: 4.888500 ms  DeleteObjects: 0.355100 ms)

AssetImportParameters requested are different than current active one (requested -> active):
  custom:video-decoder-ogg-theora: a1e56fd34408186e4bbccfd4996cb3dc -> 
  custom:container-muxer-webm: aa71ff27fc2769a1b78a27578f13a17b -> 
  custom:container-demuxer-webm: 4f35f7cbe854078d1ac9338744f61a02 -> 
  custom:video-encoder-webm-vp8: eb34c28f22e8b96e1ab97ce403110664 -> 
  custom:video-codec-MediaFoundation-h265: 746d11721c4dcdbdad8f713fa42b33f4 -> 
  custom:CustomObjectIndexerAttribute: bc11b3a6c3213fcdd17b65e7da85e133 -> 
  custom:audio-encoder-webm-vorbis: bf7c407c2cedff20999df2af8eb42d56 -> 
  custom:framework-win-MediaFoundation: 216162199b28c13a410421893ffa2e32 -> 
  custom:SearchIndexIgnoredProperties: e643bd26f0fe6173181afceb89e7c659 -> 
  custom:container-demuxer-ogg: 62fdf1f143b41e24485cea50d1cbac27 -> 
  custom:video-decoder-webm-vp8: 9c59270c3fd7afecdb556c50c9e8de78 -> 
  custom:audio-decoder-ogg-vorbis: bf7c407c2cedff20999df2af8eb42d56 -> 
========================================================================
Received Prepare
Registering precompiled user dll's ...
Registered in 0.003858 seconds.
Begin MonoManager ReloadAssembly
Native extension for WindowsStandalone target not found
Failed to load: C:/Program Files/Unity/Hub/Editor/2021.3.36f1/Editor/Data/PlaybackEngines/iOSSupport\x64\UnityEditor.iOS.Native.dll
Native extension for iOS target not found
Native extension for Android target not found
Native extension for WebGL target not found
Refreshing native plugins compatible for Editor in 0.82 ms, found 3 plugins.
Preloading 0 native plugins for Editor in 0.00 ms.
[Package Manager] Server::EnsureServerProcessIsRunning -- launch failed, reason: Unity was launched with the -noUpm command-line argument
[Package Manager] Cannot connect to Unity Package Manager local server
[Package Manager] Server::EnsureServerProcessIsRunning -- launch failed, reason: Unity was launched with the -noUpm command-line argument
[Package Manager] Cannot connect to Unity Package Manager local server
Mono: successfully reloaded assembly
- Completed reload, in  1.432 seconds
Domain Reload Profiling:
	ReloadAssembly (1433ms)
		BeginReloadAssembly (118ms)
			ExecutionOrderSort (0ms)
			DisableScriptedObjects (4ms)
			BackupInstance (0ms)
			ReleaseScriptingObjects (0ms)
			CreateAndSetChildDomain (26ms)
		EndReloadAssembly (1237ms)
			LoadAssemblies (81ms)
			RebuildTransferFunctionScriptingTraits (0ms)
			SetupTypeCache (273ms)
			ReleaseScriptCaches (2ms)
			RebuildScriptCaches (50ms)
			SetupLoadedEditorAssemblies (782ms)
				LogAssemblyErrors (0ms)
				InitializePlatformSupportModulesInManaged (38ms)
				SetLoadedEditorAssemblies (0ms)
				RefreshPlugins (1ms)
				BeforeProcessingInitializeOnLoad (81ms)
				ProcessInitializeOnLoadAttributes (583ms)
				ProcessInitializeOnLoadMethodAttributes (72ms)
				AfterProcessingInitializeOnLoad (6ms)
				EditorAssembliesLoaded (0ms)
			ExecutionOrderSort2 (0ms)
			AwakeInstancesAfterBackupRestoration (6ms)
Platform modules already initialized, skipping
Refreshing native plugins compatible for Editor in 0.77 ms, found 3 plugins.
Preloading 0 native plugins for Editor in 0.00 ms.
Unloading 4322 Unused Serialized files (Serialized files now loaded: 0)
Unloading 49 unused Assets / (2.1 MB). Loaded Objects now: 4963.
Memory consumption went from 160.5 MB to 158.5 MB.
Total: 4.132500 ms (FindLiveObjects: 0.305900 ms CreateObjectMapping: 0.261000 ms MarkObjects: 3.238500 ms  DeleteObjects: 0.325500 ms)

AssetImportParameters requested are different than current active one (requested -> active):
  custom:video-decoder-ogg-theora: a1e56fd34408186e4bbccfd4996cb3dc -> 
  custom:container-muxer-webm: aa71ff27fc2769a1b78a27578f13a17b -> 
  custom:container-demuxer-webm: 4f35f7cbe854078d1ac9338744f61a02 -> 
  custom:video-encoder-webm-vp8: eb34c28f22e8b96e1ab97ce403110664 -> 
  custom:video-codec-MediaFoundation-h265: 746d11721c4dcdbdad8f713fa42b33f4 -> 
  custom:CustomObjectIndexerAttribute: bc11b3a6c3213fcdd17b65e7da85e133 -> 
  custom:audio-encoder-webm-vorbis: bf7c407c2cedff20999df2af8eb42d56 -> 
  custom:framework-win-MediaFoundation: 216162199b28c13a410421893ffa2e32 -> 
  custom:SearchIndexIgnoredProperties: e643bd26f0fe6173181afceb89e7c659 -> 
  custom:container-demuxer-ogg: 62fdf1f143b41e24485cea50d1cbac27 -> 
  custom:video-decoder-webm-vp8: 9c59270c3fd7afecdb556c50c9e8de78 -> 
  custom:audio-decoder-ogg-vorbis: bf7c407c2cedff20999df2af8eb42d56 -> 
========================================================================
Received Prepare
Refreshing native plugins compatible for Editor in 26.19 ms, found 3 plugins.
Preloading 0 native plugins for Editor in 0.00 ms.
Unloading 47 Unused Serialized files (Serialized files now loaded: 0)
Unloading 47 unused Assets / (2.1 MB). Loaded Objects now: 4963.
Memory consumption went from 75.1 MB to 73.0 MB.
Total: 62.931400 ms (FindLiveObjects: 0.384300 ms CreateObjectMapping: 0.202100 ms MarkObjects: 60.245200 ms  DeleteObjects: 2.096900 ms)

AssetImportParameters requested are different than current active one (requested -> active):
  custom:video-decoder-ogg-theora: a1e56fd34408186e4bbccfd4996cb3dc -> 
  custom:container-muxer-webm: aa71ff27fc2769a1b78a27578f13a17b -> 
  custom:container-demuxer-webm: 4f35f7cbe854078d1ac9338744f61a02 -> 
  custom:video-encoder-webm-vp8: eb34c28f22e8b96e1ab97ce403110664 -> 
  custom:video-codec-MediaFoundation-h265: 746d11721c4dcdbdad8f713fa42b33f4 -> 
  custom:CustomObjectIndexerAttribute: bc11b3a6c3213fcdd17b65e7da85e133 -> 
  custom:audio-encoder-webm-vorbis: bf7c407c2cedff20999df2af8eb42d56 -> 
  custom:framework-win-MediaFoundation: 216162199b28c13a410421893ffa2e32 -> 
  custom:SearchIndexIgnoredProperties: e643bd26f0fe6173181afceb89e7c659 -> 
  custom:container-demuxer-ogg: 62fdf1f143b41e24485cea50d1cbac27 -> 
  custom:video-decoder-webm-vp8: 9c59270c3fd7afecdb556c50c9e8de78 -> 
  custom:audio-decoder-ogg-vorbis: bf7c407c2cedff20999df2af8eb42d56 -> 
========================================================================
Received Prepare
Registering precompiled user dll's ...
Registered in 0.006340 seconds.
Begin MonoManager ReloadAssembly
Native extension for WindowsStandalone target not found
Failed to load: C:/Program Files/Unity/Hub/Editor/2021.3.36f1/Editor/Data/PlaybackEngines/iOSSupport\x64\UnityEditor.iOS.Native.dll
Native extension for iOS target not found
Native extension for Android target not found
Native extension for WebGL target not found
Refreshing native plugins compatible for Editor in 2.68 ms, found 3 plugins.
Preloading 0 native plugins for Editor in 0.00 ms.
[Package Manager] Server::EnsureServerProcessIsRunning -- launch failed, reason: Unity was launched with the -noUpm command-line argument
[Package Manager] Cannot connect to Unity Package Manager local server
[Package Manager] Server::EnsureServerProcessIsRunning -- launch failed, reason: Unity was launched with the -noUpm command-line argument
[Package Manager] Cannot connect to Unity Package Manager local server
[ScriptCompilation] NOT recompiling all scripts because this is an import worker process. Reason to compile was: Define symbols changed
Mono: successfully reloaded assembly
- Completed reload, in 26.929 seconds
Domain Reload Profiling:
	ReloadAssembly (26931ms)
		BeginReloadAssembly (610ms)
			ExecutionOrderSort (0ms)
			DisableScriptedObjects (28ms)
			BackupInstance (0ms)
			ReleaseScriptingObjects (0ms)
			CreateAndSetChildDomain (200ms)
		EndReloadAssembly (26084ms)
			LoadAssemblies (23517ms)
			RebuildTransferFunctionScriptingTraits (0ms)
			SetupTypeCache (828ms)
			ReleaseScriptCaches (4ms)
			RebuildScriptCaches (130ms)
			SetupLoadedEditorAssemblies (1577ms)
				LogAssemblyErrors (0ms)
				InitializePlatformSupportModulesInManaged (97ms)
				SetLoadedEditorAssemblies (2ms)
				RefreshPlugins (3ms)
				BeforeProcessingInitializeOnLoad (215ms)
				ProcessInitializeOnLoadAttributes (1064ms)
				ProcessInitializeOnLoadMethodAttributes (180ms)
				AfterProcessingInitializeOnLoad (15ms)
				EditorAssembliesLoaded (1ms)
			ExecutionOrderSort2 (0ms)
			AwakeInstancesAfterBackupRestoration (24ms)
Platform modules already initialized, skipping
Refreshing native plugins compatible for Editor in 2.10 ms, found 3 plugins.
Preloading 0 native plugins for Editor in 0.00 ms.
Unloading 4402 Unused Serialized files (Serialized files now loaded: 0)
Unloading 51 unused Assets / (2.1 MB). Loaded Objects now: 5044.
Memory consumption went from 162.6 MB to 160.5 MB.
Total: 9.701000 ms (FindLiveObjects: 0.550200 ms CreateObjectMapping: 0.389600 ms MarkObjects: 8.267900 ms  DeleteObjects: 0.491100 ms)

AssetImportParameters requested are different than current active one (requested -> active):
  custom:video-decoder-ogg-theora: a1e56fd34408186e4bbccfd4996cb3dc -> 
  custom:container-muxer-webm: aa71ff27fc2769a1b78a27578f13a17b -> 
  custom:container-demuxer-webm: 4f35f7cbe854078d1ac9338744f61a02 -> 
  custom:video-encoder-webm-vp8: eb34c28f22e8b96e1ab97ce403110664 -> 
  custom:video-codec-MediaFoundation-h265: 746d11721c4dcdbdad8f713fa42b33f4 -> 
  custom:CustomObjectIndexerAttribute: bc11b3a6c3213fcdd17b65e7da85e133 -> 
  custom:audio-encoder-webm-vorbis: bf7c407c2cedff20999df2af8eb42d56 -> 
  custom:framework-win-MediaFoundation: 216162199b28c13a410421893ffa2e32 -> 
  custom:SearchIndexIgnoredProperties: e643bd26f0fe6173181afceb89e7c659 -> 
  custom:container-demuxer-ogg: 62fdf1f143b41e24485cea50d1cbac27 -> 
  custom:video-decoder-webm-vp8: 9c59270c3fd7afecdb556c50c9e8de78 -> 
  custom:audio-decoder-ogg-vorbis: bf7c407c2cedff20999df2af8eb42d56 -> 
========================================================================
Received Prepare
Refreshing native plugins compatible for Editor in 20.92 ms, found 3 plugins.
Preloading 0 native plugins for Editor in 0.00 ms.
Unloading 49 Unused Serialized files (Serialized files now loaded: 0)
Unloading 49 unused Assets / (168.3 KB). Loaded Objects now: 5044.
Memory consumption went from 71.4 MB to 71.3 MB.
Total: 5.218600 ms (FindLiveObjects: 0.562900 ms CreateObjectMapping: 0.234000 ms MarkObjects: 4.271200 ms  DeleteObjects: 0.148100 ms)

AssetImportParameters requested are different than current active one (requested -> active):
  custom:video-decoder-ogg-theora: a1e56fd34408186e4bbccfd4996cb3dc -> 
  custom:container-muxer-webm: aa71ff27fc2769a1b78a27578f13a17b -> 
  custom:container-demuxer-webm: 4f35f7cbe854078d1ac9338744f61a02 -> 
  custom:video-encoder-webm-vp8: eb34c28f22e8b96e1ab97ce403110664 -> 
  custom:video-codec-MediaFoundation-h265: 746d11721c4dcdbdad8f713fa42b33f4 -> 
  custom:CustomObjectIndexerAttribute: bc11b3a6c3213fcdd17b65e7da85e133 -> 
  custom:audio-encoder-webm-vorbis: bf7c407c2cedff20999df2af8eb42d56 -> 
  custom:framework-win-MediaFoundation: 216162199b28c13a410421893ffa2e32 -> 
  custom:SearchIndexIgnoredProperties: e643bd26f0fe6173181afceb89e7c659 -> 
  custom:container-demuxer-ogg: 62fdf1f143b41e24485cea50d1cbac27 -> 
  custom:video-decoder-webm-vp8: 9c59270c3fd7afecdb556c50c9e8de78 -> 
  custom:audio-decoder-ogg-vorbis: bf7c407c2cedff20999df2af8eb42d56 -> 
========================================================================
Received Prepare
Refreshing native plugins compatible for Editor in 28.26 ms, found 3 plugins.
Preloading 0 native plugins for Editor in 0.00 ms.
Unloading 49 Unused Serialized files (Serialized files now loaded: 0)
Unloading 49 unused Assets / (167.3 KB). Loaded Objects now: 5044.
Memory consumption went from 71.1 MB to 70.9 MB.
Total: 6.018300 ms (FindLiveObjects: 0.516900 ms CreateObjectMapping: 0.241300 ms MarkObjects: 5.136400 ms  DeleteObjects: 0.121400 ms)

AssetImportParameters requested are different than current active one (requested -> active):
  custom:video-decoder-ogg-theora: a1e56fd34408186e4bbccfd4996cb3dc -> 
  custom:container-muxer-webm: aa71ff27fc2769a1b78a27578f13a17b -> 
  custom:container-demuxer-webm: 4f35f7cbe854078d1ac9338744f61a02 -> 
  custom:video-encoder-webm-vp8: eb34c28f22e8b96e1ab97ce403110664 -> 
  custom:video-codec-MediaFoundation-h265: 746d11721c4dcdbdad8f713fa42b33f4 -> 
  custom:CustomObjectIndexerAttribute: bc11b3a6c3213fcdd17b65e7da85e133 -> 
  custom:audio-encoder-webm-vorbis: bf7c407c2cedff20999df2af8eb42d56 -> 
  custom:framework-win-MediaFoundation: 216162199b28c13a410421893ffa2e32 -> 
  custom:SearchIndexIgnoredProperties: e643bd26f0fe6173181afceb89e7c659 -> 
  custom:container-demuxer-ogg: 62fdf1f143b41e24485cea50d1cbac27 -> 
  custom:video-decoder-webm-vp8: 9c59270c3fd7afecdb556c50c9e8de78 -> 
  custom:audio-decoder-ogg-vorbis: bf7c407c2cedff20999df2af8eb42d56 -> 
========================================================================
Received Prepare
Registering precompiled user dll's ...
Registered in 0.005716 seconds.
Begin MonoManager ReloadAssembly
Native extension for WindowsStandalone target not found
Failed to load: C:/Program Files/Unity/Hub/Editor/2021.3.36f1/Editor/Data/PlaybackEngines/iOSSupport\x64\UnityEditor.iOS.Native.dll
Native extension for iOS target not found
Native extension for Android target not found
Native extension for WebGL target not found
Refreshing native plugins compatible for Editor in 1.78 ms, found 3 plugins.
Preloading 0 native plugins for Editor in 0.00 ms.
[Package Manager] Server::EnsureServerProcessIsRunning -- launch failed, reason: Unity was launched with the -noUpm command-line argument
[Package Manager] Cannot connect to Unity Package Manager local server
[Package Manager] Server::EnsureServerProcessIsRunning -- launch failed, reason: Unity was launched with the -noUpm command-line argument
[Package Manager] Cannot connect to Unity Package Manager local server
[ScriptCompilation] NOT recompiling all scripts because this is an import worker process. Reason to compile was: Define symbols changed
Mono: successfully reloaded assembly
- Completed reload, in  2.127 seconds
Domain Reload Profiling:
	ReloadAssembly (2128ms)
		BeginReloadAssembly (223ms)
			ExecutionOrderSort (0ms)
			DisableScriptedObjects (9ms)
			BackupInstance (0ms)
			ReleaseScriptingObjects (0ms)
			CreateAndSetChildDomain (44ms)
		EndReloadAssembly (1747ms)
			LoadAssemblies (158ms)
			RebuildTransferFunctionScriptingTraits (0ms)
			SetupTypeCache (456ms)
			ReleaseScriptCaches (3ms)
			RebuildScriptCaches (78ms)
			SetupLoadedEditorAssemblies (1021ms)
				LogAssemblyErrors (0ms)
				InitializePlatformSupportModulesInManaged (65ms)
				SetLoadedEditorAssemblies (1ms)
				RefreshPlugins (2ms)
				BeforeProcessingInitializeOnLoad (131ms)
				ProcessInitializeOnLoadAttributes (722ms)
				ProcessInitializeOnLoadMethodAttributes (94ms)
				AfterProcessingInitializeOnLoad (7ms)
				EditorAssembliesLoaded (0ms)
			ExecutionOrderSort2 (0ms)
			AwakeInstancesAfterBackupRestoration (9ms)
Platform modules already initialized, skipping
Refreshing native plugins compatible for Editor in 1.13 ms, found 3 plugins.
Preloading 0 native plugins for Editor in 0.00 ms.
Unloading 4402 Unused Serialized files (Serialized files now loaded: 0)
Unloading 51 unused Assets / (167.1 KB). Loaded Objects now: 5047.
Memory consumption went from 158.7 MB to 158.5 MB.
Total: 7.538700 ms (FindLiveObjects: 0.743600 ms CreateObjectMapping: 0.577800 ms MarkObjects: 6.096900 ms  DeleteObjects: 0.117900 ms)

AssetImportParameters requested are different than current active one (requested -> active):
  custom:video-decoder-ogg-theora: a1e56fd34408186e4bbccfd4996cb3dc -> 
  custom:container-muxer-webm: aa71ff27fc2769a1b78a27578f13a17b -> 
  custom:container-demuxer-webm: 4f35f7cbe854078d1ac9338744f61a02 -> 
  custom:video-encoder-webm-vp8: eb34c28f22e8b96e1ab97ce403110664 -> 
  custom:video-codec-MediaFoundation-h265: 746d11721c4dcdbdad8f713fa42b33f4 -> 
  custom:CustomObjectIndexerAttribute: bc11b3a6c3213fcdd17b65e7da85e133 -> 
  custom:audio-encoder-webm-vorbis: bf7c407c2cedff20999df2af8eb42d56 -> 
  custom:framework-win-MediaFoundation: 216162199b28c13a410421893ffa2e32 -> 
  custom:SearchIndexIgnoredProperties: e643bd26f0fe6173181afceb89e7c659 -> 
  custom:container-demuxer-ogg: 62fdf1f143b41e24485cea50d1cbac27 -> 
  custom:video-decoder-webm-vp8: 9c59270c3fd7afecdb556c50c9e8de78 -> 
  custom:audio-decoder-ogg-vorbis: bf7c407c2cedff20999df2af8eb42d56 -> 
========================================================================
Received Prepare
Registering precompiled user dll's ...
Registered in 0.005819 seconds.
Begin MonoManager ReloadAssembly
Native extension for WindowsStandalone target not found
Failed to load: C:/Program Files/Unity/Hub/Editor/2021.3.36f1/Editor/Data/PlaybackEngines/iOSSupport\x64\UnityEditor.iOS.Native.dll
Native extension for iOS target not found
Native extension for Android target not found
Native extension for WebGL target not found
Refreshing native plugins compatible for Editor in 1.16 ms, found 3 plugins.
Preloading 0 native plugins for Editor in 0.00 ms.
[Package Manager] Server::EnsureServerProcessIsRunning -- launch failed, reason: Unity was launched with the -noUpm command-line argument
[Package Manager] Cannot connect to Unity Package Manager local server
[Package Manager] Server::EnsureServerProcessIsRunning -- launch failed, reason: Unity was launched with the -noUpm command-line argument
[Package Manager] Cannot connect to Unity Package Manager local server
[ScriptCompilation] NOT recompiling all scripts because this is an import worker process. Reason to compile was: Define symbols changed
Mono: successfully reloaded assembly
- Completed reload, in  2.359 seconds
Domain Reload Profiling:
	ReloadAssembly (2360ms)
		BeginReloadAssembly (232ms)
			ExecutionOrderSort (0ms)
			DisableScriptedObjects (7ms)
			BackupInstance (0ms)
			ReleaseScriptingObjects (0ms)
			CreateAndSetChildDomain (48ms)
		EndReloadAssembly (1951ms)
			LoadAssemblies (173ms)
			RebuildTransferFunctionScriptingTraits (0ms)
			SetupTypeCache (512ms)
			ReleaseScriptCaches (3ms)
			RebuildScriptCaches (82ms)
			SetupLoadedEditorAssemblies (1119ms)
				LogAssemblyErrors (0ms)
				InitializePlatformSupportModulesInManaged (59ms)
				SetLoadedEditorAssemblies (1ms)
				RefreshPlugins (1ms)
				BeforeProcessingInitializeOnLoad (140ms)
				ProcessInitializeOnLoadAttributes (782ms)
				ProcessInitializeOnLoadMethodAttributes (127ms)
				AfterProcessingInitializeOnLoad (9ms)
				EditorAssembliesLoaded (0ms)
			ExecutionOrderSort2 (0ms)
			AwakeInstancesAfterBackupRestoration (12ms)
Platform modules already initialized, skipping
Refreshing native plugins compatible for Editor in 1.01 ms, found 3 plugins.
Preloading 0 native plugins for Editor in 0.00 ms.
Unloading 4402 Unused Serialized files (Serialized files now loaded: 0)
Unloading 51 unused Assets / (168.3 KB). Loaded Objects now: 5050.
Memory consumption went from 158.7 MB to 158.5 MB.
Total: 4.259000 ms (FindLiveObjects: 0.340100 ms CreateObjectMapping: 0.237900 ms MarkObjects: 3.601900 ms  DeleteObjects: 0.077700 ms)

AssetImportParameters requested are different than current active one (requested -> active):
  custom:video-decoder-ogg-theora: a1e56fd34408186e4bbccfd4996cb3dc -> 
  custom:container-muxer-webm: aa71ff27fc2769a1b78a27578f13a17b -> 
  custom:container-demuxer-webm: 4f35f7cbe854078d1ac9338744f61a02 -> 
  custom:video-encoder-webm-vp8: eb34c28f22e8b96e1ab97ce403110664 -> 
  custom:video-codec-MediaFoundation-h265: 746d11721c4dcdbdad8f713fa42b33f4 -> 
  custom:CustomObjectIndexerAttribute: bc11b3a6c3213fcdd17b65e7da85e133 -> 
  custom:audio-encoder-webm-vorbis: bf7c407c2cedff20999df2af8eb42d56 -> 
  custom:framework-win-MediaFoundation: 216162199b28c13a410421893ffa2e32 -> 
  custom:SearchIndexIgnoredProperties: e643bd26f0fe6173181afceb89e7c659 -> 
  custom:container-demuxer-ogg: 62fdf1f143b41e24485cea50d1cbac27 -> 
  custom:video-decoder-webm-vp8: 9c59270c3fd7afecdb556c50c9e8de78 -> 
  custom:audio-decoder-ogg-vorbis: bf7c407c2cedff20999df2af8eb42d56 -> 
========================================================================
Received Prepare
Registering precompiled user dll's ...
Registered in 0.005541 seconds.
Begin MonoManager ReloadAssembly
Native extension for WindowsStandalone target not found
Failed to load: C:/Program Files/Unity/Hub/Editor/2021.3.36f1/Editor/Data/PlaybackEngines/iOSSupport\x64\UnityEditor.iOS.Native.dll
Native extension for iOS target not found
Native extension for Android target not found
Native extension for WebGL target not found
Refreshing native plugins compatible for Editor in 0.88 ms, found 3 plugins.
Preloading 0 native plugins for Editor in 0.00 ms.
[Package Manager] Server::EnsureServerProcessIsRunning -- launch failed, reason: Unity was launched with the -noUpm command-line argument
[Package Manager] Cannot connect to Unity Package Manager local server
[Package Manager] Server::EnsureServerProcessIsRunning -- launch failed, reason: Unity was launched with the -noUpm command-line argument
[Package Manager] Cannot connect to Unity Package Manager local server
[ScriptCompilation] NOT recompiling all scripts because this is an import worker process. Reason to compile was: Define symbols changed
Mono: successfully reloaded assembly
- Completed reload, in  1.817 seconds
Domain Reload Profiling:
	ReloadAssembly (1818ms)
		BeginReloadAssembly (283ms)
			ExecutionOrderSort (0ms)
			DisableScriptedObjects (8ms)
			BackupInstance (0ms)
			ReleaseScriptingObjects (0ms)
			CreateAndSetChildDomain (63ms)
		EndReloadAssembly (1356ms)
			LoadAssemblies (203ms)
			RebuildTransferFunctionScriptingTraits (0ms)
			SetupTypeCache (388ms)
			ReleaseScriptCaches (2ms)
			RebuildScriptCaches (51ms)
			SetupLoadedEditorAssemblies (770ms)
				LogAssemblyErrors (0ms)
				InitializePlatformSupportModulesInManaged (38ms)
				SetLoadedEditorAssemblies (1ms)
				RefreshPlugins (1ms)
				BeforeProcessingInitializeOnLoad (88ms)
				ProcessInitializeOnLoadAttributes (581ms)
				ProcessInitializeOnLoadMethodAttributes (56ms)
				AfterProcessingInitializeOnLoad (5ms)
				EditorAssembliesLoaded (0ms)
			ExecutionOrderSort2 (0ms)
			AwakeInstancesAfterBackupRestoration (6ms)
Platform modules already initialized, skipping
Refreshing native plugins compatible for Editor in 0.88 ms, found 3 plugins.
Preloading 0 native plugins for Editor in 0.00 ms.
Unloading 4402 Unused Serialized files (Serialized files now loaded: 0)
Unloading 51 unused Assets / (168.1 KB). Loaded Objects now: 5053.
Memory consumption went from 158.7 MB to 158.5 MB.
Total: 3.817400 ms (FindLiveObjects: 0.339100 ms CreateObjectMapping: 0.187400 ms MarkObjects: 3.220500 ms  DeleteObjects: 0.068700 ms)

AssetImportParameters requested are different than current active one (requested -> active):
  custom:video-decoder-ogg-theora: a1e56fd34408186e4bbccfd4996cb3dc -> 
  custom:container-muxer-webm: aa71ff27fc2769a1b78a27578f13a17b -> 
  custom:container-demuxer-webm: 4f35f7cbe854078d1ac9338744f61a02 -> 
  custom:video-encoder-webm-vp8: eb34c28f22e8b96e1ab97ce403110664 -> 
  custom:video-codec-MediaFoundation-h265: 746d11721c4dcdbdad8f713fa42b33f4 -> 
  custom:CustomObjectIndexerAttribute: bc11b3a6c3213fcdd17b65e7da85e133 -> 
  custom:audio-encoder-webm-vorbis: bf7c407c2cedff20999df2af8eb42d56 -> 
  custom:framework-win-MediaFoundation: 216162199b28c13a410421893ffa2e32 -> 
  custom:SearchIndexIgnoredProperties: e643bd26f0fe6173181afceb89e7c659 -> 
  custom:container-demuxer-ogg: 62fdf1f143b41e24485cea50d1cbac27 -> 
  custom:video-decoder-webm-vp8: 9c59270c3fd7afecdb556c50c9e8de78 -> 
  custom:audio-decoder-ogg-vorbis: bf7c407c2cedff20999df2af8eb42d56 -> 
========================================================================
Received Prepare
Registering precompiled user dll's ...
Registered in 0.032949 seconds.
Begin MonoManager ReloadAssembly
Native extension for WindowsStandalone target not found
Failed to load: C:/Program Files/Unity/Hub/Editor/2021.3.36f1/Editor/Data/PlaybackEngines/iOSSupport\x64\UnityEditor.iOS.Native.dll
Native extension for iOS target not found
Native extension for Android target not found
Native extension for WebGL target not found
Refreshing native plugins compatible for Editor in 1.44 ms, found 3 plugins.
Preloading 0 native plugins for Editor in 0.00 ms.
[Package Manager] Server::EnsureServerProcessIsRunning -- launch failed, reason: Unity was launched with the -noUpm command-line argument
[Package Manager] Cannot connect to Unity Package Manager local server
[Package Manager] Server::EnsureServerProcessIsRunning -- launch failed, reason: Unity was launched with the -noUpm command-line argument
[Package Manager] Cannot connect to Unity Package Manager local server
[ScriptCompilation] NOT recompiling all scripts because this is an import worker process. Reason to compile was: Define symbols changed
Mono: successfully reloaded assembly
- Completed reload, in  3.523 seconds
Domain Reload Profiling:
	ReloadAssembly (3526ms)
		BeginReloadAssembly (850ms)
			ExecutionOrderSort (0ms)
			DisableScriptedObjects (26ms)
			BackupInstance (0ms)
			ReleaseScriptingObjects (0ms)
			CreateAndSetChildDomain (183ms)
		EndReloadAssembly (2470ms)
			LoadAssemblies (589ms)
			RebuildTransferFunctionScriptingTraits (0ms)
			SetupTypeCache (840ms)
			ReleaseScriptCaches (3ms)
			RebuildScriptCaches (110ms)
			SetupLoadedEditorAssemblies (1221ms)
				LogAssemblyErrors (0ms)
				InitializePlatformSupportModulesInManaged (67ms)
				SetLoadedEditorAssemblies (1ms)
				RefreshPlugins (2ms)
				BeforeProcessingInitializeOnLoad (149ms)
				ProcessInitializeOnLoadAttributes (843ms)
				ProcessInitializeOnLoadMethodAttributes (148ms)
				AfterProcessingInitializeOnLoad (12ms)
				EditorAssembliesLoaded (0ms)
			ExecutionOrderSort2 (0ms)
			AwakeInstancesAfterBackupRestoration (12ms)
Platform modules already initialized, skipping
Refreshing native plugins compatible for Editor in 0.86 ms, found 3 plugins.
Preloading 0 native plugins for Editor in 0.00 ms.
Unloading 4413 Unused Serialized files (Serialized files now loaded: 0)
Unloading 54 unused Assets / (168.3 KB). Loaded Objects now: 5070.
Memory consumption went from 159.1 MB to 158.9 MB.
Total: 5.543500 ms (FindLiveObjects: 0.360900 ms CreateObjectMapping: 0.205400 ms MarkObjects: 4.829000 ms  DeleteObjects: 0.145400 ms)

AssetImportParameters requested are different than current active one (requested -> active):
  custom:video-decoder-ogg-theora: a1e56fd34408186e4bbccfd4996cb3dc -> 
  custom:container-muxer-webm: aa71ff27fc2769a1b78a27578f13a17b -> 
  custom:container-demuxer-webm: 4f35f7cbe854078d1ac9338744f61a02 -> 
  custom:video-encoder-webm-vp8: eb34c28f22e8b96e1ab97ce403110664 -> 
  custom:video-codec-MediaFoundation-h265: 746d11721c4dcdbdad8f713fa42b33f4 -> 
  custom:CustomObjectIndexerAttribute: bc11b3a6c3213fcdd17b65e7da85e133 -> 
  custom:audio-encoder-webm-vorbis: bf7c407c2cedff20999df2af8eb42d56 -> 
  custom:framework-win-MediaFoundation: 216162199b28c13a410421893ffa2e32 -> 
  custom:SearchIndexIgnoredProperties: e643bd26f0fe6173181afceb89e7c659 -> 
  custom:container-demuxer-ogg: 62fdf1f143b41e24485cea50d1cbac27 -> 
  custom:video-decoder-webm-vp8: 9c59270c3fd7afecdb556c50c9e8de78 -> 
  custom:audio-decoder-ogg-vorbis: bf7c407c2cedff20999df2af8eb42d56 -> 
========================================================================
Received Prepare
Registering precompiled user dll's ...
Registered in 0.010518 seconds.
Begin MonoManager ReloadAssembly
Native extension for WindowsStandalone target not found
Failed to load: C:/Program Files/Unity/Hub/Editor/2021.3.36f1/Editor/Data/PlaybackEngines/iOSSupport\x64\UnityEditor.iOS.Native.dll
Native extension for iOS target not found
Native extension for Android target not found
Native extension for WebGL target not found
Refreshing native plugins compatible for Editor in 5.37 ms, found 3 plugins.
Preloading 0 native plugins for Editor in 0.00 ms.
[Package Manager] Server::EnsureServerProcessIsRunning -- launch failed, reason: Unity was launched with the -noUpm command-line argument
[Package Manager] Cannot connect to Unity Package Manager local server
[Package Manager] Server::EnsureServerProcessIsRunning -- launch failed, reason: Unity was launched with the -noUpm command-line argument
[Package Manager] Cannot connect to Unity Package Manager local server
[ScriptCompilation] NOT recompiling all scripts because this is an import worker process. Reason to compile was: Define symbols changed
Mono: successfully reloaded assembly
- Completed reload, in 10.017 seconds
Domain Reload Profiling:
	ReloadAssembly (10018ms)
		BeginReloadAssembly (204ms)
			ExecutionOrderSort (0ms)
			DisableScriptedObjects (6ms)
			BackupInstance (0ms)
			ReleaseScriptingObjects (0ms)
			CreateAndSetChildDomain (50ms)
		EndReloadAssembly (9676ms)
			LoadAssemblies (1644ms)
			RebuildTransferFunctionScriptingTraits (0ms)
			SetupTypeCache (1641ms)
			ReleaseScriptCaches (4ms)
			RebuildScriptCaches (845ms)
			SetupLoadedEditorAssemblies (3843ms)
				LogAssemblyErrors (0ms)
				InitializePlatformSupportModulesInManaged (449ms)
				SetLoadedEditorAssemblies (4ms)
				RefreshPlugins (9ms)
				BeforeProcessingInitializeOnLoad (1460ms)
				ProcessInitializeOnLoadAttributes (1675ms)
				ProcessInitializeOnLoadMethodAttributes (229ms)
				AfterProcessingInitializeOnLoad (17ms)
				EditorAssembliesLoaded (1ms)
			ExecutionOrderSort2 (0ms)
			AwakeInstancesAfterBackupRestoration (20ms)
Platform modules already initialized, skipping
Refreshing native plugins compatible for Editor in 5.36 ms, found 3 plugins.
Preloading 0 native plugins for Editor in 0.00 ms.
Unloading 4412 Unused Serialized files (Serialized files now loaded: 0)
Unloading 53 unused Assets / (168.3 KB). Loaded Objects now: 5073.
Memory consumption went from 158.9 MB to 158.7 MB.
Total: 10.117600 ms (FindLiveObjects: 0.689700 ms CreateObjectMapping: 0.835700 ms MarkObjects: 8.443300 ms  DeleteObjects: 0.146300 ms)

AssetImportParameters requested are different than current active one (requested -> active):
  custom:video-decoder-ogg-theora: a1e56fd34408186e4bbccfd4996cb3dc -> 
  custom:container-muxer-webm: aa71ff27fc2769a1b78a27578f13a17b -> 
  custom:container-demuxer-webm: 4f35f7cbe854078d1ac9338744f61a02 -> 
  custom:video-encoder-webm-vp8: eb34c28f22e8b96e1ab97ce403110664 -> 
  custom:video-codec-MediaFoundation-h265: 746d11721c4dcdbdad8f713fa42b33f4 -> 
  custom:CustomObjectIndexerAttribute: bc11b3a6c3213fcdd17b65e7da85e133 -> 
  custom:audio-encoder-webm-vorbis: bf7c407c2cedff20999df2af8eb42d56 -> 
  custom:framework-win-MediaFoundation: 216162199b28c13a410421893ffa2e32 -> 
  custom:SearchIndexIgnoredProperties: e643bd26f0fe6173181afceb89e7c659 -> 
  custom:container-demuxer-ogg: 62fdf1f143b41e24485cea50d1cbac27 -> 
  custom:video-decoder-webm-vp8: 9c59270c3fd7afecdb556c50c9e8de78 -> 
  custom:audio-decoder-ogg-vorbis: bf7c407c2cedff20999df2af8eb42d56 -> 
========================================================================
Received Prepare
Registering precompiled user dll's ...
Registered in 0.020001 seconds.
Begin MonoManager ReloadAssembly
Native extension for WindowsStandalone target not found
Failed to load: C:/Program Files/Unity/Hub/Editor/2021.3.36f1/Editor/Data/PlaybackEngines/iOSSupport\x64\UnityEditor.iOS.Native.dll
Native extension for iOS target not found
Native extension for Android target not found
Native extension for WebGL target not found
Refreshing native plugins compatible for Editor in 1.53 ms, found 3 plugins.
Preloading 0 native plugins for Editor in 0.00 ms.
[Package Manager] Server::EnsureServerProcessIsRunning -- launch failed, reason: Unity was launched with the -noUpm command-line argument
[Package Manager] Cannot connect to Unity Package Manager local server
[Package Manager] Server::EnsureServerProcessIsRunning -- launch failed, reason: Unity was launched with the -noUpm command-line argument
[Package Manager] Cannot connect to Unity Package Manager local server
[ScriptCompilation] NOT recompiling all scripts because this is an import worker process. Reason to compile was: Define symbols changed
Mono: successfully reloaded assembly
- Completed reload, in  2.929 seconds
Domain Reload Profiling:
	ReloadAssembly (2930ms)
		BeginReloadAssembly (338ms)
			ExecutionOrderSort (0ms)
			DisableScriptedObjects (12ms)
			BackupInstance (0ms)
			ReleaseScriptingObjects (0ms)
			CreateAndSetChildDomain (77ms)
		EndReloadAssembly (2381ms)
			LoadAssemblies (235ms)
			RebuildTransferFunctionScriptingTraits (0ms)
			SetupTypeCache (600ms)
			ReleaseScriptCaches (2ms)
			RebuildScriptCaches (115ms)
			SetupLoadedEditorAssemblies (1340ms)
				LogAssemblyErrors (0ms)
				InitializePlatformSupportModulesInManaged (70ms)
				SetLoadedEditorAssemblies (1ms)
				RefreshPlugins (2ms)
				BeforeProcessingInitializeOnLoad (191ms)
				ProcessInitializeOnLoadAttributes (900ms)
				ProcessInitializeOnLoadMethodAttributes (151ms)
				AfterProcessingInitializeOnLoad (25ms)
				EditorAssembliesLoaded (0ms)
			ExecutionOrderSort2 (0ms)
			AwakeInstancesAfterBackupRestoration (17ms)
Platform modules already initialized, skipping
Refreshing native plugins compatible for Editor in 2.50 ms, found 3 plugins.
Preloading 0 native plugins for Editor in 0.00 ms.
Unloading 4412 Unused Serialized files (Serialized files now loaded: 0)
Unloading 53 unused Assets / (168.1 KB). Loaded Objects now: 5076.
Memory consumption went from 159.1 MB to 158.9 MB.
Total: 6.571200 ms (FindLiveObjects: 0.543600 ms CreateObjectMapping: 0.393900 ms MarkObjects: 5.549900 ms  DeleteObjects: 0.082400 ms)

AssetImportParameters requested are different than current active one (requested -> active):
  custom:video-decoder-ogg-theora: a1e56fd34408186e4bbccfd4996cb3dc -> 
  custom:container-muxer-webm: aa71ff27fc2769a1b78a27578f13a17b -> 
  custom:container-demuxer-webm: 4f35f7cbe854078d1ac9338744f61a02 -> 
  custom:video-encoder-webm-vp8: eb34c28f22e8b96e1ab97ce403110664 -> 
  custom:video-codec-MediaFoundation-h265: 746d11721c4dcdbdad8f713fa42b33f4 -> 
  custom:CustomObjectIndexerAttribute: bc11b3a6c3213fcdd17b65e7da85e133 -> 
  custom:audio-encoder-webm-vorbis: bf7c407c2cedff20999df2af8eb42d56 -> 
  custom:framework-win-MediaFoundation: 216162199b28c13a410421893ffa2e32 -> 
  custom:SearchIndexIgnoredProperties: e643bd26f0fe6173181afceb89e7c659 -> 
  custom:container-demuxer-ogg: 62fdf1f143b41e24485cea50d1cbac27 -> 
  custom:video-decoder-webm-vp8: 9c59270c3fd7afecdb556c50c9e8de78 -> 
  custom:audio-decoder-ogg-vorbis: bf7c407c2cedff20999df2af8eb42d56 -> 
========================================================================
Received Prepare
Registering precompiled user dll's ...
Registered in 0.012423 seconds.
Begin MonoManager ReloadAssembly
Native extension for WindowsStandalone target not found
Failed to load: C:/Program Files/Unity/Hub/Editor/2021.3.36f1/Editor/Data/PlaybackEngines/iOSSupport\x64\UnityEditor.iOS.Native.dll
Native extension for iOS target not found
Native extension for Android target not found
Native extension for WebGL target not found
Refreshing native plugins compatible for Editor in 1.43 ms, found 3 plugins.
Preloading 0 native plugins for Editor in 0.00 ms.
[Package Manager] Server::EnsureServerProcessIsRunning -- launch failed, reason: Unity was launched with the -noUpm command-line argument
[Package Manager] Cannot connect to Unity Package Manager local server
[Package Manager] Server::EnsureServerProcessIsRunning -- launch failed, reason: Unity was launched with the -noUpm command-line argument
[Package Manager] Cannot connect to Unity Package Manager local server
[ScriptCompilation] NOT recompiling all scripts because this is an import worker process. Reason to compile was: Define symbols changed
Mono: successfully reloaded assembly
- Completed reload, in  2.399 seconds
Domain Reload Profiling:
	ReloadAssembly (2400ms)
		BeginReloadAssembly (274ms)
			ExecutionOrderSort (0ms)
			DisableScriptedObjects (10ms)
			BackupInstance (0ms)
			ReleaseScriptingObjects (0ms)
			CreateAndSetChildDomain (64ms)
		EndReloadAssembly (1953ms)
			LoadAssemblies (199ms)
			RebuildTransferFunctionScriptingTraits (0ms)
			SetupTypeCache (481ms)
			ReleaseScriptCaches (2ms)
			RebuildScriptCaches (84ms)
			SetupLoadedEditorAssemblies (1154ms)
				LogAssemblyErrors (0ms)
				InitializePlatformSupportModulesInManaged (57ms)
				SetLoadedEditorAssemblies (1ms)
				RefreshPlugins (2ms)
				BeforeProcessingInitializeOnLoad (136ms)
				ProcessInitializeOnLoadAttributes (820ms)
				ProcessInitializeOnLoadMethodAttributes (126ms)
				AfterProcessingInitializeOnLoad (12ms)
				EditorAssembliesLoaded (0ms)
			ExecutionOrderSort2 (0ms)
			AwakeInstancesAfterBackupRestoration (12ms)
Platform modules already initialized, skipping
Refreshing native plugins compatible for Editor in 1.68 ms, found 3 plugins.
Preloading 0 native plugins for Editor in 0.00 ms.
Unloading 4413 Unused Serialized files (Serialized files now loaded: 0)
Unloading 53 unused Assets / (168.3 KB). Loaded Objects now: 5080.
Memory consumption went from 159.1 MB to 158.9 MB.
Total: 4.354300 ms (FindLiveObjects: 0.366400 ms CreateObjectMapping: 0.167400 ms MarkObjects: 3.724800 ms  DeleteObjects: 0.093800 ms)

AssetImportParameters requested are different than current active one (requested -> active):
  custom:video-decoder-ogg-theora: a1e56fd34408186e4bbccfd4996cb3dc -> 
  custom:container-muxer-webm: aa71ff27fc2769a1b78a27578f13a17b -> 
  custom:container-demuxer-webm: 4f35f7cbe854078d1ac9338744f61a02 -> 
  custom:video-encoder-webm-vp8: eb34c28f22e8b96e1ab97ce403110664 -> 
  custom:video-codec-MediaFoundation-h265: 746d11721c4dcdbdad8f713fa42b33f4 -> 
  custom:CustomObjectIndexerAttribute: bc11b3a6c3213fcdd17b65e7da85e133 -> 
  custom:audio-encoder-webm-vorbis: bf7c407c2cedff20999df2af8eb42d56 -> 
  custom:framework-win-MediaFoundation: 216162199b28c13a410421893ffa2e32 -> 
  custom:SearchIndexIgnoredProperties: e643bd26f0fe6173181afceb89e7c659 -> 
  custom:container-demuxer-ogg: 62fdf1f143b41e24485cea50d1cbac27 -> 
  custom:video-decoder-webm-vp8: 9c59270c3fd7afecdb556c50c9e8de78 -> 
  custom:audio-decoder-ogg-vorbis: bf7c407c2cedff20999df2af8eb42d56 -> 
========================================================================
Received Import Request.
  Time since last request: 142907.247794 seconds.
  path: Assets/Scripts/Canvas/NewBehaviourScript.cs
  artifactKey: Guid(22572f609ba32b54fb930aa233d09e91) Importer(815301076,1909f56bfc062723c751e8b465ee728b)
Number of updated assets reloaded before import = 0
Start importing Assets/Scripts/Canvas/NewBehaviourScript.cs using Guid(22572f609ba32b54fb930aa233d09e91) Importer(815301076,1909f56bfc062723c751e8b465ee728b)  -> (artifact id: 'd084349e736ee30c5af1825092bafe8e') in 0.033912 seconds 
Number of asset objects unloaded after import = 0
========================================================================
Received Prepare
Registering precompiled user dll's ...
Registered in 0.007176 seconds.
Begin MonoManager ReloadAssembly
Native extension for WindowsStandalone target not found
Failed to load: C:/Program Files/Unity/Hub/Editor/2021.3.36f1/Editor/Data/PlaybackEngines/iOSSupport\x64\UnityEditor.iOS.Native.dll
Native extension for iOS target not found
Native extension for Android target not found
Native extension for WebGL target not found
Refreshing native plugins compatible for Editor in 1.47 ms, found 3 plugins.
Preloading 0 native plugins for Editor in 0.00 ms.
[Package Manager] Server::EnsureServerProcessIsRunning -- launch failed, reason: Unity was launched with the -noUpm command-line argument
[Package Manager] Cannot connect to Unity Package Manager local server
[Package Manager] Server::EnsureServerProcessIsRunning -- launch failed, reason: Unity was launched with the -noUpm command-line argument
[Package Manager] Cannot connect to Unity Package Manager local server
[ScriptCompilation] NOT recompiling all scripts because this is an import worker process. Reason to compile was: Define symbols changed
Mono: successfully reloaded assembly
- Completed reload, in  2.506 seconds
Domain Reload Profiling:
	ReloadAssembly (2508ms)
		BeginReloadAssembly (312ms)
			ExecutionOrderSort (0ms)
			DisableScriptedObjects (8ms)
			BackupInstance (0ms)
			ReleaseScriptingObjects (0ms)
			CreateAndSetChildDomain (57ms)
		EndReloadAssembly (1963ms)
			LoadAssemblies (245ms)
			RebuildTransferFunctionScriptingTraits (0ms)
			SetupTypeCache (492ms)
			ReleaseScriptCaches (2ms)
			RebuildScriptCaches (87ms)
			SetupLoadedEditorAssemblies (1136ms)
				LogAssemblyErrors (0ms)
				InitializePlatformSupportModulesInManaged (62ms)
				SetLoadedEditorAssemblies (1ms)
				RefreshPlugins (2ms)
				BeforeProcessingInitializeOnLoad (142ms)
				ProcessInitializeOnLoadAttributes (800ms)
				ProcessInitializeOnLoadMethodAttributes (118ms)
				AfterProcessingInitializeOnLoad (12ms)
				EditorAssembliesLoaded (0ms)
			ExecutionOrderSort2 (0ms)
			AwakeInstancesAfterBackupRestoration (12ms)
Platform modules already initialized, skipping
Refreshing native plugins compatible for Editor in 1.13 ms, found 3 plugins.
Preloading 0 native plugins for Editor in 0.00 ms.
Unloading 4413 Unused Serialized files (Serialized files now loaded: 0)
Unloading 53 unused Assets / (168.2 KB). Loaded Objects now: 5083.
Memory consumption went from 159.1 MB to 159.0 MB.
Total: 5.326400 ms (FindLiveObjects: 0.493500 ms CreateObjectMapping: 0.253200 ms MarkObjects: 4.483300 ms  DeleteObjects: 0.094700 ms)

AssetImportParameters requested are different than current active one (requested -> active):
  custom:video-decoder-ogg-theora: a1e56fd34408186e4bbccfd4996cb3dc -> 
  custom:container-muxer-webm: aa71ff27fc2769a1b78a27578f13a17b -> 
  custom:container-demuxer-webm: 4f35f7cbe854078d1ac9338744f61a02 -> 
  custom:video-encoder-webm-vp8: eb34c28f22e8b96e1ab97ce403110664 -> 
  custom:video-codec-MediaFoundation-h265: 746d11721c4dcdbdad8f713fa42b33f4 -> 
  custom:CustomObjectIndexerAttribute: bc11b3a6c3213fcdd17b65e7da85e133 -> 
  custom:audio-encoder-webm-vorbis: bf7c407c2cedff20999df2af8eb42d56 -> 
  custom:framework-win-MediaFoundation: 216162199b28c13a410421893ffa2e32 -> 
  custom:SearchIndexIgnoredProperties: e643bd26f0fe6173181afceb89e7c659 -> 
  custom:container-demuxer-ogg: 62fdf1f143b41e24485cea50d1cbac27 -> 
  custom:video-decoder-webm-vp8: 9c59270c3fd7afecdb556c50c9e8de78 -> 
  custom:audio-decoder-ogg-vorbis: bf7c407c2cedff20999df2af8eb42d56 -> 
========================================================================
Received Import Request.
  Time since last request: 64.705726 seconds.
  path: Assets/Scripts/Canvas/SwipeIconAnimation.cs
  artifactKey: Guid(22572f609ba32b54fb930aa233d09e91) Importer(815301076,1909f56bfc062723c751e8b465ee728b)
Number of updated assets reloaded before import = 0
Start importing Assets/Scripts/Canvas/SwipeIconAnimation.cs using Guid(22572f609ba32b54fb930aa233d09e91) Importer(815301076,1909f56bfc062723c751e8b465ee728b)  -> (artifact id: '00000000000000000000000000000000') in 0.002949 seconds  code(4) message(Build asset version error: assets/scripts/canvas/swipeiconanimation.cs in SourceAssetDB has modification time of '2025-09-29T05:50:02.4630183Z' while content on disk has modification time of '2025-09-29T05:51:08.7584269Z')
  ERROR: Build asset version error: assets/scripts/canvas/swipeiconanimation.cs in SourceAssetDB has modification time of '2025-09-29T05:50:02.4630183Z' while content on disk has modification time of '2025-09-29T05:51:08.7584269Z'
Number of asset objects unloaded after import = 0
========================================================================
Received Prepare
Registering precompiled user dll's ...
Registered in 0.013002 seconds.
Begin MonoManager ReloadAssembly
Native extension for WindowsStandalone target not found
Failed to load: C:/Program Files/Unity/Hub/Editor/2021.3.36f1/Editor/Data/PlaybackEngines/iOSSupport\x64\UnityEditor.iOS.Native.dll
Native extension for iOS target not found
Native extension for Android target not found
Native extension for WebGL target not found
Refreshing native plugins compatible for Editor in 0.95 ms, found 3 plugins.
Preloading 0 native plugins for Editor in 0.00 ms.
[Package Manager] Server::EnsureServerProcessIsRunning -- launch failed, reason: Unity was launched with the -noUpm command-line argument
[Package Manager] Cannot connect to Unity Package Manager local server
[Package Manager] Server::EnsureServerProcessIsRunning -- launch failed, reason: Unity was launched with the -noUpm command-line argument
[Package Manager] Cannot connect to Unity Package Manager local server
[ScriptCompilation] NOT recompiling all scripts because this is an import worker process. Reason to compile was: Define symbols changed
Mono: successfully reloaded assembly
- Completed reload, in  1.476 seconds
Domain Reload Profiling:
	ReloadAssembly (1477ms)
		BeginReloadAssembly (121ms)
			ExecutionOrderSort (0ms)
			DisableScriptedObjects (4ms)
			BackupInstance (0ms)
			ReleaseScriptingObjects (0ms)
			CreateAndSetChildDomain (28ms)
		EndReloadAssembly (1263ms)
			LoadAssemblies (90ms)
			RebuildTransferFunctionScriptingTraits (0ms)
			SetupTypeCache (300ms)
			ReleaseScriptCaches (2ms)
			RebuildScriptCaches (49ms)
			SetupLoadedEditorAssemblies (783ms)
				LogAssemblyErrors (0ms)
				InitializePlatformSupportModulesInManaged (39ms)
				SetLoadedEditorAssemblies (1ms)
				RefreshPlugins (1ms)
				BeforeProcessingInitializeOnLoad (85ms)
				ProcessInitializeOnLoadAttributes (598ms)
				ProcessInitializeOnLoadMethodAttributes (55ms)
				AfterProcessingInitializeOnLoad (5ms)
				EditorAssembliesLoaded (0ms)
			ExecutionOrderSort2 (0ms)
			AwakeInstancesAfterBackupRestoration (6ms)
Platform modules already initialized, skipping
Refreshing native plugins compatible for Editor in 0.98 ms, found 3 plugins.
Preloading 0 native plugins for Editor in 0.00 ms.
Unloading 4413 Unused Serialized files (Serialized files now loaded: 0)
Unloading 53 unused Assets / (167.3 KB). Loaded Objects now: 5086.
Memory consumption went from 159.1 MB to 159.0 MB.
Total: 4.325700 ms (FindLiveObjects: 0.366600 ms CreateObjectMapping: 0.185600 ms MarkObjects: 3.694000 ms  DeleteObjects: 0.078000 ms)

AssetImportParameters requested are different than current active one (requested -> active):
  custom:video-decoder-ogg-theora: a1e56fd34408186e4bbccfd4996cb3dc -> 
  custom:container-muxer-webm: aa71ff27fc2769a1b78a27578f13a17b -> 
  custom:container-demuxer-webm: 4f35f7cbe854078d1ac9338744f61a02 -> 
  custom:video-encoder-webm-vp8: eb34c28f22e8b96e1ab97ce403110664 -> 
  custom:video-codec-MediaFoundation-h265: 746d11721c4dcdbdad8f713fa42b33f4 -> 
  custom:CustomObjectIndexerAttribute: bc11b3a6c3213fcdd17b65e7da85e133 -> 
  custom:audio-encoder-webm-vorbis: bf7c407c2cedff20999df2af8eb42d56 -> 
  custom:framework-win-MediaFoundation: 216162199b28c13a410421893ffa2e32 -> 
  custom:SearchIndexIgnoredProperties: e643bd26f0fe6173181afceb89e7c659 -> 
  custom:container-demuxer-ogg: 62fdf1f143b41e24485cea50d1cbac27 -> 
  custom:video-decoder-webm-vp8: 9c59270c3fd7afecdb556c50c9e8de78 -> 
  custom:audio-decoder-ogg-vorbis: bf7c407c2cedff20999df2af8eb42d56 -> 
========================================================================
Received Import Request.
  Time since last request: 7.938166 seconds.
  path: Assets/Scripts/Canvas/SwipeIconAnimation.cs
  artifactKey: Guid(22572f609ba32b54fb930aa233d09e91) Importer(815301076,1909f56bfc062723c751e8b465ee728b)
Number of updated assets reloaded before import = 0
Start importing Assets/Scripts/Canvas/SwipeIconAnimation.cs using Guid(22572f609ba32b54fb930aa233d09e91) Importer(815301076,1909f56bfc062723c751e8b465ee728b)  -> (artifact id: '8f05a1f8942b9e519d30f577aa11c040') in 0.011268 seconds 
Number of asset objects unloaded after import = 0
========================================================================
Received Prepare
Registering precompiled user dll's ...
Registered in 0.014472 seconds.
Begin MonoManager ReloadAssembly
Native extension for WindowsStandalone target not found
Failed to load: C:/Program Files/Unity/Hub/Editor/2021.3.36f1/Editor/Data/PlaybackEngines/iOSSupport\x64\UnityEditor.iOS.Native.dll
Native extension for iOS target not found
Native extension for Android target not found
Native extension for WebGL target not found
Refreshing native plugins compatible for Editor in 0.95 ms, found 3 plugins.
Preloading 0 native plugins for Editor in 0.00 ms.
[Package Manager] Server::EnsureServerProcessIsRunning -- launch failed, reason: Unity was launched with the -noUpm command-line argument
[Package Manager] Cannot connect to Unity Package Manager local server
[Package Manager] Server::EnsureServerProcessIsRunning -- launch failed, reason: Unity was launched with the -noUpm command-line argument
[Package Manager] Cannot connect to Unity Package Manager local server
System.IO.IOException: Sharing violation on path C:\UnityProject\Run\Assets\PluginYourGames\Editor\ModulesListYG2.txt
  at System.IO.FileStream..ctor (System.String path, System.IO.FileMode mode, System.IO.FileAccess access, System.IO.FileShare share, System.Int32 bufferSize, System.Boolean anonymous, System.IO.FileOptions options) [0x0019e] in <b4dec521950c405ea4b0b85c62087906>:0 
  at System.IO.FileStream..ctor (System.String path, System.IO.FileMode mode, System.IO.FileAccess access, System.IO.FileShare share, System.Int32 bufferSize, System.IO.FileOptions options) [0x00000] in <b4dec521950c405ea4b0b85c62087906>:0 
  at (wrapper remoting-invoke-with-check) System.IO.FileStream..ctor(string,System.IO.FileMode,System.IO.FileAccess,System.IO.FileShare,int,System.IO.FileOptions)
  at System.IO.StreamReader..ctor (System.String path, System.Text.Encoding encoding, System.Boolean detectEncodingFromByteOrderMarks, System.Int32 bufferSize) [0x00055] in <b4dec521950c405ea4b0b85c62087906>:0 
  at System.IO.StreamReader..ctor (System.String path, System.Text.Encoding encoding) [0x00000] in <b4dec521950c405ea4b0b85c62087906>:0 
  at (wrapper remoting-invoke-with-check) System.IO.StreamReader..ctor(string,System.Text.Encoding)
  at System.IO.File.InternalReadAllLines (System.String path, System.Text.Encoding encoding) [0x00006] in <b4dec521950c405ea4b0b85c62087906>:0 
  at System.IO.File.ReadAllLines (System.String path) [0x0002c] in <b4dec521950c405ea4b0b85c62087906>:0 
  at YG.EditorScr.DefineSymbols.ModulesDefineSymbols () [0x00035] in C:\UnityProject\Run\Assets\PluginYourGames\Scripts\EditorScr\DefineSymbols.cs:146 
  at YG.EditorScr.DefineSymbols.UpdateDefineSymbols () [0x0000f] in C:\UnityProject\Run\Assets\PluginYourGames\Scripts\EditorScr\DefineSymbols.cs:57 
  at YG.EditorScr.DefineSymbols..cctor () [0x00023] in C:\UnityProject\Run\Assets\PluginYourGames\Scripts\EditorScr\DefineSymbols.cs:31 
UnityEngine.StackTraceUtility:ExtractStackTrace ()
UnityEngine.DebugLogHandler:LogFormat (UnityEngine.LogType,UnityEngine.Object,string,object[])
UnityEngine.Logger:Log (UnityEngine.LogType,object)
UnityEngine.Debug:LogError (object)
UnityEditor.EditorAssemblies:ProcessInitializeOnLoadAttributes (System.Type[])

Mono: successfully reloaded assembly
- Completed reload, in  1.547 seconds
Domain Reload Profiling:
	ReloadAssembly (1548ms)
		BeginReloadAssembly (124ms)
			ExecutionOrderSort (0ms)
			DisableScriptedObjects (4ms)
			BackupInstance (0ms)
			ReleaseScriptingObjects (0ms)
			CreateAndSetChildDomain (31ms)
		EndReloadAssembly (1353ms)
			LoadAssemblies (83ms)
			RebuildTransferFunctionScriptingTraits (0ms)
			SetupTypeCache (276ms)
			ReleaseScriptCaches (2ms)
			RebuildScriptCaches (49ms)
			SetupLoadedEditorAssemblies (884ms)
				LogAssemblyErrors (0ms)
				InitializePlatformSupportModulesInManaged (40ms)
				SetLoadedEditorAssemblies (1ms)
				RefreshPlugins (1ms)
				BeforeProcessingInitializeOnLoad (90ms)
				ProcessInitializeOnLoadAttributes (647ms)
				ProcessInitializeOnLoadMethodAttributes (98ms)
				AfterProcessingInitializeOnLoad (7ms)
				EditorAssembliesLoaded (0ms)
			ExecutionOrderSort2 (0ms)
			AwakeInstancesAfterBackupRestoration (9ms)
Platform modules already initialized, skipping
Refreshing native plugins compatible for Editor in 1.22 ms, found 3 plugins.
Preloading 0 native plugins for Editor in 0.00 ms.
Unloading 4413 Unused Serialized files (Serialized files now loaded: 0)
Unloading 53 unused Assets / (167.3 KB). Loaded Objects now: 5089.
Memory consumption went from 159.1 MB to 158.9 MB.
Total: 4.848200 ms (FindLiveObjects: 0.358300 ms CreateObjectMapping: 0.191700 ms MarkObjects: 4.220300 ms  DeleteObjects: 0.076000 ms)

AssetImportParameters requested are different than current active one (requested -> active):
  custom:video-decoder-ogg-theora: a1e56fd34408186e4bbccfd4996cb3dc -> 
  custom:container-muxer-webm: aa71ff27fc2769a1b78a27578f13a17b -> 
  custom:container-demuxer-webm: 4f35f7cbe854078d1ac9338744f61a02 -> 
  custom:video-encoder-webm-vp8: eb34c28f22e8b96e1ab97ce403110664 -> 
  custom:video-codec-MediaFoundation-h265: 746d11721c4dcdbdad8f713fa42b33f4 -> 
  custom:CustomObjectIndexerAttribute: bc11b3a6c3213fcdd17b65e7da85e133 -> 
  custom:audio-encoder-webm-vorbis: bf7c407c2cedff20999df2af8eb42d56 -> 
  custom:framework-win-MediaFoundation: 216162199b28c13a410421893ffa2e32 -> 
  custom:SearchIndexIgnoredProperties: e643bd26f0fe6173181afceb89e7c659 -> 
  custom:container-demuxer-ogg: 62fdf1f143b41e24485cea50d1cbac27 -> 
  custom:video-decoder-webm-vp8: 9c59270c3fd7afecdb556c50c9e8de78 -> 
  custom:audio-decoder-ogg-vorbis: bf7c407c2cedff20999df2af8eb42d56 -> 
========================================================================
Received Prepare
Registering precompiled user dll's ...
Registered in 0.007956 seconds.
Begin MonoManager ReloadAssembly
Native extension for WindowsStandalone target not found
Failed to load: C:/Program Files/Unity/Hub/Editor/2021.3.36f1/Editor/Data/PlaybackEngines/iOSSupport\x64\UnityEditor.iOS.Native.dll
Native extension for iOS target not found
Native extension for Android target not found
Native extension for WebGL target not found
Refreshing native plugins compatible for Editor in 1.41 ms, found 3 plugins.
Preloading 0 native plugins for Editor in 0.00 ms.
[Package Manager] Server::EnsureServerProcessIsRunning -- launch failed, reason: Unity was launched with the -noUpm command-line argument
[Package Manager] Cannot connect to Unity Package Manager local server
[Package Manager] Server::EnsureServerProcessIsRunning -- launch failed, reason: Unity was launched with the -noUpm command-line argument
[Package Manager] Cannot connect to Unity Package Manager local server
[ScriptCompilation] NOT recompiling all scripts because this is an import worker process. Reason to compile was: Define symbols changed
Mono: successfully reloaded assembly
- Completed reload, in  2.301 seconds
Domain Reload Profiling:
	ReloadAssembly (2302ms)
		BeginReloadAssembly (193ms)
			ExecutionOrderSort (0ms)
			DisableScriptedObjects (7ms)
			BackupInstance (0ms)
			ReleaseScriptingObjects (0ms)
			CreateAndSetChildDomain (41ms)
		EndReloadAssembly (1982ms)
			LoadAssemblies (140ms)
			RebuildTransferFunctionScriptingTraits (0ms)
			SetupTypeCache (441ms)
			ReleaseScriptCaches (3ms)
			RebuildScriptCaches (106ms)
			SetupLoadedEditorAssemblies (1193ms)
				LogAssemblyErrors (0ms)
				InitializePlatformSupportModulesInManaged (72ms)
				SetLoadedEditorAssemblies (1ms)
				RefreshPlugins (2ms)
				BeforeProcessingInitializeOnLoad (156ms)
				ProcessInitializeOnLoadAttributes (824ms)
				ProcessInitializeOnLoadMethodAttributes (128ms)
				AfterProcessingInitializeOnLoad (11ms)
				EditorAssembliesLoaded (0ms)
			ExecutionOrderSort2 (0ms)
			AwakeInstancesAfterBackupRestoration (14ms)
Platform modules already initialized, skipping
Refreshing native plugins compatible for Editor in 2.09 ms, found 3 plugins.
Preloading 0 native plugins for Editor in 0.00 ms.
Unloading 4413 Unused Serialized files (Serialized files now loaded: 0)
Unloading 53 unused Assets / (168.3 KB). Loaded Objects now: 5092.
Memory consumption went from 159.3 MB to 159.1 MB.
Total: 6.283100 ms (FindLiveObjects: 0.474200 ms CreateObjectMapping: 0.246000 ms MarkObjects: 5.360200 ms  DeleteObjects: 0.200600 ms)

AssetImportParameters requested are different than current active one (requested -> active):
  custom:video-decoder-ogg-theora: a1e56fd34408186e4bbccfd4996cb3dc -> 
  custom:container-muxer-webm: aa71ff27fc2769a1b78a27578f13a17b -> 
  custom:container-demuxer-webm: 4f35f7cbe854078d1ac9338744f61a02 -> 
  custom:video-encoder-webm-vp8: eb34c28f22e8b96e1ab97ce403110664 -> 
  custom:video-codec-MediaFoundation-h265: 746d11721c4dcdbdad8f713fa42b33f4 -> 
  custom:CustomObjectIndexerAttribute: bc11b3a6c3213fcdd17b65e7da85e133 -> 
  custom:audio-encoder-webm-vorbis: bf7c407c2cedff20999df2af8eb42d56 -> 
  custom:framework-win-MediaFoundation: 216162199b28c13a410421893ffa2e32 -> 
  custom:SearchIndexIgnoredProperties: e643bd26f0fe6173181afceb89e7c659 -> 
  custom:container-demuxer-ogg: 62fdf1f143b41e24485cea50d1cbac27 -> 
  custom:video-decoder-webm-vp8: 9c59270c3fd7afecdb556c50c9e8de78 -> 
  custom:audio-decoder-ogg-vorbis: bf7c407c2cedff20999df2af8eb42d56 -> 
========================================================================
Received Prepare
Registering precompiled user dll's ...
Registered in 0.006922 seconds.
Begin MonoManager ReloadAssembly
Native extension for WindowsStandalone target not found
Failed to load: C:/Program Files/Unity/Hub/Editor/2021.3.36f1/Editor/Data/PlaybackEngines/iOSSupport\x64\UnityEditor.iOS.Native.dll
Native extension for iOS target not found
Native extension for Android target not found
Native extension for WebGL target not found
Refreshing native plugins compatible for Editor in 0.95 ms, found 3 plugins.
Preloading 0 native plugins for Editor in 0.00 ms.
[Package Manager] Server::EnsureServerProcessIsRunning -- launch failed, reason: Unity was launched with the -noUpm command-line argument
[Package Manager] Cannot connect to Unity Package Manager local server
[Package Manager] Server::EnsureServerProcessIsRunning -- launch failed, reason: Unity was launched with the -noUpm command-line argument
[Package Manager] Cannot connect to Unity Package Manager local server
[ScriptCompilation] NOT recompiling all scripts because this is an import worker process. Reason to compile was: Define symbols changed
Mono: successfully reloaded assembly
- Completed reload, in  1.768 seconds
Domain Reload Profiling:
	ReloadAssembly (1769ms)
		BeginReloadAssembly (261ms)
			ExecutionOrderSort (0ms)
			DisableScriptedObjects (8ms)
			BackupInstance (0ms)
			ReleaseScriptingObjects (0ms)
			CreateAndSetChildDomain (57ms)
		EndReloadAssembly (1359ms)
			LoadAssemblies (162ms)
			RebuildTransferFunctionScriptingTraits (0ms)
			SetupTypeCache (353ms)
			ReleaseScriptCaches (2ms)
			RebuildScriptCaches (51ms)
			SetupLoadedEditorAssemblies (792ms)
				LogAssemblyErrors (0ms)
				InitializePlatformSupportModulesInManaged (40ms)
				SetLoadedEditorAssemblies (1ms)
				RefreshPlugins (1ms)
				BeforeProcessingInitializeOnLoad (92ms)
				ProcessInitializeOnLoadAttributes (585ms)
				ProcessInitializeOnLoadMethodAttributes (68ms)
				AfterProcessingInitializeOnLoad (6ms)
				EditorAssembliesLoaded (0ms)
			ExecutionOrderSort2 (0ms)
			AwakeInstancesAfterBackupRestoration (7ms)
Platform modules already initialized, skipping
Refreshing native plugins compatible for Editor in 1.11 ms, found 3 plugins.
Preloading 0 native plugins for Editor in 0.00 ms.
Unloading 4413 Unused Serialized files (Serialized files now loaded: 0)
Unloading 53 unused Assets / (167.2 KB). Loaded Objects now: 5095.
Memory consumption went from 159.3 MB to 159.1 MB.
Total: 4.310400 ms (FindLiveObjects: 0.346500 ms CreateObjectMapping: 0.207900 ms MarkObjects: 3.682200 ms  DeleteObjects: 0.071800 ms)

AssetImportParameters requested are different than current active one (requested -> active):
  custom:video-decoder-ogg-theora: a1e56fd34408186e4bbccfd4996cb3dc -> 
  custom:container-muxer-webm: aa71ff27fc2769a1b78a27578f13a17b -> 
  custom:container-demuxer-webm: 4f35f7cbe854078d1ac9338744f61a02 -> 
  custom:video-encoder-webm-vp8: eb34c28f22e8b96e1ab97ce403110664 -> 
  custom:video-codec-MediaFoundation-h265: 746d11721c4dcdbdad8f713fa42b33f4 -> 
  custom:CustomObjectIndexerAttribute: bc11b3a6c3213fcdd17b65e7da85e133 -> 
  custom:audio-encoder-webm-vorbis: bf7c407c2cedff20999df2af8eb42d56 -> 
  custom:framework-win-MediaFoundation: 216162199b28c13a410421893ffa2e32 -> 
  custom:SearchIndexIgnoredProperties: e643bd26f0fe6173181afceb89e7c659 -> 
  custom:container-demuxer-ogg: 62fdf1f143b41e24485cea50d1cbac27 -> 
  custom:video-decoder-webm-vp8: 9c59270c3fd7afecdb556c50c9e8de78 -> 
  custom:audio-decoder-ogg-vorbis: bf7c407c2cedff20999df2af8eb42d56 -> 
========================================================================
Received Prepare
Registering precompiled user dll's ...
Registered in 0.005028 seconds.
Begin MonoManager ReloadAssembly
Native extension for WindowsStandalone target not found
Failed to load: C:/Program Files/Unity/Hub/Editor/2021.3.36f1/Editor/Data/PlaybackEngines/iOSSupport\x64\UnityEditor.iOS.Native.dll
Native extension for iOS target not found
Native extension for Android target not found
Native extension for WebGL target not found
Refreshing native plugins compatible for Editor in 1.38 ms, found 3 plugins.
Preloading 0 native plugins for Editor in 0.00 ms.
[Package Manager] Server::EnsureServerProcessIsRunning -- launch failed, reason: Unity was launched with the -noUpm command-line argument
[Package Manager] Cannot connect to Unity Package Manager local server
[Package Manager] Server::EnsureServerProcessIsRunning -- launch failed, reason: Unity was launched with the -noUpm command-line argument
[Package Manager] Cannot connect to Unity Package Manager local server
System.IO.IOException: Sharing violation on path C:\UnityProject\Run\Assets\PluginYourGames\Editor\ModulesListYG2.txt
  at System.IO.FileStream..ctor (System.String path, System.IO.FileMode mode, System.IO.FileAccess access, System.IO.FileShare share, System.Int32 bufferSize, System.Boolean anonymous, System.IO.FileOptions options) [0x0019e] in <b4dec521950c405ea4b0b85c62087906>:0 
  at System.IO.FileStream..ctor (System.String path, System.IO.FileMode mode, System.IO.FileAccess access, System.IO.FileShare share, System.Int32 bufferSize, System.IO.FileOptions options) [0x00000] in <b4dec521950c405ea4b0b85c62087906>:0 
  at (wrapper remoting-invoke-with-check) System.IO.FileStream..ctor(string,System.IO.FileMode,System.IO.FileAccess,System.IO.FileShare,int,System.IO.FileOptions)
  at System.IO.StreamReader..ctor (System.String path, System.Text.Encoding encoding, System.Boolean detectEncodingFromByteOrderMarks, System.Int32 bufferSize) [0x00055] in <b4dec521950c405ea4b0b85c62087906>:0 
  at System.IO.StreamReader..ctor (System.String path, System.Text.Encoding encoding) [0x00000] in <b4dec521950c405ea4b0b85c62087906>:0 
  at (wrapper remoting-invoke-with-check) System.IO.StreamReader..ctor(string,System.Text.Encoding)
  at System.IO.File.InternalReadAllLines (System.String path, System.Text.Encoding encoding) [0x00006] in <b4dec521950c405ea4b0b85c62087906>:0 
  at System.IO.File.ReadAllLines (System.String path) [0x0002c] in <b4dec521950c405ea4b0b85c62087906>:0 
  at YG.EditorScr.DefineSymbols.ModulesDefineSymbols () [0x00035] in C:\UnityProject\Run\Assets\PluginYourGames\Scripts\EditorScr\DefineSymbols.cs:146 
  at YG.EditorScr.DefineSymbols.UpdateDefineSymbols () [0x0000f] in C:\UnityProject\Run\Assets\PluginYourGames\Scripts\EditorScr\DefineSymbols.cs:57 
  at YG.EditorScr.DefineSymbols..cctor () [0x00023] in C:\UnityProject\Run\Assets\PluginYourGames\Scripts\EditorScr\DefineSymbols.cs:31 
UnityEngine.StackTraceUtility:ExtractStackTrace ()
UnityEngine.DebugLogHandler:LogFormat (UnityEngine.LogType,UnityEngine.Object,string,object[])
UnityEngine.Logger:Log (UnityEngine.LogType,object)
UnityEngine.Debug:LogError (object)
UnityEditor.EditorAssemblies:ProcessInitializeOnLoadAttributes (System.Type[])

Mono: successfully reloaded assembly
- Completed reload, in  2.418 seconds
Domain Reload Profiling:
	ReloadAssembly (2420ms)
		BeginReloadAssembly (208ms)
			ExecutionOrderSort (0ms)
			DisableScriptedObjects (7ms)
			BackupInstance (0ms)
			ReleaseScriptingObjects (0ms)
			CreateAndSetChildDomain (40ms)
		EndReloadAssembly (2068ms)
			LoadAssemblies (148ms)
			RebuildTransferFunctionScriptingTraits (0ms)
			SetupTypeCache (454ms)
			ReleaseScriptCaches (3ms)
			RebuildScriptCaches (90ms)
			SetupLoadedEditorAssemblies (1277ms)
				LogAssemblyErrors (0ms)
				InitializePlatformSupportModulesInManaged (74ms)
				SetLoadedEditorAssemblies (1ms)
				RefreshPlugins (2ms)
				BeforeProcessingInitializeOnLoad (162ms)
				ProcessInitializeOnLoadAttributes (878ms)
				ProcessInitializeOnLoadMethodAttributes (146ms)
				AfterProcessingInitializeOnLoad (14ms)
				EditorAssembliesLoaded (1ms)
			ExecutionOrderSort2 (0ms)
			AwakeInstancesAfterBackupRestoration (13ms)
Platform modules already initialized, skipping
Refreshing native plugins compatible for Editor in 1.82 ms, found 3 plugins.
Preloading 0 native plugins for Editor in 0.00 ms.
Unloading 4413 Unused Serialized files (Serialized files now loaded: 0)
Unloading 53 unused Assets / (168.3 KB). Loaded Objects now: 5098.
Memory consumption went from 159.3 MB to 159.2 MB.
Total: 5.822300 ms (FindLiveObjects: 0.521600 ms CreateObjectMapping: 0.237700 ms MarkObjects: 4.911600 ms  DeleteObjects: 0.148800 ms)

AssetImportParameters requested are different than current active one (requested -> active):
  custom:video-decoder-ogg-theora: a1e56fd34408186e4bbccfd4996cb3dc -> 
  custom:container-muxer-webm: aa71ff27fc2769a1b78a27578f13a17b -> 
  custom:container-demuxer-webm: 4f35f7cbe854078d1ac9338744f61a02 -> 
  custom:video-encoder-webm-vp8: eb34c28f22e8b96e1ab97ce403110664 -> 
  custom:video-codec-MediaFoundation-h265: 746d11721c4dcdbdad8f713fa42b33f4 -> 
  custom:CustomObjectIndexerAttribute: bc11b3a6c3213fcdd17b65e7da85e133 -> 
  custom:audio-encoder-webm-vorbis: bf7c407c2cedff20999df2af8eb42d56 -> 
  custom:framework-win-MediaFoundation: 216162199b28c13a410421893ffa2e32 -> 
  custom:SearchIndexIgnoredProperties: e643bd26f0fe6173181afceb89e7c659 -> 
  custom:container-demuxer-ogg: 62fdf1f143b41e24485cea50d1cbac27 -> 
  custom:video-decoder-webm-vp8: 9c59270c3fd7afecdb556c50c9e8de78 -> 
  custom:audio-decoder-ogg-vorbis: bf7c407c2cedff20999df2af8eb42d56 -> 
========================================================================
Received Prepare
Registering precompiled user dll's ...
Registered in 0.014412 seconds.
Begin MonoManager ReloadAssembly
Native extension for WindowsStandalone target not found
Failed to load: C:/Program Files/Unity/Hub/Editor/2021.3.36f1/Editor/Data/PlaybackEngines/iOSSupport\x64\UnityEditor.iOS.Native.dll
Native extension for iOS target not found
Native extension for Android target not found
Native extension for WebGL target not found
Refreshing native plugins compatible for Editor in 2.03 ms, found 3 plugins.
Preloading 0 native plugins for Editor in 0.00 ms.
[Package Manager] Server::EnsureServerProcessIsRunning -- launch failed, reason: Unity was launched with the -noUpm command-line argument
[Package Manager] Cannot connect to Unity Package Manager local server
[Package Manager] Server::EnsureServerProcessIsRunning -- launch failed, reason: Unity was launched with the -noUpm command-line argument
[Package Manager] Cannot connect to Unity Package Manager local server
System.IO.IOException: Sharing violation on path C:\UnityProject\Run\Assets\PluginYourGames\Editor\ModulesListYG2.txt
  at System.IO.FileStream..ctor (System.String path, System.IO.FileMode mode, System.IO.FileAccess access, System.IO.FileShare share, System.Int32 bufferSize, System.Boolean anonymous, System.IO.FileOptions options) [0x0019e] in <b4dec521950c405ea4b0b85c62087906>:0 
  at System.IO.FileStream..ctor (System.String path, System.IO.FileMode mode, System.IO.FileAccess access, System.IO.FileShare share, System.Int32 bufferSize, System.IO.FileOptions options) [0x00000] in <b4dec521950c405ea4b0b85c62087906>:0 
  at (wrapper remoting-invoke-with-check) System.IO.FileStream..ctor(string,System.IO.FileMode,System.IO.FileAccess,System.IO.FileShare,int,System.IO.FileOptions)
  at System.IO.StreamWriter..ctor (System.String path, System.Boolean append, System.Text.Encoding encoding, System.Int32 bufferSize) [0x00055] in <b4dec521950c405ea4b0b85c62087906>:0 
  at System.IO.StreamWriter..ctor (System.String path) [0x00008] in <b4dec521950c405ea4b0b85c62087906>:0 
  at (wrapper remoting-invoke-with-check) System.IO.StreamWriter..ctor(string)
  at System.IO.File.WriteAllText (System.String path, System.String contents) [0x00026] in <b4dec521950c405ea4b0b85c62087906>:0 
  at YG.EditorScr.DefineSymbols.ModulesDefineSymbols () [0x001e9] in C:\UnityProject\Run\Assets\PluginYourGames\Scripts\EditorScr\DefineSymbols.cs:215 
  at YG.EditorScr.DefineSymbols.UpdateDefineSymbols () [0x0000f] in C:\UnityProject\Run\Assets\PluginYourGames\Scripts\EditorScr\DefineSymbols.cs:57 
  at YG.EditorScr.DefineSymbols..cctor () [0x00023] in C:\UnityProject\Run\Assets\PluginYourGames\Scripts\EditorScr\DefineSymbols.cs:31 
UnityEngine.StackTraceUtility:ExtractStackTrace ()
UnityEngine.DebugLogHandler:LogFormat (UnityEngine.LogType,UnityEngine.Object,string,object[])
UnityEngine.Logger:Log (UnityEngine.LogType,object)
UnityEngine.Debug:LogError (object)
UnityEditor.EditorAssemblies:ProcessInitializeOnLoadAttributes (System.Type[])

Mono: successfully reloaded assembly
- Completed reload, in  2.358 seconds
Domain Reload Profiling:
	ReloadAssembly (2359ms)
		BeginReloadAssembly (261ms)
			ExecutionOrderSort (0ms)
			DisableScriptedObjects (10ms)
			BackupInstance (0ms)
			ReleaseScriptingObjects (0ms)
			CreateAndSetChildDomain (55ms)
		EndReloadAssembly (1936ms)
			LoadAssemblies (190ms)
			RebuildTransferFunctionScriptingTraits (0ms)
			SetupTypeCache (478ms)
			ReleaseScriptCaches (3ms)
			RebuildScriptCaches (92ms)
			SetupLoadedEditorAssemblies (1138ms)
				LogAssemblyErrors (0ms)
				InitializePlatformSupportModulesInManaged (64ms)
				SetLoadedEditorAssemblies (1ms)
				RefreshPlugins (2ms)
				BeforeProcessingInitializeOnLoad (144ms)
				ProcessInitializeOnLoadAttributes (799ms)
				ProcessInitializeOnLoadMethodAttributes (116ms)
				AfterProcessingInitializeOnLoad (12ms)
				EditorAssembliesLoaded (0ms)
			ExecutionOrderSort2 (0ms)
			AwakeInstancesAfterBackupRestoration (12ms)
Platform modules already initialized, skipping
Refreshing native plugins compatible for Editor in 1.24 ms, found 3 plugins.
Preloading 0 native plugins for Editor in 0.00 ms.
Unloading 4413 Unused Serialized files (Serialized files now loaded: 0)
Unloading 53 unused Assets / (167.0 KB). Loaded Objects now: 5101.
Memory consumption went from 159.3 MB to 159.2 MB.
Total: 4.553300 ms (FindLiveObjects: 0.457400 ms CreateObjectMapping: 0.281200 ms MarkObjects: 3.730400 ms  DeleteObjects: 0.083100 ms)

AssetImportParameters requested are different than current active one (requested -> active):
  custom:video-decoder-ogg-theora: a1e56fd34408186e4bbccfd4996cb3dc -> 
  custom:container-muxer-webm: aa71ff27fc2769a1b78a27578f13a17b -> 
  custom:container-demuxer-webm: 4f35f7cbe854078d1ac9338744f61a02 -> 
  custom:video-encoder-webm-vp8: eb34c28f22e8b96e1ab97ce403110664 -> 
  custom:video-codec-MediaFoundation-h265: 746d11721c4dcdbdad8f713fa42b33f4 -> 
  custom:CustomObjectIndexerAttribute: bc11b3a6c3213fcdd17b65e7da85e133 -> 
  custom:audio-encoder-webm-vorbis: bf7c407c2cedff20999df2af8eb42d56 -> 
  custom:framework-win-MediaFoundation: 216162199b28c13a410421893ffa2e32 -> 
  custom:SearchIndexIgnoredProperties: e643bd26f0fe6173181afceb89e7c659 -> 
  custom:container-demuxer-ogg: 62fdf1f143b41e24485cea50d1cbac27 -> 
  custom:video-decoder-webm-vp8: 9c59270c3fd7afecdb556c50c9e8de78 -> 
  custom:audio-decoder-ogg-vorbis: bf7c407c2cedff20999df2af8eb42d56 -> 
========================================================================
Received Prepare
Registering precompiled user dll's ...
Registered in 0.020851 seconds.
Begin MonoManager ReloadAssembly
Native extension for WindowsStandalone target not found
Failed to load: C:/Program Files/Unity/Hub/Editor/2021.3.36f1/Editor/Data/PlaybackEngines/iOSSupport\x64\UnityEditor.iOS.Native.dll
Native extension for iOS target not found
Native extension for Android target not found
Native extension for WebGL target not found
Refreshing native plugins compatible for Editor in 1.03 ms, found 3 plugins.
Preloading 0 native plugins for Editor in 0.00 ms.
[Package Manager] Server::EnsureServerProcessIsRunning -- launch failed, reason: Unity was launched with the -noUpm command-line argument
[Package Manager] Cannot connect to Unity Package Manager local server
[Package Manager] Server::EnsureServerProcessIsRunning -- launch failed, reason: Unity was launched with the -noUpm command-line argument
[Package Manager] Cannot connect to Unity Package Manager local server
[ScriptCompilation] NOT recompiling all scripts because this is an import worker process. Reason to compile was: Define symbols changed
Mono: successfully reloaded assembly
- Completed reload, in  1.858 seconds
Domain Reload Profiling:
	ReloadAssembly (1859ms)
		BeginReloadAssembly (200ms)
			ExecutionOrderSort (0ms)
			DisableScriptedObjects (7ms)
			BackupInstance (0ms)
			ReleaseScriptingObjects (0ms)
			CreateAndSetChildDomain (46ms)
		EndReloadAssembly (1484ms)
			LoadAssemblies (158ms)
			RebuildTransferFunctionScriptingTraits (0ms)
			SetupTypeCache (417ms)
			ReleaseScriptCaches (2ms)
			RebuildScriptCaches (64ms)
			SetupLoadedEditorAssemblies (808ms)
				LogAssemblyErrors (0ms)
				InitializePlatformSupportModulesInManaged (53ms)
				SetLoadedEditorAssemblies (1ms)
				RefreshPlugins (1ms)
				BeforeProcessingInitializeOnLoad (99ms)
				ProcessInitializeOnLoadAttributes (580ms)
				ProcessInitializeOnLoadMethodAttributes (69ms)
				AfterProcessingInitializeOnLoad (6ms)
				EditorAssembliesLoaded (0ms)
			ExecutionOrderSort2 (0ms)
			AwakeInstancesAfterBackupRestoration (8ms)
Platform modules already initialized, skipping
Refreshing native plugins compatible for Editor in 1.18 ms, found 3 plugins.
Preloading 0 native plugins for Editor in 0.00 ms.
Unloading 4413 Unused Serialized files (Serialized files now loaded: 0)
Unloading 53 unused Assets / (167.4 KB). Loaded Objects now: 5104.
Memory consumption went from 159.2 MB to 159.0 MB.
Total: 4.898800 ms (FindLiveObjects: 0.363400 ms CreateObjectMapping: 0.197400 ms MarkObjects: 4.250600 ms  DeleteObjects: 0.085400 ms)

AssetImportParameters requested are different than current active one (requested -> active):
  custom:video-decoder-ogg-theora: a1e56fd34408186e4bbccfd4996cb3dc -> 
  custom:container-muxer-webm: aa71ff27fc2769a1b78a27578f13a17b -> 
  custom:container-demuxer-webm: 4f35f7cbe854078d1ac9338744f61a02 -> 
  custom:video-encoder-webm-vp8: eb34c28f22e8b96e1ab97ce403110664 -> 
  custom:video-codec-MediaFoundation-h265: 746d11721c4dcdbdad8f713fa42b33f4 -> 
  custom:CustomObjectIndexerAttribute: bc11b3a6c3213fcdd17b65e7da85e133 -> 
  custom:audio-encoder-webm-vorbis: bf7c407c2cedff20999df2af8eb42d56 -> 
  custom:framework-win-MediaFoundation: 216162199b28c13a410421893ffa2e32 -> 
  custom:SearchIndexIgnoredProperties: e643bd26f0fe6173181afceb89e7c659 -> 
  custom:container-demuxer-ogg: 62fdf1f143b41e24485cea50d1cbac27 -> 
  custom:video-decoder-webm-vp8: 9c59270c3fd7afecdb556c50c9e8de78 -> 
  custom:audio-decoder-ogg-vorbis: bf7c407c2cedff20999df2af8eb42d56 -> 
========================================================================
Received Prepare
Registering precompiled user dll's ...
Registered in 0.012723 seconds.
Begin MonoManager ReloadAssembly
Native extension for WindowsStandalone target not found
Failed to load: C:/Program Files/Unity/Hub/Editor/2021.3.36f1/Editor/Data/PlaybackEngines/iOSSupport\x64\UnityEditor.iOS.Native.dll
Native extension for iOS target not found
Native extension for Android target not found
Native extension for WebGL target not found
Refreshing native plugins compatible for Editor in 1.92 ms, found 3 plugins.
Preloading 0 native plugins for Editor in 0.00 ms.
[Package Manager] Server::EnsureServerProcessIsRunning -- launch failed, reason: Unity was launched with the -noUpm command-line argument
[Package Manager] Cannot connect to Unity Package Manager local server
[Package Manager] Server::EnsureServerProcessIsRunning -- launch failed, reason: Unity was launched with the -noUpm command-line argument
[Package Manager] Cannot connect to Unity Package Manager local server
[ScriptCompilation] NOT recompiling all scripts because this is an import worker process. Reason to compile was: Define symbols changed
Mono: successfully reloaded assembly
- Completed reload, in  2.450 seconds
Domain Reload Profiling:
	ReloadAssembly (2451ms)
		BeginReloadAssembly (204ms)
			ExecutionOrderSort (0ms)
			DisableScriptedObjects (7ms)
			BackupInstance (0ms)
			ReleaseScriptingObjects (0ms)
			CreateAndSetChildDomain (47ms)
		EndReloadAssembly (2117ms)
			LoadAssemblies (143ms)
			RebuildTransferFunctionScriptingTraits (0ms)
			SetupTypeCache (491ms)
			ReleaseScriptCaches (3ms)
			RebuildScriptCaches (96ms)
			SetupLoadedEditorAssemblies (1293ms)
				LogAssemblyErrors (0ms)
				InitializePlatformSupportModulesInManaged (95ms)
				SetLoadedEditorAssemblies (1ms)
				RefreshPlugins (2ms)
				BeforeProcessingInitializeOnLoad (158ms)
				ProcessInitializeOnLoadAttributes (883ms)
				ProcessInitializeOnLoadMethodAttributes (142ms)
				AfterProcessingInitializeOnLoad (11ms)
				EditorAssembliesLoaded (0ms)
			ExecutionOrderSort2 (0ms)
			AwakeInstancesAfterBackupRestoration (13ms)
Platform modules already initialized, skipping
Refreshing native plugins compatible for Editor in 1.67 ms, found 3 plugins.
Preloading 0 native plugins for Editor in 0.00 ms.
Unloading 4413 Unused Serialized files (Serialized files now loaded: 0)
Unloading 53 unused Assets / (167.2 KB). Loaded Objects now: 5107.
Memory consumption went from 159.4 MB to 159.2 MB.
Total: 6.530800 ms (FindLiveObjects: 0.486400 ms CreateObjectMapping: 0.268100 ms MarkObjects: 5.605600 ms  DeleteObjects: 0.168100 ms)

AssetImportParameters requested are different than current active one (requested -> active):
  custom:video-decoder-ogg-theora: a1e56fd34408186e4bbccfd4996cb3dc -> 
  custom:container-muxer-webm: aa71ff27fc2769a1b78a27578f13a17b -> 
  custom:container-demuxer-webm: 4f35f7cbe854078d1ac9338744f61a02 -> 
  custom:video-encoder-webm-vp8: eb34c28f22e8b96e1ab97ce403110664 -> 
  custom:video-codec-MediaFoundation-h265: 746d11721c4dcdbdad8f713fa42b33f4 -> 
  custom:CustomObjectIndexerAttribute: bc11b3a6c3213fcdd17b65e7da85e133 -> 
  custom:audio-encoder-webm-vorbis: bf7c407c2cedff20999df2af8eb42d56 -> 
  custom:framework-win-MediaFoundation: 216162199b28c13a410421893ffa2e32 -> 
  custom:SearchIndexIgnoredProperties: e643bd26f0fe6173181afceb89e7c659 -> 
  custom:container-demuxer-ogg: 62fdf1f143b41e24485cea50d1cbac27 -> 
  custom:video-decoder-webm-vp8: 9c59270c3fd7afecdb556c50c9e8de78 -> 
  custom:audio-decoder-ogg-vorbis: bf7c407c2cedff20999df2af8eb42d56 -> 
========================================================================
Received Prepare
Registering precompiled user dll's ...
Registered in 0.003542 seconds.
Begin MonoManager ReloadAssembly
Native extension for WindowsStandalone target not found
Failed to load: C:/Program Files/Unity/Hub/Editor/2021.3.36f1/Editor/Data/PlaybackEngines/iOSSupport\x64\UnityEditor.iOS.Native.dll
Native extension for iOS target not found
Native extension for Android target not found
Native extension for WebGL target not found
Refreshing native plugins compatible for Editor in 0.95 ms, found 3 plugins.
Preloading 0 native plugins for Editor in 0.00 ms.
[Package Manager] Server::EnsureServerProcessIsRunning -- launch failed, reason: Unity was launched with the -noUpm command-line argument
[Package Manager] Cannot connect to Unity Package Manager local server
[Package Manager] Server::EnsureServerProcessIsRunning -- launch failed, reason: Unity was launched with the -noUpm command-line argument
[Package Manager] Cannot connect to Unity Package Manager local server
[ScriptCompilation] NOT recompiling all scripts because this is an import worker process. Reason to compile was: Define symbols changed
Mono: successfully reloaded assembly
- Completed reload, in  1.802 seconds
Domain Reload Profiling:
	ReloadAssembly (1803ms)
		BeginReloadAssembly (139ms)
			ExecutionOrderSort (0ms)
			DisableScriptedObjects (5ms)
			BackupInstance (0ms)
			ReleaseScriptingObjects (0ms)
			CreateAndSetChildDomain (32ms)
		EndReloadAssembly (1576ms)
			LoadAssemblies (95ms)
			RebuildTransferFunctionScriptingTraits (0ms)
			SetupTypeCache (288ms)
			ReleaseScriptCaches (2ms)
			RebuildScriptCaches (50ms)
			SetupLoadedEditorAssemblies (1065ms)
				LogAssemblyErrors (0ms)
				InitializePlatformSupportModulesInManaged (38ms)
				SetLoadedEditorAssemblies (1ms)
				RefreshPlugins (1ms)
				BeforeProcessingInitializeOnLoad (82ms)
				ProcessInitializeOnLoadAttributes (770ms)
				ProcessInitializeOnLoadMethodAttributes (159ms)
				AfterProcessingInitializeOnLoad (13ms)
				EditorAssembliesLoaded (0ms)
			ExecutionOrderSort2 (0ms)
			AwakeInstancesAfterBackupRestoration (15ms)
Platform modules already initialized, skipping
Refreshing native plugins compatible for Editor in 1.75 ms, found 3 plugins.
Preloading 0 native plugins for Editor in 0.00 ms.
Unloading 4413 Unused Serialized files (Serialized files now loaded: 0)
Unloading 53 unused Assets / (168.3 KB). Loaded Objects now: 5110.
Memory consumption went from 159.4 MB to 159.2 MB.
Total: 7.543100 ms (FindLiveObjects: 0.685100 ms CreateObjectMapping: 0.448500 ms MarkObjects: 6.243100 ms  DeleteObjects: 0.162900 ms)

AssetImportParameters requested are different than current active one (requested -> active):
  custom:video-decoder-ogg-theora: a1e56fd34408186e4bbccfd4996cb3dc -> 
  custom:container-muxer-webm: aa71ff27fc2769a1b78a27578f13a17b -> 
  custom:container-demuxer-webm: 4f35f7cbe854078d1ac9338744f61a02 -> 
  custom:video-encoder-webm-vp8: eb34c28f22e8b96e1ab97ce403110664 -> 
  custom:video-codec-MediaFoundation-h265: 746d11721c4dcdbdad8f713fa42b33f4 -> 
  custom:CustomObjectIndexerAttribute: bc11b3a6c3213fcdd17b65e7da85e133 -> 
  custom:audio-encoder-webm-vorbis: bf7c407c2cedff20999df2af8eb42d56 -> 
  custom:framework-win-MediaFoundation: 216162199b28c13a410421893ffa2e32 -> 
  custom:SearchIndexIgnoredProperties: e643bd26f0fe6173181afceb89e7c659 -> 
  custom:container-demuxer-ogg: 62fdf1f143b41e24485cea50d1cbac27 -> 
  custom:video-decoder-webm-vp8: 9c59270c3fd7afecdb556c50c9e8de78 -> 
  custom:audio-decoder-ogg-vorbis: bf7c407c2cedff20999df2af8eb42d56 -> 
========================================================================
Received Prepare
Registering precompiled user dll's ...
Registered in 0.013197 seconds.
Begin MonoManager ReloadAssembly
Native extension for WindowsStandalone target not found
Failed to load: C:/Program Files/Unity/Hub/Editor/2021.3.36f1/Editor/Data/PlaybackEngines/iOSSupport\x64\UnityEditor.iOS.Native.dll
Native extension for iOS target not found
Native extension for Android target not found
Native extension for WebGL target not found
Refreshing native plugins compatible for Editor in 1.13 ms, found 3 plugins.
Preloading 0 native plugins for Editor in 0.00 ms.
[Package Manager] Server::EnsureServerProcessIsRunning -- launch failed, reason: Unity was launched with the -noUpm command-line argument
[Package Manager] Cannot connect to Unity Package Manager local server
[Package Manager] Server::EnsureServerProcessIsRunning -- launch failed, reason: Unity was launched with the -noUpm command-line argument
[Package Manager] Cannot connect to Unity Package Manager local server
[ScriptCompilation] NOT recompiling all scripts because this is an import worker process. Reason to compile was: Define symbols changed
Mono: successfully reloaded assembly
- Completed reload, in  1.747 seconds
Domain Reload Profiling:
	ReloadAssembly (1748ms)
		BeginReloadAssembly (219ms)
			ExecutionOrderSort (0ms)
			DisableScriptedObjects (8ms)
			BackupInstance (0ms)
			ReleaseScriptingObjects (0ms)
			CreateAndSetChildDomain (54ms)
		EndReloadAssembly (1379ms)
			LoadAssemblies (152ms)
			RebuildTransferFunctionScriptingTraits (0ms)
			SetupTypeCache (347ms)
			ReleaseScriptCaches (2ms)
			RebuildScriptCaches (53ms)
			SetupLoadedEditorAssemblies (823ms)
				LogAssemblyErrors (0ms)
				InitializePlatformSupportModulesInManaged (47ms)
				SetLoadedEditorAssemblies (1ms)
				RefreshPlugins (1ms)
				BeforeProcessingInitializeOnLoad (109ms)
				ProcessInitializeOnLoadAttributes (598ms)
				ProcessInitializeOnLoadMethodAttributes (61ms)
				AfterProcessingInitializeOnLoad (5ms)
				EditorAssembliesLoaded (0ms)
			ExecutionOrderSort2 (0ms)
			AwakeInstancesAfterBackupRestoration (6ms)
Platform modules already initialized, skipping
Refreshing native plugins compatible for Editor in 1.60 ms, found 3 plugins.
Preloading 0 native plugins for Editor in 0.00 ms.
Unloading 4413 Unused Serialized files (Serialized files now loaded: 0)
Unloading 53 unused Assets / (168.3 KB). Loaded Objects now: 5113.
Memory consumption went from 159.4 MB to 159.2 MB.
Total: 6.940100 ms (FindLiveObjects: 0.446400 ms CreateObjectMapping: 0.240200 ms MarkObjects: 6.141800 ms  DeleteObjects: 0.109500 ms)

AssetImportParameters requested are different than current active one (requested -> active):
  custom:video-decoder-ogg-theora: a1e56fd34408186e4bbccfd4996cb3dc -> 
  custom:container-muxer-webm: aa71ff27fc2769a1b78a27578f13a17b -> 
  custom:container-demuxer-webm: 4f35f7cbe854078d1ac9338744f61a02 -> 
  custom:video-encoder-webm-vp8: eb34c28f22e8b96e1ab97ce403110664 -> 
  custom:video-codec-MediaFoundation-h265: 746d11721c4dcdbdad8f713fa42b33f4 -> 
  custom:CustomObjectIndexerAttribute: bc11b3a6c3213fcdd17b65e7da85e133 -> 
  custom:audio-encoder-webm-vorbis: bf7c407c2cedff20999df2af8eb42d56 -> 
  custom:framework-win-MediaFoundation: 216162199b28c13a410421893ffa2e32 -> 
  custom:SearchIndexIgnoredProperties: e643bd26f0fe6173181afceb89e7c659 -> 
  custom:container-demuxer-ogg: 62fdf1f143b41e24485cea50d1cbac27 -> 
  custom:video-decoder-webm-vp8: 9c59270c3fd7afecdb556c50c9e8de78 -> 
  custom:audio-decoder-ogg-vorbis: bf7c407c2cedff20999df2af8eb42d56 -> 
========================================================================
Received Prepare
Registering precompiled user dll's ...
Registered in 0.015673 seconds.
Begin MonoManager ReloadAssembly
Native extension for WindowsStandalone target not found
Failed to load: C:/Program Files/Unity/Hub/Editor/2021.3.36f1/Editor/Data/PlaybackEngines/iOSSupport\x64\UnityEditor.iOS.Native.dll
Native extension for iOS target not found
Native extension for Android target not found
Native extension for WebGL target not found
Refreshing native plugins compatible for Editor in 1.33 ms, found 3 plugins.
Preloading 0 native plugins for Editor in 0.00 ms.
[Package Manager] Server::EnsureServerProcessIsRunning -- launch failed, reason: Unity was launched with the -noUpm command-line argument
[Package Manager] Cannot connect to Unity Package Manager local server
[Package Manager] Server::EnsureServerProcessIsRunning -- launch failed, reason: Unity was launched with the -noUpm command-line argument
[Package Manager] Cannot connect to Unity Package Manager local server
[ScriptCompilation] NOT recompiling all scripts because this is an import worker process. Reason to compile was: Define symbols changed
Mono: successfully reloaded assembly
- Completed reload, in  2.704 seconds
Domain Reload Profiling:
	ReloadAssembly (2706ms)
		BeginReloadAssembly (287ms)
			ExecutionOrderSort (0ms)
			DisableScriptedObjects (10ms)
			BackupInstance (0ms)
			ReleaseScriptingObjects (0ms)
			CreateAndSetChildDomain (66ms)
		EndReloadAssembly (2230ms)
			LoadAssemblies (210ms)
			RebuildTransferFunctionScriptingTraits (0ms)
			SetupTypeCache (573ms)
			ReleaseScriptCaches (3ms)
			RebuildScriptCaches (88ms)
			SetupLoadedEditorAssemblies (1294ms)
				LogAssemblyErrors (0ms)
				InitializePlatformSupportModulesInManaged (70ms)
				SetLoadedEditorAssemblies (1ms)
				RefreshPlugins (1ms)
				BeforeProcessingInitializeOnLoad (158ms)
				ProcessInitializeOnLoadAttributes (905ms)
				ProcessInitializeOnLoadMethodAttributes (149ms)
				AfterProcessingInitializeOnLoad (10ms)
				EditorAssembliesLoaded (0ms)
			ExecutionOrderSort2 (0ms)
			AwakeInstancesAfterBackupRestoration (14ms)
Platform modules already initialized, skipping
Refreshing native plugins compatible for Editor in 1.38 ms, found 3 plugins.
Preloading 0 native plugins for Editor in 0.00 ms.
Unloading 4413 Unused Serialized files (Serialized files now loaded: 0)
Unloading 53 unused Assets / (168.1 KB). Loaded Objects now: 5116.
Memory consumption went from 159.4 MB to 159.2 MB.
Total: 5.893800 ms (FindLiveObjects: 0.446000 ms CreateObjectMapping: 0.224000 ms MarkObjects: 5.052500 ms  DeleteObjects: 0.168000 ms)

AssetImportParameters requested are different than current active one (requested -> active):
  custom:video-decoder-ogg-theora: a1e56fd34408186e4bbccfd4996cb3dc -> 
  custom:container-muxer-webm: aa71ff27fc2769a1b78a27578f13a17b -> 
  custom:container-demuxer-webm: 4f35f7cbe854078d1ac9338744f61a02 -> 
  custom:video-encoder-webm-vp8: eb34c28f22e8b96e1ab97ce403110664 -> 
  custom:video-codec-MediaFoundation-h265: 746d11721c4dcdbdad8f713fa42b33f4 -> 
  custom:CustomObjectIndexerAttribute: bc11b3a6c3213fcdd17b65e7da85e133 -> 
  custom:audio-encoder-webm-vorbis: bf7c407c2cedff20999df2af8eb42d56 -> 
  custom:framework-win-MediaFoundation: 216162199b28c13a410421893ffa2e32 -> 
  custom:SearchIndexIgnoredProperties: e643bd26f0fe6173181afceb89e7c659 -> 
  custom:container-demuxer-ogg: 62fdf1f143b41e24485cea50d1cbac27 -> 
  custom:video-decoder-webm-vp8: 9c59270c3fd7afecdb556c50c9e8de78 -> 
  custom:audio-decoder-ogg-vorbis: bf7c407c2cedff20999df2af8eb42d56 -> 
========================================================================
Received Prepare
Registering precompiled user dll's ...
Registered in 0.008030 seconds.
Begin MonoManager ReloadAssembly
Native extension for WindowsStandalone target not found
Failed to load: C:/Program Files/Unity/Hub/Editor/2021.3.36f1/Editor/Data/PlaybackEngines/iOSSupport\x64\UnityEditor.iOS.Native.dll
Native extension for iOS target not found
Native extension for Android target not found
Native extension for WebGL target not found
Refreshing native plugins compatible for Editor in 1.73 ms, found 3 plugins.
Preloading 0 native plugins for Editor in 0.00 ms.
[Package Manager] Server::EnsureServerProcessIsRunning -- launch failed, reason: Unity was launched with the -noUpm command-line argument
[Package Manager] Cannot connect to Unity Package Manager local server
[Package Manager] Server::EnsureServerProcessIsRunning -- launch failed, reason: Unity was launched with the -noUpm command-line argument
[Package Manager] Cannot connect to Unity Package Manager local server
[ScriptCompilation] NOT recompiling all scripts because this is an import worker process. Reason to compile was: Define symbols changed
Mono: successfully reloaded assembly
- Completed reload, in  2.478 seconds
Domain Reload Profiling:
	ReloadAssembly (2480ms)
		BeginReloadAssembly (230ms)
			ExecutionOrderSort (0ms)
			DisableScriptedObjects (12ms)
			BackupInstance (0ms)
			ReleaseScriptingObjects (0ms)
			CreateAndSetChildDomain (43ms)
		EndReloadAssembly (2105ms)
			LoadAssemblies (155ms)
			RebuildTransferFunctionScriptingTraits (0ms)
			SetupTypeCache (506ms)
			ReleaseScriptCaches (4ms)
			RebuildScriptCaches (84ms)
			SetupLoadedEditorAssemblies (1257ms)
				LogAssemblyErrors (0ms)
				InitializePlatformSupportModulesInManaged (77ms)
				SetLoadedEditorAssemblies (1ms)
				RefreshPlugins (2ms)
				BeforeProcessingInitializeOnLoad (157ms)
				ProcessInitializeOnLoadAttributes (859ms)
				ProcessInitializeOnLoadMethodAttributes (149ms)
				AfterProcessingInitializeOnLoad (12ms)
				EditorAssembliesLoaded (0ms)
			ExecutionOrderSort2 (0ms)
			AwakeInstancesAfterBackupRestoration (36ms)
Platform modules already initialized, skipping
Refreshing native plugins compatible for Editor in 1.61 ms, found 3 plugins.
Preloading 0 native plugins for Editor in 0.00 ms.
Unloading 4413 Unused Serialized files (Serialized files now loaded: 0)
Unloading 53 unused Assets / (167.3 KB). Loaded Objects now: 5119.
Memory consumption went from 159.2 MB to 159.0 MB.
Total: 5.419600 ms (FindLiveObjects: 0.437000 ms CreateObjectMapping: 0.234500 ms MarkObjects: 4.620200 ms  DeleteObjects: 0.125900 ms)

AssetImportParameters requested are different than current active one (requested -> active):
  custom:video-decoder-ogg-theora: a1e56fd34408186e4bbccfd4996cb3dc -> 
  custom:container-muxer-webm: aa71ff27fc2769a1b78a27578f13a17b -> 
  custom:container-demuxer-webm: 4f35f7cbe854078d1ac9338744f61a02 -> 
  custom:video-encoder-webm-vp8: eb34c28f22e8b96e1ab97ce403110664 -> 
  custom:video-codec-MediaFoundation-h265: 746d11721c4dcdbdad8f713fa42b33f4 -> 
  custom:CustomObjectIndexerAttribute: bc11b3a6c3213fcdd17b65e7da85e133 -> 
  custom:audio-encoder-webm-vorbis: bf7c407c2cedff20999df2af8eb42d56 -> 
  custom:framework-win-MediaFoundation: 216162199b28c13a410421893ffa2e32 -> 
  custom:SearchIndexIgnoredProperties: e643bd26f0fe6173181afceb89e7c659 -> 
  custom:container-demuxer-ogg: 62fdf1f143b41e24485cea50d1cbac27 -> 
  custom:video-decoder-webm-vp8: 9c59270c3fd7afecdb556c50c9e8de78 -> 
  custom:audio-decoder-ogg-vorbis: bf7c407c2cedff20999df2af8eb42d56 -> 
========================================================================
Received Prepare
Registering precompiled user dll's ...
Registered in 0.006071 seconds.
Begin MonoManager ReloadAssembly
Native extension for WindowsStandalone target not found
Failed to load: C:/Program Files/Unity/Hub/Editor/2021.3.36f1/Editor/Data/PlaybackEngines/iOSSupport\x64\UnityEditor.iOS.Native.dll
Native extension for iOS target not found
Native extension for Android target not found
Native extension for WebGL target not found
Refreshing native plugins compatible for Editor in 0.99 ms, found 3 plugins.
Preloading 0 native plugins for Editor in 0.00 ms.
[Package Manager] Server::EnsureServerProcessIsRunning -- launch failed, reason: Unity was launched with the -noUpm command-line argument
[Package Manager] Cannot connect to Unity Package Manager local server
[Package Manager] Server::EnsureServerProcessIsRunning -- launch failed, reason: Unity was launched with the -noUpm command-line argument
[Package Manager] Cannot connect to Unity Package Manager local server
System.IO.IOException: Sharing violation on path C:\UnityProject\Run\Assets\PluginYourGames\Editor\ModulesListYG2.txt
  at System.IO.FileStream..ctor (System.String path, System.IO.FileMode mode, System.IO.FileAccess access, System.IO.FileShare share, System.Int32 bufferSize, System.Boolean anonymous, System.IO.FileOptions options) [0x0019e] in <b4dec521950c405ea4b0b85c62087906>:0 
  at System.IO.FileStream..ctor (System.String path, System.IO.FileMode mode, System.IO.FileAccess access, System.IO.FileShare share, System.Int32 bufferSize, System.IO.FileOptions options) [0x00000] in <b4dec521950c405ea4b0b85c62087906>:0 
  at (wrapper remoting-invoke-with-check) System.IO.FileStream..ctor(string,System.IO.FileMode,System.IO.FileAccess,System.IO.FileShare,int,System.IO.FileOptions)
  at System.IO.StreamWriter..ctor (System.String path, System.Boolean append, System.Text.Encoding encoding, System.Int32 bufferSize) [0x00055] in <b4dec521950c405ea4b0b85c62087906>:0 
  at System.IO.StreamWriter..ctor (System.String path) [0x00008] in <b4dec521950c405ea4b0b85c62087906>:0 
  at (wrapper remoting-invoke-with-check) System.IO.StreamWriter..ctor(string)
  at System.IO.File.WriteAllText (System.String path, System.String contents) [0x00026] in <b4dec521950c405ea4b0b85c62087906>:0 
  at YG.EditorScr.DefineSymbols.ModulesDefineSymbols () [0x001e9] in C:\UnityProject\Run\Assets\PluginYourGames\Scripts\EditorScr\DefineSymbols.cs:215 
  at YG.EditorScr.DefineSymbols.UpdateDefineSymbols () [0x0000f] in C:\UnityProject\Run\Assets\PluginYourGames\Scripts\EditorScr\DefineSymbols.cs:57 
  at YG.EditorScr.DefineSymbols..cctor () [0x00023] in C:\UnityProject\Run\Assets\PluginYourGames\Scripts\EditorScr\DefineSymbols.cs:31 
UnityEngine.StackTraceUtility:ExtractStackTrace ()
UnityEngine.DebugLogHandler:LogFormat (UnityEngine.LogType,UnityEngine.Object,string,object[])
UnityEngine.Logger:Log (UnityEngine.LogType,object)
UnityEngine.Debug:LogError (object)
UnityEditor.EditorAssemblies:ProcessInitializeOnLoadAttributes (System.Type[])

Mono: successfully reloaded assembly
- Completed reload, in  1.691 seconds
Domain Reload Profiling:
	ReloadAssembly (1692ms)
		BeginReloadAssembly (222ms)
			ExecutionOrderSort (0ms)
			DisableScriptedObjects (7ms)
			BackupInstance (0ms)
			ReleaseScriptingObjects (0ms)
			CreateAndSetChildDomain (56ms)
		EndReloadAssembly (1337ms)
			LoadAssemblies (146ms)
			RebuildTransferFunctionScriptingTraits (0ms)
			SetupTypeCache (332ms)
			ReleaseScriptCaches (2ms)
			RebuildScriptCaches (52ms)
			SetupLoadedEditorAssemblies (793ms)
				LogAssemblyErrors (0ms)
				InitializePlatformSupportModulesInManaged (41ms)
				SetLoadedEditorAssemblies (1ms)
				RefreshPlugins (1ms)
				BeforeProcessingInitializeOnLoad (92ms)
				ProcessInitializeOnLoadAttributes (580ms)
				ProcessInitializeOnLoadMethodAttributes (70ms)
				AfterProcessingInitializeOnLoad (9ms)
				EditorAssembliesLoaded (0ms)
			ExecutionOrderSort2 (0ms)
			AwakeInstancesAfterBackupRestoration (8ms)
Platform modules already initialized, skipping
Refreshing native plugins compatible for Editor in 1.13 ms, found 3 plugins.
Preloading 0 native plugins for Editor in 0.00 ms.
Unloading 4412 Unused Serialized files (Serialized files now loaded: 0)
Unloading 54 unused Assets / (167.3 KB). Loaded Objects now: 5121.
Memory consumption went from 159.4 MB to 159.2 MB.
Total: 4.178000 ms (FindLiveObjects: 0.340400 ms CreateObjectMapping: 0.203600 ms MarkObjects: 3.551000 ms  DeleteObjects: 0.080800 ms)

AssetImportParameters requested are different than current active one (requested -> active):
  custom:video-decoder-ogg-theora: a1e56fd34408186e4bbccfd4996cb3dc -> 
  custom:container-muxer-webm: aa71ff27fc2769a1b78a27578f13a17b -> 
  custom:container-demuxer-webm: 4f35f7cbe854078d1ac9338744f61a02 -> 
  custom:video-encoder-webm-vp8: eb34c28f22e8b96e1ab97ce403110664 -> 
  custom:video-codec-MediaFoundation-h265: 746d11721c4dcdbdad8f713fa42b33f4 -> 
  custom:CustomObjectIndexerAttribute: bc11b3a6c3213fcdd17b65e7da85e133 -> 
  custom:audio-encoder-webm-vorbis: bf7c407c2cedff20999df2af8eb42d56 -> 
  custom:framework-win-MediaFoundation: 216162199b28c13a410421893ffa2e32 -> 
  custom:SearchIndexIgnoredProperties: e643bd26f0fe6173181afceb89e7c659 -> 
  custom:container-demuxer-ogg: 62fdf1f143b41e24485cea50d1cbac27 -> 
  custom:video-decoder-webm-vp8: 9c59270c3fd7afecdb556c50c9e8de78 -> 
  custom:audio-decoder-ogg-vorbis: bf7c407c2cedff20999df2af8eb42d56 -> 
========================================================================
Received Prepare
Registering precompiled user dll's ...
Registered in 0.006016 seconds.
Begin MonoManager ReloadAssembly
Native extension for WindowsStandalone target not found
Failed to load: C:/Program Files/Unity/Hub/Editor/2021.3.36f1/Editor/Data/PlaybackEngines/iOSSupport\x64\UnityEditor.iOS.Native.dll
Native extension for iOS target not found
Native extension for Android target not found
Native extension for WebGL target not found
Refreshing native plugins compatible for Editor in 1.69 ms, found 3 plugins.
Preloading 0 native plugins for Editor in 0.00 ms.
[Package Manager] Server::EnsureServerProcessIsRunning -- launch failed, reason: Unity was launched with the -noUpm command-line argument
[Package Manager] Cannot connect to Unity Package Manager local server
[Package Manager] Server::EnsureServerProcessIsRunning -- launch failed, reason: Unity was launched with the -noUpm command-line argument
[Package Manager] Cannot connect to Unity Package Manager local server
[ScriptCompilation] NOT recompiling all scripts because this is an import worker process. Reason to compile was: Define symbols changed
Mono: successfully reloaded assembly
- Completed reload, in  2.236 seconds
Domain Reload Profiling:
	ReloadAssembly (2237ms)
		BeginReloadAssembly (182ms)
			ExecutionOrderSort (0ms)
			DisableScriptedObjects (7ms)
			BackupInstance (0ms)
			ReleaseScriptingObjects (0ms)
			CreateAndSetChildDomain (39ms)
		EndReloadAssembly (1921ms)
			LoadAssemblies (129ms)
			RebuildTransferFunctionScriptingTraits (0ms)
			SetupTypeCache (412ms)
			ReleaseScriptCaches (2ms)
			RebuildScriptCaches (76ms)
			SetupLoadedEditorAssemblies (1215ms)
				LogAssemblyErrors (0ms)
				InitializePlatformSupportModulesInManaged (69ms)
				SetLoadedEditorAssemblies (1ms)
				RefreshPlugins (2ms)
				BeforeProcessingInitializeOnLoad (154ms)
				ProcessInitializeOnLoadAttributes (853ms)
				ProcessInitializeOnLoadMethodAttributes (127ms)
				AfterProcessingInitializeOnLoad (8ms)
				EditorAssembliesLoaded (0ms)
			ExecutionOrderSort2 (0ms)
			AwakeInstancesAfterBackupRestoration (11ms)
Platform modules already initialized, skipping
Refreshing native plugins compatible for Editor in 1.94 ms, found 3 plugins.
Preloading 0 native plugins for Editor in 0.00 ms.
Unloading 4412 Unused Serialized files (Serialized files now loaded: 0)
Unloading 53 unused Assets / (168.1 KB). Loaded Objects now: 5124.
Memory consumption went from 159.4 MB to 159.2 MB.
Total: 11.432600 ms (FindLiveObjects: 1.658900 ms CreateObjectMapping: 0.821000 ms MarkObjects: 8.654100 ms  DeleteObjects: 0.291800 ms)

AssetImportParameters requested are different than current active one (requested -> active):
  custom:video-decoder-ogg-theora: a1e56fd34408186e4bbccfd4996cb3dc -> 
  custom:container-muxer-webm: aa71ff27fc2769a1b78a27578f13a17b -> 
  custom:container-demuxer-webm: 4f35f7cbe854078d1ac9338744f61a02 -> 
  custom:video-encoder-webm-vp8: eb34c28f22e8b96e1ab97ce403110664 -> 
  custom:video-codec-MediaFoundation-h265: 746d11721c4dcdbdad8f713fa42b33f4 -> 
  custom:CustomObjectIndexerAttribute: bc11b3a6c3213fcdd17b65e7da85e133 -> 
  custom:audio-encoder-webm-vorbis: bf7c407c2cedff20999df2af8eb42d56 -> 
  custom:framework-win-MediaFoundation: 216162199b28c13a410421893ffa2e32 -> 
  custom:SearchIndexIgnoredProperties: e643bd26f0fe6173181afceb89e7c659 -> 
  custom:container-demuxer-ogg: 62fdf1f143b41e24485cea50d1cbac27 -> 
  custom:video-decoder-webm-vp8: 9c59270c3fd7afecdb556c50c9e8de78 -> 
  custom:audio-decoder-ogg-vorbis: bf7c407c2cedff20999df2af8eb42d56 -> 
========================================================================
Received Prepare
Registering precompiled user dll's ...
Registered in 0.013735 seconds.
Begin MonoManager ReloadAssembly
Native extension for WindowsStandalone target not found
Failed to load: C:/Program Files/Unity/Hub/Editor/2021.3.36f1/Editor/Data/PlaybackEngines/iOSSupport\x64\UnityEditor.iOS.Native.dll
Native extension for iOS target not found
Native extension for Android target not found
Native extension for WebGL target not found
Refreshing native plugins compatible for Editor in 0.89 ms, found 3 plugins.
Preloading 0 native plugins for Editor in 0.00 ms.
[Package Manager] Server::EnsureServerProcessIsRunning -- launch failed, reason: Unity was launched with the -noUpm command-line argument
[Package Manager] Cannot connect to Unity Package Manager local server
[Package Manager] Server::EnsureServerProcessIsRunning -- launch failed, reason: Unity was launched with the -noUpm command-line argument
[Package Manager] Cannot connect to Unity Package Manager local server
[ScriptCompilation] NOT recompiling all scripts because this is an import worker process. Reason to compile was: Define symbols changed
Mono: successfully reloaded assembly
- Completed reload, in  1.471 seconds
Domain Reload Profiling:
	ReloadAssembly (1472ms)
		BeginReloadAssembly (118ms)
			ExecutionOrderSort (0ms)
			DisableScriptedObjects (4ms)
			BackupInstance (0ms)
			ReleaseScriptingObjects (0ms)
			CreateAndSetChildDomain (28ms)
		EndReloadAssembly (1282ms)
			LoadAssemblies (81ms)
			RebuildTransferFunctionScriptingTraits (0ms)
			SetupTypeCache (300ms)
			ReleaseScriptCaches (2ms)
			RebuildScriptCaches (51ms)
			SetupLoadedEditorAssemblies (792ms)
				LogAssemblyErrors (0ms)
				InitializePlatformSupportModulesInManaged (37ms)
				SetLoadedEditorAssemblies (1ms)
				RefreshPlugins (1ms)
				BeforeProcessingInitializeOnLoad (82ms)
				ProcessInitializeOnLoadAttributes (589ms)
				ProcessInitializeOnLoadMethodAttributes (77ms)
				AfterProcessingInitializeOnLoad (6ms)
				EditorAssembliesLoaded (0ms)
			ExecutionOrderSort2 (0ms)
			AwakeInstancesAfterBackupRestoration (7ms)
Platform modules already initialized, skipping
Refreshing native plugins compatible for Editor in 0.97 ms, found 3 plugins.
Preloading 0 native plugins for Editor in 0.00 ms.
Unloading 4412 Unused Serialized files (Serialized files now loaded: 0)
Unloading 53 unused Assets / (167.0 KB). Loaded Objects now: 5127.
Memory consumption went from 159.4 MB to 159.2 MB.
Total: 3.908000 ms (FindLiveObjects: 0.323600 ms CreateObjectMapping: 0.177500 ms MarkObjects: 3.312700 ms  DeleteObjects: 0.092700 ms)

AssetImportParameters requested are different than current active one (requested -> active):
  custom:video-decoder-ogg-theora: a1e56fd34408186e4bbccfd4996cb3dc -> 
  custom:container-muxer-webm: aa71ff27fc2769a1b78a27578f13a17b -> 
  custom:container-demuxer-webm: 4f35f7cbe854078d1ac9338744f61a02 -> 
  custom:video-encoder-webm-vp8: eb34c28f22e8b96e1ab97ce403110664 -> 
  custom:video-codec-MediaFoundation-h265: 746d11721c4dcdbdad8f713fa42b33f4 -> 
  custom:CustomObjectIndexerAttribute: bc11b3a6c3213fcdd17b65e7da85e133 -> 
  custom:audio-encoder-webm-vorbis: bf7c407c2cedff20999df2af8eb42d56 -> 
  custom:framework-win-MediaFoundation: 216162199b28c13a410421893ffa2e32 -> 
  custom:SearchIndexIgnoredProperties: e643bd26f0fe6173181afceb89e7c659 -> 
  custom:container-demuxer-ogg: 62fdf1f143b41e24485cea50d1cbac27 -> 
  custom:video-decoder-webm-vp8: 9c59270c3fd7afecdb556c50c9e8de78 -> 
  custom:audio-decoder-ogg-vorbis: bf7c407c2cedff20999df2af8eb42d56 -> 
========================================================================
Received Prepare
Registering precompiled user dll's ...
Registered in 0.005674 seconds.
Begin MonoManager ReloadAssembly
Native extension for WindowsStandalone target not found
Failed to load: C:/Program Files/Unity/Hub/Editor/2021.3.36f1/Editor/Data/PlaybackEngines/iOSSupport\x64\UnityEditor.iOS.Native.dll
Native extension for iOS target not found
Native extension for Android target not found
Native extension for WebGL target not found
Refreshing native plugins compatible for Editor in 1.49 ms, found 3 plugins.
Preloading 0 native plugins for Editor in 0.00 ms.
[Package Manager] Server::EnsureServerProcessIsRunning -- launch failed, reason: Unity was launched with the -noUpm command-line argument
[Package Manager] Cannot connect to Unity Package Manager local server
[Package Manager] Server::EnsureServerProcessIsRunning -- launch failed, reason: Unity was launched with the -noUpm command-line argument
[Package Manager] Cannot connect to Unity Package Manager local server
[ScriptCompilation] NOT recompiling all scripts because this is an import worker process. Reason to compile was: Define symbols changed
Mono: successfully reloaded assembly
- Completed reload, in  2.276 seconds
Domain Reload Profiling:
	ReloadAssembly (2277ms)
		BeginReloadAssembly (184ms)
			ExecutionOrderSort (0ms)
			DisableScriptedObjects (7ms)
			BackupInstance (0ms)
			ReleaseScriptingObjects (0ms)
			CreateAndSetChildDomain (38ms)
		EndReloadAssembly (1971ms)
			LoadAssemblies (128ms)
			RebuildTransferFunctionScriptingTraits (0ms)
			SetupTypeCache (477ms)
			ReleaseScriptCaches (3ms)
			RebuildScriptCaches (90ms)
			SetupLoadedEditorAssemblies (1170ms)
				LogAssemblyErrors (0ms)
				InitializePlatformSupportModulesInManaged (72ms)
				SetLoadedEditorAssemblies (1ms)
				RefreshPlugins (2ms)
				BeforeProcessingInitializeOnLoad (140ms)
				ProcessInitializeOnLoadAttributes (820ms)
				ProcessInitializeOnLoadMethodAttributes (126ms)
				AfterProcessingInitializeOnLoad (10ms)
				EditorAssembliesLoaded (1ms)
			ExecutionOrderSort2 (0ms)
			AwakeInstancesAfterBackupRestoration (11ms)
Platform modules already initialized, skipping
Refreshing native plugins compatible for Editor in 2.08 ms, found 3 plugins.
Preloading 0 native plugins for Editor in 0.00 ms.
Unloading 4412 Unused Serialized files (Serialized files now loaded: 0)
Unloading 53 unused Assets / (167.2 KB). Loaded Objects now: 5130.
Memory consumption went from 159.4 MB to 159.3 MB.
Total: 7.410500 ms (FindLiveObjects: 0.542700 ms CreateObjectMapping: 0.271000 ms MarkObjects: 6.471700 ms  DeleteObjects: 0.122600 ms)

AssetImportParameters requested are different than current active one (requested -> active):
  custom:video-decoder-ogg-theora: a1e56fd34408186e4bbccfd4996cb3dc -> 
  custom:container-muxer-webm: aa71ff27fc2769a1b78a27578f13a17b -> 
  custom:container-demuxer-webm: 4f35f7cbe854078d1ac9338744f61a02 -> 
  custom:video-encoder-webm-vp8: eb34c28f22e8b96e1ab97ce403110664 -> 
  custom:video-codec-MediaFoundation-h265: 746d11721c4dcdbdad8f713fa42b33f4 -> 
  custom:CustomObjectIndexerAttribute: bc11b3a6c3213fcdd17b65e7da85e133 -> 
  custom:audio-encoder-webm-vorbis: bf7c407c2cedff20999df2af8eb42d56 -> 
  custom:framework-win-MediaFoundation: 216162199b28c13a410421893ffa2e32 -> 
  custom:SearchIndexIgnoredProperties: e643bd26f0fe6173181afceb89e7c659 -> 
  custom:container-demuxer-ogg: 62fdf1f143b41e24485cea50d1cbac27 -> 
  custom:video-decoder-webm-vp8: 9c59270c3fd7afecdb556c50c9e8de78 -> 
  custom:audio-decoder-ogg-vorbis: bf7c407c2cedff20999df2af8eb42d56 -> 
========================================================================
Received Prepare
Registering precompiled user dll's ...
Registered in 0.017883 seconds.
Begin MonoManager ReloadAssembly
Native extension for WindowsStandalone target not found
Failed to load: C:/Program Files/Unity/Hub/Editor/2021.3.36f1/Editor/Data/PlaybackEngines/iOSSupport\x64\UnityEditor.iOS.Native.dll
Native extension for iOS target not found
Native extension for Android target not found
Native extension for WebGL target not found
Refreshing native plugins compatible for Editor in 0.93 ms, found 3 plugins.
Preloading 0 native plugins for Editor in 0.00 ms.
[Package Manager] Server::EnsureServerProcessIsRunning -- launch failed, reason: Unity was launched with the -noUpm command-line argument
[Package Manager] Cannot connect to Unity Package Manager local server
[Package Manager] Server::EnsureServerProcessIsRunning -- launch failed, reason: Unity was launched with the -noUpm command-line argument
[Package Manager] Cannot connect to Unity Package Manager local server
[ScriptCompilation] NOT recompiling all scripts because this is an import worker process. Reason to compile was: Define symbols changed
Mono: successfully reloaded assembly
- Completed reload, in  1.583 seconds
Domain Reload Profiling:
	ReloadAssembly (1584ms)
		BeginReloadAssembly (157ms)
			ExecutionOrderSort (0ms)
			DisableScriptedObjects (6ms)
			BackupInstance (0ms)
			ReleaseScriptingObjects (0ms)
			CreateAndSetChildDomain (37ms)
		EndReloadAssembly (1309ms)
			LoadAssemblies (110ms)
			RebuildTransferFunctionScriptingTraits (0ms)
			SetupTypeCache (307ms)
			ReleaseScriptCaches (2ms)
			RebuildScriptCaches (48ms)
			SetupLoadedEditorAssemblies (809ms)
				LogAssemblyErrors (0ms)
				InitializePlatformSupportModulesInManaged (36ms)
				SetLoadedEditorAssemblies (0ms)
				RefreshPlugins (1ms)
				BeforeProcessingInitializeOnLoad (91ms)
				ProcessInitializeOnLoadAttributes (601ms)
				ProcessInitializeOnLoadMethodAttributes (74ms)
				AfterProcessingInitializeOnLoad (6ms)
				EditorAssembliesLoaded (0ms)
			ExecutionOrderSort2 (0ms)
			AwakeInstancesAfterBackupRestoration (6ms)
Platform modules already initialized, skipping
Refreshing native plugins compatible for Editor in 1.11 ms, found 3 plugins.
Preloading 0 native plugins for Editor in 0.00 ms.
Unloading 4412 Unused Serialized files (Serialized files now loaded: 0)
Unloading 53 unused Assets / (167.2 KB). Loaded Objects now: 5133.
Memory consumption went from 159.2 MB to 159.1 MB.
Total: 4.127500 ms (FindLiveObjects: 0.362600 ms CreateObjectMapping: 0.193100 ms MarkObjects: 3.453200 ms  DeleteObjects: 0.117100 ms)

AssetImportParameters requested are different than current active one (requested -> active):
  custom:video-decoder-ogg-theora: a1e56fd34408186e4bbccfd4996cb3dc -> 
  custom:container-muxer-webm: aa71ff27fc2769a1b78a27578f13a17b -> 
  custom:container-demuxer-webm: 4f35f7cbe854078d1ac9338744f61a02 -> 
  custom:video-encoder-webm-vp8: eb34c28f22e8b96e1ab97ce403110664 -> 
  custom:video-codec-MediaFoundation-h265: 746d11721c4dcdbdad8f713fa42b33f4 -> 
  custom:CustomObjectIndexerAttribute: bc11b3a6c3213fcdd17b65e7da85e133 -> 
  custom:audio-encoder-webm-vorbis: bf7c407c2cedff20999df2af8eb42d56 -> 
  custom:framework-win-MediaFoundation: 216162199b28c13a410421893ffa2e32 -> 
  custom:SearchIndexIgnoredProperties: e643bd26f0fe6173181afceb89e7c659 -> 
  custom:container-demuxer-ogg: 62fdf1f143b41e24485cea50d1cbac27 -> 
  custom:video-decoder-webm-vp8: 9c59270c3fd7afecdb556c50c9e8de78 -> 
  custom:audio-decoder-ogg-vorbis: bf7c407c2cedff20999df2af8eb42d56 -> 
========================================================================
Received Prepare
Registering precompiled user dll's ...
Registered in 0.003144 seconds.
Begin MonoManager ReloadAssembly
Native extension for WindowsStandalone target not found
Failed to load: C:/Program Files/Unity/Hub/Editor/2021.3.36f1/Editor/Data/PlaybackEngines/iOSSupport\x64\UnityEditor.iOS.Native.dll
Native extension for iOS target not found
Native extension for Android target not found
Native extension for WebGL target not found
Refreshing native plugins compatible for Editor in 1.38 ms, found 3 plugins.
Preloading 0 native plugins for Editor in 0.00 ms.
[Package Manager] Server::EnsureServerProcessIsRunning -- launch failed, reason: Unity was launched with the -noUpm command-line argument
[Package Manager] Cannot connect to Unity Package Manager local server
[Package Manager] Server::EnsureServerProcessIsRunning -- launch failed, reason: Unity was launched with the -noUpm command-line argument
[Package Manager] Cannot connect to Unity Package Manager local server
System.IO.IOException: Sharing violation on path C:\UnityProject\Run\Assets\PluginYourGames\Editor\ModulesListYG2.txt
  at System.IO.FileStream..ctor (System.String path, System.IO.FileMode mode, System.IO.FileAccess access, System.IO.FileShare share, System.Int32 bufferSize, System.Boolean anonymous, System.IO.FileOptions options) [0x0019e] in <b4dec521950c405ea4b0b85c62087906>:0 
  at System.IO.FileStream..ctor (System.String path, System.IO.FileMode mode, System.IO.FileAccess access, System.IO.FileShare share, System.Int32 bufferSize, System.IO.FileOptions options) [0x00000] in <b4dec521950c405ea4b0b85c62087906>:0 
  at (wrapper remoting-invoke-with-check) System.IO.FileStream..ctor(string,System.IO.FileMode,System.IO.FileAccess,System.IO.FileShare,int,System.IO.FileOptions)
  at System.IO.StreamWriter..ctor (System.String path, System.Boolean append, System.Text.Encoding encoding, System.Int32 bufferSize) [0x00055] in <b4dec521950c405ea4b0b85c62087906>:0 
  at System.IO.StreamWriter..ctor (System.String path) [0x00008] in <b4dec521950c405ea4b0b85c62087906>:0 
  at (wrapper remoting-invoke-with-check) System.IO.StreamWriter..ctor(string)
  at System.IO.File.WriteAllText (System.String path, System.String contents) [0x00026] in <b4dec521950c405ea4b0b85c62087906>:0 
  at YG.EditorScr.DefineSymbols.ModulesDefineSymbols () [0x001e9] in C:\UnityProject\Run\Assets\PluginYourGames\Scripts\EditorScr\DefineSymbols.cs:215 
  at YG.EditorScr.DefineSymbols.UpdateDefineSymbols () [0x0000f] in C:\UnityProject\Run\Assets\PluginYourGames\Scripts\EditorScr\DefineSymbols.cs:57 
  at YG.EditorScr.DefineSymbols..cctor () [0x00023] in C:\UnityProject\Run\Assets\PluginYourGames\Scripts\EditorScr\DefineSymbols.cs:31 
UnityEngine.StackTraceUtility:ExtractStackTrace ()
UnityEngine.DebugLogHandler:LogFormat (UnityEngine.LogType,UnityEngine.Object,string,object[])
UnityEngine.Logger:Log (UnityEngine.LogType,object)
UnityEngine.Debug:LogError (object)
UnityEditor.EditorAssemblies:ProcessInitializeOnLoadAttributes (System.Type[])

Mono: successfully reloaded assembly
- Completed reload, in  2.291 seconds
Domain Reload Profiling:
	ReloadAssembly (2293ms)
		BeginReloadAssembly (186ms)
			ExecutionOrderSort (0ms)
			DisableScriptedObjects (6ms)
			BackupInstance (0ms)
			ReleaseScriptingObjects (0ms)
			CreateAndSetChildDomain (41ms)
		EndReloadAssembly (1982ms)
			LoadAssemblies (135ms)
			RebuildTransferFunctionScriptingTraits (0ms)
			SetupTypeCache (441ms)
			ReleaseScriptCaches (3ms)
			RebuildScriptCaches (75ms)
			SetupLoadedEditorAssemblies (1242ms)
				LogAssemblyErrors (0ms)
				InitializePlatformSupportModulesInManaged (64ms)
				SetLoadedEditorAssemblies (1ms)
				RefreshPlugins (2ms)
				BeforeProcessingInitializeOnLoad (149ms)
				ProcessInitializeOnLoadAttributes (870ms)
				ProcessInitializeOnLoadMethodAttributes (145ms)
				AfterProcessingInitializeOnLoad (11ms)
				EditorAssembliesLoaded (1ms)
			ExecutionOrderSort2 (0ms)
			AwakeInstancesAfterBackupRestoration (13ms)
Platform modules already initialized, skipping
Refreshing native plugins compatible for Editor in 1.63 ms, found 3 plugins.
Preloading 0 native plugins for Editor in 0.00 ms.
Unloading 4412 Unused Serialized files (Serialized files now loaded: 0)
Unloading 53 unused Assets / (167.2 KB). Loaded Objects now: 5136.
Memory consumption went from 159.4 MB to 159.3 MB.
Total: 4.695700 ms (FindLiveObjects: 0.436100 ms CreateObjectMapping: 0.232700 ms MarkObjects: 3.939700 ms  DeleteObjects: 0.085500 ms)

AssetImportParameters requested are different than current active one (requested -> active):
  custom:video-decoder-ogg-theora: a1e56fd34408186e4bbccfd4996cb3dc -> 
  custom:container-muxer-webm: aa71ff27fc2769a1b78a27578f13a17b -> 
  custom:container-demuxer-webm: 4f35f7cbe854078d1ac9338744f61a02 -> 
  custom:video-encoder-webm-vp8: eb34c28f22e8b96e1ab97ce403110664 -> 
  custom:video-codec-MediaFoundation-h265: 746d11721c4dcdbdad8f713fa42b33f4 -> 
  custom:CustomObjectIndexerAttribute: bc11b3a6c3213fcdd17b65e7da85e133 -> 
  custom:audio-encoder-webm-vorbis: bf7c407c2cedff20999df2af8eb42d56 -> 
  custom:framework-win-MediaFoundation: 216162199b28c13a410421893ffa2e32 -> 
  custom:SearchIndexIgnoredProperties: e643bd26f0fe6173181afceb89e7c659 -> 
  custom:container-demuxer-ogg: 62fdf1f143b41e24485cea50d1cbac27 -> 
  custom:video-decoder-webm-vp8: 9c59270c3fd7afecdb556c50c9e8de78 -> 
  custom:audio-decoder-ogg-vorbis: bf7c407c2cedff20999df2af8eb42d56 -> 
========================================================================
Received Prepare
Registering precompiled user dll's ...
Registered in 0.016865 seconds.
Begin MonoManager ReloadAssembly
Native extension for WindowsStandalone target not found
Failed to load: C:/Program Files/Unity/Hub/Editor/2021.3.36f1/Editor/Data/PlaybackEngines/iOSSupport\x64\UnityEditor.iOS.Native.dll
Native extension for iOS target not found
Native extension for Android target not found
Native extension for WebGL target not found
Refreshing native plugins compatible for Editor in 1.89 ms, found 3 plugins.
Preloading 0 native plugins for Editor in 0.00 ms.
[Package Manager] Server::EnsureServerProcessIsRunning -- launch failed, reason: Unity was launched with the -noUpm command-line argument
[Package Manager] Cannot connect to Unity Package Manager local server
[Package Manager] Server::EnsureServerProcessIsRunning -- launch failed, reason: Unity was launched with the -noUpm command-line argument
[Package Manager] Cannot connect to Unity Package Manager local server
[ScriptCompilation] NOT recompiling all scripts because this is an import worker process. Reason to compile was: Define symbols changed
Mono: successfully reloaded assembly
- Completed reload, in  3.653 seconds
Domain Reload Profiling:
	ReloadAssembly (3655ms)
		BeginReloadAssembly (324ms)
			ExecutionOrderSort (0ms)
			DisableScriptedObjects (12ms)
			BackupInstance (0ms)
			ReleaseScriptingObjects (0ms)
			CreateAndSetChildDomain (69ms)
		EndReloadAssembly (3126ms)
			LoadAssemblies (692ms)
			RebuildTransferFunctionScriptingTraits (0ms)
			SetupTypeCache (720ms)
			ReleaseScriptCaches (4ms)
			RebuildScriptCaches (122ms)
			SetupLoadedEditorAssemblies (1471ms)
				LogAssemblyErrors (0ms)
				InitializePlatformSupportModulesInManaged (104ms)
				SetLoadedEditorAssemblies (1ms)
				RefreshPlugins (2ms)
				BeforeProcessingInitializeOnLoad (218ms)
				ProcessInitializeOnLoadAttributes (930ms)
				ProcessInitializeOnLoadMethodAttributes (189ms)
				AfterProcessingInitializeOnLoad (25ms)
				EditorAssembliesLoaded (1ms)
			ExecutionOrderSort2 (0ms)
			AwakeInstancesAfterBackupRestoration (23ms)
Platform modules already initialized, skipping
Refreshing native plugins compatible for Editor in 1.14 ms, found 3 plugins.
Preloading 0 native plugins for Editor in 0.00 ms.
Unloading 4412 Unused Serialized files (Serialized files now loaded: 0)
Unloading 53 unused Assets / (167.0 KB). Loaded Objects now: 5139.
Memory consumption went from 159.5 MB to 159.3 MB.
Total: 4.510100 ms (FindLiveObjects: 0.376300 ms CreateObjectMapping: 0.195000 ms MarkObjects: 3.860700 ms  DeleteObjects: 0.076600 ms)

AssetImportParameters requested are different than current active one (requested -> active):
  custom:video-decoder-ogg-theora: a1e56fd34408186e4bbccfd4996cb3dc -> 
  custom:container-muxer-webm: aa71ff27fc2769a1b78a27578f13a17b -> 
  custom:container-demuxer-webm: 4f35f7cbe854078d1ac9338744f61a02 -> 
  custom:video-encoder-webm-vp8: eb34c28f22e8b96e1ab97ce403110664 -> 
  custom:video-codec-MediaFoundation-h265: 746d11721c4dcdbdad8f713fa42b33f4 -> 
  custom:CustomObjectIndexerAttribute: bc11b3a6c3213fcdd17b65e7da85e133 -> 
  custom:audio-encoder-webm-vorbis: bf7c407c2cedff20999df2af8eb42d56 -> 
  custom:framework-win-MediaFoundation: 216162199b28c13a410421893ffa2e32 -> 
  custom:SearchIndexIgnoredProperties: e643bd26f0fe6173181afceb89e7c659 -> 
  custom:container-demuxer-ogg: 62fdf1f143b41e24485cea50d1cbac27 -> 
  custom:video-decoder-webm-vp8: 9c59270c3fd7afecdb556c50c9e8de78 -> 
  custom:audio-decoder-ogg-vorbis: bf7c407c2cedff20999df2af8eb42d56 -> 
========================================================================
Received Prepare
Registering precompiled user dll's ...
Registered in 0.005570 seconds.
Begin MonoManager ReloadAssembly
Native extension for WindowsStandalone target not found
Failed to load: C:/Program Files/Unity/Hub/Editor/2021.3.36f1/Editor/Data/PlaybackEngines/iOSSupport\x64\UnityEditor.iOS.Native.dll
Native extension for iOS target not found
Native extension for Android target not found
Native extension for WebGL target not found
Refreshing native plugins compatible for Editor in 1.07 ms, found 3 plugins.
Preloading 0 native plugins for Editor in 0.00 ms.
[Package Manager] Server::EnsureServerProcessIsRunning -- launch failed, reason: Unity was launched with the -noUpm command-line argument
[Package Manager] Cannot connect to Unity Package Manager local server
[Package Manager] Server::EnsureServerProcessIsRunning -- launch failed, reason: Unity was launched with the -noUpm command-line argument
[Package Manager] Cannot connect to Unity Package Manager local server
[ScriptCompilation] NOT recompiling all scripts because this is an import worker process. Reason to compile was: Define symbols changed
Mono: successfully reloaded assembly
- Completed reload, in  1.826 seconds
Domain Reload Profiling:
	ReloadAssembly (1828ms)
		BeginReloadAssembly (169ms)
			ExecutionOrderSort (0ms)
			DisableScriptedObjects (6ms)
			BackupInstance (0ms)
			ReleaseScriptingObjects (0ms)
			CreateAndSetChildDomain (33ms)
		EndReloadAssembly (1521ms)
			LoadAssemblies (136ms)
			RebuildTransferFunctionScriptingTraits (0ms)
			SetupTypeCache (381ms)
			ReleaseScriptCaches (2ms)
			RebuildScriptCaches (59ms)
			SetupLoadedEditorAssemblies (893ms)
				LogAssemblyErrors (0ms)
				InitializePlatformSupportModulesInManaged (47ms)
				SetLoadedEditorAssemblies (1ms)
				RefreshPlugins (1ms)
				BeforeProcessingInitializeOnLoad (102ms)
				ProcessInitializeOnLoadAttributes (647ms)
				ProcessInitializeOnLoadMethodAttributes (89ms)
				AfterProcessingInitializeOnLoad (7ms)
				EditorAssembliesLoaded (0ms)
			ExecutionOrderSort2 (0ms)
			AwakeInstancesAfterBackupRestoration (9ms)
Platform modules already initialized, skipping
Refreshing native plugins compatible for Editor in 1.12 ms, found 3 plugins.
Preloading 0 native plugins for Editor in 0.00 ms.
Unloading 4412 Unused Serialized files (Serialized files now loaded: 0)
Unloading 53 unused Assets / (168.2 KB). Loaded Objects now: 5142.
Memory consumption went from 159.5 MB to 159.3 MB.
Total: 5.052900 ms (FindLiveObjects: 0.525800 ms CreateObjectMapping: 0.271200 ms MarkObjects: 4.162000 ms  DeleteObjects: 0.091700 ms)

AssetImportParameters requested are different than current active one (requested -> active):
  custom:video-decoder-ogg-theora: a1e56fd34408186e4bbccfd4996cb3dc -> 
  custom:container-muxer-webm: aa71ff27fc2769a1b78a27578f13a17b -> 
  custom:container-demuxer-webm: 4f35f7cbe854078d1ac9338744f61a02 -> 
  custom:video-encoder-webm-vp8: eb34c28f22e8b96e1ab97ce403110664 -> 
  custom:video-codec-MediaFoundation-h265: 746d11721c4dcdbdad8f713fa42b33f4 -> 
  custom:CustomObjectIndexerAttribute: bc11b3a6c3213fcdd17b65e7da85e133 -> 
  custom:audio-encoder-webm-vorbis: bf7c407c2cedff20999df2af8eb42d56 -> 
  custom:framework-win-MediaFoundation: 216162199b28c13a410421893ffa2e32 -> 
  custom:SearchIndexIgnoredProperties: e643bd26f0fe6173181afceb89e7c659 -> 
  custom:container-demuxer-ogg: 62fdf1f143b41e24485cea50d1cbac27 -> 
  custom:video-decoder-webm-vp8: 9c59270c3fd7afecdb556c50c9e8de78 -> 
  custom:audio-decoder-ogg-vorbis: bf7c407c2cedff20999df2af8eb42d56 -> 
========================================================================
Received Prepare
Registering precompiled user dll's ...
Registered in 0.008403 seconds.
Begin MonoManager ReloadAssembly
Native extension for WindowsStandalone target not found
Failed to load: C:/Program Files/Unity/Hub/Editor/2021.3.36f1/Editor/Data/PlaybackEngines/iOSSupport\x64\UnityEditor.iOS.Native.dll
Native extension for iOS target not found
Native extension for Android target not found
Native extension for WebGL target not found
Refreshing native plugins compatible for Editor in 1.39 ms, found 3 plugins.
Preloading 0 native plugins for Editor in 0.00 ms.
[Package Manager] Server::EnsureServerProcessIsRunning -- launch failed, reason: Unity was launched with the -noUpm command-line argument
[Package Manager] Cannot connect to Unity Package Manager local server
[Package Manager] Server::EnsureServerProcessIsRunning -- launch failed, reason: Unity was launched with the -noUpm command-line argument
[Package Manager] Cannot connect to Unity Package Manager local server
[ScriptCompilation] NOT recompiling all scripts because this is an import worker process. Reason to compile was: Define symbols changed
Mono: successfully reloaded assembly
- Completed reload, in  2.350 seconds
Domain Reload Profiling:
	ReloadAssembly (2351ms)
		BeginReloadAssembly (183ms)
			ExecutionOrderSort (0ms)
			DisableScriptedObjects (7ms)
			BackupInstance (0ms)
			ReleaseScriptingObjects (0ms)
			CreateAndSetChildDomain (39ms)
		EndReloadAssembly (2042ms)
			LoadAssemblies (130ms)
			RebuildTransferFunctionScriptingTraits (0ms)
			SetupTypeCache (485ms)
			ReleaseScriptCaches (3ms)
			RebuildScriptCaches (99ms)
			SetupLoadedEditorAssemblies (1225ms)
				LogAssemblyErrors (0ms)
				InitializePlatformSupportModulesInManaged (63ms)
				SetLoadedEditorAssemblies (1ms)
				RefreshPlugins (2ms)
				BeforeProcessingInitializeOnLoad (141ms)
				ProcessInitializeOnLoadAttributes (873ms)
				ProcessInitializeOnLoadMethodAttributes (136ms)
				AfterProcessingInitializeOnLoad (9ms)
				EditorAssembliesLoaded (0ms)
			ExecutionOrderSort2 (0ms)
			AwakeInstancesAfterBackupRestoration (11ms)
Platform modules already initialized, skipping
Refreshing native plugins compatible for Editor in 1.90 ms, found 3 plugins.
Preloading 0 native plugins for Editor in 0.00 ms.
Unloading 4412 Unused Serialized files (Serialized files now loaded: 0)
Unloading 53 unused Assets / (167.2 KB). Loaded Objects now: 5145.
Memory consumption went from 159.5 MB to 159.3 MB.
Total: 6.262900 ms (FindLiveObjects: 0.489200 ms CreateObjectMapping: 0.366500 ms MarkObjects: 5.273600 ms  DeleteObjects: 0.131100 ms)

AssetImportParameters requested are different than current active one (requested -> active):
  custom:video-decoder-ogg-theora: a1e56fd34408186e4bbccfd4996cb3dc -> 
  custom:container-muxer-webm: aa71ff27fc2769a1b78a27578f13a17b -> 
  custom:container-demuxer-webm: 4f35f7cbe854078d1ac9338744f61a02 -> 
  custom:video-encoder-webm-vp8: eb34c28f22e8b96e1ab97ce403110664 -> 
  custom:video-codec-MediaFoundation-h265: 746d11721c4dcdbdad8f713fa42b33f4 -> 
  custom:CustomObjectIndexerAttribute: bc11b3a6c3213fcdd17b65e7da85e133 -> 
  custom:audio-encoder-webm-vorbis: bf7c407c2cedff20999df2af8eb42d56 -> 
  custom:framework-win-MediaFoundation: 216162199b28c13a410421893ffa2e32 -> 
  custom:SearchIndexIgnoredProperties: e643bd26f0fe6173181afceb89e7c659 -> 
  custom:container-demuxer-ogg: 62fdf1f143b41e24485cea50d1cbac27 -> 
  custom:video-decoder-webm-vp8: 9c59270c3fd7afecdb556c50c9e8de78 -> 
  custom:audio-decoder-ogg-vorbis: bf7c407c2cedff20999df2af8eb42d56 -> 
========================================================================
Received Prepare
Registering precompiled user dll's ...
Registered in 0.013685 seconds.
Begin MonoManager ReloadAssembly
Native extension for WindowsStandalone target not found
Failed to load: C:/Program Files/Unity/Hub/Editor/2021.3.36f1/Editor/Data/PlaybackEngines/iOSSupport\x64\UnityEditor.iOS.Native.dll
Native extension for iOS target not found
Native extension for Android target not found
Native extension for WebGL target not found
Refreshing native plugins compatible for Editor in 0.87 ms, found 3 plugins.
Preloading 0 native plugins for Editor in 0.00 ms.
[Package Manager] Server::EnsureServerProcessIsRunning -- launch failed, reason: Unity was launched with the -noUpm command-line argument
[Package Manager] Cannot connect to Unity Package Manager local server
[Package Manager] Server::EnsureServerProcessIsRunning -- launch failed, reason: Unity was launched with the -noUpm command-line argument
[Package Manager] Cannot connect to Unity Package Manager local server
[ScriptCompilation] NOT recompiling all scripts because this is an import worker process. Reason to compile was: Define symbols changed
Mono: successfully reloaded assembly
- Completed reload, in  1.604 seconds
Domain Reload Profiling:
	ReloadAssembly (1605ms)
		BeginReloadAssembly (206ms)
			ExecutionOrderSort (0ms)
			DisableScriptedObjects (7ms)
			BackupInstance (0ms)
			ReleaseScriptingObjects (0ms)
			CreateAndSetChildDomain (49ms)
		EndReloadAssembly (1288ms)
			LoadAssemblies (132ms)
			RebuildTransferFunctionScriptingTraits (0ms)
			SetupTypeCache (305ms)
			ReleaseScriptCaches (2ms)
			RebuildScriptCaches (47ms)
			SetupLoadedEditorAssemblies (794ms)
				LogAssemblyErrors (0ms)
				InitializePlatformSupportModulesInManaged (36ms)
				SetLoadedEditorAssemblies (0ms)
				RefreshPlugins (1ms)
				BeforeProcessingInitializeOnLoad (81ms)
				ProcessInitializeOnLoadAttributes (600ms)
				ProcessInitializeOnLoadMethodAttributes (70ms)
				AfterProcessingInitializeOnLoad (5ms)
				EditorAssembliesLoaded (0ms)
			ExecutionOrderSort2 (0ms)
			AwakeInstancesAfterBackupRestoration (8ms)
Platform modules already initialized, skipping
Refreshing native plugins compatible for Editor in 1.22 ms, found 3 plugins.
Preloading 0 native plugins for Editor in 0.00 ms.
Unloading 4412 Unused Serialized files (Serialized files now loaded: 0)
Unloading 53 unused Assets / (167.2 KB). Loaded Objects now: 5148.
Memory consumption went from 159.3 MB to 159.1 MB.
Total: 4.780400 ms (FindLiveObjects: 0.375600 ms CreateObjectMapping: 0.182700 ms MarkObjects: 4.120000 ms  DeleteObjects: 0.099600 ms)

AssetImportParameters requested are different than current active one (requested -> active):
  custom:video-decoder-ogg-theora: a1e56fd34408186e4bbccfd4996cb3dc -> 
  custom:container-muxer-webm: aa71ff27fc2769a1b78a27578f13a17b -> 
  custom:container-demuxer-webm: 4f35f7cbe854078d1ac9338744f61a02 -> 
  custom:video-encoder-webm-vp8: eb34c28f22e8b96e1ab97ce403110664 -> 
  custom:video-codec-MediaFoundation-h265: 746d11721c4dcdbdad8f713fa42b33f4 -> 
  custom:CustomObjectIndexerAttribute: bc11b3a6c3213fcdd17b65e7da85e133 -> 
  custom:audio-encoder-webm-vorbis: bf7c407c2cedff20999df2af8eb42d56 -> 
  custom:framework-win-MediaFoundation: 216162199b28c13a410421893ffa2e32 -> 
  custom:SearchIndexIgnoredProperties: e643bd26f0fe6173181afceb89e7c659 -> 
  custom:container-demuxer-ogg: 62fdf1f143b41e24485cea50d1cbac27 -> 
  custom:video-decoder-webm-vp8: 9c59270c3fd7afecdb556c50c9e8de78 -> 
  custom:audio-decoder-ogg-vorbis: bf7c407c2cedff20999df2af8eb42d56 -> 
========================================================================
Received Prepare
Registering precompiled user dll's ...
Registered in 0.007245 seconds.
Begin MonoManager ReloadAssembly
Native extension for WindowsStandalone target not found
Failed to load: C:/Program Files/Unity/Hub/Editor/2021.3.36f1/Editor/Data/PlaybackEngines/iOSSupport\x64\UnityEditor.iOS.Native.dll
Native extension for iOS target not found
Native extension for Android target not found
Native extension for WebGL target not found
Refreshing native plugins compatible for Editor in 1.57 ms, found 3 plugins.
Preloading 0 native plugins for Editor in 0.00 ms.
[Package Manager] Server::EnsureServerProcessIsRunning -- launch failed, reason: Unity was launched with the -noUpm command-line argument
[Package Manager] Cannot connect to Unity Package Manager local server
[Package Manager] Server::EnsureServerProcessIsRunning -- launch failed, reason: Unity was launched with the -noUpm command-line argument
[Package Manager] Cannot connect to Unity Package Manager local server
[ScriptCompilation] NOT recompiling all scripts because this is an import worker process. Reason to compile was: Define symbols changed
Mono: successfully reloaded assembly
- Completed reload, in  2.445 seconds
Domain Reload Profiling:
	ReloadAssembly (2446ms)
		BeginReloadAssembly (181ms)
			ExecutionOrderSort (0ms)
			DisableScriptedObjects (6ms)
			BackupInstance (0ms)
			ReleaseScriptingObjects (0ms)
			CreateAndSetChildDomain (40ms)
		EndReloadAssembly (2132ms)
			LoadAssemblies (130ms)
			RebuildTransferFunctionScriptingTraits (0ms)
			SetupTypeCache (481ms)
			ReleaseScriptCaches (3ms)
			RebuildScriptCaches (122ms)
			SetupLoadedEditorAssemblies (1276ms)
				LogAssemblyErrors (0ms)
				InitializePlatformSupportModulesInManaged (71ms)
				SetLoadedEditorAssemblies (1ms)
				RefreshPlugins (2ms)
				BeforeProcessingInitializeOnLoad (159ms)
				ProcessInitializeOnLoadAttributes (882ms)
				ProcessInitializeOnLoadMethodAttributes (150ms)
				AfterProcessingInitializeOnLoad (11ms)
				EditorAssembliesLoaded (0ms)
			ExecutionOrderSort2 (0ms)
			AwakeInstancesAfterBackupRestoration (14ms)
Platform modules already initialized, skipping
Refreshing native plugins compatible for Editor in 1.77 ms, found 3 plugins.
Preloading 0 native plugins for Editor in 0.00 ms.
Unloading 4412 Unused Serialized files (Serialized files now loaded: 0)
Unloading 53 unused Assets / (167.4 KB). Loaded Objects now: 5151.
Memory consumption went from 159.5 MB to 159.3 MB.
Total: 5.550600 ms (FindLiveObjects: 0.621900 ms CreateObjectMapping: 0.236600 ms MarkObjects: 4.588600 ms  DeleteObjects: 0.101000 ms)

AssetImportParameters requested are different than current active one (requested -> active):
  custom:video-decoder-ogg-theora: a1e56fd34408186e4bbccfd4996cb3dc -> 
  custom:container-muxer-webm: aa71ff27fc2769a1b78a27578f13a17b -> 
  custom:container-demuxer-webm: 4f35f7cbe854078d1ac9338744f61a02 -> 
  custom:video-encoder-webm-vp8: eb34c28f22e8b96e1ab97ce403110664 -> 
  custom:video-codec-MediaFoundation-h265: 746d11721c4dcdbdad8f713fa42b33f4 -> 
  custom:CustomObjectIndexerAttribute: bc11b3a6c3213fcdd17b65e7da85e133 -> 
  custom:audio-encoder-webm-vorbis: bf7c407c2cedff20999df2af8eb42d56 -> 
  custom:framework-win-MediaFoundation: 216162199b28c13a410421893ffa2e32 -> 
  custom:SearchIndexIgnoredProperties: e643bd26f0fe6173181afceb89e7c659 -> 
  custom:container-demuxer-ogg: 62fdf1f143b41e24485cea50d1cbac27 -> 
  custom:video-decoder-webm-vp8: 9c59270c3fd7afecdb556c50c9e8de78 -> 
  custom:audio-decoder-ogg-vorbis: bf7c407c2cedff20999df2af8eb42d56 -> 
========================================================================
Received Prepare
Registering precompiled user dll's ...
Registered in 0.018075 seconds.
Begin MonoManager ReloadAssembly
Native extension for WindowsStandalone target not found
Failed to load: C:/Program Files/Unity/Hub/Editor/2021.3.36f1/Editor/Data/PlaybackEngines/iOSSupport\x64\UnityEditor.iOS.Native.dll
Native extension for iOS target not found
Native extension for Android target not found
Native extension for WebGL target not found
Refreshing native plugins compatible for Editor in 1.46 ms, found 3 plugins.
Preloading 0 native plugins for Editor in 0.00 ms.
[Package Manager] Server::EnsureServerProcessIsRunning -- launch failed, reason: Unity was launched with the -noUpm command-line argument
[Package Manager] Cannot connect to Unity Package Manager local server
[Package Manager] Server::EnsureServerProcessIsRunning -- launch failed, reason: Unity was launched with the -noUpm command-line argument
[Package Manager] Cannot connect to Unity Package Manager local server
System.IO.IOException: Sharing violation on path C:\UnityProject\Run\Assets\PluginYourGames\Editor\ModulesListYG2.txt
  at System.IO.FileStream..ctor (System.String path, System.IO.FileMode mode, System.IO.FileAccess access, System.IO.FileShare share, System.Int32 bufferSize, System.Boolean anonymous, System.IO.FileOptions options) [0x0019e] in <b4dec521950c405ea4b0b85c62087906>:0 
  at System.IO.FileStream..ctor (System.String path, System.IO.FileMode mode, System.IO.FileAccess access, System.IO.FileShare share, System.Int32 bufferSize, System.IO.FileOptions options) [0x00000] in <b4dec521950c405ea4b0b85c62087906>:0 
  at (wrapper remoting-invoke-with-check) System.IO.FileStream..ctor(string,System.IO.FileMode,System.IO.FileAccess,System.IO.FileShare,int,System.IO.FileOptions)
  at System.IO.StreamWriter..ctor (System.String path, System.Boolean append, System.Text.Encoding encoding, System.Int32 bufferSize) [0x00055] in <b4dec521950c405ea4b0b85c62087906>:0 
  at System.IO.StreamWriter..ctor (System.String path) [0x00008] in <b4dec521950c405ea4b0b85c62087906>:0 
  at (wrapper remoting-invoke-with-check) System.IO.StreamWriter..ctor(string)
  at System.IO.File.WriteAllText (System.String path, System.String contents) [0x00026] in <b4dec521950c405ea4b0b85c62087906>:0 
  at YG.EditorScr.DefineSymbols.ModulesDefineSymbols () [0x001e9] in C:\UnityProject\Run\Assets\PluginYourGames\Scripts\EditorScr\DefineSymbols.cs:215 
  at YG.EditorScr.DefineSymbols.UpdateDefineSymbols () [0x0000f] in C:\UnityProject\Run\Assets\PluginYourGames\Scripts\EditorScr\DefineSymbols.cs:57 
  at YG.EditorScr.DefineSymbols..cctor () [0x00023] in C:\UnityProject\Run\Assets\PluginYourGames\Scripts\EditorScr\DefineSymbols.cs:31 
UnityEngine.StackTraceUtility:ExtractStackTrace ()
UnityEngine.DebugLogHandler:LogFormat (UnityEngine.LogType,UnityEngine.Object,string,object[])
UnityEngine.Logger:Log (UnityEngine.LogType,object)
UnityEngine.Debug:LogError (object)
UnityEditor.EditorAssemblies:ProcessInitializeOnLoadAttributes (System.Type[])

Mono: successfully reloaded assembly
- Completed reload, in  2.387 seconds
Domain Reload Profiling:
	ReloadAssembly (2389ms)
		BeginReloadAssembly (273ms)
			ExecutionOrderSort (0ms)
			DisableScriptedObjects (11ms)
			BackupInstance (0ms)
			ReleaseScriptingObjects (0ms)
			CreateAndSetChildDomain (62ms)
		EndReloadAssembly (1934ms)
			LoadAssemblies (201ms)
			RebuildTransferFunctionScriptingTraits (0ms)
			SetupTypeCache (476ms)
			ReleaseScriptCaches (3ms)
			RebuildScriptCaches (81ms)
			SetupLoadedEditorAssemblies (1142ms)
				LogAssemblyErrors (0ms)
				InitializePlatformSupportModulesInManaged (60ms)
				SetLoadedEditorAssemblies (1ms)
				RefreshPlugins (2ms)
				BeforeProcessingInitializeOnLoad (136ms)
				ProcessInitializeOnLoadAttributes (814ms)
				ProcessInitializeOnLoadMethodAttributes (117ms)
				AfterProcessingInitializeOnLoad (12ms)
				EditorAssembliesLoaded (0ms)
			ExecutionOrderSort2 (0ms)
			AwakeInstancesAfterBackupRestoration (12ms)
Platform modules already initialized, skipping
Refreshing native plugins compatible for Editor in 1.55 ms, found 3 plugins.
Preloading 0 native plugins for Editor in 0.00 ms.
Unloading 4412 Unused Serialized files (Serialized files now loaded: 0)
Unloading 53 unused Assets / (168.3 KB). Loaded Objects now: 5154.
Memory consumption went from 159.5 MB to 159.3 MB.
Total: 6.866700 ms (FindLiveObjects: 0.513400 ms CreateObjectMapping: 0.253300 ms MarkObjects: 6.021600 ms  DeleteObjects: 0.076700 ms)

AssetImportParameters requested are different than current active one (requested -> active):
  custom:video-decoder-ogg-theora: a1e56fd34408186e4bbccfd4996cb3dc -> 
  custom:container-muxer-webm: aa71ff27fc2769a1b78a27578f13a17b -> 
  custom:container-demuxer-webm: 4f35f7cbe854078d1ac9338744f61a02 -> 
  custom:video-encoder-webm-vp8: eb34c28f22e8b96e1ab97ce403110664 -> 
  custom:video-codec-MediaFoundation-h265: 746d11721c4dcdbdad8f713fa42b33f4 -> 
  custom:CustomObjectIndexerAttribute: bc11b3a6c3213fcdd17b65e7da85e133 -> 
  custom:audio-encoder-webm-vorbis: bf7c407c2cedff20999df2af8eb42d56 -> 
  custom:framework-win-MediaFoundation: 216162199b28c13a410421893ffa2e32 -> 
  custom:SearchIndexIgnoredProperties: e643bd26f0fe6173181afceb89e7c659 -> 
  custom:container-demuxer-ogg: 62fdf1f143b41e24485cea50d1cbac27 -> 
  custom:video-decoder-webm-vp8: 9c59270c3fd7afecdb556c50c9e8de78 -> 
  custom:audio-decoder-ogg-vorbis: bf7c407c2cedff20999df2af8eb42d56 -> 
========================================================================
Received Prepare
Registering precompiled user dll's ...
Registered in 0.019324 seconds.
Begin MonoManager ReloadAssembly
Native extension for WindowsStandalone target not found
Failed to load: C:/Program Files/Unity/Hub/Editor/2021.3.36f1/Editor/Data/PlaybackEngines/iOSSupport\x64\UnityEditor.iOS.Native.dll
Native extension for iOS target not found
Native extension for Android target not found
Native extension for WebGL target not found
Refreshing native plugins compatible for Editor in 1.49 ms, found 3 plugins.
Preloading 0 native plugins for Editor in 0.00 ms.
[Package Manager] Server::EnsureServerProcessIsRunning -- launch failed, reason: Unity was launched with the -noUpm command-line argument
[Package Manager] Cannot connect to Unity Package Manager local server
[Package Manager] Server::EnsureServerProcessIsRunning -- launch failed, reason: Unity was launched with the -noUpm command-line argument
[Package Manager] Cannot connect to Unity Package Manager local server
System.IO.IOException: Sharing violation on path C:\UnityProject\Run\Assets\PluginYourGames\Editor\ModulesListYG2.txt
  at System.IO.FileStream..ctor (System.String path, System.IO.FileMode mode, System.IO.FileAccess access, System.IO.FileShare share, System.Int32 bufferSize, System.Boolean anonymous, System.IO.FileOptions options) [0x0019e] in <b4dec521950c405ea4b0b85c62087906>:0 
  at System.IO.FileStream..ctor (System.String path, System.IO.FileMode mode, System.IO.FileAccess access, System.IO.FileShare share, System.Int32 bufferSize, System.IO.FileOptions options) [0x00000] in <b4dec521950c405ea4b0b85c62087906>:0 
  at (wrapper remoting-invoke-with-check) System.IO.FileStream..ctor(string,System.IO.FileMode,System.IO.FileAccess,System.IO.FileShare,int,System.IO.FileOptions)
  at System.IO.StreamWriter..ctor (System.String path, System.Boolean append, System.Text.Encoding encoding, System.Int32 bufferSize) [0x00055] in <b4dec521950c405ea4b0b85c62087906>:0 
  at System.IO.StreamWriter..ctor (System.String path) [0x00008] in <b4dec521950c405ea4b0b85c62087906>:0 
  at (wrapper remoting-invoke-with-check) System.IO.StreamWriter..ctor(string)
  at System.IO.File.WriteAllText (System.String path, System.String contents) [0x00026] in <b4dec521950c405ea4b0b85c62087906>:0 
  at YG.EditorScr.DefineSymbols.ModulesDefineSymbols () [0x001e9] in C:\UnityProject\Run\Assets\PluginYourGames\Scripts\EditorScr\DefineSymbols.cs:215 
  at YG.EditorScr.DefineSymbols.UpdateDefineSymbols () [0x0000f] in C:\UnityProject\Run\Assets\PluginYourGames\Scripts\EditorScr\DefineSymbols.cs:57 
  at YG.EditorScr.DefineSymbols..cctor () [0x00023] in C:\UnityProject\Run\Assets\PluginYourGames\Scripts\EditorScr\DefineSymbols.cs:31 
UnityEngine.StackTraceUtility:ExtractStackTrace ()
UnityEngine.DebugLogHandler:LogFormat (UnityEngine.LogType,UnityEngine.Object,string,object[])
UnityEngine.Logger:Log (UnityEngine.LogType,object)
UnityEngine.Debug:LogError (object)
UnityEditor.EditorAssemblies:ProcessInitializeOnLoadAttributes (System.Type[])

Mono: successfully reloaded assembly
- Completed reload, in  2.403 seconds
Domain Reload Profiling:
	ReloadAssembly (2405ms)
		BeginReloadAssembly (258ms)
			ExecutionOrderSort (0ms)
			DisableScriptedObjects (11ms)
			BackupInstance (0ms)
			ReleaseScriptingObjects (0ms)
			CreateAndSetChildDomain (57ms)
		EndReloadAssembly (1968ms)
			LoadAssemblies (188ms)
			RebuildTransferFunctionScriptingTraits (0ms)
			SetupTypeCache (494ms)
			ReleaseScriptCaches (2ms)
			RebuildScriptCaches (83ms)
			SetupLoadedEditorAssemblies (1152ms)
				LogAssemblyErrors (0ms)
				InitializePlatformSupportModulesInManaged (63ms)
				SetLoadedEditorAssemblies (1ms)
				RefreshPlugins (2ms)
				BeforeProcessingInitializeOnLoad (137ms)
				ProcessInitializeOnLoadAttributes (825ms)
				ProcessInitializeOnLoadMethodAttributes (113ms)
				AfterProcessingInitializeOnLoad (11ms)
				EditorAssembliesLoaded (0ms)
			ExecutionOrderSort2 (0ms)
			AwakeInstancesAfterBackupRestoration (12ms)
Platform modules already initialized, skipping
Refreshing native plugins compatible for Editor in 1.86 ms, found 3 plugins.
Preloading 0 native plugins for Editor in 0.00 ms.
Unloading 4412 Unused Serialized files (Serialized files now loaded: 0)
Unloading 53 unused Assets / (167.2 KB). Loaded Objects now: 5157.
Memory consumption went from 159.5 MB to 159.4 MB.
Total: 4.429900 ms (FindLiveObjects: 0.398400 ms CreateObjectMapping: 0.186800 ms MarkObjects: 3.766300 ms  DeleteObjects: 0.076800 ms)

AssetImportParameters requested are different than current active one (requested -> active):
  custom:video-decoder-ogg-theora: a1e56fd34408186e4bbccfd4996cb3dc -> 
  custom:container-muxer-webm: aa71ff27fc2769a1b78a27578f13a17b -> 
  custom:container-demuxer-webm: 4f35f7cbe854078d1ac9338744f61a02 -> 
  custom:video-encoder-webm-vp8: eb34c28f22e8b96e1ab97ce403110664 -> 
  custom:video-codec-MediaFoundation-h265: 746d11721c4dcdbdad8f713fa42b33f4 -> 
  custom:CustomObjectIndexerAttribute: bc11b3a6c3213fcdd17b65e7da85e133 -> 
  custom:audio-encoder-webm-vorbis: bf7c407c2cedff20999df2af8eb42d56 -> 
  custom:framework-win-MediaFoundation: 216162199b28c13a410421893ffa2e32 -> 
  custom:SearchIndexIgnoredProperties: e643bd26f0fe6173181afceb89e7c659 -> 
  custom:container-demuxer-ogg: 62fdf1f143b41e24485cea50d1cbac27 -> 
  custom:video-decoder-webm-vp8: 9c59270c3fd7afecdb556c50c9e8de78 -> 
  custom:audio-decoder-ogg-vorbis: bf7c407c2cedff20999df2af8eb42d56 -> 
========================================================================
Received Prepare
Registering precompiled user dll's ...
Registered in 0.006515 seconds.
Begin MonoManager ReloadAssembly
Native extension for WindowsStandalone target not found
Failed to load: C:/Program Files/Unity/Hub/Editor/2021.3.36f1/Editor/Data/PlaybackEngines/iOSSupport\x64\UnityEditor.iOS.Native.dll
Native extension for iOS target not found
Native extension for Android target not found
Native extension for WebGL target not found
Refreshing native plugins compatible for Editor in 2.17 ms, found 3 plugins.
Preloading 0 native plugins for Editor in 0.00 ms.
[Package Manager] Server::EnsureServerProcessIsRunning -- launch failed, reason: Unity was launched with the -noUpm command-line argument
[Package Manager] Cannot connect to Unity Package Manager local server
[Package Manager] Server::EnsureServerProcessIsRunning -- launch failed, reason: Unity was launched with the -noUpm command-line argument
[Package Manager] Cannot connect to Unity Package Manager local server
[ScriptCompilation] NOT recompiling all scripts because this is an import worker process. Reason to compile was: Define symbols changed
Mono: successfully reloaded assembly
- Completed reload, in  2.336 seconds
Domain Reload Profiling:
	ReloadAssembly (2338ms)
		BeginReloadAssembly (177ms)
			ExecutionOrderSort (0ms)
			DisableScriptedObjects (7ms)
			BackupInstance (0ms)
			ReleaseScriptingObjects (0ms)
			CreateAndSetChildDomain (40ms)
		EndReloadAssembly (2038ms)
			LoadAssemblies (123ms)
			RebuildTransferFunctionScriptingTraits (0ms)
			SetupTypeCache (449ms)
			ReleaseScriptCaches (3ms)
			RebuildScriptCaches (99ms)
			SetupLoadedEditorAssemblies (1248ms)
				LogAssemblyErrors (0ms)
				InitializePlatformSupportModulesInManaged (67ms)
				SetLoadedEditorAssemblies (1ms)
				RefreshPlugins (2ms)
				BeforeProcessingInitializeOnLoad (152ms)
				ProcessInitializeOnLoadAttributes (866ms)
				ProcessInitializeOnLoadMethodAttributes (149ms)
				AfterProcessingInitializeOnLoad (11ms)
				EditorAssembliesLoaded (0ms)
			ExecutionOrderSort2 (0ms)
			AwakeInstancesAfterBackupRestoration (14ms)
Platform modules already initialized, skipping
Refreshing native plugins compatible for Editor in 1.33 ms, found 3 plugins.
Preloading 0 native plugins for Editor in 0.00 ms.
Unloading 4412 Unused Serialized files (Serialized files now loaded: 0)
Unloading 53 unused Assets / (167.3 KB). Loaded Objects now: 5160.
Memory consumption went from 159.5 MB to 159.4 MB.
Total: 5.968600 ms (FindLiveObjects: 0.498600 ms CreateObjectMapping: 0.511600 ms MarkObjects: 4.801100 ms  DeleteObjects: 0.155500 ms)

AssetImportParameters requested are different than current active one (requested -> active):
  custom:video-decoder-ogg-theora: a1e56fd34408186e4bbccfd4996cb3dc -> 
  custom:container-muxer-webm: aa71ff27fc2769a1b78a27578f13a17b -> 
  custom:container-demuxer-webm: 4f35f7cbe854078d1ac9338744f61a02 -> 
  custom:video-encoder-webm-vp8: eb34c28f22e8b96e1ab97ce403110664 -> 
  custom:video-codec-MediaFoundation-h265: 746d11721c4dcdbdad8f713fa42b33f4 -> 
  custom:CustomObjectIndexerAttribute: bc11b3a6c3213fcdd17b65e7da85e133 -> 
  custom:audio-encoder-webm-vorbis: bf7c407c2cedff20999df2af8eb42d56 -> 
  custom:framework-win-MediaFoundation: 216162199b28c13a410421893ffa2e32 -> 
  custom:SearchIndexIgnoredProperties: e643bd26f0fe6173181afceb89e7c659 -> 
  custom:container-demuxer-ogg: 62fdf1f143b41e24485cea50d1cbac27 -> 
  custom:video-decoder-webm-vp8: 9c59270c3fd7afecdb556c50c9e8de78 -> 
  custom:audio-decoder-ogg-vorbis: bf7c407c2cedff20999df2af8eb42d56 -> 
========================================================================
Received Prepare
Registering precompiled user dll's ...
Registered in 0.012422 seconds.
Begin MonoManager ReloadAssembly
Native extension for WindowsStandalone target not found
Failed to load: C:/Program Files/Unity/Hub/Editor/2021.3.36f1/Editor/Data/PlaybackEngines/iOSSupport\x64\UnityEditor.iOS.Native.dll
Native extension for iOS target not found
Native extension for Android target not found
Native extension for WebGL target not found
Refreshing native plugins compatible for Editor in 1.01 ms, found 3 plugins.
Preloading 0 native plugins for Editor in 0.00 ms.
[Package Manager] Server::EnsureServerProcessIsRunning -- launch failed, reason: Unity was launched with the -noUpm command-line argument
[Package Manager] Cannot connect to Unity Package Manager local server
[Package Manager] Server::EnsureServerProcessIsRunning -- launch failed, reason: Unity was launched with the -noUpm command-line argument
[Package Manager] Cannot connect to Unity Package Manager local server
[ScriptCompilation] NOT recompiling all scripts because this is an import worker process. Reason to compile was: Define symbols changed
Mono: successfully reloaded assembly
- Completed reload, in  1.809 seconds
Domain Reload Profiling:
	ReloadAssembly (1810ms)
		BeginReloadAssembly (160ms)
			ExecutionOrderSort (0ms)
			DisableScriptedObjects (7ms)
			BackupInstance (0ms)
			ReleaseScriptingObjects (0ms)
			CreateAndSetChildDomain (36ms)
		EndReloadAssembly (1534ms)
			LoadAssemblies (118ms)
			RebuildTransferFunctionScriptingTraits (0ms)
			SetupTypeCache (413ms)
			ReleaseScriptCaches (2ms)
			RebuildScriptCaches (56ms)
			SetupLoadedEditorAssemblies (894ms)
				LogAssemblyErrors (0ms)
				InitializePlatformSupportModulesInManaged (42ms)
				SetLoadedEditorAssemblies (1ms)
				RefreshPlugins (1ms)
				BeforeProcessingInitializeOnLoad (102ms)
				ProcessInitializeOnLoadAttributes (642ms)
				ProcessInitializeOnLoadMethodAttributes (98ms)
				AfterProcessingInitializeOnLoad (7ms)
				EditorAssembliesLoaded (0ms)
			ExecutionOrderSort2 (0ms)
			AwakeInstancesAfterBackupRestoration (10ms)
Platform modules already initialized, skipping
Refreshing native plugins compatible for Editor in 1.20 ms, found 3 plugins.
Preloading 0 native plugins for Editor in 0.00 ms.
Unloading 4412 Unused Serialized files (Serialized files now loaded: 0)
Unloading 53 unused Assets / (168.3 KB). Loaded Objects now: 5163.
Memory consumption went from 159.3 MB to 159.2 MB.
Total: 4.940600 ms (FindLiveObjects: 0.407300 ms CreateObjectMapping: 0.204700 ms MarkObjects: 4.190500 ms  DeleteObjects: 0.135700 ms)

AssetImportParameters requested are different than current active one (requested -> active):
  custom:video-decoder-ogg-theora: a1e56fd34408186e4bbccfd4996cb3dc -> 
  custom:container-muxer-webm: aa71ff27fc2769a1b78a27578f13a17b -> 
  custom:container-demuxer-webm: 4f35f7cbe854078d1ac9338744f61a02 -> 
  custom:video-encoder-webm-vp8: eb34c28f22e8b96e1ab97ce403110664 -> 
  custom:video-codec-MediaFoundation-h265: 746d11721c4dcdbdad8f713fa42b33f4 -> 
  custom:CustomObjectIndexerAttribute: bc11b3a6c3213fcdd17b65e7da85e133 -> 
  custom:audio-encoder-webm-vorbis: bf7c407c2cedff20999df2af8eb42d56 -> 
  custom:framework-win-MediaFoundation: 216162199b28c13a410421893ffa2e32 -> 
  custom:SearchIndexIgnoredProperties: e643bd26f0fe6173181afceb89e7c659 -> 
  custom:container-demuxer-ogg: 62fdf1f143b41e24485cea50d1cbac27 -> 
  custom:video-decoder-webm-vp8: 9c59270c3fd7afecdb556c50c9e8de78 -> 
  custom:audio-decoder-ogg-vorbis: bf7c407c2cedff20999df2af8eb42d56 -> 
========================================================================
Received Prepare
Registering precompiled user dll's ...
Registered in 0.005502 seconds.
Begin MonoManager ReloadAssembly
Native extension for WindowsStandalone target not found
Failed to load: C:/Program Files/Unity/Hub/Editor/2021.3.36f1/Editor/Data/PlaybackEngines/iOSSupport\x64\UnityEditor.iOS.Native.dll
Native extension for iOS target not found
Native extension for Android target not found
Native extension for WebGL target not found
Refreshing native plugins compatible for Editor in 1.32 ms, found 3 plugins.
Preloading 0 native plugins for Editor in 0.00 ms.
[Package Manager] Server::EnsureServerProcessIsRunning -- launch failed, reason: Unity was launched with the -noUpm command-line argument
[Package Manager] Cannot connect to Unity Package Manager local server
[Package Manager] Server::EnsureServerProcessIsRunning -- launch failed, reason: Unity was launched with the -noUpm command-line argument
[Package Manager] Cannot connect to Unity Package Manager local server
[ScriptCompilation] NOT recompiling all scripts because this is an import worker process. Reason to compile was: Define symbols changed
Mono: successfully reloaded assembly
- Completed reload, in  2.402 seconds
Domain Reload Profiling:
	ReloadAssembly (2404ms)
		BeginReloadAssembly (195ms)
			ExecutionOrderSort (0ms)
			DisableScriptedObjects (6ms)
			BackupInstance (0ms)
			ReleaseScriptingObjects (0ms)
			CreateAndSetChildDomain (53ms)
		EndReloadAssembly (2081ms)
			LoadAssemblies (131ms)
			RebuildTransferFunctionScriptingTraits (0ms)
			SetupTypeCache (431ms)
			ReleaseScriptCaches (3ms)
			RebuildScriptCaches (71ms)
			SetupLoadedEditorAssemblies (1342ms)
				LogAssemblyErrors (0ms)
				InitializePlatformSupportModulesInManaged (70ms)
				SetLoadedEditorAssemblies (28ms)
				RefreshPlugins (1ms)
				BeforeProcessingInitializeOnLoad (162ms)
				ProcessInitializeOnLoadAttributes (915ms)
				ProcessInitializeOnLoadMethodAttributes (155ms)
				AfterProcessingInitializeOnLoad (10ms)
				EditorAssembliesLoaded (0ms)
			ExecutionOrderSort2 (0ms)
			AwakeInstancesAfterBackupRestoration (14ms)
Platform modules already initialized, skipping
Refreshing native plugins compatible for Editor in 1.71 ms, found 3 plugins.
Preloading 0 native plugins for Editor in 0.00 ms.
Unloading 4412 Unused Serialized files (Serialized files now loaded: 0)
Unloading 53 unused Assets / (167.2 KB). Loaded Objects now: 5166.
Memory consumption went from 159.3 MB to 159.2 MB.
Total: 5.263100 ms (FindLiveObjects: 0.612700 ms CreateObjectMapping: 0.241400 ms MarkObjects: 4.308700 ms  DeleteObjects: 0.098100 ms)

AssetImportParameters requested are different than current active one (requested -> active):
  custom:video-decoder-ogg-theora: a1e56fd34408186e4bbccfd4996cb3dc -> 
  custom:container-muxer-webm: aa71ff27fc2769a1b78a27578f13a17b -> 
  custom:container-demuxer-webm: 4f35f7cbe854078d1ac9338744f61a02 -> 
  custom:video-encoder-webm-vp8: eb34c28f22e8b96e1ab97ce403110664 -> 
  custom:video-codec-MediaFoundation-h265: 746d11721c4dcdbdad8f713fa42b33f4 -> 
  custom:CustomObjectIndexerAttribute: bc11b3a6c3213fcdd17b65e7da85e133 -> 
  custom:audio-encoder-webm-vorbis: bf7c407c2cedff20999df2af8eb42d56 -> 
  custom:framework-win-MediaFoundation: 216162199b28c13a410421893ffa2e32 -> 
  custom:SearchIndexIgnoredProperties: e643bd26f0fe6173181afceb89e7c659 -> 
  custom:container-demuxer-ogg: 62fdf1f143b41e24485cea50d1cbac27 -> 
  custom:video-decoder-webm-vp8: 9c59270c3fd7afecdb556c50c9e8de78 -> 
  custom:audio-decoder-ogg-vorbis: bf7c407c2cedff20999df2af8eb42d56 -> 
========================================================================
Received Prepare
Registering precompiled user dll's ...
Registered in 0.052043 seconds.
Begin MonoManager ReloadAssembly
Native extension for WindowsStandalone target not found
Failed to load: C:/Program Files/Unity/Hub/Editor/2021.3.36f1/Editor/Data/PlaybackEngines/iOSSupport\x64\UnityEditor.iOS.Native.dll
Native extension for iOS target not found
Native extension for Android target not found
Native extension for WebGL target not found
Refreshing native plugins compatible for Editor in 1.37 ms, found 3 plugins.
Preloading 0 native plugins for Editor in 0.00 ms.
[Package Manager] Server::EnsureServerProcessIsRunning -- launch failed, reason: Unity was launched with the -noUpm command-line argument
[Package Manager] Cannot connect to Unity Package Manager local server
[Package Manager] Server::EnsureServerProcessIsRunning -- launch failed, reason: Unity was launched with the -noUpm command-line argument
[Package Manager] Cannot connect to Unity Package Manager local server
[ScriptCompilation] NOT recompiling all scripts because this is an import worker process. Reason to compile was: Define symbols changed
Mono: successfully reloaded assembly
- Completed reload, in  1.752 seconds
Domain Reload Profiling:
	ReloadAssembly (1753ms)
		BeginReloadAssembly (150ms)
			ExecutionOrderSort (0ms)
			DisableScriptedObjects (5ms)
			BackupInstance (0ms)
			ReleaseScriptingObjects (0ms)
			CreateAndSetChildDomain (34ms)
		EndReloadAssembly (1499ms)
			LoadAssemblies (105ms)
			RebuildTransferFunctionScriptingTraits (0ms)
			SetupTypeCache (314ms)
			ReleaseScriptCaches (2ms)
			RebuildScriptCaches (56ms)
			SetupLoadedEditorAssemblies (958ms)
				LogAssemblyErrors (0ms)
				InitializePlatformSupportModulesInManaged (56ms)
				SetLoadedEditorAssemblies (1ms)
				RefreshPlugins (2ms)
				BeforeProcessingInitializeOnLoad (150ms)
				ProcessInitializeOnLoadAttributes (660ms)
				ProcessInitializeOnLoadMethodAttributes (84ms)
				AfterProcessingInitializeOnLoad (6ms)
				EditorAssembliesLoaded (0ms)
			ExecutionOrderSort2 (0ms)
			AwakeInstancesAfterBackupRestoration (8ms)
Platform modules already initialized, skipping
Refreshing native plugins compatible for Editor in 1.10 ms, found 3 plugins.
Preloading 0 native plugins for Editor in 0.00 ms.
Unloading 4412 Unused Serialized files (Serialized files now loaded: 0)
Unloading 53 unused Assets / (168.3 KB). Loaded Objects now: 5169.
Memory consumption went from 159.4 MB to 159.2 MB.
Total: 4.681400 ms (FindLiveObjects: 0.350000 ms CreateObjectMapping: 0.180400 ms MarkObjects: 4.039700 ms  DeleteObjects: 0.109500 ms)

AssetImportParameters requested are different than current active one (requested -> active):
  custom:video-decoder-ogg-theora: a1e56fd34408186e4bbccfd4996cb3dc -> 
  custom:container-muxer-webm: aa71ff27fc2769a1b78a27578f13a17b -> 
  custom:container-demuxer-webm: 4f35f7cbe854078d1ac9338744f61a02 -> 
  custom:video-encoder-webm-vp8: eb34c28f22e8b96e1ab97ce403110664 -> 
  custom:video-codec-MediaFoundation-h265: 746d11721c4dcdbdad8f713fa42b33f4 -> 
  custom:CustomObjectIndexerAttribute: bc11b3a6c3213fcdd17b65e7da85e133 -> 
  custom:audio-encoder-webm-vorbis: bf7c407c2cedff20999df2af8eb42d56 -> 
  custom:framework-win-MediaFoundation: 216162199b28c13a410421893ffa2e32 -> 
  custom:SearchIndexIgnoredProperties: e643bd26f0fe6173181afceb89e7c659 -> 
  custom:container-demuxer-ogg: 62fdf1f143b41e24485cea50d1cbac27 -> 
  custom:video-decoder-webm-vp8: 9c59270c3fd7afecdb556c50c9e8de78 -> 
  custom:audio-decoder-ogg-vorbis: bf7c407c2cedff20999df2af8eb42d56 -> 
========================================================================
Received Prepare
Registering precompiled user dll's ...
Registered in 0.007716 seconds.
Begin MonoManager ReloadAssembly
Native extension for WindowsStandalone target not found
Failed to load: C:/Program Files/Unity/Hub/Editor/2021.3.36f1/Editor/Data/PlaybackEngines/iOSSupport\x64\UnityEditor.iOS.Native.dll
Native extension for iOS target not found
Native extension for Android target not found
Native extension for WebGL target not found
Refreshing native plugins compatible for Editor in 1.27 ms, found 3 plugins.
Preloading 0 native plugins for Editor in 0.00 ms.
[Package Manager] Server::EnsureServerProcessIsRunning -- launch failed, reason: Unity was launched with the -noUpm command-line argument
[Package Manager] Cannot connect to Unity Package Manager local server
[Package Manager] Server::EnsureServerProcessIsRunning -- launch failed, reason: Unity was launched with the -noUpm command-line argument
[Package Manager] Cannot connect to Unity Package Manager local server
[ScriptCompilation] NOT recompiling all scripts because this is an import worker process. Reason to compile was: Define symbols changed
Mono: successfully reloaded assembly
- Completed reload, in  2.427 seconds
Domain Reload Profiling:
	ReloadAssembly (2429ms)
		BeginReloadAssembly (197ms)
			ExecutionOrderSort (0ms)
			DisableScriptedObjects (7ms)
			BackupInstance (0ms)
			ReleaseScriptingObjects (0ms)
			CreateAndSetChildDomain (39ms)
		EndReloadAssembly (2106ms)
			LoadAssemblies (143ms)
			RebuildTransferFunctionScriptingTraits (0ms)
			SetupTypeCache (456ms)
			ReleaseScriptCaches (3ms)
			RebuildScriptCaches (92ms)
			SetupLoadedEditorAssemblies (1297ms)
				LogAssemblyErrors (0ms)
				InitializePlatformSupportModulesInManaged (78ms)
				SetLoadedEditorAssemblies (1ms)
				RefreshPlugins (1ms)
				BeforeProcessingInitializeOnLoad (164ms)
				ProcessInitializeOnLoadAttributes (897ms)
				ProcessInitializeOnLoadMethodAttributes (144ms)
				AfterProcessingInitializeOnLoad (10ms)
				EditorAssembliesLoaded (1ms)
			ExecutionOrderSort2 (0ms)
			AwakeInstancesAfterBackupRestoration (14ms)
Platform modules already initialized, skipping
Refreshing native plugins compatible for Editor in 3.49 ms, found 3 plugins.
Preloading 0 native plugins for Editor in 0.00 ms.
Unloading 4412 Unused Serialized files (Serialized files now loaded: 0)
Unloading 53 unused Assets / (167.3 KB). Loaded Objects now: 5172.
Memory consumption went from 159.4 MB to 159.2 MB.
Total: 6.916800 ms (FindLiveObjects: 0.624500 ms CreateObjectMapping: 0.292300 ms MarkObjects: 5.888900 ms  DeleteObjects: 0.108500 ms)

AssetImportParameters requested are different than current active one (requested -> active):
  custom:video-decoder-ogg-theora: a1e56fd34408186e4bbccfd4996cb3dc -> 
  custom:container-muxer-webm: aa71ff27fc2769a1b78a27578f13a17b -> 
  custom:container-demuxer-webm: 4f35f7cbe854078d1ac9338744f61a02 -> 
  custom:video-encoder-webm-vp8: eb34c28f22e8b96e1ab97ce403110664 -> 
  custom:video-codec-MediaFoundation-h265: 746d11721c4dcdbdad8f713fa42b33f4 -> 
  custom:CustomObjectIndexerAttribute: bc11b3a6c3213fcdd17b65e7da85e133 -> 
  custom:audio-encoder-webm-vorbis: bf7c407c2cedff20999df2af8eb42d56 -> 
  custom:framework-win-MediaFoundation: 216162199b28c13a410421893ffa2e32 -> 
  custom:SearchIndexIgnoredProperties: e643bd26f0fe6173181afceb89e7c659 -> 
  custom:container-demuxer-ogg: 62fdf1f143b41e24485cea50d1cbac27 -> 
  custom:video-decoder-webm-vp8: 9c59270c3fd7afecdb556c50c9e8de78 -> 
  custom:audio-decoder-ogg-vorbis: bf7c407c2cedff20999df2af8eb42d56 -> 
========================================================================
Received Prepare
Registering precompiled user dll's ...
Registered in 0.017899 seconds.
Begin MonoManager ReloadAssembly
Native extension for WindowsStandalone target not found
Failed to load: C:/Program Files/Unity/Hub/Editor/2021.3.36f1/Editor/Data/PlaybackEngines/iOSSupport\x64\UnityEditor.iOS.Native.dll
Native extension for iOS target not found
Native extension for Android target not found
Native extension for WebGL target not found
Refreshing native plugins compatible for Editor in 1.03 ms, found 3 plugins.
Preloading 0 native plugins for Editor in 0.00 ms.
[Package Manager] Server::EnsureServerProcessIsRunning -- launch failed, reason: Unity was launched with the -noUpm command-line argument
[Package Manager] Cannot connect to Unity Package Manager local server
[Package Manager] Server::EnsureServerProcessIsRunning -- launch failed, reason: Unity was launched with the -noUpm command-line argument
[Package Manager] Cannot connect to Unity Package Manager local server
[ScriptCompilation] NOT recompiling all scripts because this is an import worker process. Reason to compile was: Define symbols changed
Mono: successfully reloaded assembly
- Completed reload, in  1.824 seconds
Domain Reload Profiling:
	ReloadAssembly (1825ms)
		BeginReloadAssembly (164ms)
			ExecutionOrderSort (0ms)
			DisableScriptedObjects (6ms)
			BackupInstance (0ms)
			ReleaseScriptingObjects (0ms)
			CreateAndSetChildDomain (35ms)
		EndReloadAssembly (1531ms)
			LoadAssemblies (131ms)
			RebuildTransferFunctionScriptingTraits (0ms)
			SetupTypeCache (400ms)
			ReleaseScriptCaches (2ms)
			RebuildScriptCaches (59ms)
			SetupLoadedEditorAssemblies (891ms)
				LogAssemblyErrors (0ms)
				InitializePlatformSupportModulesInManaged (44ms)
				SetLoadedEditorAssemblies (1ms)
				RefreshPlugins (1ms)
				BeforeProcessingInitializeOnLoad (100ms)
				ProcessInitializeOnLoadAttributes (655ms)
				ProcessInitializeOnLoadMethodAttributes (82ms)
				AfterProcessingInitializeOnLoad (8ms)
				EditorAssembliesLoaded (0ms)
			ExecutionOrderSort2 (0ms)
			AwakeInstancesAfterBackupRestoration (8ms)
Platform modules already initialized, skipping
Refreshing native plugins compatible for Editor in 0.96 ms, found 3 plugins.
Preloading 0 native plugins for Editor in 0.00 ms.
Unloading 4412 Unused Serialized files (Serialized files now loaded: 0)
Unloading 53 unused Assets / (167.3 KB). Loaded Objects now: 5175.
Memory consumption went from 159.6 MB to 159.4 MB.
Total: 4.462300 ms (FindLiveObjects: 0.396500 ms CreateObjectMapping: 0.253100 ms MarkObjects: 3.722200 ms  DeleteObjects: 0.088900 ms)

AssetImportParameters requested are different than current active one (requested -> active):
  custom:video-decoder-ogg-theora: a1e56fd34408186e4bbccfd4996cb3dc -> 
  custom:container-muxer-webm: aa71ff27fc2769a1b78a27578f13a17b -> 
  custom:container-demuxer-webm: 4f35f7cbe854078d1ac9338744f61a02 -> 
  custom:video-encoder-webm-vp8: eb34c28f22e8b96e1ab97ce403110664 -> 
  custom:video-codec-MediaFoundation-h265: 746d11721c4dcdbdad8f713fa42b33f4 -> 
  custom:CustomObjectIndexerAttribute: bc11b3a6c3213fcdd17b65e7da85e133 -> 
  custom:audio-encoder-webm-vorbis: bf7c407c2cedff20999df2af8eb42d56 -> 
  custom:framework-win-MediaFoundation: 216162199b28c13a410421893ffa2e32 -> 
  custom:SearchIndexIgnoredProperties: e643bd26f0fe6173181afceb89e7c659 -> 
  custom:container-demuxer-ogg: 62fdf1f143b41e24485cea50d1cbac27 -> 
  custom:video-decoder-webm-vp8: 9c59270c3fd7afecdb556c50c9e8de78 -> 
  custom:audio-decoder-ogg-vorbis: bf7c407c2cedff20999df2af8eb42d56 -> 
========================================================================
Received Prepare
Registering precompiled user dll's ...
Registered in 0.009111 seconds.
Begin MonoManager ReloadAssembly
Native extension for WindowsStandalone target not found
Failed to load: C:/Program Files/Unity/Hub/Editor/2021.3.36f1/Editor/Data/PlaybackEngines/iOSSupport\x64\UnityEditor.iOS.Native.dll
Native extension for iOS target not found
Native extension for Android target not found
Native extension for WebGL target not found
Refreshing native plugins compatible for Editor in 1.37 ms, found 3 plugins.
Preloading 0 native plugins for Editor in 0.00 ms.
[Package Manager] Server::EnsureServerProcessIsRunning -- launch failed, reason: Unity was launched with the -noUpm command-line argument
[Package Manager] Cannot connect to Unity Package Manager local server
[Package Manager] Server::EnsureServerProcessIsRunning -- launch failed, reason: Unity was launched with the -noUpm command-line argument
[Package Manager] Cannot connect to Unity Package Manager local server
[ScriptCompilation] NOT recompiling all scripts because this is an import worker process. Reason to compile was: Define symbols changed
Mono: successfully reloaded assembly
- Completed reload, in  2.415 seconds
Domain Reload Profiling:
	ReloadAssembly (2416ms)
		BeginReloadAssembly (185ms)
			ExecutionOrderSort (0ms)
			DisableScriptedObjects (7ms)
			BackupInstance (0ms)
			ReleaseScriptingObjects (0ms)
			CreateAndSetChildDomain (38ms)
		EndReloadAssembly (2095ms)
			LoadAssemblies (139ms)
			RebuildTransferFunctionScriptingTraits (0ms)
			SetupTypeCache (461ms)
			ReleaseScriptCaches (3ms)
			RebuildScriptCaches (90ms)
			SetupLoadedEditorAssemblies (1293ms)
				LogAssemblyErrors (0ms)
				InitializePlatformSupportModulesInManaged (65ms)
				SetLoadedEditorAssemblies (1ms)
				RefreshPlugins (2ms)
				BeforeProcessingInitializeOnLoad (163ms)
				ProcessInitializeOnLoadAttributes (897ms)
				ProcessInitializeOnLoadMethodAttributes (154ms)
				AfterProcessingInitializeOnLoad (12ms)
				EditorAssembliesLoaded (0ms)
			ExecutionOrderSort2 (0ms)
			AwakeInstancesAfterBackupRestoration (14ms)
Platform modules already initialized, skipping
Refreshing native plugins compatible for Editor in 1.82 ms, found 3 plugins.
Preloading 0 native plugins for Editor in 0.00 ms.
Unloading 4412 Unused Serialized files (Serialized files now loaded: 0)
Unloading 53 unused Assets / (168.4 KB). Loaded Objects now: 5178.
Memory consumption went from 159.6 MB to 159.4 MB.
Total: 4.759200 ms (FindLiveObjects: 0.411300 ms CreateObjectMapping: 0.222500 ms MarkObjects: 4.024600 ms  DeleteObjects: 0.099300 ms)

AssetImportParameters requested are different than current active one (requested -> active):
  custom:video-decoder-ogg-theora: a1e56fd34408186e4bbccfd4996cb3dc -> 
  custom:container-muxer-webm: aa71ff27fc2769a1b78a27578f13a17b -> 
  custom:container-demuxer-webm: 4f35f7cbe854078d1ac9338744f61a02 -> 
  custom:video-encoder-webm-vp8: eb34c28f22e8b96e1ab97ce403110664 -> 
  custom:video-codec-MediaFoundation-h265: 746d11721c4dcdbdad8f713fa42b33f4 -> 
  custom:CustomObjectIndexerAttribute: bc11b3a6c3213fcdd17b65e7da85e133 -> 
  custom:audio-encoder-webm-vorbis: bf7c407c2cedff20999df2af8eb42d56 -> 
  custom:framework-win-MediaFoundation: 216162199b28c13a410421893ffa2e32 -> 
  custom:SearchIndexIgnoredProperties: e643bd26f0fe6173181afceb89e7c659 -> 
  custom:container-demuxer-ogg: 62fdf1f143b41e24485cea50d1cbac27 -> 
  custom:video-decoder-webm-vp8: 9c59270c3fd7afecdb556c50c9e8de78 -> 
  custom:audio-decoder-ogg-vorbis: bf7c407c2cedff20999df2af8eb42d56 -> 
========================================================================
Received Prepare
Registering precompiled user dll's ...
Registered in 0.004931 seconds.
Begin MonoManager ReloadAssembly
Native extension for WindowsStandalone target not found
Failed to load: C:/Program Files/Unity/Hub/Editor/2021.3.36f1/Editor/Data/PlaybackEngines/iOSSupport\x64\UnityEditor.iOS.Native.dll
Native extension for iOS target not found
Native extension for Android target not found
Native extension for WebGL target not found
Refreshing native plugins compatible for Editor in 1.15 ms, found 3 plugins.
Preloading 0 native plugins for Editor in 0.00 ms.
[Package Manager] Server::EnsureServerProcessIsRunning -- launch failed, reason: Unity was launched with the -noUpm command-line argument
[Package Manager] Cannot connect to Unity Package Manager local server
[Package Manager] Server::EnsureServerProcessIsRunning -- launch failed, reason: Unity was launched with the -noUpm command-line argument
[Package Manager] Cannot connect to Unity Package Manager local server
[ScriptCompilation] NOT recompiling all scripts because this is an import worker process. Reason to compile was: Define symbols changed
Mono: successfully reloaded assembly
- Completed reload, in  1.744 seconds
Domain Reload Profiling:
	ReloadAssembly (1745ms)
		BeginReloadAssembly (118ms)
			ExecutionOrderSort (0ms)
			DisableScriptedObjects (4ms)
			BackupInstance (0ms)
			ReleaseScriptingObjects (0ms)
			CreateAndSetChildDomain (27ms)
		EndReloadAssembly (1549ms)
			LoadAssemblies (83ms)
			RebuildTransferFunctionScriptingTraits (0ms)
			SetupTypeCache (258ms)
			ReleaseScriptCaches (2ms)
			RebuildScriptCaches (44ms)
			SetupLoadedEditorAssemblies (1084ms)
				LogAssemblyErrors (0ms)
				InitializePlatformSupportModulesInManaged (37ms)
				SetLoadedEditorAssemblies (1ms)
				RefreshPlugins (1ms)
				BeforeProcessingInitializeOnLoad (87ms)
				ProcessInitializeOnLoadAttributes (797ms)
				ProcessInitializeOnLoadMethodAttributes (149ms)
				AfterProcessingInitializeOnLoad (12ms)
				EditorAssembliesLoaded (0ms)
			ExecutionOrderSort2 (0ms)
			AwakeInstancesAfterBackupRestoration (18ms)
Platform modules already initialized, skipping
Refreshing native plugins compatible for Editor in 1.36 ms, found 3 plugins.
Preloading 0 native plugins for Editor in 0.00 ms.
Unloading 4412 Unused Serialized files (Serialized files now loaded: 0)
Unloading 53 unused Assets / (167.3 KB). Loaded Objects now: 5181.
Memory consumption went from 159.6 MB to 159.4 MB.
Total: 6.165800 ms (FindLiveObjects: 0.493200 ms CreateObjectMapping: 0.247900 ms MarkObjects: 5.297800 ms  DeleteObjects: 0.098800 ms)

AssetImportParameters requested are different than current active one (requested -> active):
  custom:video-decoder-ogg-theora: a1e56fd34408186e4bbccfd4996cb3dc -> 
  custom:container-muxer-webm: aa71ff27fc2769a1b78a27578f13a17b -> 
  custom:container-demuxer-webm: 4f35f7cbe854078d1ac9338744f61a02 -> 
  custom:video-encoder-webm-vp8: eb34c28f22e8b96e1ab97ce403110664 -> 
  custom:video-codec-MediaFoundation-h265: 746d11721c4dcdbdad8f713fa42b33f4 -> 
  custom:CustomObjectIndexerAttribute: bc11b3a6c3213fcdd17b65e7da85e133 -> 
  custom:audio-encoder-webm-vorbis: bf7c407c2cedff20999df2af8eb42d56 -> 
  custom:framework-win-MediaFoundation: 216162199b28c13a410421893ffa2e32 -> 
  custom:SearchIndexIgnoredProperties: e643bd26f0fe6173181afceb89e7c659 -> 
  custom:container-demuxer-ogg: 62fdf1f143b41e24485cea50d1cbac27 -> 
  custom:video-decoder-webm-vp8: 9c59270c3fd7afecdb556c50c9e8de78 -> 
  custom:audio-decoder-ogg-vorbis: bf7c407c2cedff20999df2af8eb42d56 -> 
========================================================================
Received Prepare
Registering precompiled user dll's ...
Registered in 0.024994 seconds.
Begin MonoManager ReloadAssembly
Native extension for WindowsStandalone target not found
Failed to load: C:/Program Files/Unity/Hub/Editor/2021.3.36f1/Editor/Data/PlaybackEngines/iOSSupport\x64\UnityEditor.iOS.Native.dll
Native extension for iOS target not found
Native extension for Android target not found
Native extension for WebGL target not found
Refreshing native plugins compatible for Editor in 1.00 ms, found 3 plugins.
Preloading 0 native plugins for Editor in 0.00 ms.
[Package Manager] Server::EnsureServerProcessIsRunning -- launch failed, reason: Unity was launched with the -noUpm command-line argument
[Package Manager] Cannot connect to Unity Package Manager local server
[Package Manager] Server::EnsureServerProcessIsRunning -- launch failed, reason: Unity was launched with the -noUpm command-line argument
[Package Manager] Cannot connect to Unity Package Manager local server
[ScriptCompilation] NOT recompiling all scripts because this is an import worker process. Reason to compile was: Define symbols changed
Mono: successfully reloaded assembly
- Completed reload, in  1.811 seconds
Domain Reload Profiling:
	ReloadAssembly (1812ms)
		BeginReloadAssembly (181ms)
			ExecutionOrderSort (0ms)
			DisableScriptedObjects (7ms)
			BackupInstance (0ms)
			ReleaseScriptingObjects (0ms)
			CreateAndSetChildDomain (43ms)
		EndReloadAssembly (1513ms)
			LoadAssemblies (131ms)
			RebuildTransferFunctionScriptingTraits (0ms)
			SetupTypeCache (416ms)
			ReleaseScriptCaches (2ms)
			RebuildScriptCaches (57ms)
			SetupLoadedEditorAssemblies (863ms)
				LogAssemblyErrors (0ms)
				InitializePlatformSupportModulesInManaged (42ms)
				SetLoadedEditorAssemblies (1ms)
				RefreshPlugins (1ms)
				BeforeProcessingInitializeOnLoad (98ms)
				ProcessInitializeOnLoadAttributes (629ms)
				ProcessInitializeOnLoadMethodAttributes (86ms)
				AfterProcessingInitializeOnLoad (7ms)
				EditorAssembliesLoaded (0ms)
			ExecutionOrderSort2 (0ms)
			AwakeInstancesAfterBackupRestoration (9ms)
Platform modules already initialized, skipping
Refreshing native plugins compatible for Editor in 1.24 ms, found 3 plugins.
Preloading 0 native plugins for Editor in 0.00 ms.
Unloading 4412 Unused Serialized files (Serialized files now loaded: 0)
Unloading 53 unused Assets / (168.1 KB). Loaded Objects now: 5184.
Memory consumption went from 159.6 MB to 159.4 MB.
Total: 4.939700 ms (FindLiveObjects: 0.395300 ms CreateObjectMapping: 0.202100 ms MarkObjects: 4.249700 ms  DeleteObjects: 0.089800 ms)

AssetImportParameters requested are different than current active one (requested -> active):
  custom:video-decoder-ogg-theora: a1e56fd34408186e4bbccfd4996cb3dc -> 
  custom:container-muxer-webm: aa71ff27fc2769a1b78a27578f13a17b -> 
  custom:container-demuxer-webm: 4f35f7cbe854078d1ac9338744f61a02 -> 
  custom:video-encoder-webm-vp8: eb34c28f22e8b96e1ab97ce403110664 -> 
  custom:video-codec-MediaFoundation-h265: 746d11721c4dcdbdad8f713fa42b33f4 -> 
  custom:CustomObjectIndexerAttribute: bc11b3a6c3213fcdd17b65e7da85e133 -> 
  custom:audio-encoder-webm-vorbis: bf7c407c2cedff20999df2af8eb42d56 -> 
  custom:framework-win-MediaFoundation: 216162199b28c13a410421893ffa2e32 -> 
  custom:SearchIndexIgnoredProperties: e643bd26f0fe6173181afceb89e7c659 -> 
  custom:container-demuxer-ogg: 62fdf1f143b41e24485cea50d1cbac27 -> 
  custom:video-decoder-webm-vp8: 9c59270c3fd7afecdb556c50c9e8de78 -> 
  custom:audio-decoder-ogg-vorbis: bf7c407c2cedff20999df2af8eb42d56 -> 
========================================================================
Received Prepare
Registering precompiled user dll's ...
Registered in 0.004978 seconds.
Begin MonoManager ReloadAssembly
Native extension for WindowsStandalone target not found
Failed to load: C:/Program Files/Unity/Hub/Editor/2021.3.36f1/Editor/Data/PlaybackEngines/iOSSupport\x64\UnityEditor.iOS.Native.dll
Native extension for iOS target not found
Native extension for Android target not found
Native extension for WebGL target not found
Refreshing native plugins compatible for Editor in 1.35 ms, found 3 plugins.
Preloading 0 native plugins for Editor in 0.00 ms.
[Package Manager] Server::EnsureServerProcessIsRunning -- launch failed, reason: Unity was launched with the -noUpm command-line argument
[Package Manager] Cannot connect to Unity Package Manager local server
[Package Manager] Server::EnsureServerProcessIsRunning -- launch failed, reason: Unity was launched with the -noUpm command-line argument
[Package Manager] Cannot connect to Unity Package Manager local server
[ScriptCompilation] NOT recompiling all scripts because this is an import worker process. Reason to compile was: Define symbols changed
Mono: successfully reloaded assembly
- Completed reload, in  2.388 seconds
Domain Reload Profiling:
	ReloadAssembly (2390ms)
		BeginReloadAssembly (181ms)
			ExecutionOrderSort (0ms)
			DisableScriptedObjects (8ms)
			BackupInstance (0ms)
			ReleaseScriptingObjects (0ms)
			CreateAndSetChildDomain (39ms)
		EndReloadAssembly (2080ms)
			LoadAssemblies (129ms)
			RebuildTransferFunctionScriptingTraits (0ms)
			SetupTypeCache (443ms)
			ReleaseScriptCaches (3ms)
			RebuildScriptCaches (91ms)
			SetupLoadedEditorAssemblies (1272ms)
				LogAssemblyErrors (0ms)
				InitializePlatformSupportModulesInManaged (73ms)
				SetLoadedEditorAssemblies (2ms)
				RefreshPlugins (1ms)
				BeforeProcessingInitializeOnLoad (157ms)
				ProcessInitializeOnLoadAttributes (860ms)
				ProcessInitializeOnLoadMethodAttributes (165ms)
				AfterProcessingInitializeOnLoad (13ms)
				EditorAssembliesLoaded (0ms)
			ExecutionOrderSort2 (0ms)
			AwakeInstancesAfterBackupRestoration (15ms)
Platform modules already initialized, skipping
Refreshing native plugins compatible for Editor in 1.29 ms, found 3 plugins.
Preloading 0 native plugins for Editor in 0.00 ms.
Unloading 4412 Unused Serialized files (Serialized files now loaded: 0)
Unloading 53 unused Assets / (167.2 KB). Loaded Objects now: 5187.
Memory consumption went from 159.4 MB to 159.3 MB.
Total: 5.082400 ms (FindLiveObjects: 0.482100 ms CreateObjectMapping: 0.293600 ms MarkObjects: 4.215200 ms  DeleteObjects: 0.089500 ms)

AssetImportParameters requested are different than current active one (requested -> active):
  custom:video-decoder-ogg-theora: a1e56fd34408186e4bbccfd4996cb3dc -> 
  custom:container-muxer-webm: aa71ff27fc2769a1b78a27578f13a17b -> 
  custom:container-demuxer-webm: 4f35f7cbe854078d1ac9338744f61a02 -> 
  custom:video-encoder-webm-vp8: eb34c28f22e8b96e1ab97ce403110664 -> 
  custom:video-codec-MediaFoundation-h265: 746d11721c4dcdbdad8f713fa42b33f4 -> 
  custom:CustomObjectIndexerAttribute: bc11b3a6c3213fcdd17b65e7da85e133 -> 
  custom:audio-encoder-webm-vorbis: bf7c407c2cedff20999df2af8eb42d56 -> 
  custom:framework-win-MediaFoundation: 216162199b28c13a410421893ffa2e32 -> 
  custom:SearchIndexIgnoredProperties: e643bd26f0fe6173181afceb89e7c659 -> 
  custom:container-demuxer-ogg: 62fdf1f143b41e24485cea50d1cbac27 -> 
  custom:video-decoder-webm-vp8: 9c59270c3fd7afecdb556c50c9e8de78 -> 
  custom:audio-decoder-ogg-vorbis: bf7c407c2cedff20999df2af8eb42d56 -> 
========================================================================
Received Prepare
Registering precompiled user dll's ...
Registered in 0.019643 seconds.
Begin MonoManager ReloadAssembly
Native extension for WindowsStandalone target not found
Failed to load: C:/Program Files/Unity/Hub/Editor/2021.3.36f1/Editor/Data/PlaybackEngines/iOSSupport\x64\UnityEditor.iOS.Native.dll
Native extension for iOS target not found
Native extension for Android target not found
Native extension for WebGL target not found
Refreshing native plugins compatible for Editor in 1.10 ms, found 3 plugins.
Preloading 0 native plugins for Editor in 0.00 ms.
[Package Manager] Server::EnsureServerProcessIsRunning -- launch failed, reason: Unity was launched with the -noUpm command-line argument
[Package Manager] Cannot connect to Unity Package Manager local server
[Package Manager] Server::EnsureServerProcessIsRunning -- launch failed, reason: Unity was launched with the -noUpm command-line argument
[Package Manager] Cannot connect to Unity Package Manager local server
[ScriptCompilation] NOT recompiling all scripts because this is an import worker process. Reason to compile was: Define symbols changed
Mono: successfully reloaded assembly
- Completed reload, in  1.825 seconds
Domain Reload Profiling:
	ReloadAssembly (1826ms)
		BeginReloadAssembly (202ms)
			ExecutionOrderSort (0ms)
			DisableScriptedObjects (10ms)
			BackupInstance (0ms)
			ReleaseScriptingObjects (0ms)
			CreateAndSetChildDomain (42ms)
		EndReloadAssembly (1478ms)
			LoadAssemblies (136ms)
			RebuildTransferFunctionScriptingTraits (0ms)
			SetupTypeCache (354ms)
			ReleaseScriptCaches (2ms)
			RebuildScriptCaches (56ms)
			SetupLoadedEditorAssemblies (898ms)
				LogAssemblyErrors (0ms)
				InitializePlatformSupportModulesInManaged (46ms)
				SetLoadedEditorAssemblies (1ms)
				RefreshPlugins (1ms)
				BeforeProcessingInitializeOnLoad (108ms)
				ProcessInitializeOnLoadAttributes (651ms)
				ProcessInitializeOnLoadMethodAttributes (83ms)
				AfterProcessingInitializeOnLoad (7ms)
				EditorAssembliesLoaded (0ms)
			ExecutionOrderSort2 (0ms)
			AwakeInstancesAfterBackupRestoration (8ms)
Platform modules already initialized, skipping
Refreshing native plugins compatible for Editor in 1.10 ms, found 3 plugins.
Preloading 0 native plugins for Editor in 0.00 ms.
Unloading 4412 Unused Serialized files (Serialized files now loaded: 0)
Unloading 53 unused Assets / (167.3 KB). Loaded Objects now: 5190.
Memory consumption went from 159.4 MB to 159.3 MB.
Total: 4.295000 ms (FindLiveObjects: 0.353200 ms CreateObjectMapping: 0.206500 ms MarkObjects: 3.633800 ms  DeleteObjects: 0.099700 ms)

AssetImportParameters requested are different than current active one (requested -> active):
  custom:video-decoder-ogg-theora: a1e56fd34408186e4bbccfd4996cb3dc -> 
  custom:container-muxer-webm: aa71ff27fc2769a1b78a27578f13a17b -> 
  custom:container-demuxer-webm: 4f35f7cbe854078d1ac9338744f61a02 -> 
  custom:video-encoder-webm-vp8: eb34c28f22e8b96e1ab97ce403110664 -> 
  custom:video-codec-MediaFoundation-h265: 746d11721c4dcdbdad8f713fa42b33f4 -> 
  custom:CustomObjectIndexerAttribute: bc11b3a6c3213fcdd17b65e7da85e133 -> 
  custom:audio-encoder-webm-vorbis: bf7c407c2cedff20999df2af8eb42d56 -> 
  custom:framework-win-MediaFoundation: 216162199b28c13a410421893ffa2e32 -> 
  custom:SearchIndexIgnoredProperties: e643bd26f0fe6173181afceb89e7c659 -> 
  custom:container-demuxer-ogg: 62fdf1f143b41e24485cea50d1cbac27 -> 
  custom:video-decoder-webm-vp8: 9c59270c3fd7afecdb556c50c9e8de78 -> 
  custom:audio-decoder-ogg-vorbis: bf7c407c2cedff20999df2af8eb42d56 -> 
========================================================================
Received Prepare
Registering precompiled user dll's ...
Registered in 0.005535 seconds.
Begin MonoManager ReloadAssembly
Native extension for WindowsStandalone target not found
Failed to load: C:/Program Files/Unity/Hub/Editor/2021.3.36f1/Editor/Data/PlaybackEngines/iOSSupport\x64\UnityEditor.iOS.Native.dll
Native extension for iOS target not found
Native extension for Android target not found
Native extension for WebGL target not found
Refreshing native plugins compatible for Editor in 1.78 ms, found 3 plugins.
Preloading 0 native plugins for Editor in 0.00 ms.
[Package Manager] Server::EnsureServerProcessIsRunning -- launch failed, reason: Unity was launched with the -noUpm command-line argument
[Package Manager] Cannot connect to Unity Package Manager local server
[Package Manager] Server::EnsureServerProcessIsRunning -- launch failed, reason: Unity was launched with the -noUpm command-line argument
[Package Manager] Cannot connect to Unity Package Manager local server
[ScriptCompilation] NOT recompiling all scripts because this is an import worker process. Reason to compile was: Define symbols changed
Mono: successfully reloaded assembly
- Completed reload, in  2.392 seconds
Domain Reload Profiling:
	ReloadAssembly (2394ms)
		BeginReloadAssembly (183ms)
			ExecutionOrderSort (0ms)
			DisableScriptedObjects (7ms)
			BackupInstance (0ms)
			ReleaseScriptingObjects (0ms)
			CreateAndSetChildDomain (40ms)
		EndReloadAssembly (2077ms)
			LoadAssemblies (128ms)
			RebuildTransferFunctionScriptingTraits (0ms)
			SetupTypeCache (424ms)
			ReleaseScriptCaches (3ms)
			RebuildScriptCaches (89ms)
			SetupLoadedEditorAssemblies (1308ms)
				LogAssemblyErrors (0ms)
				InitializePlatformSupportModulesInManaged (81ms)
				SetLoadedEditorAssemblies (1ms)
				RefreshPlugins (2ms)
				BeforeProcessingInitializeOnLoad (175ms)
				ProcessInitializeOnLoadAttributes (885ms)
				ProcessInitializeOnLoadMethodAttributes (151ms)
				AfterProcessingInitializeOnLoad (12ms)
				EditorAssembliesLoaded (0ms)
			ExecutionOrderSort2 (0ms)
			AwakeInstancesAfterBackupRestoration (14ms)
Platform modules already initialized, skipping
Refreshing native plugins compatible for Editor in 1.75 ms, found 3 plugins.
Preloading 0 native plugins for Editor in 0.00 ms.
Unloading 4412 Unused Serialized files (Serialized files now loaded: 0)
Unloading 53 unused Assets / (167.3 KB). Loaded Objects now: 5193.
Memory consumption went from 159.4 MB to 159.3 MB.
Total: 5.907200 ms (FindLiveObjects: 0.455800 ms CreateObjectMapping: 0.274100 ms MarkObjects: 5.070200 ms  DeleteObjects: 0.104600 ms)

AssetImportParameters requested are different than current active one (requested -> active):
  custom:video-decoder-ogg-theora: a1e56fd34408186e4bbccfd4996cb3dc -> 
  custom:container-muxer-webm: aa71ff27fc2769a1b78a27578f13a17b -> 
  custom:container-demuxer-webm: 4f35f7cbe854078d1ac9338744f61a02 -> 
  custom:video-encoder-webm-vp8: eb34c28f22e8b96e1ab97ce403110664 -> 
  custom:video-codec-MediaFoundation-h265: 746d11721c4dcdbdad8f713fa42b33f4 -> 
  custom:CustomObjectIndexerAttribute: bc11b3a6c3213fcdd17b65e7da85e133 -> 
  custom:audio-encoder-webm-vorbis: bf7c407c2cedff20999df2af8eb42d56 -> 
  custom:framework-win-MediaFoundation: 216162199b28c13a410421893ffa2e32 -> 
  custom:SearchIndexIgnoredProperties: e643bd26f0fe6173181afceb89e7c659 -> 
  custom:container-demuxer-ogg: 62fdf1f143b41e24485cea50d1cbac27 -> 
  custom:video-decoder-webm-vp8: 9c59270c3fd7afecdb556c50c9e8de78 -> 
  custom:audio-decoder-ogg-vorbis: bf7c407c2cedff20999df2af8eb42d56 -> 
========================================================================
Received Prepare
Registering precompiled user dll's ...
Registered in 0.018520 seconds.
Begin MonoManager ReloadAssembly
Native extension for WindowsStandalone target not found
Failed to load: C:/Program Files/Unity/Hub/Editor/2021.3.36f1/Editor/Data/PlaybackEngines/iOSSupport\x64\UnityEditor.iOS.Native.dll
Native extension for iOS target not found
Native extension for Android target not found
Native extension for WebGL target not found
Refreshing native plugins compatible for Editor in 1.11 ms, found 3 plugins.
Preloading 0 native plugins for Editor in 0.00 ms.
[Package Manager] Server::EnsureServerProcessIsRunning -- launch failed, reason: Unity was launched with the -noUpm command-line argument
[Package Manager] Cannot connect to Unity Package Manager local server
[Package Manager] Server::EnsureServerProcessIsRunning -- launch failed, reason: Unity was launched with the -noUpm command-line argument
[Package Manager] Cannot connect to Unity Package Manager local server
[ScriptCompilation] NOT recompiling all scripts because this is an import worker process. Reason to compile was: Define symbols changed
Mono: successfully reloaded assembly
- Completed reload, in  1.766 seconds
Domain Reload Profiling:
	ReloadAssembly (1766ms)
		BeginReloadAssembly (159ms)
			ExecutionOrderSort (0ms)
			DisableScriptedObjects (6ms)
			BackupInstance (0ms)
			ReleaseScriptingObjects (0ms)
			CreateAndSetChildDomain (34ms)
		EndReloadAssembly (1494ms)
			LoadAssemblies (115ms)
			RebuildTransferFunctionScriptingTraits (0ms)
			SetupTypeCache (326ms)
			ReleaseScriptCaches (2ms)
			RebuildScriptCaches (61ms)
			SetupLoadedEditorAssemblies (941ms)
				LogAssemblyErrors (0ms)
				InitializePlatformSupportModulesInManaged (57ms)
				SetLoadedEditorAssemblies (1ms)
				RefreshPlugins (1ms)
				BeforeProcessingInitializeOnLoad (110ms)
				ProcessInitializeOnLoadAttributes (682ms)
				ProcessInitializeOnLoadMethodAttributes (83ms)
				AfterProcessingInitializeOnLoad (6ms)
				EditorAssembliesLoaded (0ms)
			ExecutionOrderSort2 (0ms)
			AwakeInstancesAfterBackupRestoration (8ms)
Platform modules already initialized, skipping
Refreshing native plugins compatible for Editor in 1.03 ms, found 3 plugins.
Preloading 0 native plugins for Editor in 0.00 ms.
Unloading 4412 Unused Serialized files (Serialized files now loaded: 0)
Unloading 53 unused Assets / (167.1 KB). Loaded Objects now: 5196.
Memory consumption went from 159.4 MB to 159.3 MB.
Total: 4.664500 ms (FindLiveObjects: 0.356300 ms CreateObjectMapping: 0.220900 ms MarkObjects: 3.999000 ms  DeleteObjects: 0.086300 ms)

AssetImportParameters requested are different than current active one (requested -> active):
  custom:video-decoder-ogg-theora: a1e56fd34408186e4bbccfd4996cb3dc -> 
  custom:container-muxer-webm: aa71ff27fc2769a1b78a27578f13a17b -> 
  custom:container-demuxer-webm: 4f35f7cbe854078d1ac9338744f61a02 -> 
  custom:video-encoder-webm-vp8: eb34c28f22e8b96e1ab97ce403110664 -> 
  custom:video-codec-MediaFoundation-h265: 746d11721c4dcdbdad8f713fa42b33f4 -> 
  custom:CustomObjectIndexerAttribute: bc11b3a6c3213fcdd17b65e7da85e133 -> 
  custom:audio-encoder-webm-vorbis: bf7c407c2cedff20999df2af8eb42d56 -> 
  custom:framework-win-MediaFoundation: 216162199b28c13a410421893ffa2e32 -> 
  custom:SearchIndexIgnoredProperties: e643bd26f0fe6173181afceb89e7c659 -> 
  custom:container-demuxer-ogg: 62fdf1f143b41e24485cea50d1cbac27 -> 
  custom:video-decoder-webm-vp8: 9c59270c3fd7afecdb556c50c9e8de78 -> 
  custom:audio-decoder-ogg-vorbis: bf7c407c2cedff20999df2af8eb42d56 -> 
========================================================================
Received Prepare
Registering precompiled user dll's ...
Registered in 0.010179 seconds.
Begin MonoManager ReloadAssembly
Native extension for WindowsStandalone target not found
Failed to load: C:/Program Files/Unity/Hub/Editor/2021.3.36f1/Editor/Data/PlaybackEngines/iOSSupport\x64\UnityEditor.iOS.Native.dll
Native extension for iOS target not found
Native extension for Android target not found
Native extension for WebGL target not found
Refreshing native plugins compatible for Editor in 1.26 ms, found 3 plugins.
Preloading 0 native plugins for Editor in 0.00 ms.
[Package Manager] Server::EnsureServerProcessIsRunning -- launch failed, reason: Unity was launched with the -noUpm command-line argument
[Package Manager] Cannot connect to Unity Package Manager local server
[Package Manager] Server::EnsureServerProcessIsRunning -- launch failed, reason: Unity was launched with the -noUpm command-line argument
[Package Manager] Cannot connect to Unity Package Manager local server
[ScriptCompilation] NOT recompiling all scripts because this is an import worker process. Reason to compile was: Define symbols changed
Mono: successfully reloaded assembly
- Completed reload, in  2.427 seconds
Domain Reload Profiling:
	ReloadAssembly (2428ms)
		BeginReloadAssembly (198ms)
			ExecutionOrderSort (0ms)
			DisableScriptedObjects (7ms)
			BackupInstance (0ms)
			ReleaseScriptingObjects (0ms)
			CreateAndSetChildDomain (39ms)
		EndReloadAssembly (2100ms)
			LoadAssemblies (143ms)
			RebuildTransferFunctionScriptingTraits (0ms)
			SetupTypeCache (456ms)
			ReleaseScriptCaches (3ms)
			RebuildScriptCaches (95ms)
			SetupLoadedEditorAssemblies (1289ms)
				LogAssemblyErrors (0ms)
				InitializePlatformSupportModulesInManaged (73ms)
				SetLoadedEditorAssemblies (1ms)
				RefreshPlugins (1ms)
				BeforeProcessingInitializeOnLoad (153ms)
				ProcessInitializeOnLoadAttributes (894ms)
				ProcessInitializeOnLoadMethodAttributes (154ms)
				AfterProcessingInitializeOnLoad (12ms)
				EditorAssembliesLoaded (1ms)
			ExecutionOrderSort2 (0ms)
			AwakeInstancesAfterBackupRestoration (15ms)
Platform modules already initialized, skipping
Refreshing native plugins compatible for Editor in 1.41 ms, found 3 plugins.
Preloading 0 native plugins for Editor in 0.00 ms.
Unloading 4412 Unused Serialized files (Serialized files now loaded: 0)
Unloading 53 unused Assets / (168.3 KB). Loaded Objects now: 5199.
Memory consumption went from 159.7 MB to 159.5 MB.
Total: 5.700400 ms (FindLiveObjects: 0.415000 ms CreateObjectMapping: 0.408800 ms MarkObjects: 4.737500 ms  DeleteObjects: 0.137500 ms)

AssetImportParameters requested are different than current active one (requested -> active):
  custom:video-decoder-ogg-theora: a1e56fd34408186e4bbccfd4996cb3dc -> 
  custom:container-muxer-webm: aa71ff27fc2769a1b78a27578f13a17b -> 
  custom:container-demuxer-webm: 4f35f7cbe854078d1ac9338744f61a02 -> 
  custom:video-encoder-webm-vp8: eb34c28f22e8b96e1ab97ce403110664 -> 
  custom:video-codec-MediaFoundation-h265: 746d11721c4dcdbdad8f713fa42b33f4 -> 
  custom:CustomObjectIndexerAttribute: bc11b3a6c3213fcdd17b65e7da85e133 -> 
  custom:audio-encoder-webm-vorbis: bf7c407c2cedff20999df2af8eb42d56 -> 
  custom:framework-win-MediaFoundation: 216162199b28c13a410421893ffa2e32 -> 
  custom:SearchIndexIgnoredProperties: e643bd26f0fe6173181afceb89e7c659 -> 
  custom:container-demuxer-ogg: 62fdf1f143b41e24485cea50d1cbac27 -> 
  custom:video-decoder-webm-vp8: 9c59270c3fd7afecdb556c50c9e8de78 -> 
  custom:audio-decoder-ogg-vorbis: bf7c407c2cedff20999df2af8eb42d56 -> 
========================================================================
Received Prepare
Registering precompiled user dll's ...
Registered in 0.012802 seconds.
Begin MonoManager ReloadAssembly
Native extension for WindowsStandalone target not found
Failed to load: C:/Program Files/Unity/Hub/Editor/2021.3.36f1/Editor/Data/PlaybackEngines/iOSSupport\x64\UnityEditor.iOS.Native.dll
Native extension for iOS target not found
Native extension for Android target not found
Native extension for WebGL target not found
Refreshing native plugins compatible for Editor in 1.03 ms, found 3 plugins.
Preloading 0 native plugins for Editor in 0.00 ms.
[Package Manager] Server::EnsureServerProcessIsRunning -- launch failed, reason: Unity was launched with the -noUpm command-line argument
[Package Manager] Cannot connect to Unity Package Manager local server
[Package Manager] Server::EnsureServerProcessIsRunning -- launch failed, reason: Unity was launched with the -noUpm command-line argument
[Package Manager] Cannot connect to Unity Package Manager local server
System.IO.IOException: Sharing violation on path C:\UnityProject\Run\Assets\PluginYourGames\Editor\ModulesListYG2.txt
  at System.IO.FileStream..ctor (System.String path, System.IO.FileMode mode, System.IO.FileAccess access, System.IO.FileShare share, System.Int32 bufferSize, System.Boolean anonymous, System.IO.FileOptions options) [0x0019e] in <b4dec521950c405ea4b0b85c62087906>:0 
  at System.IO.FileStream..ctor (System.String path, System.IO.FileMode mode, System.IO.FileAccess access, System.IO.FileShare share, System.Int32 bufferSize, System.IO.FileOptions options) [0x00000] in <b4dec521950c405ea4b0b85c62087906>:0 
  at (wrapper remoting-invoke-with-check) System.IO.FileStream..ctor(string,System.IO.FileMode,System.IO.FileAccess,System.IO.FileShare,int,System.IO.FileOptions)
  at System.IO.StreamWriter..ctor (System.String path, System.Boolean append, System.Text.Encoding encoding, System.Int32 bufferSize) [0x00055] in <b4dec521950c405ea4b0b85c62087906>:0 
  at System.IO.StreamWriter..ctor (System.String path) [0x00008] in <b4dec521950c405ea4b0b85c62087906>:0 
  at (wrapper remoting-invoke-with-check) System.IO.StreamWriter..ctor(string)
  at System.IO.File.WriteAllText (System.String path, System.String contents) [0x00026] in <b4dec521950c405ea4b0b85c62087906>:0 
  at YG.EditorScr.DefineSymbols.ModulesDefineSymbols () [0x001e9] in C:\UnityProject\Run\Assets\PluginYourGames\Scripts\EditorScr\DefineSymbols.cs:215 
  at YG.EditorScr.DefineSymbols.UpdateDefineSymbols () [0x0000f] in C:\UnityProject\Run\Assets\PluginYourGames\Scripts\EditorScr\DefineSymbols.cs:57 
  at YG.EditorScr.DefineSymbols..cctor () [0x00023] in C:\UnityProject\Run\Assets\PluginYourGames\Scripts\EditorScr\DefineSymbols.cs:31 
UnityEngine.StackTraceUtility:ExtractStackTrace ()
UnityEngine.DebugLogHandler:LogFormat (UnityEngine.LogType,UnityEngine.Object,string,object[])
UnityEngine.Logger:Log (UnityEngine.LogType,object)
UnityEngine.Debug:LogError (object)
UnityEditor.EditorAssemblies:ProcessInitializeOnLoadAttributes (System.Type[])

Mono: successfully reloaded assembly
- Completed reload, in  2.013 seconds
Domain Reload Profiling:
	ReloadAssembly (2014ms)
		BeginReloadAssembly (260ms)
			ExecutionOrderSort (0ms)
			DisableScriptedObjects (13ms)
			BackupInstance (0ms)
			ReleaseScriptingObjects (0ms)
			CreateAndSetChildDomain (53ms)
		EndReloadAssembly (1570ms)
			LoadAssemblies (173ms)
			RebuildTransferFunctionScriptingTraits (0ms)
			SetupTypeCache (481ms)
			ReleaseScriptCaches (4ms)
			RebuildScriptCaches (89ms)
			SetupLoadedEditorAssemblies (810ms)
				LogAssemblyErrors (0ms)
				InitializePlatformSupportModulesInManaged (43ms)
				SetLoadedEditorAssemblies (1ms)
				RefreshPlugins (1ms)
				BeforeProcessingInitializeOnLoad (89ms)
				ProcessInitializeOnLoadAttributes (597ms)
				ProcessInitializeOnLoadMethodAttributes (73ms)
				AfterProcessingInitializeOnLoad (6ms)
				EditorAssembliesLoaded (0ms)
			ExecutionOrderSort2 (0ms)
			AwakeInstancesAfterBackupRestoration (7ms)
Platform modules already initialized, skipping
Refreshing native plugins compatible for Editor in 1.01 ms, found 3 plugins.
Preloading 0 native plugins for Editor in 0.00 ms.
Unloading 4412 Unused Serialized files (Serialized files now loaded: 0)
Unloading 53 unused Assets / (167.3 KB). Loaded Objects now: 5202.
Memory consumption went from 159.7 MB to 159.5 MB.
Total: 4.148100 ms (FindLiveObjects: 0.415200 ms CreateObjectMapping: 0.194600 ms MarkObjects: 3.455400 ms  DeleteObjects: 0.081300 ms)

AssetImportParameters requested are different than current active one (requested -> active):
  custom:video-decoder-ogg-theora: a1e56fd34408186e4bbccfd4996cb3dc -> 
  custom:container-muxer-webm: aa71ff27fc2769a1b78a27578f13a17b -> 
  custom:container-demuxer-webm: 4f35f7cbe854078d1ac9338744f61a02 -> 
  custom:video-encoder-webm-vp8: eb34c28f22e8b96e1ab97ce403110664 -> 
  custom:video-codec-MediaFoundation-h265: 746d11721c4dcdbdad8f713fa42b33f4 -> 
  custom:CustomObjectIndexerAttribute: bc11b3a6c3213fcdd17b65e7da85e133 -> 
  custom:audio-encoder-webm-vorbis: bf7c407c2cedff20999df2af8eb42d56 -> 
  custom:framework-win-MediaFoundation: 216162199b28c13a410421893ffa2e32 -> 
  custom:SearchIndexIgnoredProperties: e643bd26f0fe6173181afceb89e7c659 -> 
  custom:container-demuxer-ogg: 62fdf1f143b41e24485cea50d1cbac27 -> 
  custom:video-decoder-webm-vp8: 9c59270c3fd7afecdb556c50c9e8de78 -> 
  custom:audio-decoder-ogg-vorbis: bf7c407c2cedff20999df2af8eb42d56 -> 
========================================================================
Received Prepare
Registering precompiled user dll's ...
Registered in 0.012676 seconds.
Begin MonoManager ReloadAssembly
Native extension for WindowsStandalone target not found
Failed to load: C:/Program Files/Unity/Hub/Editor/2021.3.36f1/Editor/Data/PlaybackEngines/iOSSupport\x64\UnityEditor.iOS.Native.dll
Native extension for iOS target not found
Native extension for Android target not found
Native extension for WebGL target not found
Refreshing native plugins compatible for Editor in 0.96 ms, found 3 plugins.
Preloading 0 native plugins for Editor in 0.00 ms.
[Package Manager] Server::EnsureServerProcessIsRunning -- launch failed, reason: Unity was launched with the -noUpm command-line argument
[Package Manager] Cannot connect to Unity Package Manager local server
[Package Manager] Server::EnsureServerProcessIsRunning -- launch failed, reason: Unity was launched with the -noUpm command-line argument
[Package Manager] Cannot connect to Unity Package Manager local server
[ScriptCompilation] NOT recompiling all scripts because this is an import worker process. Reason to compile was: Define symbols changed
Mono: successfully reloaded assembly
- Completed reload, in  1.729 seconds
Domain Reload Profiling:
	ReloadAssembly (1730ms)
		BeginReloadAssembly (170ms)
			ExecutionOrderSort (0ms)
			DisableScriptedObjects (6ms)
			BackupInstance (0ms)
			ReleaseScriptingObjects (0ms)
			CreateAndSetChildDomain (40ms)
		EndReloadAssembly (1450ms)
			LoadAssemblies (115ms)
			RebuildTransferFunctionScriptingTraits (0ms)
			SetupTypeCache (326ms)
			ReleaseScriptCaches (2ms)
			RebuildScriptCaches (70ms)
			SetupLoadedEditorAssemblies (887ms)
				LogAssemblyErrors (0ms)
				InitializePlatformSupportModulesInManaged (40ms)
				SetLoadedEditorAssemblies (1ms)
				RefreshPlugins (1ms)
				BeforeProcessingInitializeOnLoad (90ms)
				ProcessInitializeOnLoadAttributes (664ms)
				ProcessInitializeOnLoadMethodAttributes (85ms)
				AfterProcessingInitializeOnLoad (6ms)
				EditorAssembliesLoaded (0ms)
			ExecutionOrderSort2 (0ms)
			AwakeInstancesAfterBackupRestoration (8ms)
Platform modules already initialized, skipping
Refreshing native plugins compatible for Editor in 1.07 ms, found 3 plugins.
Preloading 0 native plugins for Editor in 0.00 ms.
Unloading 4412 Unused Serialized files (Serialized files now loaded: 0)
Unloading 53 unused Assets / (167.2 KB). Loaded Objects now: 5205.
Memory consumption went from 159.7 MB to 159.5 MB.
Total: 4.523800 ms (FindLiveObjects: 0.387000 ms CreateObjectMapping: 0.201300 ms MarkObjects: 3.840800 ms  DeleteObjects: 0.092300 ms)

AssetImportParameters requested are different than current active one (requested -> active):
  custom:video-decoder-ogg-theora: a1e56fd34408186e4bbccfd4996cb3dc -> 
  custom:container-muxer-webm: aa71ff27fc2769a1b78a27578f13a17b -> 
  custom:container-demuxer-webm: 4f35f7cbe854078d1ac9338744f61a02 -> 
  custom:video-encoder-webm-vp8: eb34c28f22e8b96e1ab97ce403110664 -> 
  custom:video-codec-MediaFoundation-h265: 746d11721c4dcdbdad8f713fa42b33f4 -> 
  custom:CustomObjectIndexerAttribute: bc11b3a6c3213fcdd17b65e7da85e133 -> 
  custom:audio-encoder-webm-vorbis: bf7c407c2cedff20999df2af8eb42d56 -> 
  custom:framework-win-MediaFoundation: 216162199b28c13a410421893ffa2e32 -> 
  custom:SearchIndexIgnoredProperties: e643bd26f0fe6173181afceb89e7c659 -> 
  custom:container-demuxer-ogg: 62fdf1f143b41e24485cea50d1cbac27 -> 
  custom:video-decoder-webm-vp8: 9c59270c3fd7afecdb556c50c9e8de78 -> 
  custom:audio-decoder-ogg-vorbis: bf7c407c2cedff20999df2af8eb42d56 -> 
========================================================================
Received Prepare
Registering precompiled user dll's ...
Registered in 0.005568 seconds.
Begin MonoManager ReloadAssembly
Native extension for WindowsStandalone target not found
Failed to load: C:/Program Files/Unity/Hub/Editor/2021.3.36f1/Editor/Data/PlaybackEngines/iOSSupport\x64\UnityEditor.iOS.Native.dll
Native extension for iOS target not found
Native extension for Android target not found
Native extension for WebGL target not found
Refreshing native plugins compatible for Editor in 1.27 ms, found 3 plugins.
Preloading 0 native plugins for Editor in 0.00 ms.
[Package Manager] Server::EnsureServerProcessIsRunning -- launch failed, reason: Unity was launched with the -noUpm command-line argument
[Package Manager] Cannot connect to Unity Package Manager local server
[Package Manager] Server::EnsureServerProcessIsRunning -- launch failed, reason: Unity was launched with the -noUpm command-line argument
[Package Manager] Cannot connect to Unity Package Manager local server
[ScriptCompilation] NOT recompiling all scripts because this is an import worker process. Reason to compile was: Define symbols changed
Mono: successfully reloaded assembly
- Completed reload, in  2.375 seconds
Domain Reload Profiling:
	ReloadAssembly (2377ms)
		BeginReloadAssembly (196ms)
			ExecutionOrderSort (0ms)
			DisableScriptedObjects (7ms)
			BackupInstance (0ms)
			ReleaseScriptingObjects (0ms)
			CreateAndSetChildDomain (48ms)
		EndReloadAssembly (2049ms)
			LoadAssemblies (133ms)
			RebuildTransferFunctionScriptingTraits (0ms)
			SetupTypeCache (446ms)
			ReleaseScriptCaches (3ms)
			RebuildScriptCaches (98ms)
			SetupLoadedEditorAssemblies (1256ms)
				LogAssemblyErrors (0ms)
				InitializePlatformSupportModulesInManaged (72ms)
				SetLoadedEditorAssemblies (1ms)
				RefreshPlugins (1ms)
				BeforeProcessingInitializeOnLoad (152ms)
				ProcessInitializeOnLoadAttributes (878ms)
				ProcessInitializeOnLoadMethodAttributes (141ms)
				AfterProcessingInitializeOnLoad (11ms)
				EditorAssembliesLoaded (0ms)
			ExecutionOrderSort2 (0ms)
			AwakeInstancesAfterBackupRestoration (14ms)
Platform modules already initialized, skipping
Refreshing native plugins compatible for Editor in 1.26 ms, found 3 plugins.
Preloading 0 native plugins for Editor in 0.00 ms.
Unloading 4412 Unused Serialized files (Serialized files now loaded: 0)
Unloading 53 unused Assets / (168.3 KB). Loaded Objects now: 5208.
Memory consumption went from 159.7 MB to 159.5 MB.
Total: 5.285300 ms (FindLiveObjects: 0.590500 ms CreateObjectMapping: 0.368800 ms MarkObjects: 4.219700 ms  DeleteObjects: 0.104300 ms)

AssetImportParameters requested are different than current active one (requested -> active):
  custom:video-decoder-ogg-theora: a1e56fd34408186e4bbccfd4996cb3dc -> 
  custom:container-muxer-webm: aa71ff27fc2769a1b78a27578f13a17b -> 
  custom:container-demuxer-webm: 4f35f7cbe854078d1ac9338744f61a02 -> 
  custom:video-encoder-webm-vp8: eb34c28f22e8b96e1ab97ce403110664 -> 
  custom:video-codec-MediaFoundation-h265: 746d11721c4dcdbdad8f713fa42b33f4 -> 
  custom:CustomObjectIndexerAttribute: bc11b3a6c3213fcdd17b65e7da85e133 -> 
  custom:audio-encoder-webm-vorbis: bf7c407c2cedff20999df2af8eb42d56 -> 
  custom:framework-win-MediaFoundation: 216162199b28c13a410421893ffa2e32 -> 
  custom:SearchIndexIgnoredProperties: e643bd26f0fe6173181afceb89e7c659 -> 
  custom:container-demuxer-ogg: 62fdf1f143b41e24485cea50d1cbac27 -> 
  custom:video-decoder-webm-vp8: 9c59270c3fd7afecdb556c50c9e8de78 -> 
  custom:audio-decoder-ogg-vorbis: bf7c407c2cedff20999df2af8eb42d56 -> 
========================================================================
Received Prepare
Registering precompiled user dll's ...
Registered in 0.006350 seconds.
Begin MonoManager ReloadAssembly
Native extension for WindowsStandalone target not found
Failed to load: C:/Program Files/Unity/Hub/Editor/2021.3.36f1/Editor/Data/PlaybackEngines/iOSSupport\x64\UnityEditor.iOS.Native.dll
Native extension for iOS target not found
Native extension for Android target not found
Native extension for WebGL target not found
Refreshing native plugins compatible for Editor in 1.37 ms, found 3 plugins.
Preloading 0 native plugins for Editor in 0.00 ms.
[Package Manager] Server::EnsureServerProcessIsRunning -- launch failed, reason: Unity was launched with the -noUpm command-line argument
[Package Manager] Cannot connect to Unity Package Manager local server
[Package Manager] Server::EnsureServerProcessIsRunning -- launch failed, reason: Unity was launched with the -noUpm command-line argument
[Package Manager] Cannot connect to Unity Package Manager local server
[ScriptCompilation] NOT recompiling all scripts because this is an import worker process. Reason to compile was: Define symbols changed
Mono: successfully reloaded assembly
- Completed reload, in  2.404 seconds
Domain Reload Profiling:
	ReloadAssembly (2405ms)
		BeginReloadAssembly (183ms)
			ExecutionOrderSort (0ms)
			DisableScriptedObjects (7ms)
			BackupInstance (0ms)
			ReleaseScriptingObjects (0ms)
			CreateAndSetChildDomain (40ms)
		EndReloadAssembly (2093ms)
			LoadAssemblies (127ms)
			RebuildTransferFunctionScriptingTraits (0ms)
			SetupTypeCache (422ms)
			ReleaseScriptCaches (2ms)
			RebuildScriptCaches (94ms)
			SetupLoadedEditorAssemblies (1327ms)
				LogAssemblyErrors (0ms)
				InitializePlatformSupportModulesInManaged (72ms)
				SetLoadedEditorAssemblies (1ms)
				RefreshPlugins (1ms)
				BeforeProcessingInitializeOnLoad (167ms)
				ProcessInitializeOnLoadAttributes (913ms)
				ProcessInitializeOnLoadMethodAttributes (161ms)
				AfterProcessingInitializeOnLoad (11ms)
				EditorAssembliesLoaded (1ms)
			ExecutionOrderSort2 (0ms)
			AwakeInstancesAfterBackupRestoration (13ms)
Platform modules already initialized, skipping
Refreshing native plugins compatible for Editor in 1.46 ms, found 3 plugins.
Preloading 0 native plugins for Editor in 0.00 ms.
Unloading 4412 Unused Serialized files (Serialized files now loaded: 0)
Unloading 53 unused Assets / (167.0 KB). Loaded Objects now: 5211.
Memory consumption went from 159.5 MB to 159.3 MB.
Total: 7.399000 ms (FindLiveObjects: 0.525700 ms CreateObjectMapping: 0.301400 ms MarkObjects: 6.308100 ms  DeleteObjects: 0.261200 ms)

AssetImportParameters requested are different than current active one (requested -> active):
  custom:video-decoder-ogg-theora: a1e56fd34408186e4bbccfd4996cb3dc -> 
  custom:container-muxer-webm: aa71ff27fc2769a1b78a27578f13a17b -> 
  custom:container-demuxer-webm: 4f35f7cbe854078d1ac9338744f61a02 -> 
  custom:video-encoder-webm-vp8: eb34c28f22e8b96e1ab97ce403110664 -> 
  custom:video-codec-MediaFoundation-h265: 746d11721c4dcdbdad8f713fa42b33f4 -> 
  custom:CustomObjectIndexerAttribute: bc11b3a6c3213fcdd17b65e7da85e133 -> 
  custom:audio-encoder-webm-vorbis: bf7c407c2cedff20999df2af8eb42d56 -> 
  custom:framework-win-MediaFoundation: 216162199b28c13a410421893ffa2e32 -> 
  custom:SearchIndexIgnoredProperties: e643bd26f0fe6173181afceb89e7c659 -> 
  custom:container-demuxer-ogg: 62fdf1f143b41e24485cea50d1cbac27 -> 
  custom:video-decoder-webm-vp8: 9c59270c3fd7afecdb556c50c9e8de78 -> 
  custom:audio-decoder-ogg-vorbis: bf7c407c2cedff20999df2af8eb42d56 -> 
========================================================================
Received Prepare
Registering precompiled user dll's ...
Registered in 0.006612 seconds.
Begin MonoManager ReloadAssembly
Native extension for WindowsStandalone target not found
Failed to load: C:/Program Files/Unity/Hub/Editor/2021.3.36f1/Editor/Data/PlaybackEngines/iOSSupport\x64\UnityEditor.iOS.Native.dll
Native extension for iOS target not found
Native extension for Android target not found
Native extension for WebGL target not found
Refreshing native plugins compatible for Editor in 0.90 ms, found 3 plugins.
Preloading 0 native plugins for Editor in 0.00 ms.
[Package Manager] Server::EnsureServerProcessIsRunning -- launch failed, reason: Unity was launched with the -noUpm command-line argument
[Package Manager] Cannot connect to Unity Package Manager local server
[Package Manager] Server::EnsureServerProcessIsRunning -- launch failed, reason: Unity was launched with the -noUpm command-line argument
[Package Manager] Cannot connect to Unity Package Manager local server
[ScriptCompilation] NOT recompiling all scripts because this is an import worker process. Reason to compile was: Define symbols changed
Mono: successfully reloaded assembly
- Completed reload, in  1.695 seconds
Domain Reload Profiling:
	ReloadAssembly (1696ms)
		BeginReloadAssembly (188ms)
			ExecutionOrderSort (0ms)
			DisableScriptedObjects (7ms)
			BackupInstance (0ms)
			ReleaseScriptingObjects (0ms)
			CreateAndSetChildDomain (46ms)
		EndReloadAssembly (1375ms)
			LoadAssemblies (138ms)
			RebuildTransferFunctionScriptingTraits (0ms)
			SetupTypeCache (350ms)
			ReleaseScriptCaches (2ms)
			RebuildScriptCaches (50ms)
			SetupLoadedEditorAssemblies (804ms)
				LogAssemblyErrors (0ms)
				InitializePlatformSupportModulesInManaged (37ms)
				SetLoadedEditorAssemblies (1ms)
				RefreshPlugins (1ms)
				BeforeProcessingInitializeOnLoad (83ms)
				ProcessInitializeOnLoadAttributes (591ms)
				ProcessInitializeOnLoadMethodAttributes (85ms)
				AfterProcessingInitializeOnLoad (6ms)
				EditorAssembliesLoaded (0ms)
			ExecutionOrderSort2 (0ms)
			AwakeInstancesAfterBackupRestoration (8ms)
Platform modules already initialized, skipping
Refreshing native plugins compatible for Editor in 1.16 ms, found 3 plugins.
Preloading 0 native plugins for Editor in 0.00 ms.
Unloading 4412 Unused Serialized files (Serialized files now loaded: 0)
Unloading 53 unused Assets / (167.3 KB). Loaded Objects now: 5214.
Memory consumption went from 159.7 MB to 159.5 MB.
Total: 4.322300 ms (FindLiveObjects: 0.372100 ms CreateObjectMapping: 0.193200 ms MarkObjects: 3.676900 ms  DeleteObjects: 0.077400 ms)

AssetImportParameters requested are different than current active one (requested -> active):
  custom:video-decoder-ogg-theora: a1e56fd34408186e4bbccfd4996cb3dc -> 
  custom:container-muxer-webm: aa71ff27fc2769a1b78a27578f13a17b -> 
  custom:container-demuxer-webm: 4f35f7cbe854078d1ac9338744f61a02 -> 
  custom:video-encoder-webm-vp8: eb34c28f22e8b96e1ab97ce403110664 -> 
  custom:video-codec-MediaFoundation-h265: 746d11721c4dcdbdad8f713fa42b33f4 -> 
  custom:CustomObjectIndexerAttribute: bc11b3a6c3213fcdd17b65e7da85e133 -> 
  custom:audio-encoder-webm-vorbis: bf7c407c2cedff20999df2af8eb42d56 -> 
  custom:framework-win-MediaFoundation: 216162199b28c13a410421893ffa2e32 -> 
  custom:SearchIndexIgnoredProperties: e643bd26f0fe6173181afceb89e7c659 -> 
  custom:container-demuxer-ogg: 62fdf1f143b41e24485cea50d1cbac27 -> 
  custom:video-decoder-webm-vp8: 9c59270c3fd7afecdb556c50c9e8de78 -> 
  custom:audio-decoder-ogg-vorbis: bf7c407c2cedff20999df2af8eb42d56 -> 
========================================================================
Received Prepare
Registering precompiled user dll's ...
Registered in 0.005913 seconds.
Begin MonoManager ReloadAssembly
Native extension for WindowsStandalone target not found
Failed to load: C:/Program Files/Unity/Hub/Editor/2021.3.36f1/Editor/Data/PlaybackEngines/iOSSupport\x64\UnityEditor.iOS.Native.dll
Native extension for iOS target not found
Native extension for Android target not found
Native extension for WebGL target not found
Refreshing native plugins compatible for Editor in 1.35 ms, found 3 plugins.
Preloading 0 native plugins for Editor in 0.00 ms.
[Package Manager] Server::EnsureServerProcessIsRunning -- launch failed, reason: Unity was launched with the -noUpm command-line argument
[Package Manager] Cannot connect to Unity Package Manager local server
[Package Manager] Server::EnsureServerProcessIsRunning -- launch failed, reason: Unity was launched with the -noUpm command-line argument
[Package Manager] Cannot connect to Unity Package Manager local server
[ScriptCompilation] NOT recompiling all scripts because this is an import worker process. Reason to compile was: Define symbols changed
Mono: successfully reloaded assembly
- Completed reload, in  2.343 seconds
Domain Reload Profiling:
	ReloadAssembly (2344ms)
		BeginReloadAssembly (181ms)
			ExecutionOrderSort (0ms)
			DisableScriptedObjects (7ms)
			BackupInstance (0ms)
			ReleaseScriptingObjects (0ms)
			CreateAndSetChildDomain (43ms)
		EndReloadAssembly (2044ms)
			LoadAssemblies (125ms)
			RebuildTransferFunctionScriptingTraits (0ms)
			SetupTypeCache (387ms)
			ReleaseScriptCaches (3ms)
			RebuildScriptCaches (96ms)
			SetupLoadedEditorAssemblies (1305ms)
				LogAssemblyErrors (0ms)
				InitializePlatformSupportModulesInManaged (74ms)
				SetLoadedEditorAssemblies (2ms)
				RefreshPlugins (2ms)
				BeforeProcessingInitializeOnLoad (156ms)
				ProcessInitializeOnLoadAttributes (902ms)
				ProcessInitializeOnLoadMethodAttributes (159ms)
				AfterProcessingInitializeOnLoad (10ms)
				EditorAssembliesLoaded (0ms)
			ExecutionOrderSort2 (0ms)
			AwakeInstancesAfterBackupRestoration (12ms)
Platform modules already initialized, skipping
Refreshing native plugins compatible for Editor in 1.81 ms, found 3 plugins.
Preloading 0 native plugins for Editor in 0.00 ms.
Unloading 4412 Unused Serialized files (Serialized files now loaded: 0)
Unloading 53 unused Assets / (168.4 KB). Loaded Objects now: 5217.
Memory consumption went from 159.7 MB to 159.6 MB.
Total: 4.742200 ms (FindLiveObjects: 0.449900 ms CreateObjectMapping: 0.236800 ms MarkObjects: 3.960300 ms  DeleteObjects: 0.093200 ms)

AssetImportParameters requested are different than current active one (requested -> active):
  custom:video-decoder-ogg-theora: a1e56fd34408186e4bbccfd4996cb3dc -> 
  custom:container-muxer-webm: aa71ff27fc2769a1b78a27578f13a17b -> 
  custom:container-demuxer-webm: 4f35f7cbe854078d1ac9338744f61a02 -> 
  custom:video-encoder-webm-vp8: eb34c28f22e8b96e1ab97ce403110664 -> 
  custom:video-codec-MediaFoundation-h265: 746d11721c4dcdbdad8f713fa42b33f4 -> 
  custom:CustomObjectIndexerAttribute: bc11b3a6c3213fcdd17b65e7da85e133 -> 
  custom:audio-encoder-webm-vorbis: bf7c407c2cedff20999df2af8eb42d56 -> 
  custom:framework-win-MediaFoundation: 216162199b28c13a410421893ffa2e32 -> 
  custom:SearchIndexIgnoredProperties: e643bd26f0fe6173181afceb89e7c659 -> 
  custom:container-demuxer-ogg: 62fdf1f143b41e24485cea50d1cbac27 -> 
  custom:video-decoder-webm-vp8: 9c59270c3fd7afecdb556c50c9e8de78 -> 
  custom:audio-decoder-ogg-vorbis: bf7c407c2cedff20999df2af8eb42d56 -> 
========================================================================
Received Prepare
Registering precompiled user dll's ...
Registered in 0.012165 seconds.
Begin MonoManager ReloadAssembly
Native extension for WindowsStandalone target not found
Failed to load: C:/Program Files/Unity/Hub/Editor/2021.3.36f1/Editor/Data/PlaybackEngines/iOSSupport\x64\UnityEditor.iOS.Native.dll
Native extension for iOS target not found
Native extension for Android target not found
Native extension for WebGL target not found
Refreshing native plugins compatible for Editor in 1.35 ms, found 3 plugins.
Preloading 0 native plugins for Editor in 0.00 ms.
[Package Manager] Server::EnsureServerProcessIsRunning -- launch failed, reason: Unity was launched with the -noUpm command-line argument
[Package Manager] Cannot connect to Unity Package Manager local server
[Package Manager] Server::EnsureServerProcessIsRunning -- launch failed, reason: Unity was launched with the -noUpm command-line argument
[Package Manager] Cannot connect to Unity Package Manager local server
[ScriptCompilation] NOT recompiling all scripts because this is an import worker process. Reason to compile was: Define symbols changed
Mono: successfully reloaded assembly
- Completed reload, in  2.386 seconds
Domain Reload Profiling:
	ReloadAssembly (2392ms)
		BeginReloadAssembly (244ms)
			ExecutionOrderSort (0ms)
			DisableScriptedObjects (11ms)
			BackupInstance (0ms)
			ReleaseScriptingObjects (0ms)
			CreateAndSetChildDomain (48ms)
		EndReloadAssembly (1984ms)
			LoadAssemblies (167ms)
			RebuildTransferFunctionScriptingTraits (0ms)
			SetupTypeCache (506ms)
			ReleaseScriptCaches (3ms)
			RebuildScriptCaches (85ms)
			SetupLoadedEditorAssemblies (1163ms)
				LogAssemblyErrors (0ms)
				InitializePlatformSupportModulesInManaged (62ms)
				SetLoadedEditorAssemblies (1ms)
				RefreshPlugins (2ms)
				BeforeProcessingInitializeOnLoad (139ms)
				ProcessInitializeOnLoadAttributes (818ms)
				ProcessInitializeOnLoadMethodAttributes (129ms)
				AfterProcessingInitializeOnLoad (11ms)
				EditorAssembliesLoaded (0ms)
			ExecutionOrderSort2 (0ms)
			AwakeInstancesAfterBackupRestoration (12ms)
Platform modules already initialized, skipping
Refreshing native plugins compatible for Editor in 1.71 ms, found 3 plugins.
Preloading 0 native plugins for Editor in 0.00 ms.
Unloading 4412 Unused Serialized files (Serialized files now loaded: 0)
Unloading 53 unused Assets / (167.3 KB). Loaded Objects now: 5220.
Memory consumption went from 159.7 MB to 159.6 MB.
Total: 4.827700 ms (FindLiveObjects: 0.519900 ms CreateObjectMapping: 0.253400 ms MarkObjects: 3.952400 ms  DeleteObjects: 0.100300 ms)

AssetImportParameters requested are different than current active one (requested -> active):
  custom:video-decoder-ogg-theora: a1e56fd34408186e4bbccfd4996cb3dc -> 
  custom:container-muxer-webm: aa71ff27fc2769a1b78a27578f13a17b -> 
  custom:container-demuxer-webm: 4f35f7cbe854078d1ac9338744f61a02 -> 
  custom:video-encoder-webm-vp8: eb34c28f22e8b96e1ab97ce403110664 -> 
  custom:video-codec-MediaFoundation-h265: 746d11721c4dcdbdad8f713fa42b33f4 -> 
  custom:CustomObjectIndexerAttribute: bc11b3a6c3213fcdd17b65e7da85e133 -> 
  custom:audio-encoder-webm-vorbis: bf7c407c2cedff20999df2af8eb42d56 -> 
  custom:framework-win-MediaFoundation: 216162199b28c13a410421893ffa2e32 -> 
  custom:SearchIndexIgnoredProperties: e643bd26f0fe6173181afceb89e7c659 -> 
  custom:container-demuxer-ogg: 62fdf1f143b41e24485cea50d1cbac27 -> 
  custom:video-decoder-webm-vp8: 9c59270c3fd7afecdb556c50c9e8de78 -> 
  custom:audio-decoder-ogg-vorbis: bf7c407c2cedff20999df2af8eb42d56 -> 
========================================================================
Received Prepare
Registering precompiled user dll's ...
Registered in 0.006429 seconds.
Begin MonoManager ReloadAssembly
Native extension for WindowsStandalone target not found
Failed to load: C:/Program Files/Unity/Hub/Editor/2021.3.36f1/Editor/Data/PlaybackEngines/iOSSupport\x64\UnityEditor.iOS.Native.dll
Native extension for iOS target not found
Native extension for Android target not found
Native extension for WebGL target not found
Refreshing native plugins compatible for Editor in 0.96 ms, found 3 plugins.
Preloading 0 native plugins for Editor in 0.00 ms.
[Package Manager] Server::EnsureServerProcessIsRunning -- launch failed, reason: Unity was launched with the -noUpm command-line argument
[Package Manager] Cannot connect to Unity Package Manager local server
[Package Manager] Server::EnsureServerProcessIsRunning -- launch failed, reason: Unity was launched with the -noUpm command-line argument
[Package Manager] Cannot connect to Unity Package Manager local server
[ScriptCompilation] NOT recompiling all scripts because this is an import worker process. Reason to compile was: Define symbols changed
Mono: successfully reloaded assembly
- Completed reload, in  1.650 seconds
Domain Reload Profiling:
	ReloadAssembly (1651ms)
		BeginReloadAssembly (206ms)
			ExecutionOrderSort (0ms)
			DisableScriptedObjects (7ms)
			BackupInstance (0ms)
			ReleaseScriptingObjects (0ms)
			CreateAndSetChildDomain (47ms)
		EndReloadAssembly (1310ms)
			LoadAssemblies (143ms)
			RebuildTransferFunctionScriptingTraits (0ms)
			SetupTypeCache (309ms)
			ReleaseScriptCaches (2ms)
			RebuildScriptCaches (48ms)
			SetupLoadedEditorAssemblies (801ms)
				LogAssemblyErrors (0ms)
				InitializePlatformSupportModulesInManaged (38ms)
				SetLoadedEditorAssemblies (1ms)
				RefreshPlugins (1ms)
				BeforeProcessingInitializeOnLoad (92ms)
				ProcessInitializeOnLoadAttributes (598ms)
				ProcessInitializeOnLoadMethodAttributes (67ms)
				AfterProcessingInitializeOnLoad (5ms)
				EditorAssembliesLoaded (0ms)
			ExecutionOrderSort2 (0ms)
			AwakeInstancesAfterBackupRestoration (6ms)
Platform modules already initialized, skipping
Refreshing native plugins compatible for Editor in 1.11 ms, found 3 plugins.
Preloading 0 native plugins for Editor in 0.00 ms.
Unloading 4412 Unused Serialized files (Serialized files now loaded: 0)
Unloading 53 unused Assets / (167.2 KB). Loaded Objects now: 5223.
Memory consumption went from 159.7 MB to 159.6 MB.
Total: 4.417600 ms (FindLiveObjects: 0.392200 ms CreateObjectMapping: 0.202200 ms MarkObjects: 3.740200 ms  DeleteObjects: 0.081500 ms)

AssetImportParameters requested are different than current active one (requested -> active):
  custom:video-decoder-ogg-theora: a1e56fd34408186e4bbccfd4996cb3dc -> 
  custom:container-muxer-webm: aa71ff27fc2769a1b78a27578f13a17b -> 
  custom:container-demuxer-webm: 4f35f7cbe854078d1ac9338744f61a02 -> 
  custom:video-encoder-webm-vp8: eb34c28f22e8b96e1ab97ce403110664 -> 
  custom:video-codec-MediaFoundation-h265: 746d11721c4dcdbdad8f713fa42b33f4 -> 
  custom:CustomObjectIndexerAttribute: bc11b3a6c3213fcdd17b65e7da85e133 -> 
  custom:audio-encoder-webm-vorbis: bf7c407c2cedff20999df2af8eb42d56 -> 
  custom:framework-win-MediaFoundation: 216162199b28c13a410421893ffa2e32 -> 
  custom:SearchIndexIgnoredProperties: e643bd26f0fe6173181afceb89e7c659 -> 
  custom:container-demuxer-ogg: 62fdf1f143b41e24485cea50d1cbac27 -> 
  custom:video-decoder-webm-vp8: 9c59270c3fd7afecdb556c50c9e8de78 -> 
  custom:audio-decoder-ogg-vorbis: bf7c407c2cedff20999df2af8eb42d56 -> 
========================================================================
Received Import Request.
  Time since last request: 3726.349693 seconds.
  path: Assets/Violet Theme Ui/White Icons/White Voice Off.png
  artifactKey: Guid(dccd85075f8de7e41b1498391bae744a) Importer(815301076,1909f56bfc062723c751e8b465ee728b)
Number of updated assets reloaded before import = 0
Start importing Assets/Violet Theme Ui/White Icons/White Voice Off.png using Guid(dccd85075f8de7e41b1498391bae744a) Importer(815301076,1909f56bfc062723c751e8b465ee728b)  -> (artifact id: 'c77af85304378f5f73680a9ab1715e1c') in 0.277290 seconds 
Number of asset objects unloaded after import = 4
========================================================================
Received Import Request.
  Time since last request: 0.000060 seconds.
  path: Assets/Violet Theme Ui/White Icons/White Wifi Off.png
  artifactKey: Guid(abb70e74678f64c44905b8231bc0b17a) Importer(815301076,1909f56bfc062723c751e8b465ee728b)
Number of updated assets reloaded before import = 0
Start importing Assets/Violet Theme Ui/White Icons/White Wifi Off.png using Guid(abb70e74678f64c44905b8231bc0b17a) Importer(815301076,1909f56bfc062723c751e8b465ee728b)  -> (artifact id: 'c47e764d8442d5388fdd11732eb8c3e8') in 0.077084 seconds 
Number of asset objects unloaded after import = 5
========================================================================
Received Import Request.
  Time since last request: 0.000070 seconds.
  path: Assets/Violet Theme Ui/White Icons/White Warning.png
  artifactKey: Guid(c4d2b397342bbd44abdc24bba7f5d21e) Importer(815301076,1909f56bfc062723c751e8b465ee728b)
Number of updated assets reloaded before import = 0
Start importing Assets/Violet Theme Ui/White Icons/White Warning.png using Guid(c4d2b397342bbd44abdc24bba7f5d21e) Importer(815301076,1909f56bfc062723c751e8b465ee728b)  -> (artifact id: 'd9031887003381ddf50ec68e243f2672') in 0.056126 seconds 
Number of asset objects unloaded after import = 3
========================================================================
Received Import Request.
  Time since last request: 0.000047 seconds.
  path: Assets/Violet Theme Ui/White Icons/White Warning 2.png
  artifactKey: Guid(08418683700dc1349a59ba1c9bb4ac9a) Importer(815301076,1909f56bfc062723c751e8b465ee728b)
Number of updated assets reloaded before import = 0
Start importing Assets/Violet Theme Ui/White Icons/White Warning 2.png using Guid(08418683700dc1349a59ba1c9bb4ac9a) Importer(815301076,1909f56bfc062723c751e8b465ee728b)  -> (artifact id: '3f3a2717a0f9d2067a0ac53145e4308c') in 0.062265 seconds 
Number of asset objects unloaded after import = 3
========================================================================
Received Import Request.
  Time since last request: 0.000040 seconds.
  path: Assets/Violet Theme Ui/White Icons/White Wifi On.png
  artifactKey: Guid(82e5a4d9b6b108d49b57d7ba82a0bcec) Importer(815301076,1909f56bfc062723c751e8b465ee728b)
Number of updated assets reloaded before import = 0
Start importing Assets/Violet Theme Ui/White Icons/White Wifi On.png using Guid(82e5a4d9b6b108d49b57d7ba82a0bcec) Importer(815301076,1909f56bfc062723c751e8b465ee728b)  -> (artifact id: '77ce49ff8c11429766694d61047ed181') in 0.076144 seconds 
Number of asset objects unloaded after import = 5
========================================================================
Received Import Request.
  Time since last request: 0.000051 seconds.
  path: Assets/Violet Theme Ui/White Icons/White Unlock.png
  artifactKey: Guid(19146b3abbf475a4e928505e38f4c2b2) Importer(815301076,1909f56bfc062723c751e8b465ee728b)
Number of updated assets reloaded before import = 0
Start importing Assets/Violet Theme Ui/White Icons/White Unlock.png using Guid(19146b3abbf475a4e928505e38f4c2b2) Importer(815301076,1909f56bfc062723c751e8b465ee728b)  -> (artifact id: '256900ca3eab268afd7e733291cd0e09') in 0.070063 seconds 
Number of asset objects unloaded after import = 3
========================================================================
Received Import Request.
  Time since last request: 0.000077 seconds.
  path: Assets/Violet Theme Ui/White Icons/White Water Droplet.png
  artifactKey: Guid(17c26c066b7bfca40b0158b6ccfeecae) Importer(815301076,1909f56bfc062723c751e8b465ee728b)
Number of updated assets reloaded before import = 0
Start importing Assets/Violet Theme Ui/White Icons/White Water Droplet.png using Guid(17c26c066b7bfca40b0158b6ccfeecae) Importer(815301076,1909f56bfc062723c751e8b465ee728b)  -> (artifact id: '9342cb1ea3cabfa6ae9aca3b680cb58e') in 0.065911 seconds 
Number of asset objects unloaded after import = 3
========================================================================
Received Import Request.
  Time since last request: 0.000039 seconds.
  path: Assets/Violet Theme Ui/White Icons/White Wheel.png
  artifactKey: Guid(41dcbeafee6a13c45b2f1eff0a28dbd2) Importer(815301076,1909f56bfc062723c751e8b465ee728b)
Number of updated assets reloaded before import = 0
Start importing Assets/Violet Theme Ui/White Icons/White Wheel.png using Guid(41dcbeafee6a13c45b2f1eff0a28dbd2) Importer(815301076,1909f56bfc062723c751e8b465ee728b)  -> (artifact id: '3a2465bad53c304cc459a2c68594f5fa') in 0.069830 seconds 
Number of asset objects unloaded after import = 3
========================================================================
Received Import Request.
  Time since last request: 0.000046 seconds.
  path: Assets/Violet Theme Ui/White Icons/White Wind.png
  artifactKey: Guid(4b8f41e27d349aa4e98abe33f9ed9abf) Importer(815301076,1909f56bfc062723c751e8b465ee728b)
Number of updated assets reloaded before import = 0
Start importing Assets/Violet Theme Ui/White Icons/White Wind.png using Guid(4b8f41e27d349aa4e98abe33f9ed9abf) Importer(815301076,1909f56bfc062723c751e8b465ee728b)  -> (artifact id: '5ad1113dcf08798ede6ab71cd0d23f3f') in 0.071622 seconds 
Number of asset objects unloaded after import = 5
========================================================================
Received Import Request.
  Time since last request: 0.777115 seconds.
  path: Assets/Violet Theme Ui/White Icons/White Timer.png
  artifactKey: Guid(07cb3c5e393a88541b848f22a7ca18cb) Importer(815301076,1909f56bfc062723c751e8b465ee728b)
Number of updated assets reloaded before import = 0
Start importing Assets/Violet Theme Ui/White Icons/White Timer.png using Guid(07cb3c5e393a88541b848f22a7ca18cb) Importer(815301076,1909f56bfc062723c751e8b465ee728b)  -> (artifact id: '2717928462ec055aab485a3d2ddf8069') in 0.049010 seconds 
Number of asset objects unloaded after import = 6
========================================================================
Received Import Request.
  Time since last request: 0.000039 seconds.
  path: Assets/Violet Theme Ui/White Icons/White Tornado.png
  artifactKey: Guid(a30d60d67ed0b3d44b3040bc26861277) Importer(815301076,1909f56bfc062723c751e8b465ee728b)
Number of updated assets reloaded before import = 0
Start importing Assets/Violet Theme Ui/White Icons/White Tornado.png using Guid(a30d60d67ed0b3d44b3040bc26861277) Importer(815301076,1909f56bfc062723c751e8b465ee728b)  -> (artifact id: '5bcd1dda04ebc8ec1c786e2d7c59ca84') in 0.058368 seconds 
Number of asset objects unloaded after import = 5
========================================================================
Received Import Request.
  Time since last request: 0.207001 seconds.
  path: Assets/Violet Theme Ui/White Icons/White Target 2.png
  artifactKey: Guid(fa56cae7c0b4c484b8188237d3741fe1) Importer(815301076,1909f56bfc062723c751e8b465ee728b)
Number of updated assets reloaded before import = 0
Start importing Assets/Violet Theme Ui/White Icons/White Target 2.png using Guid(fa56cae7c0b4c484b8188237d3741fe1) Importer(815301076,1909f56bfc062723c751e8b465ee728b)  -> (artifact id: '5c73ab931a1c1802a6b1b49db765df9d') in 0.042048 seconds 
Number of asset objects unloaded after import = 3
========================================================================
Received Import Request.
  Time since last request: 0.000021 seconds.
  path: Assets/Violet Theme Ui/White Icons/White Telecom.png
  artifactKey: Guid(c033b51e4377ff4458b4a84db08c1d82) Importer(815301076,1909f56bfc062723c751e8b465ee728b)
Number of updated assets reloaded before import = 0
Start importing Assets/Violet Theme Ui/White Icons/White Telecom.png using Guid(c033b51e4377ff4458b4a84db08c1d82) Importer(815301076,1909f56bfc062723c751e8b465ee728b)  -> (artifact id: '334160d0ce3b07391f07b48809c51d94') in 0.042748 seconds 
Number of asset objects unloaded after import = 3
========================================================================
Received Import Request.
  Time since last request: 0.000038 seconds.
  path: Assets/Violet Theme Ui/White Icons/White ThumbUp.png
  artifactKey: Guid(67e9b580fea2bc94fb3e400ae2a1d780) Importer(815301076,1909f56bfc062723c751e8b465ee728b)
Number of updated assets reloaded before import = 0
Start importing Assets/Violet Theme Ui/White Icons/White ThumbUp.png using Guid(67e9b580fea2bc94fb3e400ae2a1d780) Importer(815301076,1909f56bfc062723c751e8b465ee728b)  -> (artifact id: '8a7b34644c26fdfbe9cc9b525cb894bf') in 0.066497 seconds 
Number of asset objects unloaded after import = 4
========================================================================
Received Import Request.
  Time since last request: 0.000045 seconds.
  path: Assets/Violet Theme Ui/White Icons/White Time.png
  artifactKey: Guid(8afc5bdb2d29b2b498a6072ad34ae74f) Importer(815301076,1909f56bfc062723c751e8b465ee728b)
Number of updated assets reloaded before import = 0
Start importing Assets/Violet Theme Ui/White Icons/White Time.png using Guid(8afc5bdb2d29b2b498a6072ad34ae74f) Importer(815301076,1909f56bfc062723c751e8b465ee728b)  -> (artifact id: '70b9bcb4aee6f03c9486080c48460102') in 0.053482 seconds 
Number of asset objects unloaded after import = 3
========================================================================
Received Import Request.
  Time since last request: 0.281761 seconds.
  path: Assets/Violet Theme Ui/White Icons/White Symbol 17.png
  artifactKey: Guid(f0cb0fc05a7b5424b9d51976686d1201) Importer(815301076,1909f56bfc062723c751e8b465ee728b)
Number of updated assets reloaded before import = 0
Start importing Assets/Violet Theme Ui/White Icons/White Symbol 17.png using Guid(f0cb0fc05a7b5424b9d51976686d1201) Importer(815301076,1909f56bfc062723c751e8b465ee728b)  -> (artifact id: 'e1740a91a10aaa523abf6bfe2e50cf68') in 0.042738 seconds 
Number of asset objects unloaded after import = 3
========================================================================
Received Import Request.
  Time since last request: 0.000026 seconds.
  path: Assets/Violet Theme Ui/White Icons/White Sysmbol 2.png
  artifactKey: Guid(3f10fa43175c5ef40b680d82908fba87) Importer(815301076,1909f56bfc062723c751e8b465ee728b)
Number of updated assets reloaded before import = 0
Start importing Assets/Violet Theme Ui/White Icons/White Sysmbol 2.png using Guid(3f10fa43175c5ef40b680d82908fba87) Importer(815301076,1909f56bfc062723c751e8b465ee728b)  -> (artifact id: 'd6a8105818bc9dca109d74b05773fe36') in 0.048808 seconds 
Number of asset objects unloaded after import = 7
========================================================================
Received Import Request.
  Time since last request: 0.000044 seconds.
  path: Assets/Violet Theme Ui/White Icons/White Tag.png
  artifactKey: Guid(f056a0a4b34d15a4c85cca06bd747380) Importer(815301076,1909f56bfc062723c751e8b465ee728b)
Number of updated assets reloaded before import = 0
Start importing Assets/Violet Theme Ui/White Icons/White Tag.png using Guid(f056a0a4b34d15a4c85cca06bd747380) Importer(815301076,1909f56bfc062723c751e8b465ee728b)  -> (artifact id: '3cec41dabdf0945200387744212ab824') in 0.047211 seconds 
Number of asset objects unloaded after import = 3
========================================================================
Received Import Request.
  Time since last request: 0.000036 seconds.
  path: Assets/Violet Theme Ui/White Icons/White Symbol 21.png
  artifactKey: Guid(2e6df814af40e2945b8e3ea9c9bb5115) Importer(815301076,1909f56bfc062723c751e8b465ee728b)
Number of updated assets reloaded before import = 0
Start importing Assets/Violet Theme Ui/White Icons/White Symbol 21.png using Guid(2e6df814af40e2945b8e3ea9c9bb5115) Importer(815301076,1909f56bfc062723c751e8b465ee728b)  -> (artifact id: 'a294a183bbc0834189f88eaa1cf1d30c') in 0.050120 seconds 
Number of asset objects unloaded after import = 3
========================================================================
Received Import Request.
  Time since last request: 0.040409 seconds.
  path: Assets/Violet Theme Ui/White Icons/White Symbol 12.png
  artifactKey: Guid(164a64e069075124a876bd4ec21b7ce3) Importer(815301076,1909f56bfc062723c751e8b465ee728b)
Number of updated assets reloaded before import = 0
Start importing Assets/Violet Theme Ui/White Icons/White Symbol 12.png using Guid(164a64e069075124a876bd4ec21b7ce3) Importer(815301076,1909f56bfc062723c751e8b465ee728b)  -> (artifact id: 'c9f63ec971eeb27530797f68f1c9725f') in 0.057657 seconds 
Number of asset objects unloaded after import = 5
========================================================================
Received Import Request.
  Time since last request: 0.000032 seconds.
  path: Assets/Violet Theme Ui/White Icons/White Symbol 15.png
  artifactKey: Guid(a187bf89ed69ef7479f5a4e4942fa7ae) Importer(815301076,1909f56bfc062723c751e8b465ee728b)
Number of updated assets reloaded before import = 0
Start importing Assets/Violet Theme Ui/White Icons/White Symbol 15.png using Guid(a187bf89ed69ef7479f5a4e4942fa7ae) Importer(815301076,1909f56bfc062723c751e8b465ee728b)  -> (artifact id: '1930e1a92d39e36fbdc432687cff3ef1') in 0.061328 seconds 
Number of asset objects unloaded after import = 4
========================================================================
Received Import Request.
  Time since last request: 0.000043 seconds.
  path: Assets/Violet Theme Ui/White Icons/White Symbol 13.png
  artifactKey: Guid(bb6561b5412c1b54e8680c7379bdb40c) Importer(815301076,1909f56bfc062723c751e8b465ee728b)
Number of updated assets reloaded before import = 0
Start importing Assets/Violet Theme Ui/White Icons/White Symbol 13.png using Guid(bb6561b5412c1b54e8680c7379bdb40c) Importer(815301076,1909f56bfc062723c751e8b465ee728b)  -> (artifact id: '5f2922e9ffa4c8620daacdfa23f13a13') in 0.055281 seconds 
Number of asset objects unloaded after import = 3
========================================================================
Received Import Request.
  Time since last request: 0.817515 seconds.
  path: Assets/Violet Theme Ui/White Icons/White Symbol 5.png
  artifactKey: Guid(3159a61a714ebe942ac291a8f0837bfb) Importer(815301076,1909f56bfc062723c751e8b465ee728b)
Number of updated assets reloaded before import = 0
Start importing Assets/Violet Theme Ui/White Icons/White Symbol 5.png using Guid(3159a61a714ebe942ac291a8f0837bfb) Importer(815301076,1909f56bfc062723c751e8b465ee728b)  -> (artifact id: 'ad92bbfa9a9a43a70e77a542ed137ae0') in 0.042902 seconds 
Number of asset objects unloaded after import = 4
========================================================================
Received Import Request.
  Time since last request: 0.000030 seconds.
  path: Assets/Violet Theme Ui/White Icons/White Symbol 7.png
  artifactKey: Guid(c4642fa878a84cf42a096c438e9e614d) Importer(815301076,1909f56bfc062723c751e8b465ee728b)
Number of updated assets reloaded before import = 0
Start importing Assets/Violet Theme Ui/White Icons/White Symbol 7.png using Guid(c4642fa878a84cf42a096c438e9e614d) Importer(815301076,1909f56bfc062723c751e8b465ee728b)  -> (artifact id: 'e87fa153f6f1542206acaf4c4a1c1495') in 0.038207 seconds 
Number of asset objects unloaded after import = 3
========================================================================
Received Import Request.
  Time since last request: 0.000019 seconds.
  path: Assets/Violet Theme Ui/White Icons/White Symbol 9.png
  artifactKey: Guid(1ec11e28ff92b614abacf24bca5e1f5f) Importer(815301076,1909f56bfc062723c751e8b465ee728b)
Number of updated assets reloaded before import = 0
Start importing Assets/Violet Theme Ui/White Icons/White Symbol 9.png using Guid(1ec11e28ff92b614abacf24bca5e1f5f) Importer(815301076,1909f56bfc062723c751e8b465ee728b)  -> (artifact id: '55e37a36646c8f73d30c5090e0cb5911') in 0.033975 seconds 
Number of asset objects unloaded after import = 3
========================================================================
Received Import Request.
  Time since last request: 0.000019 seconds.
  path: Assets/Violet Theme Ui/White Icons/White Symbol 10.png
  artifactKey: Guid(cb714b7aa695a614f91f825f457b7814) Importer(815301076,1909f56bfc062723c751e8b465ee728b)
Number of updated assets reloaded before import = 0
Start importing Assets/Violet Theme Ui/White Icons/White Symbol 10.png using Guid(cb714b7aa695a614f91f825f457b7814) Importer(815301076,1909f56bfc062723c751e8b465ee728b)  -> (artifact id: '29955c45d0ef2df458f05d7596fd349f') in 0.034719 seconds 
Number of asset objects unloaded after import = 3
========================================================================
Received Import Request.
  Time since last request: 0.015673 seconds.
  path: Assets/Violet Theme Ui/White Icons/White Symbol 2.png
  artifactKey: Guid(ede36b97067ea2147aec9549ba7d7082) Importer(815301076,1909f56bfc062723c751e8b465ee728b)
Number of updated assets reloaded before import = 0
Start importing Assets/Violet Theme Ui/White Icons/White Symbol 2.png using Guid(ede36b97067ea2147aec9549ba7d7082) Importer(815301076,1909f56bfc062723c751e8b465ee728b)  -> (artifact id: '64d1817a93bc28b1806fa72e13417c5c') in 0.047026 seconds 
Number of asset objects unloaded after import = 4
========================================================================
Received Import Request.
  Time since last request: 0.000025 seconds.
  path: Assets/Violet Theme Ui/White Icons/White Symbol 3.png
  artifactKey: Guid(c42a607f3d048da4cbf87869c7e8d347) Importer(815301076,1909f56bfc062723c751e8b465ee728b)
Number of updated assets reloaded before import = 0
Start importing Assets/Violet Theme Ui/White Icons/White Symbol 3.png using Guid(c42a607f3d048da4cbf87869c7e8d347) Importer(815301076,1909f56bfc062723c751e8b465ee728b)  -> (artifact id: 'b5d9cb1c5f06698254ed9e9052eccf5c') in 0.053199 seconds 
Number of asset objects unloaded after import = 6
========================================================================
Received Import Request.
  Time since last request: 0.519327 seconds.
  path: Assets/Violet Theme Ui/White Icons/White Swords.png
  artifactKey: Guid(d08d31b3bb621974fa68cd19820122b5) Importer(815301076,1909f56bfc062723c751e8b465ee728b)
Number of updated assets reloaded before import = 0
Start importing Assets/Violet Theme Ui/White Icons/White Swords.png using Guid(d08d31b3bb621974fa68cd19820122b5) Importer(815301076,1909f56bfc062723c751e8b465ee728b)  -> (artifact id: '2608e0ba34b8866cf51aa50e9aa528d6') in 0.059999 seconds 
Number of asset objects unloaded after import = 8
========================================================================
Received Import Request.
  Time since last request: 0.062621 seconds.
  path: Assets/Violet Theme Ui/White Icons/White Stop.png
  artifactKey: Guid(2dbb2668687622a44821e1b317d5baed) Importer(815301076,1909f56bfc062723c751e8b465ee728b)
Number of updated assets reloaded before import = 0
Start importing Assets/Violet Theme Ui/White Icons/White Stop.png using Guid(2dbb2668687622a44821e1b317d5baed) Importer(815301076,1909f56bfc062723c751e8b465ee728b)  -> (artifact id: '26e7afe7078bd3b1e03c420565a9417c') in 0.047371 seconds 
Number of asset objects unloaded after import = 3
========================================================================
Received Import Request.
  Time since last request: 0.000034 seconds.
  path: Assets/Violet Theme Ui/White Icons/White Subtract.png
  artifactKey: Guid(6d72efe67c73da241866fe5f803b9ee4) Importer(815301076,1909f56bfc062723c751e8b465ee728b)
Number of updated assets reloaded before import = 0
Start importing Assets/Violet Theme Ui/White Icons/White Subtract.png using Guid(6d72efe67c73da241866fe5f803b9ee4) Importer(815301076,1909f56bfc062723c751e8b465ee728b)  -> (artifact id: 'e5dfad66bc8e7f2cc49a58f133f5e19e') in 0.036554 seconds 
Number of asset objects unloaded after import = 3
========================================================================
Received Import Request.
  Time since last request: 0.000038 seconds.
  path: Assets/Violet Theme Ui/White Icons/White Strength Up.png
  artifactKey: Guid(c7f7e48003ef85848ac21f69ee4d7af0) Importer(815301076,1909f56bfc062723c751e8b465ee728b)
Number of updated assets reloaded before import = 0
Start importing Assets/Violet Theme Ui/White Icons/White Strength Up.png using Guid(c7f7e48003ef85848ac21f69ee4d7af0) Importer(815301076,1909f56bfc062723c751e8b465ee728b)  -> (artifact id: '5d389d8b66332506ee3fb1e4d4ca3245') in 0.041303 seconds 
Number of asset objects unloaded after import = 3
========================================================================
Received Import Request.
  Time since last request: 0.412944 seconds.
  path: Assets/Violet Theme Ui/White Icons/White Speed.png
  artifactKey: Guid(7f89d2f1c67495b41a9fe9555bf18462) Importer(815301076,1909f56bfc062723c751e8b465ee728b)
Number of updated assets reloaded before import = 0
Start importing Assets/Violet Theme Ui/White Icons/White Speed.png using Guid(7f89d2f1c67495b41a9fe9555bf18462) Importer(815301076,1909f56bfc062723c751e8b465ee728b)  -> (artifact id: 'c3c8319cde7c0d30040e9805a7ae3fec') in 0.033551 seconds 
Number of asset objects unloaded after import = 6
========================================================================
Received Import Request.
  Time since last request: 0.000020 seconds.
  path: Assets/Violet Theme Ui/White Icons/White Star Hollow.png
  artifactKey: Guid(18a6346ad00e33e449b41c4e27c46ff0) Importer(815301076,1909f56bfc062723c751e8b465ee728b)
Number of updated assets reloaded before import = 0
Start importing Assets/Violet Theme Ui/White Icons/White Star Hollow.png using Guid(18a6346ad00e33e449b41c4e27c46ff0) Importer(815301076,1909f56bfc062723c751e8b465ee728b)  -> (artifact id: '79011e3c57a482a5eda900f25bcc5871') in 0.037607 seconds 
Number of asset objects unloaded after import = 3
========================================================================
Received Import Request.
  Time since last request: 0.002561 seconds.
  path: Assets/Violet Theme Ui/White Icons/White Sound Off.png
  artifactKey: Guid(8e94b2d3ff544254c8dbfd0827aa96a3) Importer(815301076,1909f56bfc062723c751e8b465ee728b)
Number of updated assets reloaded before import = 0
Start importing Assets/Violet Theme Ui/White Icons/White Sound Off.png using Guid(8e94b2d3ff544254c8dbfd0827aa96a3) Importer(815301076,1909f56bfc062723c751e8b465ee728b)  -> (artifact id: '1abb7c7e34a5c5572ce31b760709d573') in 0.051932 seconds 
Number of asset objects unloaded after import = 4
========================================================================
Received Import Request.
  Time since last request: 0.000027 seconds.
  path: Assets/Violet Theme Ui/White Icons/White Speed Boost 2.png
  artifactKey: Guid(7651633fd56d228438ee6b73775d4a6f) Importer(815301076,1909f56bfc062723c751e8b465ee728b)
Number of updated assets reloaded before import = 0
Start importing Assets/Violet Theme Ui/White Icons/White Speed Boost 2.png using Guid(7651633fd56d228438ee6b73775d4a6f) Importer(815301076,1909f56bfc062723c751e8b465ee728b)  -> (artifact id: 'a6af9e4dd192991310966c347769bde5') in 0.056862 seconds 
Number of asset objects unloaded after import = 6
========================================================================
Received Import Request.
  Time since last request: 0.069279 seconds.
  path: Assets/Violet Theme Ui/White Icons/White Snow Globe 2.png
  artifactKey: Guid(edae0c30266acd8488739e0305914058) Importer(815301076,1909f56bfc062723c751e8b465ee728b)
Number of updated assets reloaded before import = 0
Start importing Assets/Violet Theme Ui/White Icons/White Snow Globe 2.png using Guid(edae0c30266acd8488739e0305914058) Importer(815301076,1909f56bfc062723c751e8b465ee728b)  -> (artifact id: '2af8403db5c81c49e2260880593fc87a') in 0.066640 seconds 
Number of asset objects unloaded after import = 4
========================================================================
Received Import Request.
  Time since last request: 0.000037 seconds.
  path: Assets/Violet Theme Ui/White Icons/White Snow.png
  artifactKey: Guid(4ca4131db50a5f042aab2fb63aa1a2c4) Importer(815301076,1909f56bfc062723c751e8b465ee728b)
Number of updated assets reloaded before import = 0
Start importing Assets/Violet Theme Ui/White Icons/White Snow.png using Guid(4ca4131db50a5f042aab2fb63aa1a2c4) Importer(815301076,1909f56bfc062723c751e8b465ee728b)  -> (artifact id: 'c9337316f81afc638711d302ab9bd61a') in 0.053257 seconds 
Number of asset objects unloaded after import = 3
========================================================================
Received Import Request.
  Time since last request: 0.000057 seconds.
  path: Assets/Violet Theme Ui/White Icons/White Sound Icom.png
  artifactKey: Guid(a8ae8b26d38521f4d901e390c5bd5a87) Importer(815301076,1909f56bfc062723c751e8b465ee728b)
Number of updated assets reloaded before import = 0
Start importing Assets/Violet Theme Ui/White Icons/White Sound Icom.png using Guid(a8ae8b26d38521f4d901e390c5bd5a87) Importer(815301076,1909f56bfc062723c751e8b465ee728b)  -> (artifact id: '50f739258e671b8c75439fc9933c8f65') in 0.057553 seconds 
Number of asset objects unloaded after import = 3
========================================================================
Received Import Request.
  Time since last request: 0.431205 seconds.
  path: Assets/Violet Theme Ui/White Icons/White Slider 2.png
  artifactKey: Guid(85e84ba1987d05241820a2a80c1d46c5) Importer(815301076,1909f56bfc062723c751e8b465ee728b)
Number of updated assets reloaded before import = 0
Start importing Assets/Violet Theme Ui/White Icons/White Slider 2.png using Guid(85e84ba1987d05241820a2a80c1d46c5) Importer(815301076,1909f56bfc062723c751e8b465ee728b)  -> (artifact id: '89fb7bdbadfacdf7ff6a34b215b245a8') in 0.064303 seconds 
Number of asset objects unloaded after import = 11
========================================================================
Received Import Request.
  Time since last request: 0.000019 seconds.
  path: Assets/Violet Theme Ui/White Icons/White Smiley.png
  artifactKey: Guid(90739a27925bee2468e4a7d50c6dfea7) Importer(815301076,1909f56bfc062723c751e8b465ee728b)
Number of updated assets reloaded before import = 0
Start importing Assets/Violet Theme Ui/White Icons/White Smiley.png using Guid(90739a27925bee2468e4a7d50c6dfea7) Importer(815301076,1909f56bfc062723c751e8b465ee728b)  -> (artifact id: '5fc5127a42e70d0100645642d871b81c') in 0.046703 seconds 
Number of asset objects unloaded after import = 3
========================================================================
Received Import Request.
  Time since last request: 0.198527 seconds.
  path: Assets/Violet Theme Ui/White Icons/White Sleep.png
  artifactKey: Guid(21971abefc33c5640808902ba497b6d7) Importer(815301076,1909f56bfc062723c751e8b465ee728b)
Number of updated assets reloaded before import = 0
Start importing Assets/Violet Theme Ui/White Icons/White Sleep.png using Guid(21971abefc33c5640808902ba497b6d7) Importer(815301076,1909f56bfc062723c751e8b465ee728b)  -> (artifact id: '1a359d114c42fda660967289f255f69a') in 0.066408 seconds 
Number of asset objects unloaded after import = 5
========================================================================
Received Import Request.
  Time since last request: 0.094632 seconds.
  path: Assets/Violet Theme Ui/White Icons/White Shield 2.png
  artifactKey: Guid(0d29c61fca93e1a46bd413d23ee58a24) Importer(815301076,1909f56bfc062723c751e8b465ee728b)
Number of updated assets reloaded before import = 0
Start importing Assets/Violet Theme Ui/White Icons/White Shield 2.png using Guid(0d29c61fca93e1a46bd413d23ee58a24) Importer(815301076,1909f56bfc062723c751e8b465ee728b)  -> (artifact id: 'a3f7a37dfc89327a14596e40329e770c') in 0.047212 seconds 
Number of asset objects unloaded after import = 3
========================================================================
Received Import Request.
  Time since last request: 0.000026 seconds.
  path: Assets/Violet Theme Ui/White Icons/White Shop 1.png
  artifactKey: Guid(0f80d17af4c953147b98d8f230285228) Importer(815301076,1909f56bfc062723c751e8b465ee728b)
Number of updated assets reloaded before import = 0
Start importing Assets/Violet Theme Ui/White Icons/White Shop 1.png using Guid(0f80d17af4c953147b98d8f230285228) Importer(815301076,1909f56bfc062723c751e8b465ee728b)  -> (artifact id: '686eb1f1ff076d0687469f48c22fa2a9') in 0.064406 seconds 
Number of asset objects unloaded after import = 4
========================================================================
Received Import Request.
  Time since last request: 0.000037 seconds.
  path: Assets/Violet Theme Ui/White Icons/White Skull 2.png
  artifactKey: Guid(b02f17aa4f7b0944784be99485d4488a) Importer(815301076,1909f56bfc062723c751e8b465ee728b)
Number of updated assets reloaded before import = 0
Start importing Assets/Violet Theme Ui/White Icons/White Skull 2.png using Guid(b02f17aa4f7b0944784be99485d4488a) Importer(815301076,1909f56bfc062723c751e8b465ee728b)  -> (artifact id: 'f6d77f222c852bf26aabf6df1737739f') in 0.062007 seconds 
Number of asset objects unloaded after import = 4
========================================================================
Received Import Request.
  Time since last request: 0.000051 seconds.
  path: Assets/Violet Theme Ui/White Icons/White Signal.png
  artifactKey: Guid(55d1f27c687c07f40b78a9099b7ad0fc) Importer(815301076,1909f56bfc062723c751e8b465ee728b)
Number of updated assets reloaded before import = 0
Start importing Assets/Violet Theme Ui/White Icons/White Signal.png using Guid(55d1f27c687c07f40b78a9099b7ad0fc) Importer(815301076,1909f56bfc062723c751e8b465ee728b)  -> (artifact id: '3a3a221c2e0383f68b10f7373713d60a') in 0.059450 seconds 
Number of asset objects unloaded after import = 5
========================================================================
Received Import Request.
  Time since last request: 0.375591 seconds.
  path: Assets/Violet Theme Ui/White Icons/White Select.png
  artifactKey: Guid(ec6d4013dd0c2c341b85e1f37aecaf15) Importer(815301076,1909f56bfc062723c751e8b465ee728b)
Number of updated assets reloaded before import = 0
Start importing Assets/Violet Theme Ui/White Icons/White Select.png using Guid(ec6d4013dd0c2c341b85e1f37aecaf15) Importer(815301076,1909f56bfc062723c751e8b465ee728b)  -> (artifact id: 'dcd4a52386005a84f5608c7ae4f6e130') in 0.036148 seconds 
Number of asset objects unloaded after import = 5
========================================================================
Received Import Request.
  Time since last request: 0.156726 seconds.
  path: Assets/Violet Theme Ui/White Icons/White Sad 1.png
  artifactKey: Guid(568350414cfbb984bb3baec6a1d2e48a) Importer(815301076,1909f56bfc062723c751e8b465ee728b)
Number of updated assets reloaded before import = 0
Start importing Assets/Violet Theme Ui/White Icons/White Sad 1.png using Guid(568350414cfbb984bb3baec6a1d2e48a) Importer(815301076,1909f56bfc062723c751e8b465ee728b)  -> (artifact id: 'd209c1a327f06e231e69705b47ac2608') in 0.042106 seconds 
Number of asset objects unloaded after import = 3
========================================================================
Received Import Request.
  Time since last request: 0.000025 seconds.
  path: Assets/Violet Theme Ui/White Icons/White Sad 2.png
  artifactKey: Guid(62dadbd0ca1177440ba81798078781b7) Importer(815301076,1909f56bfc062723c751e8b465ee728b)
Number of updated assets reloaded before import = 0
Start importing Assets/Violet Theme Ui/White Icons/White Sad 2.png using Guid(62dadbd0ca1177440ba81798078781b7) Importer(815301076,1909f56bfc062723c751e8b465ee728b)  -> (artifact id: '65533f900143d206672a79649c65575b') in 0.050701 seconds 
Number of asset objects unloaded after import = 3
========================================================================
Received Import Request.
  Time since last request: 0.000031 seconds.
  path: Assets/Violet Theme Ui/White Icons/White Scissor.png
  artifactKey: Guid(c4728a44280f4a1428bcf614c67b5b13) Importer(815301076,1909f56bfc062723c751e8b465ee728b)
Number of updated assets reloaded before import = 0
Start importing Assets/Violet Theme Ui/White Icons/White Scissor.png using Guid(c4728a44280f4a1428bcf614c67b5b13) Importer(815301076,1909f56bfc062723c751e8b465ee728b)  -> (artifact id: '5f54b43037c556926bedd45be68e69bd') in 0.052623 seconds 
Number of asset objects unloaded after import = 3
========================================================================
Received Import Request.
  Time since last request: 0.000039 seconds.
  path: Assets/Violet Theme Ui/White Icons/White Sad 3.png
  artifactKey: Guid(6497b622777a0104082e8e00b499dd0d) Importer(815301076,1909f56bfc062723c751e8b465ee728b)
Number of updated assets reloaded before import = 0
Start importing Assets/Violet Theme Ui/White Icons/White Sad 3.png using Guid(6497b622777a0104082e8e00b499dd0d) Importer(815301076,1909f56bfc062723c751e8b465ee728b)  -> (artifact id: '59ab39e803207384ea34f050a06b5e25') in 0.059055 seconds 
Number of asset objects unloaded after import = 3
========================================================================
Received Import Request.
  Time since last request: 0.000042 seconds.
  path: Assets/Violet Theme Ui/White Icons/White Ribbon 4.png
  artifactKey: Guid(2602867125c52164ca50bd624010b64b) Importer(815301076,1909f56bfc062723c751e8b465ee728b)
Number of updated assets reloaded before import = 0
Start importing Assets/Violet Theme Ui/White Icons/White Ribbon 4.png using Guid(2602867125c52164ca50bd624010b64b) Importer(815301076,1909f56bfc062723c751e8b465ee728b)  -> (artifact id: 'e8cf4ba428c10fb548cc6b3030a915be') in 0.068079 seconds 
Number of asset objects unloaded after import = 5
========================================================================
Received Import Request.
  Time since last request: 0.000055 seconds.
  path: Assets/Violet Theme Ui/White Icons/White Ribbon.png
  artifactKey: Guid(f9ac506055f197c4ab77a5fea2301e0e) Importer(815301076,1909f56bfc062723c751e8b465ee728b)
Number of updated assets reloaded before import = 0
Start importing Assets/Violet Theme Ui/White Icons/White Ribbon.png using Guid(f9ac506055f197c4ab77a5fea2301e0e) Importer(815301076,1909f56bfc062723c751e8b465ee728b)  -> (artifact id: 'fab3323ba31d42d7261021a6e56cf20a') in 0.075448 seconds 
Number of asset objects unloaded after import = 5
========================================================================
Received Import Request.
  Time since last request: 0.595162 seconds.
  path: Assets/Violet Theme Ui/White Icons/White Questions.png
  artifactKey: Guid(c62f171dffe3f2947aae0befa6542103) Importer(815301076,1909f56bfc062723c751e8b465ee728b)
Number of updated assets reloaded before import = 0
Start importing Assets/Violet Theme Ui/White Icons/White Questions.png using Guid(c62f171dffe3f2947aae0befa6542103) Importer(815301076,1909f56bfc062723c751e8b465ee728b)  -> (artifact id: '1555746602420b0d304ee71a29f28f83') in 0.045796 seconds 
Number of asset objects unloaded after import = 4
========================================================================
Received Import Request.
  Time since last request: 0.000025 seconds.
  path: Assets/Violet Theme Ui/White Icons/White Return 2.png
  artifactKey: Guid(c1cc38a044718ba4ba4bfa2e1538b4d8) Importer(815301076,1909f56bfc062723c751e8b465ee728b)
Number of updated assets reloaded before import = 0
Start importing Assets/Violet Theme Ui/White Icons/White Return 2.png using Guid(c1cc38a044718ba4ba4bfa2e1538b4d8) Importer(815301076,1909f56bfc062723c751e8b465ee728b)  -> (artifact id: '204a3001d00861e6dc0869c5760fe23d') in 0.048036 seconds 
Number of asset objects unloaded after import = 3
========================================================================
Received Import Request.
  Time since last request: 0.000029 seconds.
  path: Assets/Violet Theme Ui/White Icons/White Pumpkin.png
  artifactKey: Guid(8f5885b39f3ad374f836c723ce642ce8) Importer(815301076,1909f56bfc062723c751e8b465ee728b)
Number of updated assets reloaded before import = 0
Start importing Assets/Violet Theme Ui/White Icons/White Pumpkin.png using Guid(8f5885b39f3ad374f836c723ce642ce8) Importer(815301076,1909f56bfc062723c751e8b465ee728b)  -> (artifact id: '193fff33fdfc8051c758fd6ebb49c8a3') in 0.054266 seconds 
Number of asset objects unloaded after import = 3
========================================================================
Received Import Request.
  Time since last request: 0.000035 seconds.
  path: Assets/Violet Theme Ui/White Icons/White Return.png
  artifactKey: Guid(e762de87d1306ea4080247cc6ca79b41) Importer(815301076,1909f56bfc062723c751e8b465ee728b)
Number of updated assets reloaded before import = 0
Start importing Assets/Violet Theme Ui/White Icons/White Return.png using Guid(e762de87d1306ea4080247cc6ca79b41) Importer(815301076,1909f56bfc062723c751e8b465ee728b)  -> (artifact id: 'a3153cb127d6ed665fde3a6b7cff54aa') in 0.054858 seconds 
Number of asset objects unloaded after import = 3
========================================================================
Received Import Request.
  Time since last request: 0.000049 seconds.
  path: Assets/Violet Theme Ui/White Icons/White Queen.png
  artifactKey: Guid(e37d5fd01420f654a8b821953b2d053b) Importer(815301076,1909f56bfc062723c751e8b465ee728b)
Number of updated assets reloaded before import = 0
Start importing Assets/Violet Theme Ui/White Icons/White Queen.png using Guid(e37d5fd01420f654a8b821953b2d053b) Importer(815301076,1909f56bfc062723c751e8b465ee728b)  -> (artifact id: '1dae7f4a2d533b51f41fecc33015d540') in 0.063451 seconds 
Number of asset objects unloaded after import = 5
========================================================================
Received Import Request.
  Time since last request: 0.000036 seconds.
  path: Assets/Violet Theme Ui/White Icons/White Power Up 2.png
  artifactKey: Guid(fc31fafa8d6555d4dbd7d0d4c4c0d2d8) Importer(815301076,1909f56bfc062723c751e8b465ee728b)
Number of updated assets reloaded before import = 0
Start importing Assets/Violet Theme Ui/White Icons/White Power Up 2.png using Guid(fc31fafa8d6555d4dbd7d0d4c4c0d2d8) Importer(815301076,1909f56bfc062723c751e8b465ee728b)  -> (artifact id: 'daa0180d1e4346dd3670c92988a1b71a') in 0.074444 seconds 
Number of asset objects unloaded after import = 7
========================================================================
Received Import Request.
  Time since last request: 0.156225 seconds.
  path: Assets/Violet Theme Ui/White Icons/White Potion 1.png
  artifactKey: Guid(0f4822a250166e94aaf8a8daaaa7c170) Importer(815301076,1909f56bfc062723c751e8b465ee728b)
Number of updated assets reloaded before import = 0
Start importing Assets/Violet Theme Ui/White Icons/White Potion 1.png using Guid(0f4822a250166e94aaf8a8daaaa7c170) Importer(815301076,1909f56bfc062723c751e8b465ee728b)  -> (artifact id: 'e6fbcd683694e14bc294e434efbf3a7e') in 0.042128 seconds 
Number of asset objects unloaded after import = 4
========================================================================
Received Import Request.
  Time since last request: 0.000025 seconds.
  path: Assets/Violet Theme Ui/White Icons/White Plus.png
  artifactKey: Guid(374ff4fc6c97e7844ad6fb1abf9653ce) Importer(815301076,1909f56bfc062723c751e8b465ee728b)
Number of updated assets reloaded before import = 0
Start importing Assets/Violet Theme Ui/White Icons/White Plus.png using Guid(374ff4fc6c97e7844ad6fb1abf9653ce) Importer(815301076,1909f56bfc062723c751e8b465ee728b)  -> (artifact id: '6bcba42d0e9ebce0d3457715ac24736a') in 0.042731 seconds 
Number of asset objects unloaded after import = 3
========================================================================
Received Import Request.
  Time since last request: 0.000028 seconds.
  path: Assets/Violet Theme Ui/White Icons/White Power Button.png
  artifactKey: Guid(e3f607666c913c045844df458b85726a) Importer(815301076,1909f56bfc062723c751e8b465ee728b)
Number of updated assets reloaded before import = 0
Start importing Assets/Violet Theme Ui/White Icons/White Power Button.png using Guid(e3f607666c913c045844df458b85726a) Importer(815301076,1909f56bfc062723c751e8b465ee728b)  -> (artifact id: 'dc1ba85612991b20da69c284d48e372b') in 0.058302 seconds 
Number of asset objects unloaded after import = 4
========================================================================
Received Import Request.
  Time since last request: 0.000031 seconds.
  path: Assets/Violet Theme Ui/White Icons/White Planet.png
  artifactKey: Guid(a6ee27f83200c8c42b308dd9b14ab21a) Importer(815301076,1909f56bfc062723c751e8b465ee728b)
Number of updated assets reloaded before import = 0
Start importing Assets/Violet Theme Ui/White Icons/White Planet.png using Guid(a6ee27f83200c8c42b308dd9b14ab21a) Importer(815301076,1909f56bfc062723c751e8b465ee728b)  -> (artifact id: '0978a6998fbdaf6f4afbb6d2d0ca124c') in 0.052857 seconds 
Number of asset objects unloaded after import = 5
========================================================================
Received Import Request.
  Time since last request: 0.000046 seconds.
  path: Assets/Violet Theme Ui/White Icons/White Plus 2.png
  artifactKey: Guid(a134bef9b57e6a041956476f631a3856) Importer(815301076,1909f56bfc062723c751e8b465ee728b)
Number of updated assets reloaded before import = 0
Start importing Assets/Violet Theme Ui/White Icons/White Plus 2.png using Guid(a134bef9b57e6a041956476f631a3856) Importer(815301076,1909f56bfc062723c751e8b465ee728b)  -> (artifact id: '10b770f114388218e526ab47109892ef') in 0.052681 seconds 
Number of asset objects unloaded after import = 3
========================================================================
Received Import Request.
  Time since last request: 0.000048 seconds.
  path: Assets/Violet Theme Ui/White Icons/White Pin.png
  artifactKey: Guid(d5296110490fa694fa53a9c4eae0c358) Importer(815301076,1909f56bfc062723c751e8b465ee728b)
Number of updated assets reloaded before import = 0
Start importing Assets/Violet Theme Ui/White Icons/White Pin.png using Guid(d5296110490fa694fa53a9c4eae0c358) Importer(815301076,1909f56bfc062723c751e8b465ee728b)  -> (artifact id: '8427dda98550ad100e2f08724b6f8bfa') in 0.064033 seconds 
Number of asset objects unloaded after import = 4
========================================================================
Received Import Request.
  Time since last request: 0.000033 seconds.
  path: Assets/Violet Theme Ui/White Icons/White Pouch.png
  artifactKey: Guid(a1f5b2c5d86661d4bb35db1d0f68df00) Importer(815301076,1909f56bfc062723c751e8b465ee728b)
Number of updated assets reloaded before import = 0
Start importing Assets/Violet Theme Ui/White Icons/White Pouch.png using Guid(a1f5b2c5d86661d4bb35db1d0f68df00) Importer(815301076,1909f56bfc062723c751e8b465ee728b)  -> (artifact id: '9eb6cbeb0b5d966401db14d3a6d37260') in 0.058285 seconds 
Number of asset objects unloaded after import = 4
========================================================================
Received Import Request.
  Time since last request: 0.000037 seconds.
  path: Assets/Violet Theme Ui/White Icons/White Percent.png
  artifactKey: Guid(08bf6b6609f89a94991487020b4bb1fc) Importer(815301076,1909f56bfc062723c751e8b465ee728b)
Number of updated assets reloaded before import = 0
Start importing Assets/Violet Theme Ui/White Icons/White Percent.png using Guid(08bf6b6609f89a94991487020b4bb1fc) Importer(815301076,1909f56bfc062723c751e8b465ee728b)  -> (artifact id: '602d497b432ee488393384a4d669bf5a') in 0.064140 seconds 
Number of asset objects unloaded after import = 3
========================================================================
Received Import Request.
  Time since last request: 0.000043 seconds.
  path: Assets/Violet Theme Ui/White Icons/White Phone.png
  artifactKey: Guid(b07719375d8868648971f3df7c96b6bc) Importer(815301076,1909f56bfc062723c751e8b465ee728b)
Number of updated assets reloaded before import = 0
Start importing Assets/Violet Theme Ui/White Icons/White Phone.png using Guid(b07719375d8868648971f3df7c96b6bc) Importer(815301076,1909f56bfc062723c751e8b465ee728b)  -> (artifact id: 'c11f67878b604328052b091837b85ab7') in 0.057061 seconds 
Number of asset objects unloaded after import = 3
========================================================================
Received Import Request.
  Time since last request: 0.000056 seconds.
  path: Assets/Violet Theme Ui/White Icons/White Person 2.png
  artifactKey: Guid(f89f2f103f2d86a4e84ec602cb32cb14) Importer(815301076,1909f56bfc062723c751e8b465ee728b)
Number of updated assets reloaded before import = 0
Start importing Assets/Violet Theme Ui/White Icons/White Person 2.png using Guid(f89f2f103f2d86a4e84ec602cb32cb14) Importer(815301076,1909f56bfc062723c751e8b465ee728b)  -> (artifact id: '0d9597d21dd5e529fa7e9ab86389d7e8') in 0.064458 seconds 
Number of asset objects unloaded after import = 4
========================================================================
Received Import Request.
  Time since last request: 0.000058 seconds.
  path: Assets/Violet Theme Ui/White Icons/White Pilar.png
  artifactKey: Guid(734ba8157012521439acb44c15bc5e6b) Importer(815301076,1909f56bfc062723c751e8b465ee728b)
Number of updated assets reloaded before import = 0
Start importing Assets/Violet Theme Ui/White Icons/White Pilar.png using Guid(734ba8157012521439acb44c15bc5e6b) Importer(815301076,1909f56bfc062723c751e8b465ee728b)  -> (artifact id: 'd24ce0308aadb1ebcf7d1974294420c0') in 0.071666 seconds 
Number of asset objects unloaded after import = 5
========================================================================
Received Import Request.
  Time since last request: 0.000043 seconds.
  path: Assets/Violet Theme Ui/White Icons/White Pen 2.png
  artifactKey: Guid(69e2f2307b0899a42b732adfca11d753) Importer(815301076,1909f56bfc062723c751e8b465ee728b)
Number of updated assets reloaded before import = 0
Start importing Assets/Violet Theme Ui/White Icons/White Pen 2.png using Guid(69e2f2307b0899a42b732adfca11d753) Importer(815301076,1909f56bfc062723c751e8b465ee728b)  -> (artifact id: '0c966b9b15fda748031aeb147f97d555') in 0.073149 seconds 
Number of asset objects unloaded after import = 5
========================================================================
Received Import Request.
  Time since last request: 0.000045 seconds.
  path: Assets/Violet Theme Ui/White Icons/White Pause.png
  artifactKey: Guid(6170139bb959e8e408695ca6d14b4a4f) Importer(815301076,1909f56bfc062723c751e8b465ee728b)
Number of updated assets reloaded before import = 0
Start importing Assets/Violet Theme Ui/White Icons/White Pause.png using Guid(6170139bb959e8e408695ca6d14b4a4f) Importer(815301076,1909f56bfc062723c751e8b465ee728b)  -> (artifact id: 'da9245b554bcd52de673fcd5b1a4eb53') in 0.059937 seconds 
Number of asset objects unloaded after import = 4
========================================================================
Received Import Request.
  Time since last request: 0.000060 seconds.
  path: Assets/Violet Theme Ui/White Icons/White Party Pop.png
  artifactKey: Guid(1b02e53e456c7b748b2d80a944d048d1) Importer(815301076,1909f56bfc062723c751e8b465ee728b)
Number of updated assets reloaded before import = 0
Start importing Assets/Violet Theme Ui/White Icons/White Party Pop.png using Guid(1b02e53e456c7b748b2d80a944d048d1) Importer(815301076,1909f56bfc062723c751e8b465ee728b)  -> (artifact id: 'bddc5de3a8f850199dd6ef7313bda5cf') in 0.115693 seconds 
Number of asset objects unloaded after import = 8
========================================================================
Received Import Request.
  Time since last request: 0.000041 seconds.
  path: Assets/Violet Theme Ui/Panels/White Panel Yellow.png
  artifactKey: Guid(8881b55d27a421e40912e51f02f4791f) Importer(815301076,1909f56bfc062723c751e8b465ee728b)
Number of updated assets reloaded before import = 0
Start importing Assets/Violet Theme Ui/Panels/White Panel Yellow.png using Guid(8881b55d27a421e40912e51f02f4791f) Importer(815301076,1909f56bfc062723c751e8b465ee728b)  -> (artifact id: '9e974b24f565322a552f3bab604ad742') in 0.172971 seconds 
Number of asset objects unloaded after import = 3
========================================================================
Received Import Request.
  Time since last request: 0.000038 seconds.
  path: Assets/Violet Theme Ui/Panels/White Panel Style 2 Pink.png
  artifactKey: Guid(2c39a557c7779ae42950c7dd2918d6de) Importer(815301076,1909f56bfc062723c751e8b465ee728b)
Number of updated assets reloaded before import = 0
Start importing Assets/Violet Theme Ui/Panels/White Panel Style 2 Pink.png using Guid(2c39a557c7779ae42950c7dd2918d6de) Importer(815301076,1909f56bfc062723c751e8b465ee728b)  -> (artifact id: '37d83fa85366b7de4d746cfcdc3ebcbd') in 0.146792 seconds 
Number of asset objects unloaded after import = 3
========================================================================
Received Import Request.
  Time since last request: 0.000044 seconds.
  path: Assets/Violet Theme Ui/Panels/White Panel Violet.png
  artifactKey: Guid(70b674ed6c1298644aee2e129a94c4df) Importer(815301076,1909f56bfc062723c751e8b465ee728b)
Number of updated assets reloaded before import = 0
Start importing Assets/Violet Theme Ui/Panels/White Panel Violet.png using Guid(70b674ed6c1298644aee2e129a94c4df) Importer(815301076,1909f56bfc062723c751e8b465ee728b)  -> (artifact id: 'af0116ea3d5c781078fe3791674523fa') in 0.138510 seconds 
Number of asset objects unloaded after import = 3
========================================================================
Received Import Request.
  Time since last request: 0.000049 seconds.
  path: Assets/Violet Theme Ui/Panels/White Panel Style 2 Green.png
  artifactKey: Guid(76051ae65406d234aad7799de589f22d) Importer(815301076,1909f56bfc062723c751e8b465ee728b)
Number of updated assets reloaded before import = 0
Start importing Assets/Violet Theme Ui/Panels/White Panel Style 2 Green.png using Guid(76051ae65406d234aad7799de589f22d) Importer(815301076,1909f56bfc062723c751e8b465ee728b)  -> (artifact id: '26c081c03f08c0105b8220ecf534d41b') in 0.132399 seconds 
Number of asset objects unloaded after import = 3
========================================================================
Received Import Request.
  Time since last request: 0.000047 seconds.
  path: Assets/Violet Theme Ui/White Icons/White Paint.png
  artifactKey: Guid(2e1ce746b5af1a7448c8da098ecfebe6) Importer(815301076,1909f56bfc062723c751e8b465ee728b)
Number of updated assets reloaded before import = 0
Start importing Assets/Violet Theme Ui/White Icons/White Paint.png using Guid(2e1ce746b5af1a7448c8da098ecfebe6) Importer(815301076,1909f56bfc062723c751e8b465ee728b)  -> (artifact id: '9f30e7fe6978ce64438e1dc7039ec349') in 0.071393 seconds 
Number of asset objects unloaded after import = 4
========================================================================
Received Import Request.
  Time since last request: 0.000071 seconds.
  path: Assets/Violet Theme Ui/Panels/White Panel Pink.png
  artifactKey: Guid(d8265e6a959e1064c97197868736a524) Importer(815301076,1909f56bfc062723c751e8b465ee728b)
Number of updated assets reloaded before import = 0
Start importing Assets/Violet Theme Ui/Panels/White Panel Pink.png using Guid(d8265e6a959e1064c97197868736a524) Importer(815301076,1909f56bfc062723c751e8b465ee728b)  -> (artifact id: '62b5fcbbc8293a079480782bd4d6fce1') in 0.140580 seconds 
Number of asset objects unloaded after import = 3
========================================================================
Received Import Request.
  Time since last request: 0.000036 seconds.
  path: Assets/Violet Theme Ui/White Icons/White Move LeftRight.png
  artifactKey: Guid(2e885d607179f424baafbef88f29e8cb) Importer(815301076,1909f56bfc062723c751e8b465ee728b)
Number of updated assets reloaded before import = 0
Start importing Assets/Violet Theme Ui/White Icons/White Move LeftRight.png using Guid(2e885d607179f424baafbef88f29e8cb) Importer(815301076,1909f56bfc062723c751e8b465ee728b)  -> (artifact id: '347ac04b829b1d235332bf415f4494b1') in 0.075767 seconds 
Number of asset objects unloaded after import = 4
========================================================================
Received Import Request.
  Time since last request: 0.000034 seconds.
  path: Assets/Violet Theme Ui/White Icons/White Music Off.png
  artifactKey: Guid(3b39c6521dd757648875454a29c11a0e) Importer(815301076,1909f56bfc062723c751e8b465ee728b)
Number of updated assets reloaded before import = 0
Start importing Assets/Violet Theme Ui/White Icons/White Music Off.png using Guid(3b39c6521dd757648875454a29c11a0e) Importer(815301076,1909f56bfc062723c751e8b465ee728b)  -> (artifact id: '20b62708f80d21523cbe4f9de9ad4fa2') in 0.093230 seconds 
Number of asset objects unloaded after import = 5
========================================================================
Received Import Request.
  Time since last request: 0.000048 seconds.
  path: Assets/Violet Theme Ui/White Icons/White Music Note.png
  artifactKey: Guid(aafe206e453ce574c8cd57550e98da0c) Importer(815301076,1909f56bfc062723c751e8b465ee728b)
Number of updated assets reloaded before import = 0
Start importing Assets/Violet Theme Ui/White Icons/White Music Note.png using Guid(aafe206e453ce574c8cd57550e98da0c) Importer(815301076,1909f56bfc062723c751e8b465ee728b)  -> (artifact id: '0e8d4ea8d4874b6710d9cb5b5bc15a4f') in 0.051842 seconds 
Number of asset objects unloaded after import = 3
========================================================================
Received Import Request.
  Time since last request: 0.000033 seconds.
  path: Assets/Violet Theme Ui/Panels/White Panel Style 2 Orange.png
  artifactKey: Guid(904015734ff79b74f9429d2d99567820) Importer(815301076,1909f56bfc062723c751e8b465ee728b)
Number of updated assets reloaded before import = 0
Start importing Assets/Violet Theme Ui/Panels/White Panel Style 2 Orange.png using Guid(904015734ff79b74f9429d2d99567820) Importer(815301076,1909f56bfc062723c751e8b465ee728b)  -> (artifact id: 'e2b7041d2dd24d6ce2032d018cb39ca1') in 0.110245 seconds 
Number of asset objects unloaded after import = 3
========================================================================
Received Import Request.
  Time since last request: 0.000030 seconds.
  path: Assets/Violet Theme Ui/White Icons/White Open File.png
  artifactKey: Guid(ef58019bad7807243a2f6b2b6eb29f27) Importer(815301076,1909f56bfc062723c751e8b465ee728b)
Number of updated assets reloaded before import = 0
Start importing Assets/Violet Theme Ui/White Icons/White Open File.png using Guid(ef58019bad7807243a2f6b2b6eb29f27) Importer(815301076,1909f56bfc062723c751e8b465ee728b)  -> (artifact id: '1ab89d0ba272c463a84b4d719e904804') in 0.064369 seconds 
Number of asset objects unloaded after import = 4
========================================================================
Received Import Request.
  Time since last request: 0.000039 seconds.
  path: Assets/Violet Theme Ui/White Icons/White Misc 1.png
  artifactKey: Guid(7e898551be21ba444acc993a9a736560) Importer(815301076,1909f56bfc062723c751e8b465ee728b)
Number of updated assets reloaded before import = 0
Start importing Assets/Violet Theme Ui/White Icons/White Misc 1.png using Guid(7e898551be21ba444acc993a9a736560) Importer(815301076,1909f56bfc062723c751e8b465ee728b)  -> (artifact id: '47ed55f4b2a2aecafa14b0677452d98c') in 0.094492 seconds 
Number of asset objects unloaded after import = 7
========================================================================
Received Import Request.
  Time since last request: 0.000046 seconds.
  path: Assets/Violet Theme Ui/White Icons/White Moon.png
  artifactKey: Guid(6afb8f05a36f1864a81cc7ca47557978) Importer(815301076,1909f56bfc062723c751e8b465ee728b)
Number of updated assets reloaded before import = 0
Start importing Assets/Violet Theme Ui/White Icons/White Moon.png using Guid(6afb8f05a36f1864a81cc7ca47557978) Importer(815301076,1909f56bfc062723c751e8b465ee728b)  -> (artifact id: '528c41beb3601ad07f8dbf30ad3e6799') in 0.054101 seconds 
Number of asset objects unloaded after import = 3
========================================================================
Received Import Request.
  Time since last request: 0.000037 seconds.
  path: Assets/Violet Theme Ui/White Icons/White News.png
  artifactKey: Guid(3deca45802d7e1c43b54739e4b755278) Importer(815301076,1909f56bfc062723c751e8b465ee728b)
Number of updated assets reloaded before import = 0
Start importing Assets/Violet Theme Ui/White Icons/White News.png using Guid(3deca45802d7e1c43b54739e4b755278) Importer(815301076,1909f56bfc062723c751e8b465ee728b)  -> (artifact id: '8b1bfc89f6da3d50170cd61dcce4323c') in 0.058017 seconds 
Number of asset objects unloaded after import = 3
========================================================================
Received Import Request.
  Time since last request: 0.000032 seconds.
  path: Assets/Violet Theme Ui/Panels/White Panel Blue.png
  artifactKey: Guid(1a0826b925ea56842b7027ed1df8df4b) Importer(815301076,1909f56bfc062723c751e8b465ee728b)
Number of updated assets reloaded before import = 0
Start importing Assets/Violet Theme Ui/Panels/White Panel Blue.png using Guid(1a0826b925ea56842b7027ed1df8df4b) Importer(815301076,1909f56bfc062723c751e8b465ee728b)  -> (artifact id: 'c19b21f6359680a7b53a08906a1f9f16') in 0.141513 seconds 
Number of asset objects unloaded after import = 3
========================================================================
Received Import Request.
  Time since last request: 0.000039 seconds.
  path: Assets/Violet Theme Ui/White Icons/White Mountains.png
  artifactKey: Guid(69824fda0c31e1641a76ea54c6d0bc00) Importer(815301076,1909f56bfc062723c751e8b465ee728b)
Number of updated assets reloaded before import = 0
Start importing Assets/Violet Theme Ui/White Icons/White Mountains.png using Guid(69824fda0c31e1641a76ea54c6d0bc00) Importer(815301076,1909f56bfc062723c751e8b465ee728b)  -> (artifact id: '957bcd7b94455a5c0aed9f89ee374186') in 0.068927 seconds 
Number of asset objects unloaded after import = 4
========================================================================
Received Import Request.
  Time since last request: 0.000051 seconds.
  path: Assets/Violet Theme Ui/Panels/White Panel Style 2 Violet.png
  artifactKey: Guid(8dc0d81c32fd06241b092585c45b6993) Importer(815301076,1909f56bfc062723c751e8b465ee728b)
Number of updated assets reloaded before import = 0
Start importing Assets/Violet Theme Ui/Panels/White Panel Style 2 Violet.png using Guid(8dc0d81c32fd06241b092585c45b6993) Importer(815301076,1909f56bfc062723c751e8b465ee728b)  -> (artifact id: '106d3268e3c996c1d67230bcd5153009') in 0.117019 seconds 
Number of asset objects unloaded after import = 3
========================================================================
Received Import Request.
  Time since last request: 0.629425 seconds.
  path: Assets/Violet Theme Ui/White Icons/White Message 2.png
  artifactKey: Guid(ef8f7e956d9d46e4b892fc4863cc6e5c) Importer(815301076,1909f56bfc062723c751e8b465ee728b)
Number of updated assets reloaded before import = 0
Start importing Assets/Violet Theme Ui/White Icons/White Message 2.png using Guid(ef8f7e956d9d46e4b892fc4863cc6e5c) Importer(815301076,1909f56bfc062723c751e8b465ee728b)  -> (artifact id: '14c9a65e86e6e49c040b1fd2fca49671') in 0.046953 seconds 
Number of asset objects unloaded after import = 4
========================================================================
Received Import Request.
  Time since last request: 0.000018 seconds.
  path: Assets/Violet Theme Ui/White Icons/White Minus 2.png
  artifactKey: Guid(5471116528f32a34fa7ffbc8cf3a6fab) Importer(815301076,1909f56bfc062723c751e8b465ee728b)
Number of updated assets reloaded before import = 0
Start importing Assets/Violet Theme Ui/White Icons/White Minus 2.png using Guid(5471116528f32a34fa7ffbc8cf3a6fab) Importer(815301076,1909f56bfc062723c751e8b465ee728b)  -> (artifact id: '2eb33625e823af6344fca5038655c09f') in 0.039666 seconds 
Number of asset objects unloaded after import = 3
========================================================================
Received Import Request.
  Time since last request: 0.000025 seconds.
  path: Assets/Violet Theme Ui/White Icons/White Minus.png
  artifactKey: Guid(27eb7f3519e41f54a9f3b4a0c2f790ac) Importer(815301076,1909f56bfc062723c751e8b465ee728b)
Number of updated assets reloaded before import = 0
Start importing Assets/Violet Theme Ui/White Icons/White Minus.png using Guid(27eb7f3519e41f54a9f3b4a0c2f790ac) Importer(815301076,1909f56bfc062723c751e8b465ee728b)  -> (artifact id: 'f08497018a92bf5322d62df6e97e6c60') in 0.042337 seconds 
Number of asset objects unloaded after import = 3
========================================================================
Received Import Request.
  Time since last request: 0.183910 seconds.
  path: Assets/Violet Theme Ui/White Icons/White Map.png
  artifactKey: Guid(6ab2652817e8d1b42b2c7a3e1c555f7e) Importer(815301076,1909f56bfc062723c751e8b465ee728b)
Number of updated assets reloaded before import = 0
Start importing Assets/Violet Theme Ui/White Icons/White Map.png using Guid(6ab2652817e8d1b42b2c7a3e1c555f7e) Importer(815301076,1909f56bfc062723c751e8b465ee728b)  -> (artifact id: '6bdbfef4f1774e55306f3b30aafa01af') in 0.064156 seconds 
Number of asset objects unloaded after import = 5
========================================================================
Received Import Request.
  Time since last request: 0.575919 seconds.
  path: Assets/Violet Theme Ui/White Icons/White Location 1.png
  artifactKey: Guid(eeb4584da950cfa44829087899cb270f) Importer(815301076,1909f56bfc062723c751e8b465ee728b)
Number of updated assets reloaded before import = 0
Start importing Assets/Violet Theme Ui/White Icons/White Location 1.png using Guid(eeb4584da950cfa44829087899cb270f) Importer(815301076,1909f56bfc062723c751e8b465ee728b)  -> (artifact id: '9ad8150ed90c6dce5b3cb028bcf8a586') in 0.053884 seconds 
Number of asset objects unloaded after import = 4
========================================================================
Received Import Request.
  Time since last request: 0.000019 seconds.
  path: Assets/Violet Theme Ui/White Icons/White Location 2.png
  artifactKey: Guid(48e117ffe7916774288db6e2735ada9d) Importer(815301076,1909f56bfc062723c751e8b465ee728b)
Number of updated assets reloaded before import = 0
Start importing Assets/Violet Theme Ui/White Icons/White Location 2.png using Guid(48e117ffe7916774288db6e2735ada9d) Importer(815301076,1909f56bfc062723c751e8b465ee728b)  -> (artifact id: '4154ae879d9efa3805d2708bd2e0cead') in 0.030795 seconds 
Number of asset objects unloaded after import = 3
========================================================================
Received Import Request.
  Time since last request: 0.000032 seconds.
  path: Assets/Violet Theme Ui/White Icons/White Magnet 2.png
  artifactKey: Guid(a1748c5e08fb2bc42a4f8bfdffef0223) Importer(815301076,1909f56bfc062723c751e8b465ee728b)
Number of updated assets reloaded before import = 0
Start importing Assets/Violet Theme Ui/White Icons/White Magnet 2.png using Guid(a1748c5e08fb2bc42a4f8bfdffef0223) Importer(815301076,1909f56bfc062723c751e8b465ee728b)  -> (artifact id: 'af7965f04841153943a8002f04a02cf8') in 0.050311 seconds 
Number of asset objects unloaded after import = 5
========================================================================
Received Import Request.
  Time since last request: 0.000022 seconds.
  path: Assets/Violet Theme Ui/White Icons/White Left.png
  artifactKey: Guid(bdd455275ad5e0d4ca4bdae7242a35c5) Importer(815301076,1909f56bfc062723c751e8b465ee728b)
Number of updated assets reloaded before import = 0
Start importing Assets/Violet Theme Ui/White Icons/White Left.png using Guid(bdd455275ad5e0d4ca4bdae7242a35c5) Importer(815301076,1909f56bfc062723c751e8b465ee728b)  -> (artifact id: '9584a692dcacad055789ed40a3097146') in 0.045714 seconds 
Number of asset objects unloaded after import = 3
========================================================================
Received Import Request.
  Time since last request: 0.000020 seconds.
  path: Assets/Violet Theme Ui/White Icons/White Level 1.png
  artifactKey: Guid(e58ceeab5aeac584f8787dd019512adb) Importer(815301076,1909f56bfc062723c751e8b465ee728b)
Number of updated assets reloaded before import = 0
Start importing Assets/Violet Theme Ui/White Icons/White Level 1.png using Guid(e58ceeab5aeac584f8787dd019512adb) Importer(815301076,1909f56bfc062723c751e8b465ee728b)  -> (artifact id: '9e7fff9ba51928525377dcc7fc64eabb') in 0.063387 seconds 
Number of asset objects unloaded after import = 5
========================================================================
Received Import Request.
  Time since last request: 0.187154 seconds.
  path: Assets/Violet Theme Ui/White Icons/White Horse Shoe.png
  artifactKey: Guid(4ce3c6c92d7198f4daa79a3746d45f00) Importer(815301076,1909f56bfc062723c751e8b465ee728b)
Number of updated assets reloaded before import = 0
Start importing Assets/Violet Theme Ui/White Icons/White Horse Shoe.png using Guid(4ce3c6c92d7198f4daa79a3746d45f00) Importer(815301076,1909f56bfc062723c751e8b465ee728b)  -> (artifact id: '0d5ecaa367783f86f23e576a9e8d4f29') in 0.052332 seconds 
Number of asset objects unloaded after import = 3
========================================================================
Received Import Request.
  Time since last request: 0.000040 seconds.
  path: Assets/Violet Theme Ui/White Icons/White Hour Glass.png
  artifactKey: Guid(e5c15330b713be442b72f8974adc8030) Importer(815301076,1909f56bfc062723c751e8b465ee728b)
Number of updated assets reloaded before import = 0
Start importing Assets/Violet Theme Ui/White Icons/White Hour Glass.png using Guid(e5c15330b713be442b72f8974adc8030) Importer(815301076,1909f56bfc062723c751e8b465ee728b)  -> (artifact id: '36e9797578ba6ad70c9eb17b9a73bbcf') in 0.048494 seconds 
Number of asset objects unloaded after import = 3
========================================================================
Received Import Request.
  Time since last request: 0.000025 seconds.
  path: Assets/Violet Theme Ui/White Icons/White Knight.png
  artifactKey: Guid(af110be8027e357439d474cf14816c44) Importer(815301076,1909f56bfc062723c751e8b465ee728b)
Number of updated assets reloaded before import = 0
Start importing Assets/Violet Theme Ui/White Icons/White Knight.png using Guid(af110be8027e357439d474cf14816c44) Importer(815301076,1909f56bfc062723c751e8b465ee728b)  -> (artifact id: '265496018c8f25a645cdd01abb6f6c20') in 0.057500 seconds 
Number of asset objects unloaded after import = 4
========================================================================
Received Import Request.
  Time since last request: 0.392407 seconds.
  path: Assets/Violet Theme Ui/White Icons/White Heart 1.png
  artifactKey: Guid(6f5abd65dca112a48b0810ccf5f57edd) Importer(815301076,1909f56bfc062723c751e8b465ee728b)
Number of updated assets reloaded before import = 0
Start importing Assets/Violet Theme Ui/White Icons/White Heart 1.png using Guid(6f5abd65dca112a48b0810ccf5f57edd) Importer(815301076,1909f56bfc062723c751e8b465ee728b)  -> (artifact id: '4ba3efc1fbd10dd2c5286b5eece38a01') in 0.040418 seconds 
Number of asset objects unloaded after import = 3
========================================================================
Received Import Request.
  Time since last request: 0.000016 seconds.
  path: Assets/Violet Theme Ui/White Icons/White Heart 3.png
  artifactKey: Guid(bf639a8b395e4244fa65b8b12a3dd8f5) Importer(815301076,1909f56bfc062723c751e8b465ee728b)
Number of updated assets reloaded before import = 0
Start importing Assets/Violet Theme Ui/White Icons/White Heart 3.png using Guid(bf639a8b395e4244fa65b8b12a3dd8f5) Importer(815301076,1909f56bfc062723c751e8b465ee728b)  -> (artifact id: 'c34126a4c42dc7c3ac0b44db783a938c') in 0.035416 seconds 
Number of asset objects unloaded after import = 3
========================================================================
Received Import Request.
  Time since last request: 0.000028 seconds.
  path: Assets/Violet Theme Ui/White Icons/White Helmet.png
  artifactKey: Guid(182c0bef1c06ce94ba376bb88f2fa968) Importer(815301076,1909f56bfc062723c751e8b465ee728b)
Number of updated assets reloaded before import = 0
Start importing Assets/Violet Theme Ui/White Icons/White Helmet.png using Guid(182c0bef1c06ce94ba376bb88f2fa968) Importer(815301076,1909f56bfc062723c751e8b465ee728b)  -> (artifact id: '68a2940ea7670e5c9c04bbc6a0324997') in 0.028349 seconds 
Number of asset objects unloaded after import = 3
========================================================================
Received Import Request.
  Time since last request: 0.158801 seconds.
  path: Assets/Violet Theme Ui/White Icons/White Gun 2.png
  artifactKey: Guid(2b5e509a6a8c71c43a674c1f4d849028) Importer(815301076,1909f56bfc062723c751e8b465ee728b)
Number of updated assets reloaded before import = 0
Start importing Assets/Violet Theme Ui/White Icons/White Gun 2.png using Guid(2b5e509a6a8c71c43a674c1f4d849028) Importer(815301076,1909f56bfc062723c751e8b465ee728b)  -> (artifact id: '2042580747dc0007b3a787395e707820') in 0.050522 seconds 
Number of asset objects unloaded after import = 3
========================================================================
Received Import Request.
  Time since last request: 0.000023 seconds.
  path: Assets/Violet Theme Ui/White Icons/White Hamer.png
  artifactKey: Guid(fd805f384f399104aa94cb9bd6fb9d20) Importer(815301076,1909f56bfc062723c751e8b465ee728b)
Number of updated assets reloaded before import = 0
Start importing Assets/Violet Theme Ui/White Icons/White Hamer.png using Guid(fd805f384f399104aa94cb9bd6fb9d20) Importer(815301076,1909f56bfc062723c751e8b465ee728b)  -> (artifact id: 'e3ce5e8cf683cf41fc8ed6c373732fc6') in 0.049216 seconds 
Number of asset objects unloaded after import = 6
========================================================================
Received Import Request.
  Time since last request: 0.373497 seconds.
  path: Assets/Violet Theme Ui/White Icons/White Globe.png
  artifactKey: Guid(3719bdfb810404b40bb4d15e77f72778) Importer(815301076,1909f56bfc062723c751e8b465ee728b)
Number of updated assets reloaded before import = 0
Start importing Assets/Violet Theme Ui/White Icons/White Globe.png using Guid(3719bdfb810404b40bb4d15e77f72778) Importer(815301076,1909f56bfc062723c751e8b465ee728b)  -> (artifact id: '68a90a70c870d165d3a1dafb5ab39507') in 0.046547 seconds 
Number of asset objects unloaded after import = 3
========================================================================
Received Import Request.
  Time since last request: 0.469355 seconds.
  path: Assets/Violet Theme Ui/White Icons/White Forward 2.png
  artifactKey: Guid(a7c255899314dbd40a7d17a78c90c216) Importer(815301076,1909f56bfc062723c751e8b465ee728b)
Number of updated assets reloaded before import = 0
Start importing Assets/Violet Theme Ui/White Icons/White Forward 2.png using Guid(a7c255899314dbd40a7d17a78c90c216) Importer(815301076,1909f56bfc062723c751e8b465ee728b)  -> (artifact id: '8de32d3a72d517fd5279965ea1215f6d') in 0.024795 seconds 
Number of asset objects unloaded after import = 3
========================================================================
Received Import Request.
  Time since last request: 0.000019 seconds.
  path: Assets/Violet Theme Ui/White Icons/White Friends.png
  artifactKey: Guid(5cc2642d821bdb54bb03592411e3180d) Importer(815301076,1909f56bfc062723c751e8b465ee728b)
Number of updated assets reloaded before import = 0
Start importing Assets/Violet Theme Ui/White Icons/White Friends.png using Guid(5cc2642d821bdb54bb03592411e3180d) Importer(815301076,1909f56bfc062723c751e8b465ee728b)  -> (artifact id: 'a05c9f0630367950bc749daf2920cca6') in 0.033987 seconds 
Number of asset objects unloaded after import = 6
========================================================================
Received Import Request.
  Time since last request: 0.000027 seconds.
  path: Assets/Violet Theme Ui/White Icons/White Gasoline.png
  artifactKey: Guid(fa98f68033093494b860119b50d067b4) Importer(815301076,1909f56bfc062723c751e8b465ee728b)
Number of updated assets reloaded before import = 0
Start importing Assets/Violet Theme Ui/White Icons/White Gasoline.png using Guid(fa98f68033093494b860119b50d067b4) Importer(815301076,1909f56bfc062723c751e8b465ee728b)  -> (artifact id: '9b5035f5bb85b984e0496073359f120a') in 0.037713 seconds 
Number of asset objects unloaded after import = 3
========================================================================
Received Import Request.
  Time since last request: 0.627936 seconds.
  path: Assets/Violet Theme Ui/White Icons/White Find.png
  artifactKey: Guid(07608ddea8a179246840f09117262fca) Importer(815301076,1909f56bfc062723c751e8b465ee728b)
Number of updated assets reloaded before import = 0
Start importing Assets/Violet Theme Ui/White Icons/White Find.png using Guid(07608ddea8a179246840f09117262fca) Importer(815301076,1909f56bfc062723c751e8b465ee728b)  -> (artifact id: '980cff8c0da43b7213d474cf577855b2') in 0.059466 seconds 
Number of asset objects unloaded after import = 4
========================================================================
Received Import Request.
  Time since last request: 0.000041 seconds.
  path: Assets/Violet Theme Ui/White Icons/White Flow Sysmbol.png
  artifactKey: Guid(70c65ba3b34a4f6499559447c9afa07d) Importer(815301076,1909f56bfc062723c751e8b465ee728b)
Number of updated assets reloaded before import = 0
Start importing Assets/Violet Theme Ui/White Icons/White Flow Sysmbol.png using Guid(70c65ba3b34a4f6499559447c9afa07d) Importer(815301076,1909f56bfc062723c751e8b465ee728b)  -> (artifact id: '4bbcb2152843f814f8bfdec7f7b091b8') in 0.049342 seconds 
Number of asset objects unloaded after import = 3
========================================================================
Received Import Request.
  Time since last request: 0.000028 seconds.
  path: Assets/Violet Theme Ui/White Icons/White Flag.png
  artifactKey: Guid(f39592a71622d61498f1e5d04f07a0c6) Importer(815301076,1909f56bfc062723c751e8b465ee728b)
Number of updated assets reloaded before import = 0
Start importing Assets/Violet Theme Ui/White Icons/White Flag.png using Guid(f39592a71622d61498f1e5d04f07a0c6) Importer(815301076,1909f56bfc062723c751e8b465ee728b)  -> (artifact id: 'dfbd3a6c6a0fa12049fa9428cbe95ad5') in 0.040993 seconds 
Number of asset objects unloaded after import = 4
========================================================================
Received Import Request.
  Time since last request: 0.078840 seconds.
  path: Assets/Violet Theme Ui/White Icons/White Explosion.png
  artifactKey: Guid(666a96168922fa0458e77d7b3ae8d605) Importer(815301076,1909f56bfc062723c751e8b465ee728b)
Number of updated assets reloaded before import = 0
Start importing Assets/Violet Theme Ui/White Icons/White Explosion.png using Guid(666a96168922fa0458e77d7b3ae8d605) Importer(815301076,1909f56bfc062723c751e8b465ee728b)  -> (artifact id: 'fee40d5d3bde2812a18d7786ad51e069') in 0.046860 seconds 
Number of asset objects unloaded after import = 3
========================================================================
Received Import Request.
  Time since last request: 0.000018 seconds.
  path: Assets/Violet Theme Ui/White Icons/White FastFordward.png
  artifactKey: Guid(33b75b278d79d0c40941250c42d16e69) Importer(815301076,1909f56bfc062723c751e8b465ee728b)
Number of updated assets reloaded before import = 0
Start importing Assets/Violet Theme Ui/White Icons/White FastFordward.png using Guid(33b75b278d79d0c40941250c42d16e69) Importer(815301076,1909f56bfc062723c751e8b465ee728b)  -> (artifact id: '7c047b8c25ae40e763a030778944c7ce') in 0.037530 seconds 
Number of asset objects unloaded after import = 3
========================================================================
Received Import Request.
  Time since last request: 0.217678 seconds.
  path: Assets/Violet Theme Ui/White Icons/White Down.png
  artifactKey: Guid(4cf23baf6b458c0439b33974c7e61bd0) Importer(815301076,1909f56bfc062723c751e8b465ee728b)
Number of updated assets reloaded before import = 0
Start importing Assets/Violet Theme Ui/White Icons/White Down.png using Guid(4cf23baf6b458c0439b33974c7e61bd0) Importer(815301076,1909f56bfc062723c751e8b465ee728b)  -> (artifact id: '05ea7d6266284a299a381b8f867ee11f') in 0.045997 seconds 
Number of asset objects unloaded after import = 3
========================================================================
Received Import Request.
  Time since last request: 0.000016 seconds.
  path: Assets/Violet Theme Ui/White Icons/White DropDown.png
  artifactKey: Guid(9fa25d7ba9e486a49bd18911151230d7) Importer(815301076,1909f56bfc062723c751e8b465ee728b)
Number of updated assets reloaded before import = 0
Start importing Assets/Violet Theme Ui/White Icons/White DropDown.png using Guid(9fa25d7ba9e486a49bd18911151230d7) Importer(815301076,1909f56bfc062723c751e8b465ee728b)  -> (artifact id: '7d623e19f0927893e808ff8746156942') in 0.065568 seconds 
Number of asset objects unloaded after import = 8
========================================================================
Received Import Request.
  Time since last request: 0.342929 seconds.
  path: Assets/Violet Theme Ui/White Icons/White Crown 2.png
  artifactKey: Guid(97a7a415fdd23b046a9d12ddb2e073c2) Importer(815301076,1909f56bfc062723c751e8b465ee728b)
Number of updated assets reloaded before import = 0
Start importing Assets/Violet Theme Ui/White Icons/White Crown 2.png using Guid(97a7a415fdd23b046a9d12ddb2e073c2) Importer(815301076,1909f56bfc062723c751e8b465ee728b)  -> (artifact id: '421f557d1214bcd6b5990d79b8c411fa') in 0.040841 seconds 
Number of asset objects unloaded after import = 3
========================================================================
Received Import Request.
  Time since last request: 0.000021 seconds.
  path: Assets/Violet Theme Ui/White Icons/White Cycle.png
  artifactKey: Guid(0430fd83cb0609c459842cdaaeb19fcf) Importer(815301076,1909f56bfc062723c751e8b465ee728b)
Number of updated assets reloaded before import = 0
Start importing Assets/Violet Theme Ui/White Icons/White Cycle.png using Guid(0430fd83cb0609c459842cdaaeb19fcf) Importer(815301076,1909f56bfc062723c751e8b465ee728b)  -> (artifact id: 'b51bcba7af9145008ae0edc1e4628938') in 0.050676 seconds 
Number of asset objects unloaded after import = 4
========================================================================
Received Import Request.
  Time since last request: 0.231108 seconds.
  path: Assets/Violet Theme Ui/White Icons/White Controls.png
  artifactKey: Guid(984423f0a5bc0be4f982eef9255f71a9) Importer(815301076,1909f56bfc062723c751e8b465ee728b)
Number of updated assets reloaded before import = 0
Start importing Assets/Violet Theme Ui/White Icons/White Controls.png using Guid(984423f0a5bc0be4f982eef9255f71a9) Importer(815301076,1909f56bfc062723c751e8b465ee728b)  -> (artifact id: '2c924c7469f92a62adbef7442d08227a') in 0.053390 seconds 
Number of asset objects unloaded after import = 4
========================================================================
Received Import Request.
  Time since last request: 0.000039 seconds.
  path: Assets/Violet Theme Ui/White Icons/White Cross Arows.png
  artifactKey: Guid(f74547b17045ca249b3758b6ed9bc68a) Importer(815301076,1909f56bfc062723c751e8b465ee728b)
Number of updated assets reloaded before import = 0
Start importing Assets/Violet Theme Ui/White Icons/White Cross Arows.png using Guid(f74547b17045ca249b3758b6ed9bc68a) Importer(815301076,1909f56bfc062723c751e8b465ee728b)  -> (artifact id: 'd75bf317c69e25dbdd63a01afdeb71a2') in 0.046603 seconds 
Number of asset objects unloaded after import = 4
========================================================================
Received Import Request.
  Time since last request: 0.432448 seconds.
  path: Assets/Violet Theme Ui/White Icons/White Clip 2.png
  artifactKey: Guid(561d273ce3106574a897bafb257128ca) Importer(815301076,1909f56bfc062723c751e8b465ee728b)
Number of updated assets reloaded before import = 0
Start importing Assets/Violet Theme Ui/White Icons/White Clip 2.png using Guid(561d273ce3106574a897bafb257128ca) Importer(815301076,1909f56bfc062723c751e8b465ee728b)  -> (artifact id: '2f1c11b7d50865b0a82f183f68bfa421') in 0.047626 seconds 
Number of asset objects unloaded after import = 3
========================================================================
Received Import Request.
  Time since last request: 0.000046 seconds.
  path: Assets/Violet Theme Ui/White Icons/White Close.png
  artifactKey: Guid(21bd16f5188d640468c6158b40f986ee) Importer(815301076,1909f56bfc062723c751e8b465ee728b)
Number of updated assets reloaded before import = 0
Start importing Assets/Violet Theme Ui/White Icons/White Close.png using Guid(21bd16f5188d640468c6158b40f986ee) Importer(815301076,1909f56bfc062723c751e8b465ee728b)  -> (artifact id: 'c04766c9341afd9d8e329f37fee24e16') in 0.041107 seconds 
Number of asset objects unloaded after import = 3
========================================================================
Received Import Request.
  Time since last request: 0.000024 seconds.
  path: Assets/Violet Theme Ui/White Icons/White Clover.png
  artifactKey: Guid(26b0346682aa5034886a3155ddd4fd88) Importer(815301076,1909f56bfc062723c751e8b465ee728b)
Number of updated assets reloaded before import = 0
Start importing Assets/Violet Theme Ui/White Icons/White Clover.png using Guid(26b0346682aa5034886a3155ddd4fd88) Importer(815301076,1909f56bfc062723c751e8b465ee728b)  -> (artifact id: '2b7b4b0fd788231a84eb49e74084da25') in 0.038250 seconds 
Number of asset objects unloaded after import = 3
========================================================================
Received Import Request.
  Time since last request: 0.000038 seconds.
  path: Assets/Violet Theme Ui/White Icons/White Close 2.png
  artifactKey: Guid(578fc686cfcf7b848b77f202915a9e02) Importer(815301076,1909f56bfc062723c751e8b465ee728b)
Number of updated assets reloaded before import = 0
Start importing Assets/Violet Theme Ui/White Icons/White Close 2.png using Guid(578fc686cfcf7b848b77f202915a9e02) Importer(815301076,1909f56bfc062723c751e8b465ee728b)  -> (artifact id: '21e95f259769d7825a5d91cd5f462d04') in 0.049002 seconds 
Number of asset objects unloaded after import = 3
========================================================================
Received Import Request.
  Time since last request: 0.186894 seconds.
  path: Assets/Violet Theme Ui/White Icons/White Chat 4.png
  artifactKey: Guid(8002cbd2607a54c408d377e6bc2283a2) Importer(815301076,1909f56bfc062723c751e8b465ee728b)
Number of updated assets reloaded before import = 0
Start importing Assets/Violet Theme Ui/White Icons/White Chat 4.png using Guid(8002cbd2607a54c408d377e6bc2283a2) Importer(815301076,1909f56bfc062723c751e8b465ee728b)  -> (artifact id: '79a7491a6c1c9f125897e838073fd1fd') in 0.055924 seconds 
Number of asset objects unloaded after import = 4
========================================================================
Received Import Request.
  Time since last request: 0.000025 seconds.
  path: Assets/Violet Theme Ui/White Icons/White Chest.png
  artifactKey: Guid(062478d802b535644af9b437b81a8bec) Importer(815301076,1909f56bfc062723c751e8b465ee728b)
Number of updated assets reloaded before import = 0
Start importing Assets/Violet Theme Ui/White Icons/White Chest.png using Guid(062478d802b535644af9b437b81a8bec) Importer(815301076,1909f56bfc062723c751e8b465ee728b)  -> (artifact id: '87683c67715bf338681e55b70d290ad7') in 0.054343 seconds 
Number of asset objects unloaded after import = 6
========================================================================
Received Import Request.
  Time since last request: 0.046338 seconds.
  path: Assets/Violet Theme Ui/White Icons/White Castle 1.png
  artifactKey: Guid(7750fcabc27e4464c94dd37eabcdb89d) Importer(815301076,1909f56bfc062723c751e8b465ee728b)
Number of updated assets reloaded before import = 0
Start importing Assets/Violet Theme Ui/White Icons/White Castle 1.png using Guid(7750fcabc27e4464c94dd37eabcdb89d) Importer(815301076,1909f56bfc062723c751e8b465ee728b)  -> (artifact id: 'dce7c7258eb2abe40e16b98a55e01835') in 0.060120 seconds 
Number of asset objects unloaded after import = 7
========================================================================
Received Import Request.
  Time since last request: 0.000029 seconds.
  path: Assets/Violet Theme Ui/White Icons/White Cauldron.png
  artifactKey: Guid(62438af6038e9c94abedcde3d87bb764) Importer(815301076,1909f56bfc062723c751e8b465ee728b)
Number of updated assets reloaded before import = 0
Start importing Assets/Violet Theme Ui/White Icons/White Cauldron.png using Guid(62438af6038e9c94abedcde3d87bb764) Importer(815301076,1909f56bfc062723c751e8b465ee728b)  -> (artifact id: '47f98c08ab1840262f9f5fe78f4d89a9') in 0.047658 seconds 
Number of asset objects unloaded after import = 4
========================================================================
Received Import Request.
  Time since last request: 0.823164 seconds.
  path: Assets/Violet Theme Ui/White Icons/White Calendar 2.png
  artifactKey: Guid(84aae14d0ad80c7409ca2f25d810125d) Importer(815301076,1909f56bfc062723c751e8b465ee728b)
Number of updated assets reloaded before import = 0
Start importing Assets/Violet Theme Ui/White Icons/White Calendar 2.png using Guid(84aae14d0ad80c7409ca2f25d810125d) Importer(815301076,1909f56bfc062723c751e8b465ee728b)  -> (artifact id: 'ea022ceca29deb5d1436f5a0b84b2d22') in 0.068581 seconds 
Number of asset objects unloaded after import = 4
========================================================================
Received Import Request.
  Time since last request: 0.000019 seconds.
  path: Assets/Violet Theme Ui/White Icons/White Camera.png
  artifactKey: Guid(a2dee8c396b41da45833505aefb0c05e) Importer(815301076,1909f56bfc062723c751e8b465ee728b)
Number of updated assets reloaded before import = 0
Start importing Assets/Violet Theme Ui/White Icons/White Camera.png using Guid(a2dee8c396b41da45833505aefb0c05e) Importer(815301076,1909f56bfc062723c751e8b465ee728b)  -> (artifact id: 'b8593ba74497ec02e8af0bf0335358ad') in 0.042295 seconds 
Number of asset objects unloaded after import = 4
========================================================================
Received Import Request.
  Time since last request: 0.201307 seconds.
  path: Assets/Violet Theme Ui/White Icons/White Bug 2.png
  artifactKey: Guid(4be13b6c09b7e124f9a37a39c92ce8ab) Importer(815301076,1909f56bfc062723c751e8b465ee728b)
Number of updated assets reloaded before import = 0
Start importing Assets/Violet Theme Ui/White Icons/White Bug 2.png using Guid(4be13b6c09b7e124f9a37a39c92ce8ab) Importer(815301076,1909f56bfc062723c751e8b465ee728b)  -> (artifact id: 'edaadf3b9df9bc7cb71bce20a18937e3') in 0.062116 seconds 
Number of asset objects unloaded after import = 3
========================================================================
Received Import Request.
  Time since last request: 0.000029 seconds.
  path: Assets/Violet Theme Ui/White Icons/White Bug.png
  artifactKey: Guid(a4bb7f1b97a31ca46839863d6e8750f2) Importer(815301076,1909f56bfc062723c751e8b465ee728b)
Number of updated assets reloaded before import = 0
Start importing Assets/Violet Theme Ui/White Icons/White Bug.png using Guid(a4bb7f1b97a31ca46839863d6e8750f2) Importer(815301076,1909f56bfc062723c751e8b465ee728b)  -> (artifact id: '877b65fb203c7c6cd6e959c43037f8d1') in 0.056841 seconds 
Number of asset objects unloaded after import = 4
========================================================================
Received Import Request.
  Time since last request: 0.310340 seconds.
  path: Assets/Violet Theme Ui/White Icons/White Boots 1.png
  artifactKey: Guid(b3176559611ec2a439a40524ddf69c26) Importer(815301076,1909f56bfc062723c751e8b465ee728b)
Number of updated assets reloaded before import = 0
Start importing Assets/Violet Theme Ui/White Icons/White Boots 1.png using Guid(b3176559611ec2a439a40524ddf69c26) Importer(815301076,1909f56bfc062723c751e8b465ee728b)  -> (artifact id: '4bbe80f0c26b6b46a658c27b9dd45d43') in 0.050258 seconds 
Number of asset objects unloaded after import = 6
========================================================================
Received Import Request.
  Time since last request: 0.205323 seconds.
  path: Assets/Violet Theme Ui/White Icons/White Bluetooth.png
  artifactKey: Guid(e9f6c0281d266d44c9351e417e328b40) Importer(815301076,1909f56bfc062723c751e8b465ee728b)
Number of updated assets reloaded before import = 0
Start importing Assets/Violet Theme Ui/White Icons/White Bluetooth.png using Guid(e9f6c0281d266d44c9351e417e328b40) Importer(815301076,1909f56bfc062723c751e8b465ee728b)  -> (artifact id: 'cb8f334d5cc1803948ae855e1e3f9db9') in 0.048031 seconds 
Number of asset objects unloaded after import = 3
========================================================================
Received Import Request.
  Time since last request: 0.000048 seconds.
  path: Assets/Violet Theme Ui/White Icons/White Bomb.png
  artifactKey: Guid(976d40449908b1c439451ba6b1fadb9e) Importer(815301076,1909f56bfc062723c751e8b465ee728b)
Number of updated assets reloaded before import = 0
Start importing Assets/Violet Theme Ui/White Icons/White Bomb.png using Guid(976d40449908b1c439451ba6b1fadb9e) Importer(815301076,1909f56bfc062723c751e8b465ee728b)  -> (artifact id: '6982847d5eb48f2322a6c31e95f71bf7') in 0.062598 seconds 
Number of asset objects unloaded after import = 3
========================================================================
Received Import Request.
  Time since last request: 0.056364 seconds.
  path: Assets/Violet Theme Ui/White Icons/White Bishop.png
  artifactKey: Guid(4355aa8f6e41f3449bfb6c19933598e8) Importer(815301076,1909f56bfc062723c751e8b465ee728b)
Number of updated assets reloaded before import = 0
Start importing Assets/Violet Theme Ui/White Icons/White Bishop.png using Guid(4355aa8f6e41f3449bfb6c19933598e8) Importer(815301076,1909f56bfc062723c751e8b465ee728b)  -> (artifact id: '493035bd6b0b92dadedd01079cbe289a') in 0.054138 seconds 
Number of asset objects unloaded after import = 4
========================================================================
Received Import Request.
  Time since last request: 0.000033 seconds.
  path: Assets/Violet Theme Ui/White Icons/White Blade 1.png
  artifactKey: Guid(c68838cd724d5cc4a89b38f46c68a7d1) Importer(815301076,1909f56bfc062723c751e8b465ee728b)
Number of updated assets reloaded before import = 0
Start importing Assets/Violet Theme Ui/White Icons/White Blade 1.png using Guid(c68838cd724d5cc4a89b38f46c68a7d1) Importer(815301076,1909f56bfc062723c751e8b465ee728b)  -> (artifact id: '7ddf4bfcf1722b7536ab2fa5179d2588') in 0.053040 seconds 
Number of asset objects unloaded after import = 5
========================================================================
Received Import Request.
  Time since last request: 0.419459 seconds.
  path: Assets/Violet Theme Ui/White Icons/White Battery Empty.png
  artifactKey: Guid(8d9f54261b21bc6408119d9e04cc974f) Importer(815301076,1909f56bfc062723c751e8b465ee728b)
Number of updated assets reloaded before import = 0
Start importing Assets/Violet Theme Ui/White Icons/White Battery Empty.png using Guid(8d9f54261b21bc6408119d9e04cc974f) Importer(815301076,1909f56bfc062723c751e8b465ee728b)  -> (artifact id: 'c301d0cb168c0df6aa1459a2197f2e37') in 0.030700 seconds 
Number of asset objects unloaded after import = 4
========================================================================
Received Import Request.
  Time since last request: 0.000022 seconds.
  path: Assets/Violet Theme Ui/White Icons/White Battery Full.png
  artifactKey: Guid(abdf66134bde9074dbbdb17b30d8d5a2) Importer(815301076,1909f56bfc062723c751e8b465ee728b)
Number of updated assets reloaded before import = 0
Start importing Assets/Violet Theme Ui/White Icons/White Battery Full.png using Guid(abdf66134bde9074dbbdb17b30d8d5a2) Importer(815301076,1909f56bfc062723c751e8b465ee728b)  -> (artifact id: '9d6d52190855bef8e2acf1c179c66164') in 0.024377 seconds 
Number of asset objects unloaded after import = 4
========================================================================
Received Import Request.
  Time since last request: 0.066408 seconds.
  path: Assets/Violet Theme Ui/White Icons/White Bag 2.png
  artifactKey: Guid(f7490f85e5d705040a645c70dfc50673) Importer(815301076,1909f56bfc062723c751e8b465ee728b)
Number of updated assets reloaded before import = 0
Start importing Assets/Violet Theme Ui/White Icons/White Bag 2.png using Guid(f7490f85e5d705040a645c70dfc50673) Importer(815301076,1909f56bfc062723c751e8b465ee728b)  -> (artifact id: '9981756c08ce5762aef44f14f967458f') in 0.032226 seconds 
Number of asset objects unloaded after import = 6
========================================================================
Received Import Request.
  Time since last request: 0.446958 seconds.
  path: Assets/Violet Theme Ui/White Icons/White Axe 3.png
  artifactKey: Guid(7173802728af7ad41b6e28336f8dd622) Importer(815301076,1909f56bfc062723c751e8b465ee728b)
Number of updated assets reloaded before import = 0
Start importing Assets/Violet Theme Ui/White Icons/White Axe 3.png using Guid(7173802728af7ad41b6e28336f8dd622) Importer(815301076,1909f56bfc062723c751e8b465ee728b)  -> (artifact id: 'bc7d2dad2828ae3497497f912c8e6011') in 0.039889 seconds 
Number of asset objects unloaded after import = 4
========================================================================
Received Import Request.
  Time since last request: 0.000020 seconds.
  path: Assets/Violet Theme Ui/White Icons/White Axe.png
  artifactKey: Guid(1211324f0927fc540afd33686434a913) Importer(815301076,1909f56bfc062723c751e8b465ee728b)
Number of updated assets reloaded before import = 0
Start importing Assets/Violet Theme Ui/White Icons/White Axe.png using Guid(1211324f0927fc540afd33686434a913) Importer(815301076,1909f56bfc062723c751e8b465ee728b)  -> (artifact id: 'b1318ba048133a16c8d5a88deff4aeef') in 0.046937 seconds 
Number of asset objects unloaded after import = 6
========================================================================
Received Import Request.
  Time since last request: 0.030525 seconds.
  path: Assets/Violet Theme Ui/White Icons/White Alarm.png
  artifactKey: Guid(085769504e28a10409187eb9d0d38e0f) Importer(815301076,1909f56bfc062723c751e8b465ee728b)
Number of updated assets reloaded before import = 0
Start importing Assets/Violet Theme Ui/White Icons/White Alarm.png using Guid(085769504e28a10409187eb9d0d38e0f) Importer(815301076,1909f56bfc062723c751e8b465ee728b)  -> (artifact id: '90acedd915271051a84effc3b49a730b') in 0.047929 seconds 
Number of asset objects unloaded after import = 5
========================================================================
Received Import Request.
  Time since last request: 0.000021 seconds.
  path: Assets/Violet Theme Ui/White Icons/White Armor.png
  artifactKey: Guid(a367f43326a9d9a4aa4b7c39e8652c01) Importer(815301076,1909f56bfc062723c751e8b465ee728b)
Number of updated assets reloaded before import = 0
Start importing Assets/Violet Theme Ui/White Icons/White Armor.png using Guid(a367f43326a9d9a4aa4b7c39e8652c01) Importer(815301076,1909f56bfc062723c751e8b465ee728b)  -> (artifact id: 'fbcda4381784b78427848f86ebfdfc2e') in 0.045122 seconds 
Number of asset objects unloaded after import = 3
========================================================================
Received Import Request.
  Time since last request: 0.444151 seconds.
  path: Assets/Violet Theme Ui/Colored Icons/water melon.png
  artifactKey: Guid(a4822d008712e02409c12034e8bbe37a) Importer(815301076,1909f56bfc062723c751e8b465ee728b)
Number of updated assets reloaded before import = 0
Start importing Assets/Violet Theme Ui/Colored Icons/water melon.png using Guid(a4822d008712e02409c12034e8bbe37a) Importer(815301076,1909f56bfc062723c751e8b465ee728b)  -> (artifact id: '787da34018edc6e6d42da7b90e180655') in 0.040386 seconds 
Number of asset objects unloaded after import = 3
========================================================================
Received Import Request.
  Time since last request: 0.000027 seconds.
  path: Assets/Violet Theme Ui/White Icons/White Acorn.png
  artifactKey: Guid(ce30ae4f5d358f243ad68cbfc8c41f4d) Importer(815301076,1909f56bfc062723c751e8b465ee728b)
Number of updated assets reloaded before import = 0
Start importing Assets/Violet Theme Ui/White Icons/White Acorn.png using Guid(ce30ae4f5d358f243ad68cbfc8c41f4d) Importer(815301076,1909f56bfc062723c751e8b465ee728b)  -> (artifact id: '63b45ee693c338347e90ec35bb3438cf') in 0.046606 seconds 
Number of asset objects unloaded after import = 4
========================================================================
Received Import Request.
  Time since last request: 0.000040 seconds.
  path: Assets/Violet Theme Ui/White Icons/White AddFriend.png
  artifactKey: Guid(32fb0e71e5c2dfc4f8f275025f792fc6) Importer(815301076,1909f56bfc062723c751e8b465ee728b)
Number of updated assets reloaded before import = 0
Start importing Assets/Violet Theme Ui/White Icons/White AddFriend.png using Guid(32fb0e71e5c2dfc4f8f275025f792fc6) Importer(815301076,1909f56bfc062723c751e8b465ee728b)  -> (artifact id: '6fbb44a39aa57a4f2dc504bfdfbb4688') in 0.055259 seconds 
Number of asset objects unloaded after import = 5
========================================================================
Received Import Request.
  Time since last request: 0.030403 seconds.
  path: Assets/Store Assets/Simple Vector Icons/128px/UI_Icon_USB.png
  artifactKey: Guid(a1fd0a935de85460e8614f712bd9434b) Importer(815301076,1909f56bfc062723c751e8b465ee728b)
Number of updated assets reloaded before import = 0
Start importing Assets/Store Assets/Simple Vector Icons/128px/UI_Icon_USB.png using Guid(a1fd0a935de85460e8614f712bd9434b) Importer(815301076,1909f56bfc062723c751e8b465ee728b)  -> (artifact id: '032d51257f776cdcaca510d7de001d91') in 0.074661 seconds 
Number of asset objects unloaded after import = 3
========================================================================
Received Import Request.
  Time since last request: 0.000026 seconds.
  path: Assets/Store Assets/Simple Vector Icons/128px/UI_Icon_Warning.png
  artifactKey: Guid(43e834d2acfb642c3a9fde6be6d6c4f0) Importer(815301076,1909f56bfc062723c751e8b465ee728b)
Number of updated assets reloaded before import = 0
Start importing Assets/Store Assets/Simple Vector Icons/128px/UI_Icon_Warning.png using Guid(43e834d2acfb642c3a9fde6be6d6c4f0) Importer(815301076,1909f56bfc062723c751e8b465ee728b)  -> (artifact id: '1e4317eb9267b62af6cdfc4df599a610') in 0.071185 seconds 
Number of asset objects unloaded after import = 3
========================================================================
Received Import Request.
  Time since last request: 0.000069 seconds.
  path: Assets/Store Assets/Simple Vector Icons/128px/UI_Icon_Visible.png
  artifactKey: Guid(b06d03b2ca4e849669e05deacab95911) Importer(815301076,1909f56bfc062723c751e8b465ee728b)
Number of updated assets reloaded before import = 0
Start importing Assets/Store Assets/Simple Vector Icons/128px/UI_Icon_Visible.png using Guid(b06d03b2ca4e849669e05deacab95911) Importer(815301076,1909f56bfc062723c751e8b465ee728b)  -> (artifact id: '5ec7a92344ddc74660be27d1cbbc7833') in 0.071161 seconds 
Number of asset objects unloaded after import = 3
========================================================================
Received Import Request.
  Time since last request: 0.000050 seconds.
  path: Assets/Store Assets/Simple Vector Icons/128px/UI_Icon_Wrench.png
  artifactKey: Guid(b9d392ed44a9c42e7a571192a8c8b179) Importer(815301076,1909f56bfc062723c751e8b465ee728b)
Number of updated assets reloaded before import = 0
Start importing Assets/Store Assets/Simple Vector Icons/128px/UI_Icon_Wrench.png using Guid(b9d392ed44a9c42e7a571192a8c8b179) Importer(815301076,1909f56bfc062723c751e8b465ee728b)  -> (artifact id: '3265047488a1e9f9f6464bccac496a39') in 0.070921 seconds 
Number of asset objects unloaded after import = 3
========================================================================
Received Import Request.
  Time since last request: 0.050052 seconds.
  path: Assets/Store Assets/Simple Vector Icons/128px/UI_Icon_ToggleOff.png
  artifactKey: Guid(5d42fdc78d1ae4143815122595500f40) Importer(815301076,1909f56bfc062723c751e8b465ee728b)
Number of updated assets reloaded before import = 0
Start importing Assets/Store Assets/Simple Vector Icons/128px/UI_Icon_ToggleOff.png using Guid(5d42fdc78d1ae4143815122595500f40) Importer(815301076,1909f56bfc062723c751e8b465ee728b)  -> (artifact id: '942d6833bc9b0a9a47f5c7b83c0e06e8') in 0.068528 seconds 
Number of asset objects unloaded after import = 3
========================================================================
Received Import Request.
  Time since last request: 0.000023 seconds.
  path: Assets/Store Assets/Simple Vector Icons/128px/UI_Icon_TurnRight.png
  artifactKey: Guid(f14d2e8276a1546e1ba1ff7d34f8a252) Importer(815301076,1909f56bfc062723c751e8b465ee728b)
Number of updated assets reloaded before import = 0
Start importing Assets/Store Assets/Simple Vector Icons/128px/UI_Icon_TurnRight.png using Guid(f14d2e8276a1546e1ba1ff7d34f8a252) Importer(815301076,1909f56bfc062723c751e8b465ee728b)  -> (artifact id: '8babac065b5295ba31d4c27b309932d9') in 0.061801 seconds 
Number of asset objects unloaded after import = 3
========================================================================
Received Import Request.
  Time since last request: 0.000031 seconds.
  path: Assets/Store Assets/Simple Vector Icons/128px/UI_Icon_Trophy.png
  artifactKey: Guid(05e2365d1f435465dba168208ab98ada) Importer(815301076,1909f56bfc062723c751e8b465ee728b)
Number of updated assets reloaded before import = 0
Start importing Assets/Store Assets/Simple Vector Icons/128px/UI_Icon_Trophy.png using Guid(05e2365d1f435465dba168208ab98ada) Importer(815301076,1909f56bfc062723c751e8b465ee728b)  -> (artifact id: '86518f777308906a8321a8fdd7eb9c84') in 0.072703 seconds 
Number of asset objects unloaded after import = 3
========================================================================
Received Import Request.
  Time since last request: 0.000060 seconds.
  path: Assets/Store Assets/Simple Vector Icons/128px/UI_Icon_TV.png
  artifactKey: Guid(69740e7e5182143ec9c5355f2d54ed86) Importer(815301076,1909f56bfc062723c751e8b465ee728b)
Number of updated assets reloaded before import = 0
Start importing Assets/Store Assets/Simple Vector Icons/128px/UI_Icon_TV.png using Guid(69740e7e5182143ec9c5355f2d54ed86) Importer(815301076,1909f56bfc062723c751e8b465ee728b)  -> (artifact id: '4e8be633334ce26e4c2f50bb0db200fe') in 0.076635 seconds 
Number of asset objects unloaded after import = 3
========================================================================
Received Import Request.
  Time since last request: 1.272583 seconds.
  path: Assets/Store Assets/Simple Vector Icons/128px/UI_Icon_Suitcase2.png
  artifactKey: Guid(d033c2ba21cf049e79623c1a7ea7d54c) Importer(815301076,1909f56bfc062723c751e8b465ee728b)
Number of updated assets reloaded before import = 0
Start importing Assets/Store Assets/Simple Vector Icons/128px/UI_Icon_Suitcase2.png using Guid(d033c2ba21cf049e79623c1a7ea7d54c) Importer(815301076,1909f56bfc062723c751e8b465ee728b)  -> (artifact id: '22f0986e60f37a2429ba8e93bdb0cde1') in 0.061434 seconds 
Number of asset objects unloaded after import = 3
========================================================================
Received Import Request.
  Time since last request: 0.000037 seconds.
  path: Assets/Store Assets/Simple Vector Icons/128px/UI_Icon_Target.png
  artifactKey: Guid(ee95d9c06e2da4823ab62db8710e2bbc) Importer(815301076,1909f56bfc062723c751e8b465ee728b)
Number of updated assets reloaded before import = 0
Start importing Assets/Store Assets/Simple Vector Icons/128px/UI_Icon_Target.png using Guid(ee95d9c06e2da4823ab62db8710e2bbc) Importer(815301076,1909f56bfc062723c751e8b465ee728b)  -> (artifact id: '771bb98cbaac6e09412729bada7a00eb') in 0.069864 seconds 
Number of asset objects unloaded after import = 3
========================================================================
Received Import Request.
  Time since last request: 0.000026 seconds.
  path: Assets/Store Assets/Simple Vector Icons/128px/UI_Icon_Terminal.png
  artifactKey: Guid(7830a8757373c47edb403ebe65b943d0) Importer(815301076,1909f56bfc062723c751e8b465ee728b)
Number of updated assets reloaded before import = 0
Start importing Assets/Store Assets/Simple Vector Icons/128px/UI_Icon_Terminal.png using Guid(7830a8757373c47edb403ebe65b943d0) Importer(815301076,1909f56bfc062723c751e8b465ee728b)  -> (artifact id: '05848c8ca6d921b72cb6ccfb3d757a9b') in 0.056738 seconds 
Number of asset objects unloaded after import = 3
========================================================================
Received Import Request.
  Time since last request: 0.000055 seconds.
  path: Assets/Store Assets/Simple Vector Icons/128px/UI_Icon_Text.png
  artifactKey: Guid(9456177f2b7c440bebefbc9c14e19009) Importer(815301076,1909f56bfc062723c751e8b465ee728b)
Number of updated assets reloaded before import = 0
Start importing Assets/Store Assets/Simple Vector Icons/128px/UI_Icon_Text.png using Guid(9456177f2b7c440bebefbc9c14e19009) Importer(815301076,1909f56bfc062723c751e8b465ee728b)  -> (artifact id: '08ec3001c1101fe1a84f2c808b28bbc9') in 0.061549 seconds 
Number of asset objects unloaded after import = 3
========================================================================
Received Import Request.
  Time since last request: 0.118893 seconds.
  path: Assets/Store Assets/Simple Vector Icons/128px/UI_Icon_SortSize1.png
  artifactKey: Guid(6f5dd630af0134b72ac6f10c070c797a) Importer(815301076,1909f56bfc062723c751e8b465ee728b)
Number of updated assets reloaded before import = 0
Start importing Assets/Store Assets/Simple Vector Icons/128px/UI_Icon_SortSize1.png using Guid(6f5dd630af0134b72ac6f10c070c797a) Importer(815301076,1909f56bfc062723c751e8b465ee728b)  -> (artifact id: 'ac45398cd998fcd332ee4c95b3b28d47') in 0.071123 seconds 
Number of asset objects unloaded after import = 3
========================================================================
Received Import Request.
  Time since last request: 0.000024 seconds.
  path: Assets/Store Assets/Simple Vector Icons/128px/UI_Icon_SortSIze2.png
  artifactKey: Guid(c321ad1571b31455aa9e72ecbfee9eba) Importer(815301076,1909f56bfc062723c751e8b465ee728b)
Number of updated assets reloaded before import = 0
Start importing Assets/Store Assets/Simple Vector Icons/128px/UI_Icon_SortSIze2.png using Guid(c321ad1571b31455aa9e72ecbfee9eba) Importer(815301076,1909f56bfc062723c751e8b465ee728b)  -> (artifact id: 'eeda7e1073b0f8c0807ccda93fa2be80') in 0.060458 seconds 
Number of asset objects unloaded after import = 3
========================================================================
Received Import Request.
  Time since last request: 0.000031 seconds.
  path: Assets/Store Assets/Simple Vector Icons/128px/UI_Icon_StarEmpty.png
  artifactKey: Guid(8512a75c4e6f047d3aae4a0bc4d6f73c) Importer(815301076,1909f56bfc062723c751e8b465ee728b)
Number of updated assets reloaded before import = 0
Start importing Assets/Store Assets/Simple Vector Icons/128px/UI_Icon_StarEmpty.png using Guid(8512a75c4e6f047d3aae4a0bc4d6f73c) Importer(815301076,1909f56bfc062723c751e8b465ee728b)  -> (artifact id: 'da706cdeca2003c6a69e7f06807e7e0e') in 0.062464 seconds 
Number of asset objects unloaded after import = 3
========================================================================
Received Import Request.
  Time since last request: 0.000024 seconds.
  path: Assets/Store Assets/Simple Vector Icons/128px/UI_Icon_SoundOn.png
  artifactKey: Guid(b38084635d70f4ab79ffe4aae48b7a2c) Importer(815301076,1909f56bfc062723c751e8b465ee728b)
Number of updated assets reloaded before import = 0
Start importing Assets/Store Assets/Simple Vector Icons/128px/UI_Icon_SoundOn.png using Guid(b38084635d70f4ab79ffe4aae48b7a2c) Importer(815301076,1909f56bfc062723c751e8b465ee728b)  -> (artifact id: 'b2d67e25cd22e2ede3578736d0e6f0eb') in 0.055894 seconds 
Number of asset objects unloaded after import = 3
========================================================================
Received Import Request.
  Time since last request: 0.000019 seconds.
  path: Assets/Store Assets/Simple Vector Icons/128px/UI_Icon_SocialWhatsapp.png
  artifactKey: Guid(3ee58bb77ba8c4780952acf94d8f30a6) Importer(815301076,1909f56bfc062723c751e8b465ee728b)
Number of updated assets reloaded before import = 0
Start importing Assets/Store Assets/Simple Vector Icons/128px/UI_Icon_SocialWhatsapp.png using Guid(3ee58bb77ba8c4780952acf94d8f30a6) Importer(815301076,1909f56bfc062723c751e8b465ee728b)  -> (artifact id: '7cf4a957e9018996e2a446d3824705f4') in 0.050339 seconds 
Number of asset objects unloaded after import = 3
========================================================================
Received Import Request.
  Time since last request: 0.000023 seconds.
  path: Assets/Store Assets/Simple Vector Icons/128px/UI_Icon_SocialLine.png
  artifactKey: Guid(ecca0446f92a64e0191e091b0c590db7) Importer(815301076,1909f56bfc062723c751e8b465ee728b)
Number of updated assets reloaded before import = 0
Start importing Assets/Store Assets/Simple Vector Icons/128px/UI_Icon_SocialLine.png using Guid(ecca0446f92a64e0191e091b0c590db7) Importer(815301076,1909f56bfc062723c751e8b465ee728b)  -> (artifact id: 'c8d7ef1dae2d169886346d773e8caed0') in 0.055909 seconds 
Number of asset objects unloaded after import = 3
========================================================================
Received Import Request.
  Time since last request: 0.000031 seconds.
  path: Assets/Store Assets/Simple Vector Icons/128px/UI_Icon_SocialTwitter1.png
  artifactKey: Guid(1a4e7a876b25d4e94990c7aa3df27525) Importer(815301076,1909f56bfc062723c751e8b465ee728b)
Number of updated assets reloaded before import = 0
Start importing Assets/Store Assets/Simple Vector Icons/128px/UI_Icon_SocialTwitter1.png using Guid(1a4e7a876b25d4e94990c7aa3df27525) Importer(815301076,1909f56bfc062723c751e8b465ee728b)  -> (artifact id: 'bfe5268cd8506c6e09483f6ec6e40c5c') in 0.072966 seconds 
Number of asset objects unloaded after import = 3
========================================================================
Received Import Request.
  Time since last request: 0.000036 seconds.
  path: Assets/Store Assets/Simple Vector Icons/128px/UI_Icon_SocialTwitter2.png
  artifactKey: Guid(89ea3253ecbf14dba8d7a41afb3eb3e8) Importer(815301076,1909f56bfc062723c751e8b465ee728b)
Number of updated assets reloaded before import = 0
Start importing Assets/Store Assets/Simple Vector Icons/128px/UI_Icon_SocialTwitter2.png using Guid(89ea3253ecbf14dba8d7a41afb3eb3e8) Importer(815301076,1909f56bfc062723c751e8b465ee728b)  -> (artifact id: '02ffc713cc52ff35e9d8a22b0e7863b7') in 0.053907 seconds 
Number of asset objects unloaded after import = 3
========================================================================
Received Import Request.
  Time since last request: 0.259761 seconds.
  path: Assets/Store Assets/Simple Vector Icons/128px/UI_Icon_Skull.png
  artifactKey: Guid(7331c33860a6b44f3a88548533319276) Importer(815301076,1909f56bfc062723c751e8b465ee728b)
Number of updated assets reloaded before import = 0
Start importing Assets/Store Assets/Simple Vector Icons/128px/UI_Icon_Skull.png using Guid(7331c33860a6b44f3a88548533319276) Importer(815301076,1909f56bfc062723c751e8b465ee728b)  -> (artifact id: 'b7f21077bea385e118464c0ceb1462cb') in 0.075710 seconds 
Number of asset objects unloaded after import = 3
========================================================================
Received Import Request.
  Time since last request: 0.000034 seconds.
  path: Assets/Store Assets/Simple Vector Icons/128px/UI_Icon_Sleep.png
  artifactKey: Guid(67597e7135f0e4294911e3f1392fdaf4) Importer(815301076,1909f56bfc062723c751e8b465ee728b)
Number of updated assets reloaded before import = 0
Start importing Assets/Store Assets/Simple Vector Icons/128px/UI_Icon_Sleep.png using Guid(67597e7135f0e4294911e3f1392fdaf4) Importer(815301076,1909f56bfc062723c751e8b465ee728b)  -> (artifact id: '73f3e3f2ce0ad56ccc583dbb961e8b54') in 0.071164 seconds 
Number of asset objects unloaded after import = 3
========================================================================
Received Import Request.
  Time since last request: 0.000027 seconds.
  path: Assets/Store Assets/Simple Vector Icons/128px/UI_Icon_SocialDiscord.png
  artifactKey: Guid(07b8e892c5b8946c2b51081d166844db) Importer(815301076,1909f56bfc062723c751e8b465ee728b)
Number of updated assets reloaded before import = 0
Start importing Assets/Store Assets/Simple Vector Icons/128px/UI_Icon_SocialDiscord.png using Guid(07b8e892c5b8946c2b51081d166844db) Importer(815301076,1909f56bfc062723c751e8b465ee728b)  -> (artifact id: '6ec1bd7c51068bfde1f3012e0f1a39c7') in 0.063664 seconds 
Number of asset objects unloaded after import = 3
========================================================================
Received Import Request.
  Time since last request: 0.000033 seconds.
  path: Assets/Store Assets/Simple Vector Icons/128px/UI_Icon_SocialFacebook.png
  artifactKey: Guid(be8a2d774d9b74bbe89a4c821a27dc18) Importer(815301076,1909f56bfc062723c751e8b465ee728b)
Number of updated assets reloaded before import = 0
Start importing Assets/Store Assets/Simple Vector Icons/128px/UI_Icon_SocialFacebook.png using Guid(be8a2d774d9b74bbe89a4c821a27dc18) Importer(815301076,1909f56bfc062723c751e8b465ee728b)  -> (artifact id: 'ace95084dfc03e1227704bddba68a883') in 0.060305 seconds 
Number of asset objects unloaded after import = 3
========================================================================
Received Import Request.
  Time since last request: 0.056088 seconds.
  path: Assets/Store Assets/Simple Vector Icons/128px/UI_Icon_Select.png
  artifactKey: Guid(c347ee72b1c784837909a26d0406a62f) Importer(815301076,1909f56bfc062723c751e8b465ee728b)
Number of updated assets reloaded before import = 0
Start importing Assets/Store Assets/Simple Vector Icons/128px/UI_Icon_Select.png using Guid(c347ee72b1c784837909a26d0406a62f) Importer(815301076,1909f56bfc062723c751e8b465ee728b)  -> (artifact id: '2636f42600ee0f1ce567f3da29c7cf9e') in 0.058838 seconds 
Number of asset objects unloaded after import = 3
========================================================================
Received Import Request.
  Time since last request: 0.000023 seconds.
  path: Assets/Store Assets/Simple Vector Icons/128px/UI_Icon_Shuffle.png
  artifactKey: Guid(3f57712944d7e481fa18d71303947180) Importer(815301076,1909f56bfc062723c751e8b465ee728b)
Number of updated assets reloaded before import = 0
Start importing Assets/Store Assets/Simple Vector Icons/128px/UI_Icon_Shuffle.png using Guid(3f57712944d7e481fa18d71303947180) Importer(815301076,1909f56bfc062723c751e8b465ee728b)  -> (artifact id: '49871bac46ba74d236daf979469971f2') in 0.050724 seconds 
Number of asset objects unloaded after import = 3
========================================================================
Received Import Request.
  Time since last request: 0.000039 seconds.
  path: Assets/Store Assets/Simple Vector Icons/128px/UI_Icon_SignOut.png
  artifactKey: Guid(2f543d27679c74722b4ad064247cf45c) Importer(815301076,1909f56bfc062723c751e8b465ee728b)
Number of updated assets reloaded before import = 0
Start importing Assets/Store Assets/Simple Vector Icons/128px/UI_Icon_SignOut.png using Guid(2f543d27679c74722b4ad064247cf45c) Importer(815301076,1909f56bfc062723c751e8b465ee728b)  -> (artifact id: '49de47a49fbc4abde44daaf6a2a140f3') in 0.067798 seconds 
Number of asset objects unloaded after import = 3
========================================================================
Received Import Request.
  Time since last request: 0.000060 seconds.
  path: Assets/Store Assets/Simple Vector Icons/128px/UI_Icon_Settings.png
  artifactKey: Guid(5995c1cbd4d5d4586807188c869e540a) Importer(815301076,1909f56bfc062723c751e8b465ee728b)
Number of updated assets reloaded before import = 0
Start importing Assets/Store Assets/Simple Vector Icons/128px/UI_Icon_Settings.png using Guid(5995c1cbd4d5d4586807188c869e540a) Importer(815301076,1909f56bfc062723c751e8b465ee728b)  -> (artifact id: 'b89c86a4aaa6750a9cacefaad552dc30') in 0.074621 seconds 
Number of asset objects unloaded after import = 3
========================================================================
Received Import Request.
  Time since last request: 0.000047 seconds.
  path: Assets/Store Assets/Simple Vector Icons/128px/UI_Icon_Save1.png
  artifactKey: Guid(a51c58403dfd048a0a46826b9ace2ba1) Importer(815301076,1909f56bfc062723c751e8b465ee728b)
Number of updated assets reloaded before import = 0
Start importing Assets/Store Assets/Simple Vector Icons/128px/UI_Icon_Save1.png using Guid(a51c58403dfd048a0a46826b9ace2ba1) Importer(815301076,1909f56bfc062723c751e8b465ee728b)  -> (artifact id: '2417a71886048637ce96ec3370ea2af9') in 0.088942 seconds 
Number of asset objects unloaded after import = 3
========================================================================
Received Import Request.
  Time since last request: 0.000042 seconds.
  path: Assets/Store Assets/Simple Vector Icons/128px/UI_Icon_ReplyAll.png
  artifactKey: Guid(ffd6951ba07ab4a62869e06fc49d7c71) Importer(815301076,1909f56bfc062723c751e8b465ee728b)
Number of updated assets reloaded before import = 0
Start importing Assets/Store Assets/Simple Vector Icons/128px/UI_Icon_ReplyAll.png using Guid(ffd6951ba07ab4a62869e06fc49d7c71) Importer(815301076,1909f56bfc062723c751e8b465ee728b)  -> (artifact id: 'b549846cd67ef4ff7ed6695beb7e6c60') in 0.060286 seconds 
Number of asset objects unloaded after import = 3
========================================================================
Received Import Request.
  Time since last request: 0.000036 seconds.
  path: Assets/Store Assets/Simple Vector Icons/128px/UI_Icon_Sale.png
  artifactKey: Guid(5a7927af9748f4df88886bf6e7f91f14) Importer(815301076,1909f56bfc062723c751e8b465ee728b)
Number of updated assets reloaded before import = 0
Start importing Assets/Store Assets/Simple Vector Icons/128px/UI_Icon_Sale.png using Guid(5a7927af9748f4df88886bf6e7f91f14) Importer(815301076,1909f56bfc062723c751e8b465ee728b)  -> (artifact id: '84dc3b67d46dc7d62edba8b55c641c2a') in 0.072814 seconds 
Number of asset objects unloaded after import = 3
========================================================================
Received Import Request.
  Time since last request: 0.000051 seconds.
  path: Assets/Store Assets/Simple Vector Icons/128px/UI_Icon_Results.png
  artifactKey: Guid(1b96ee0b73713415e8a40a9dc5e2bcd0) Importer(815301076,1909f56bfc062723c751e8b465ee728b)
Number of updated assets reloaded before import = 0
Start importing Assets/Store Assets/Simple Vector Icons/128px/UI_Icon_Results.png using Guid(1b96ee0b73713415e8a40a9dc5e2bcd0) Importer(815301076,1909f56bfc062723c751e8b465ee728b)  -> (artifact id: '35c1a3582936f10228fca75437f81455') in 0.068297 seconds 
Number of asset objects unloaded after import = 3
========================================================================
Received Import Request.
  Time since last request: 0.837026 seconds.
  path: Assets/Store Assets/Simple Vector Icons/128px/UI_Icon_Question.png
  artifactKey: Guid(ea146f8defb8f41b5a7d6bcd6970887d) Importer(815301076,1909f56bfc062723c751e8b465ee728b)
Number of updated assets reloaded before import = 0
Start importing Assets/Store Assets/Simple Vector Icons/128px/UI_Icon_Question.png using Guid(ea146f8defb8f41b5a7d6bcd6970887d) Importer(815301076,1909f56bfc062723c751e8b465ee728b)  -> (artifact id: '6fbe6cf202fd942a69e084ade4458f61') in 0.055397 seconds 
Number of asset objects unloaded after import = 3
========================================================================
Received Import Request.
  Time since last request: 0.000042 seconds.
  path: Assets/Store Assets/Simple Vector Icons/128px/UI_Icon_Rain.png
  artifactKey: Guid(709e3479d3d334c21b699e10a901f63a) Importer(815301076,1909f56bfc062723c751e8b465ee728b)
Number of updated assets reloaded before import = 0
Start importing Assets/Store Assets/Simple Vector Icons/128px/UI_Icon_Rain.png using Guid(709e3479d3d334c21b699e10a901f63a) Importer(815301076,1909f56bfc062723c751e8b465ee728b)  -> (artifact id: '812fd62f5b434a8182878428559f0e59') in 0.058985 seconds 
Number of asset objects unloaded after import = 3
========================================================================
Received Import Request.
  Time since last request: 0.000020 seconds.
  path: Assets/Store Assets/Simple Vector Icons/128px/UI_Icon_QuoteLeft.png
  artifactKey: Guid(b05ec3deae70544d79fe14b9fc9594c1) Importer(815301076,1909f56bfc062723c751e8b465ee728b)
Number of updated assets reloaded before import = 0
Start importing Assets/Store Assets/Simple Vector Icons/128px/UI_Icon_QuoteLeft.png using Guid(b05ec3deae70544d79fe14b9fc9594c1) Importer(815301076,1909f56bfc062723c751e8b465ee728b)  -> (artifact id: '4b5745f8dfc5cc72e256869fc0bac1d9') in 0.049640 seconds 
Number of asset objects unloaded after import = 3
========================================================================
Received Import Request.
  Time since last request: 0.000037 seconds.
  path: Assets/Store Assets/Simple Vector Icons/128px/UI_Icon_Reload.png
  artifactKey: Guid(37b9e75347d924d8fa7b1b0d16a9fceb) Importer(815301076,1909f56bfc062723c751e8b465ee728b)
Number of updated assets reloaded before import = 0
Start importing Assets/Store Assets/Simple Vector Icons/128px/UI_Icon_Reload.png using Guid(37b9e75347d924d8fa7b1b0d16a9fceb) Importer(815301076,1909f56bfc062723c751e8b465ee728b)  -> (artifact id: '923b2dea86322d60687869c9dac0e960') in 0.030031 seconds 
Number of asset objects unloaded after import = 3
========================================================================
Received Import Request.
  Time since last request: 0.024697 seconds.
  path: Assets/Store Assets/Simple Vector Icons/128px/UI_Icon_Paperplane.png
  artifactKey: Guid(19364acd6c9c641a9b6b2dab8bcc60df) Importer(815301076,1909f56bfc062723c751e8b465ee728b)
Number of updated assets reloaded before import = 0
Start importing Assets/Store Assets/Simple Vector Icons/128px/UI_Icon_Paperplane.png using Guid(19364acd6c9c641a9b6b2dab8bcc60df) Importer(815301076,1909f56bfc062723c751e8b465ee728b)  -> (artifact id: '4fde3d3c139ed2969432cdb5716b00ff') in 0.060704 seconds 
Number of asset objects unloaded after import = 3
========================================================================
Received Import Request.
  Time since last request: 0.000023 seconds.
  path: Assets/Store Assets/Simple Vector Icons/128px/UI_Icon_Paw.png
  artifactKey: Guid(78799f9d9876142c0a2d3130c9c9c119) Importer(815301076,1909f56bfc062723c751e8b465ee728b)
Number of updated assets reloaded before import = 0
Start importing Assets/Store Assets/Simple Vector Icons/128px/UI_Icon_Paw.png using Guid(78799f9d9876142c0a2d3130c9c9c119) Importer(815301076,1909f56bfc062723c751e8b465ee728b)  -> (artifact id: 'e474c3d346fdca53616f6e97ab931aa7') in 0.058192 seconds 
Number of asset objects unloaded after import = 3
========================================================================
Received Import Request.
  Time since last request: 0.000030 seconds.
  path: Assets/Store Assets/Simple Vector Icons/128px/UI_Icon_Plus.png
  artifactKey: Guid(c5c6e3500fa054255bdfe99e89c8169b) Importer(815301076,1909f56bfc062723c751e8b465ee728b)
Number of updated assets reloaded before import = 0
Start importing Assets/Store Assets/Simple Vector Icons/128px/UI_Icon_Plus.png using Guid(c5c6e3500fa054255bdfe99e89c8169b) Importer(815301076,1909f56bfc062723c751e8b465ee728b)  -> (artifact id: '38458c2b7124a806f3f2175c6685a608') in 0.054929 seconds 
Number of asset objects unloaded after import = 3
========================================================================
Received Import Request.
  Time since last request: 0.000025 seconds.
  path: Assets/Store Assets/Simple Vector Icons/128px/UI_Icon_Percentage.png
  artifactKey: Guid(ed2b366b90853425a8fb5c275705e013) Importer(815301076,1909f56bfc062723c751e8b465ee728b)
Number of updated assets reloaded before import = 0
Start importing Assets/Store Assets/Simple Vector Icons/128px/UI_Icon_Percentage.png using Guid(ed2b366b90853425a8fb5c275705e013) Importer(815301076,1909f56bfc062723c751e8b465ee728b)  -> (artifact id: '7ac546d77481daf52d4b4d4ce9e17f64') in 0.050703 seconds 
Number of asset objects unloaded after import = 3
========================================================================
Received Import Request.
  Time since last request: 0.322910 seconds.
  path: Assets/Store Assets/Simple Vector Icons/128px/UI_Icon_MicOff.png
  artifactKey: Guid(aba51d55df53b4b0f988d0f80cd0704e) Importer(815301076,1909f56bfc062723c751e8b465ee728b)
Number of updated assets reloaded before import = 0
Start importing Assets/Store Assets/Simple Vector Icons/128px/UI_Icon_MicOff.png using Guid(aba51d55df53b4b0f988d0f80cd0704e) Importer(815301076,1909f56bfc062723c751e8b465ee728b)  -> (artifact id: 'ca45b286cd04097a123820c9e6af58dd') in 0.066899 seconds 
Number of asset objects unloaded after import = 3
========================================================================
Received Import Request.
  Time since last request: 0.000036 seconds.
  path: Assets/Store Assets/Simple Vector Icons/128px/UI_Icon_Mirror.png
  artifactKey: Guid(81b874eb772e64ddfba9e7d64220b421) Importer(815301076,1909f56bfc062723c751e8b465ee728b)
Number of updated assets reloaded before import = 0
Start importing Assets/Store Assets/Simple Vector Icons/128px/UI_Icon_Mirror.png using Guid(81b874eb772e64ddfba9e7d64220b421) Importer(815301076,1909f56bfc062723c751e8b465ee728b)  -> (artifact id: '2b12e9ea22c8837fdf931312cc497b51') in 0.054002 seconds 
Number of asset objects unloaded after import = 3
========================================================================
Received Import Request.
  Time since last request: 0.000027 seconds.
  path: Assets/Store Assets/Simple Vector Icons/128px/UI_Icon_Like.png
  artifactKey: Guid(678c0534175cd4943bed3bac5cf2a33d) Importer(815301076,1909f56bfc062723c751e8b465ee728b)
Number of updated assets reloaded before import = 0
Start importing Assets/Store Assets/Simple Vector Icons/128px/UI_Icon_Like.png using Guid(678c0534175cd4943bed3bac5cf2a33d) Importer(815301076,1909f56bfc062723c751e8b465ee728b)  -> (artifact id: 'e4e4139a6884e3dd3a4db2af25722ca5') in 0.049977 seconds 
Number of asset objects unloaded after import = 3
========================================================================
Received Import Request.
  Time since last request: 0.000034 seconds.
  path: Assets/Store Assets/Simple Vector Icons/128px/UI_Icon_Location.png
  artifactKey: Guid(0dfdbeec451f8493e9c4b01f0161929e) Importer(815301076,1909f56bfc062723c751e8b465ee728b)
Number of updated assets reloaded before import = 0
Start importing Assets/Store Assets/Simple Vector Icons/128px/UI_Icon_Location.png using Guid(0dfdbeec451f8493e9c4b01f0161929e) Importer(815301076,1909f56bfc062723c751e8b465ee728b)  -> (artifact id: 'a8b0b83aa5a42f31f7580e1c159a3611') in 0.046339 seconds 
Number of asset objects unloaded after import = 3
========================================================================
Received Import Request.
  Time since last request: 0.000035 seconds.
  path: Assets/Store Assets/Simple Vector Icons/128px/UI_Icon_LightbulbOn.png
  artifactKey: Guid(b2c0cfb83f3d84e088f0d728e09376e1) Importer(815301076,1909f56bfc062723c751e8b465ee728b)
Number of updated assets reloaded before import = 0
Start importing Assets/Store Assets/Simple Vector Icons/128px/UI_Icon_LightbulbOn.png using Guid(b2c0cfb83f3d84e088f0d728e09376e1) Importer(815301076,1909f56bfc062723c751e8b465ee728b)  -> (artifact id: '8c8af111086dc69efee76c2fb6c87486') in 0.056085 seconds 
Number of asset objects unloaded after import = 3
========================================================================
Received Import Request.
  Time since last request: 0.000031 seconds.
  path: Assets/Store Assets/Simple Vector Icons/128px/UI_Icon_MicOn.png
  artifactKey: Guid(910333d46fd434a2fbe6e14fb14ba4d7) Importer(815301076,1909f56bfc062723c751e8b465ee728b)
Number of updated assets reloaded before import = 0
Start importing Assets/Store Assets/Simple Vector Icons/128px/UI_Icon_MicOn.png using Guid(910333d46fd434a2fbe6e14fb14ba4d7) Importer(815301076,1909f56bfc062723c751e8b465ee728b)  -> (artifact id: 'e8902a9b78a9a2113a47d5619fc67bb1') in 0.057029 seconds 
Number of asset objects unloaded after import = 3
========================================================================
Received Import Request.
  Time since last request: 0.000041 seconds.
  path: Assets/Store Assets/Simple Vector Icons/128px/UI_Icon_Minus.png
  artifactKey: Guid(02fa87b748a7c439aa0a5a0194ebead5) Importer(815301076,1909f56bfc062723c751e8b465ee728b)
Number of updated assets reloaded before import = 0
Start importing Assets/Store Assets/Simple Vector Icons/128px/UI_Icon_Minus.png using Guid(02fa87b748a7c439aa0a5a0194ebead5) Importer(815301076,1909f56bfc062723c751e8b465ee728b)  -> (artifact id: '93d59d0218214121ecbcaf3318ab8672') in 0.064871 seconds 
Number of asset objects unloaded after import = 3
========================================================================
Received Import Request.
  Time since last request: 0.000045 seconds.
  path: Assets/Store Assets/Simple Vector Icons/128px/UI_Icon_InvPotion.png
  artifactKey: Guid(6a298ec7a063a48249dbf9c592cf902a) Importer(815301076,1909f56bfc062723c751e8b465ee728b)
Number of updated assets reloaded before import = 0
Start importing Assets/Store Assets/Simple Vector Icons/128px/UI_Icon_InvPotion.png using Guid(6a298ec7a063a48249dbf9c592cf902a) Importer(815301076,1909f56bfc062723c751e8b465ee728b)  -> (artifact id: '2f809f433d15eb86bfd17d3eb4c19422') in 0.074078 seconds 
Number of asset objects unloaded after import = 3
========================================================================
Received Import Request.
  Time since last request: 0.000055 seconds.
  path: Assets/Store Assets/Simple Vector Icons/128px/UI_Icon_InvGloves.png
  artifactKey: Guid(c12928d4353164f7a88e5edd5d8f5d36) Importer(815301076,1909f56bfc062723c751e8b465ee728b)
Number of updated assets reloaded before import = 0
Start importing Assets/Store Assets/Simple Vector Icons/128px/UI_Icon_InvGloves.png using Guid(c12928d4353164f7a88e5edd5d8f5d36) Importer(815301076,1909f56bfc062723c751e8b465ee728b)  -> (artifact id: '9697924273bb7e7711e0b5d6ddfd5712') in 0.070195 seconds 
Number of asset objects unloaded after import = 3
========================================================================
Received Import Request.
  Time since last request: 0.000045 seconds.
  path: Assets/Store Assets/Simple Vector Icons/128px/UI_Icon_Map.png
  artifactKey: Guid(7df9290c4559c41c6932760156357a23) Importer(815301076,1909f56bfc062723c751e8b465ee728b)
Number of updated assets reloaded before import = 0
Start importing Assets/Store Assets/Simple Vector Icons/128px/UI_Icon_Map.png using Guid(7df9290c4559c41c6932760156357a23) Importer(815301076,1909f56bfc062723c751e8b465ee728b)  -> (artifact id: '88b91ac32b2339220876c54322c7736d') in 0.070861 seconds 
Number of asset objects unloaded after import = 3
========================================================================
Received Import Request.
  Time since last request: 0.000051 seconds.
  path: Assets/Store Assets/Simple Vector Icons/128px/UI_Icon_Invisible.png
  artifactKey: Guid(e14e750b667084d7484ce61a29208419) Importer(815301076,1909f56bfc062723c751e8b465ee728b)
Number of updated assets reloaded before import = 0
Start importing Assets/Store Assets/Simple Vector Icons/128px/UI_Icon_Invisible.png using Guid(e14e750b667084d7484ce61a29208419) Importer(815301076,1909f56bfc062723c751e8b465ee728b)  -> (artifact id: '41d826ce5c7e7b0a8b16e65570ccbe97') in 0.074249 seconds 
Number of asset objects unloaded after import = 3
========================================================================
Received Import Request.
  Time since last request: 0.000042 seconds.
  path: Assets/Store Assets/Simple Vector Icons/128px/UI_Icon_InvCloak.png
  artifactKey: Guid(ffff381ce2cd2452dad8484345993943) Importer(815301076,1909f56bfc062723c751e8b465ee728b)
Number of updated assets reloaded before import = 0
Start importing Assets/Store Assets/Simple Vector Icons/128px/UI_Icon_InvCloak.png using Guid(ffff381ce2cd2452dad8484345993943) Importer(815301076,1909f56bfc062723c751e8b465ee728b)  -> (artifact id: 'e2c092c1cca647058a802628ace818d4') in 0.072690 seconds 
Number of asset objects unloaded after import = 3
========================================================================
Received Import Request.
  Time since last request: 0.054368 seconds.
  path: Assets/Store Assets/Simple Vector Icons/128px/UI_Icon_History.png
  artifactKey: Guid(caa5832fa36824340a7f532f40e38aa1) Importer(815301076,1909f56bfc062723c751e8b465ee728b)
Number of updated assets reloaded before import = 0
Start importing Assets/Store Assets/Simple Vector Icons/128px/UI_Icon_History.png using Guid(caa5832fa36824340a7f532f40e38aa1) Importer(815301076,1909f56bfc062723c751e8b465ee728b)  -> (artifact id: 'e79c27e870c9afbe3e21ce1084ca3cc8') in 0.075453 seconds 
Number of asset objects unloaded after import = 3
========================================================================
Received Import Request.
  Time since last request: 0.000029 seconds.
  path: Assets/Store Assets/Simple Vector Icons/128px/UI_Icon_InputController.png
  artifactKey: Guid(fb441c66c88e7484ba1b7761537c5cea) Importer(815301076,1909f56bfc062723c751e8b465ee728b)
Number of updated assets reloaded before import = 0
Start importing Assets/Store Assets/Simple Vector Icons/128px/UI_Icon_InputController.png using Guid(fb441c66c88e7484ba1b7761537c5cea) Importer(815301076,1909f56bfc062723c751e8b465ee728b)  -> (artifact id: 'ccf9dad622b0a164e0fc641887d2d9c6') in 0.083634 seconds 
Number of asset objects unloaded after import = 3
========================================================================
Received Import Request.
  Time since last request: 0.000037 seconds.
  path: Assets/Store Assets/Simple Vector Icons/128px/UI_Icon_InputKeyboard.png
  artifactKey: Guid(3b64282ef24bf4f85ac11cb95d0bf8c3) Importer(815301076,1909f56bfc062723c751e8b465ee728b)
Number of updated assets reloaded before import = 0
Start importing Assets/Store Assets/Simple Vector Icons/128px/UI_Icon_InputKeyboard.png using Guid(3b64282ef24bf4f85ac11cb95d0bf8c3) Importer(815301076,1909f56bfc062723c751e8b465ee728b)  -> (artifact id: '1f9bf3919c9107ce14f56b55100c85c4') in 0.063620 seconds 
Number of asset objects unloaded after import = 3
========================================================================
Received Import Request.
  Time since last request: 0.000048 seconds.
  path: Assets/Store Assets/Simple Vector Icons/128px/UI_Icon_HealthKit.png
  artifactKey: Guid(b21c6a60886904f54995b8fa4ff7a0c3) Importer(815301076,1909f56bfc062723c751e8b465ee728b)
Number of updated assets reloaded before import = 0
Start importing Assets/Store Assets/Simple Vector Icons/128px/UI_Icon_HealthKit.png using Guid(b21c6a60886904f54995b8fa4ff7a0c3) Importer(815301076,1909f56bfc062723c751e8b465ee728b)  -> (artifact id: '8257c464de4175df2ec3cbb344fc4c80') in 0.076085 seconds 
Number of asset objects unloaded after import = 3
========================================================================
Received Import Request.
  Time since last request: 0.000029 seconds.
  path: Assets/Store Assets/Simple Vector Icons/128px/UI_Icon_Hierarchy.png
  artifactKey: Guid(05f1689d2bd6643ebb0930a1d4c0f2a6) Importer(815301076,1909f56bfc062723c751e8b465ee728b)
Number of updated assets reloaded before import = 0
Start importing Assets/Store Assets/Simple Vector Icons/128px/UI_Icon_Hierarchy.png using Guid(05f1689d2bd6643ebb0930a1d4c0f2a6) Importer(815301076,1909f56bfc062723c751e8b465ee728b)  -> (artifact id: 'b88257ce9e8ae5da4cbf99597dfa4eaa') in 0.067170 seconds 
Number of asset objects unloaded after import = 3
========================================================================
Received Import Request.
  Time since last request: 0.000042 seconds.
  path: Assets/Store Assets/Simple Vector Icons/128px/UI_Icon_Glass.png
  artifactKey: Guid(5705306b7016c417c89dd5a92af48456) Importer(815301076,1909f56bfc062723c751e8b465ee728b)
Number of updated assets reloaded before import = 0
Start importing Assets/Store Assets/Simple Vector Icons/128px/UI_Icon_Glass.png using Guid(5705306b7016c417c89dd5a92af48456) Importer(815301076,1909f56bfc062723c751e8b465ee728b)  -> (artifact id: 'c8b5739f2a1da5770fe5b326aa406daa') in 0.066366 seconds 
Number of asset objects unloaded after import = 3
========================================================================
Received Import Request.
  Time since last request: 0.000037 seconds.
  path: Assets/Store Assets/Simple Vector Icons/128px/UI_Icon_Heart.png
  artifactKey: Guid(fea67f542338242de96294de06f1ffbd) Importer(815301076,1909f56bfc062723c751e8b465ee728b)
Number of updated assets reloaded before import = 0
Start importing Assets/Store Assets/Simple Vector Icons/128px/UI_Icon_Heart.png using Guid(fea67f542338242de96294de06f1ffbd) Importer(815301076,1909f56bfc062723c751e8b465ee728b)  -> (artifact id: 'f8ec512a8563f60d2e5fe3b97dd2976c') in 0.083448 seconds 
Number of asset objects unloaded after import = 3
========================================================================
Received Import Request.
  Time since last request: 0.000056 seconds.
  path: Assets/Store Assets/Simple Vector Icons/128px/UI_Icon_InvBelt.png
  artifactKey: Guid(08214076b84e2488a9da8e8f5294ebf2) Importer(815301076,1909f56bfc062723c751e8b465ee728b)
Number of updated assets reloaded before import = 0
Start importing Assets/Store Assets/Simple Vector Icons/128px/UI_Icon_InvBelt.png using Guid(08214076b84e2488a9da8e8f5294ebf2) Importer(815301076,1909f56bfc062723c751e8b465ee728b)  -> (artifact id: '0d1acfec64c5dfae2c118feb883fbf8a') in 0.065419 seconds 
Number of asset objects unloaded after import = 3
========================================================================
Received Import Request.
  Time since last request: 0.101077 seconds.
  path: Assets/Store Assets/Simple Vector Icons/128px/UI_Icon_Fire.png
  artifactKey: Guid(fef164a82e35a40749c7d051ce42036f) Importer(815301076,1909f56bfc062723c751e8b465ee728b)
Number of updated assets reloaded before import = 0
Start importing Assets/Store Assets/Simple Vector Icons/128px/UI_Icon_Fire.png using Guid(fef164a82e35a40749c7d051ce42036f) Importer(815301076,1909f56bfc062723c751e8b465ee728b)  -> (artifact id: '84795d244a1d16ac22d2be6eb2e2538a') in 0.086523 seconds 
Number of asset objects unloaded after import = 3
========================================================================
Received Import Request.
  Time since last request: 0.000025 seconds.
  path: Assets/Store Assets/Simple Vector Icons/128px/UI_Icon_Gauge.png
  artifactKey: Guid(d5d226a01fed6493a91c9558df8f3571) Importer(815301076,1909f56bfc062723c751e8b465ee728b)
Number of updated assets reloaded before import = 0
Start importing Assets/Store Assets/Simple Vector Icons/128px/UI_Icon_Gauge.png using Guid(d5d226a01fed6493a91c9558df8f3571) Importer(815301076,1909f56bfc062723c751e8b465ee728b)  -> (artifact id: '675310211c24683f78243be36a21f166') in 0.051962 seconds 
Number of asset objects unloaded after import = 3
========================================================================
Received Import Request.
  Time since last request: 0.000042 seconds.
  path: Assets/Store Assets/Simple Vector Icons/128px/UI_Icon_FullscreenExit.png
  artifactKey: Guid(e2202b8aabbff476ab5e2468ee3b72ca) Importer(815301076,1909f56bfc062723c751e8b465ee728b)
Number of updated assets reloaded before import = 0
Start importing Assets/Store Assets/Simple Vector Icons/128px/UI_Icon_FullscreenExit.png using Guid(e2202b8aabbff476ab5e2468ee3b72ca) Importer(815301076,1909f56bfc062723c751e8b465ee728b)  -> (artifact id: 'e8e2a373511bf09a42282d08df7c5c35') in 0.070209 seconds 
Number of asset objects unloaded after import = 3
========================================================================
Received Import Request.
  Time since last request: 0.000060 seconds.
  path: Assets/Store Assets/Simple Vector Icons/128px/UI_Icon_Flag.png
  artifactKey: Guid(5c5b7ead15e2040d88a94f883b2f2633) Importer(815301076,1909f56bfc062723c751e8b465ee728b)
Number of updated assets reloaded before import = 0
Start importing Assets/Store Assets/Simple Vector Icons/128px/UI_Icon_Flag.png using Guid(5c5b7ead15e2040d88a94f883b2f2633) Importer(815301076,1909f56bfc062723c751e8b465ee728b)  -> (artifact id: 'bd1df65b1445420a6adf734fd19aa37d') in 0.062383 seconds 
Number of asset objects unloaded after import = 3
========================================================================
Received Import Request.
  Time since last request: 0.032731 seconds.
  path: Assets/Store Assets/Simple Vector Icons/128px/UI_Icon_FaithJudaism.png
  artifactKey: Guid(125c3f0e17dae4dcab945becb563ad7e) Importer(815301076,1909f56bfc062723c751e8b465ee728b)
Number of updated assets reloaded before import = 0
Start importing Assets/Store Assets/Simple Vector Icons/128px/UI_Icon_FaithJudaism.png using Guid(125c3f0e17dae4dcab945becb563ad7e) Importer(815301076,1909f56bfc062723c751e8b465ee728b)  -> (artifact id: 'ae616f9ca9af414f590d3f7049a09a8d') in 0.071558 seconds 
Number of asset objects unloaded after import = 3
========================================================================
Received Import Request.
  Time since last request: 0.000036 seconds.
  path: Assets/Store Assets/Simple Vector Icons/128px/UI_Icon_FaithTaosim.png
  artifactKey: Guid(8f8ed097a605241b4935118a866cafb8) Importer(815301076,1909f56bfc062723c751e8b465ee728b)
Number of updated assets reloaded before import = 0
Start importing Assets/Store Assets/Simple Vector Icons/128px/UI_Icon_FaithTaosim.png using Guid(8f8ed097a605241b4935118a866cafb8) Importer(815301076,1909f56bfc062723c751e8b465ee728b)  -> (artifact id: '337419dcba1c832f5c02eb8e6daaa436') in 0.059629 seconds 
Number of asset objects unloaded after import = 3
========================================================================
Received Import Request.
  Time since last request: 0.000067 seconds.
  path: Assets/Store Assets/Simple Vector Icons/128px/UI_Icon_DIce3.png
  artifactKey: Guid(bf31979ae4c424954b9b66e0e081c3e9) Importer(815301076,1909f56bfc062723c751e8b465ee728b)
Number of updated assets reloaded before import = 0
Start importing Assets/Store Assets/Simple Vector Icons/128px/UI_Icon_DIce3.png using Guid(bf31979ae4c424954b9b66e0e081c3e9) Importer(815301076,1909f56bfc062723c751e8b465ee728b)  -> (artifact id: 'ec74657f46600fb2d28fc054798fac34') in 0.071502 seconds 
Number of asset objects unloaded after import = 3
========================================================================
Received Import Request.
  Time since last request: 0.000082 seconds.
  path: Assets/Store Assets/Simple Vector Icons/128px/UI_Icon_FastForward.png
  artifactKey: Guid(a133a9b43e4cb463ba9809088d878a98) Importer(815301076,1909f56bfc062723c751e8b465ee728b)
Number of updated assets reloaded before import = 0
Start importing Assets/Store Assets/Simple Vector Icons/128px/UI_Icon_FastForward.png using Guid(a133a9b43e4cb463ba9809088d878a98) Importer(815301076,1909f56bfc062723c751e8b465ee728b)  -> (artifact id: 'a5eb1f17b383f5ebc92c957a9c67a24d') in 0.068679 seconds 
Number of asset objects unloaded after import = 3
========================================================================
Received Import Request.
  Time since last request: 0.000037 seconds.
  path: Assets/Store Assets/Simple Vector Icons/128px/UI_Icon_EllipsisHorizontal.png
  artifactKey: Guid(eb3d0216cfbea4d3588c9684e662ce06) Importer(815301076,1909f56bfc062723c751e8b465ee728b)
Number of updated assets reloaded before import = 0
Start importing Assets/Store Assets/Simple Vector Icons/128px/UI_Icon_EllipsisHorizontal.png using Guid(eb3d0216cfbea4d3588c9684e662ce06) Importer(815301076,1909f56bfc062723c751e8b465ee728b)  -> (artifact id: '4cb62d667f10fd0bd829c4a6ee9c3733') in 0.071604 seconds 
Number of asset objects unloaded after import = 3
========================================================================
Received Import Request.
  Time since last request: 0.000067 seconds.
  path: Assets/Store Assets/Simple Vector Icons/128px/UI_Icon_Dice2.png
  artifactKey: Guid(af866960066e04da6b4981a1b58bf940) Importer(815301076,1909f56bfc062723c751e8b465ee728b)
Number of updated assets reloaded before import = 0
Start importing Assets/Store Assets/Simple Vector Icons/128px/UI_Icon_Dice2.png using Guid(af866960066e04da6b4981a1b58bf940) Importer(815301076,1909f56bfc062723c751e8b465ee728b)  -> (artifact id: 'c31d1a17fee785d771fa921a88f52144') in 0.064114 seconds 
Number of asset objects unloaded after import = 3
========================================================================
Received Import Request.
  Time since last request: 0.000064 seconds.
  path: Assets/Store Assets/Simple Vector Icons/128px/UI_Icon_FilePaste.png
  artifactKey: Guid(717edc8f46a29462382aa316d0fb03ee) Importer(815301076,1909f56bfc062723c751e8b465ee728b)
Number of updated assets reloaded before import = 0
Start importing Assets/Store Assets/Simple Vector Icons/128px/UI_Icon_FilePaste.png using Guid(717edc8f46a29462382aa316d0fb03ee) Importer(815301076,1909f56bfc062723c751e8b465ee728b)  -> (artifact id: '42db638da169eddf156e34f0949a6db0') in 0.061781 seconds 
Number of asset objects unloaded after import = 3
========================================================================
Received Import Request.
  Time since last request: 0.000047 seconds.
  path: Assets/Store Assets/Simple Vector Icons/128px/UI_Icon_Dice5.png
  artifactKey: Guid(8e93e05eccce04e0ab0bc187b3f0ff30) Importer(815301076,1909f56bfc062723c751e8b465ee728b)
Number of updated assets reloaded before import = 0
Start importing Assets/Store Assets/Simple Vector Icons/128px/UI_Icon_Dice5.png using Guid(8e93e05eccce04e0ab0bc187b3f0ff30) Importer(815301076,1909f56bfc062723c751e8b465ee728b)  -> (artifact id: '2224089ecbe82a2780b609915587618d') in 0.062409 seconds 
Number of asset objects unloaded after import = 3
========================================================================
Received Import Request.
  Time since last request: 0.197310 seconds.
  path: Assets/Store Assets/Simple Vector Icons/128px/UI_Icon_CurrencyRuble.png
  artifactKey: Guid(b24b0ef2b916e48ceabb6289493c7314) Importer(815301076,1909f56bfc062723c751e8b465ee728b)
Number of updated assets reloaded before import = 0
Start importing Assets/Store Assets/Simple Vector Icons/128px/UI_Icon_CurrencyRuble.png using Guid(b24b0ef2b916e48ceabb6289493c7314) Importer(815301076,1909f56bfc062723c751e8b465ee728b)  -> (artifact id: '5c40bf445258173201bb159ae8db069c') in 0.086894 seconds 
Number of asset objects unloaded after import = 3
========================================================================
Received Import Request.
  Time since last request: 0.000034 seconds.
  path: Assets/Store Assets/Simple Vector Icons/128px/UI_Icon_CurrencyYen.png
  artifactKey: Guid(0ea6e1b2bb90f4e0fa85c22965e08f91) Importer(815301076,1909f56bfc062723c751e8b465ee728b)
Number of updated assets reloaded before import = 0
Start importing Assets/Store Assets/Simple Vector Icons/128px/UI_Icon_CurrencyYen.png using Guid(0ea6e1b2bb90f4e0fa85c22965e08f91) Importer(815301076,1909f56bfc062723c751e8b465ee728b)  -> (artifact id: '02e2e7b902fba0874853d04fbe6a1744') in 0.055816 seconds 
Number of asset objects unloaded after import = 3
========================================================================
Received Import Request.
  Time since last request: 0.000049 seconds.
  path: Assets/Store Assets/Simple Vector Icons/128px/UI_Icon_Compass.png
  artifactKey: Guid(64a9c62d9049b448e8ba3efe904b0206) Importer(815301076,1909f56bfc062723c751e8b465ee728b)
Number of updated assets reloaded before import = 0
Start importing Assets/Store Assets/Simple Vector Icons/128px/UI_Icon_Compass.png using Guid(64a9c62d9049b448e8ba3efe904b0206) Importer(815301076,1909f56bfc062723c751e8b465ee728b)  -> (artifact id: '68851f39141ea6c93bc4c0757faf0ea7') in 0.056977 seconds 
Number of asset objects unloaded after import = 3
========================================================================
Received Import Request.
  Time since last request: 0.000032 seconds.
  path: Assets/Store Assets/Simple Vector Icons/128px/UI_Icon_CurrencyBitcoin.png
  artifactKey: Guid(a5ea88d9d21204cd1bbac302aee6f6b7) Importer(815301076,1909f56bfc062723c751e8b465ee728b)
Number of updated assets reloaded before import = 0
Start importing Assets/Store Assets/Simple Vector Icons/128px/UI_Icon_CurrencyBitcoin.png using Guid(a5ea88d9d21204cd1bbac302aee6f6b7) Importer(815301076,1909f56bfc062723c751e8b465ee728b)  -> (artifact id: '65ed0ef4f856ef6278724b171b536cf5') in 0.061615 seconds 
Number of asset objects unloaded after import = 3
========================================================================
Received Import Request.
  Time since last request: 0.000044 seconds.
  path: Assets/Store Assets/Simple Vector Icons/128px/UI_Icon_ColorPalette.png
  artifactKey: Guid(7b5397ea411b0494182c2d2f8cbeea63) Importer(815301076,1909f56bfc062723c751e8b465ee728b)
Number of updated assets reloaded before import = 0
Start importing Assets/Store Assets/Simple Vector Icons/128px/UI_Icon_ColorPalette.png using Guid(7b5397ea411b0494182c2d2f8cbeea63) Importer(815301076,1909f56bfc062723c751e8b465ee728b)  -> (artifact id: '98c130e11c1abe7abc9a8913ed845b15') in 0.063826 seconds 
Number of asset objects unloaded after import = 3
========================================================================
Received Import Request.
  Time since last request: 0.000038 seconds.
  path: Assets/Store Assets/Simple Vector Icons/128px/UI_Icon_Defend.png
  artifactKey: Guid(e5a8ddb71725f4711a397ec9f4e31623) Importer(815301076,1909f56bfc062723c751e8b465ee728b)
Number of updated assets reloaded before import = 0
Start importing Assets/Store Assets/Simple Vector Icons/128px/UI_Icon_Defend.png using Guid(e5a8ddb71725f4711a397ec9f4e31623) Importer(815301076,1909f56bfc062723c751e8b465ee728b)  -> (artifact id: 'fb958a4c3d9ed6373a3b72a44d3269bb') in 0.065406 seconds 
Number of asset objects unloaded after import = 3
========================================================================
Received Import Request.
  Time since last request: 0.000042 seconds.
  path: Assets/Store Assets/Simple Vector Icons/128px/UI_Icon_Chat.png
  artifactKey: Guid(52f5bc66de7c642e9b8f3cb86bf37737) Importer(815301076,1909f56bfc062723c751e8b465ee728b)
Number of updated assets reloaded before import = 0
Start importing Assets/Store Assets/Simple Vector Icons/128px/UI_Icon_Chat.png using Guid(52f5bc66de7c642e9b8f3cb86bf37737) Importer(815301076,1909f56bfc062723c751e8b465ee728b)  -> (artifact id: 'f67426096df0803b657d16942f840951') in 0.092730 seconds 
Number of asset objects unloaded after import = 3
========================================================================
Received Import Request.
  Time since last request: 0.000047 seconds.
  path: Assets/Store Assets/Simple Vector Icons/128px/UI_Icon_Chainlink.png
  artifactKey: Guid(a371213f637444c958089900240cc68a) Importer(815301076,1909f56bfc062723c751e8b465ee728b)
Number of updated assets reloaded before import = 0
Start importing Assets/Store Assets/Simple Vector Icons/128px/UI_Icon_Chainlink.png using Guid(a371213f637444c958089900240cc68a) Importer(815301076,1909f56bfc062723c751e8b465ee728b)  -> (artifact id: 'b9073a2c3dc392cf2e4bccb18ef75937') in 0.080239 seconds 
Number of asset objects unloaded after import = 3
========================================================================
Received Import Request.
  Time since last request: 0.000034 seconds.
  path: Assets/Store Assets/Simple Vector Icons/128px/UI_Icon_Checkbox.png
  artifactKey: Guid(c5f8122d43d8642d796ff1eede66f706) Importer(815301076,1909f56bfc062723c751e8b465ee728b)
Number of updated assets reloaded before import = 0
Start importing Assets/Store Assets/Simple Vector Icons/128px/UI_Icon_Checkbox.png using Guid(c5f8122d43d8642d796ff1eede66f706) Importer(815301076,1909f56bfc062723c751e8b465ee728b)  -> (artifact id: '7fd39d705fcda202d8335496d410232e') in 0.078647 seconds 
Number of asset objects unloaded after import = 3
========================================================================
Received Import Request.
  Time since last request: 0.000030 seconds.
  path: Assets/Store Assets/Simple Vector Icons/128px/UI_Icon_CardSpades.png
  artifactKey: Guid(25bfdc87e1e5e4db7982ccf100e599fd) Importer(815301076,1909f56bfc062723c751e8b465ee728b)
Number of updated assets reloaded before import = 0
Start importing Assets/Store Assets/Simple Vector Icons/128px/UI_Icon_CardSpades.png using Guid(25bfdc87e1e5e4db7982ccf100e599fd) Importer(815301076,1909f56bfc062723c751e8b465ee728b)  -> (artifact id: 'd0e20abd4ea0ff4f51088a05b5c77d5f') in 0.078185 seconds 
Number of asset objects unloaded after import = 3
========================================================================
Received Import Request.
  Time since last request: 0.000038 seconds.
  path: Assets/Store Assets/Simple Vector Icons/128px/UI_Icon_Cash.png
  artifactKey: Guid(8ede8066c32b84942b5fe681bcbf638d) Importer(815301076,1909f56bfc062723c751e8b465ee728b)
Number of updated assets reloaded before import = 0
Start importing Assets/Store Assets/Simple Vector Icons/128px/UI_Icon_Cash.png using Guid(8ede8066c32b84942b5fe681bcbf638d) Importer(815301076,1909f56bfc062723c751e8b465ee728b)  -> (artifact id: '8b6cac1cefd3b8ed398d216275a3b2bd') in 0.066797 seconds 
Number of asset objects unloaded after import = 3
========================================================================
Received Import Request.
  Time since last request: 0.000050 seconds.
  path: Assets/Store Assets/Simple Vector Icons/128px/UI_Icon_Database.png
  artifactKey: Guid(46b7d67f81d57419b854a7a4fd931e86) Importer(815301076,1909f56bfc062723c751e8b465ee728b)
Number of updated assets reloaded before import = 0
Start importing Assets/Store Assets/Simple Vector Icons/128px/UI_Icon_Database.png using Guid(46b7d67f81d57419b854a7a4fd931e86) Importer(815301076,1909f56bfc062723c751e8b465ee728b)  -> (artifact id: 'e89ff3179685900afaec16f3e8156529') in 0.060563 seconds 
Number of asset objects unloaded after import = 3
========================================================================
Received Import Request.
  Time since last request: 0.244395 seconds.
  path: Assets/Store Assets/Simple Vector Icons/128px/UI_Icon_BtnXboxY.png
  artifactKey: Guid(ad36e3237955d4a938e36223e9a1cb49) Importer(815301076,1909f56bfc062723c751e8b465ee728b)
Number of updated assets reloaded before import = 0
Start importing Assets/Store Assets/Simple Vector Icons/128px/UI_Icon_BtnXboxY.png using Guid(ad36e3237955d4a938e36223e9a1cb49) Importer(815301076,1909f56bfc062723c751e8b465ee728b)  -> (artifact id: '8728c4c65a6c291272d171a3ec1f643d') in 0.081553 seconds 
Number of asset objects unloaded after import = 3
========================================================================
Received Import Request.
  Time since last request: 0.000029 seconds.
  path: Assets/Store Assets/Simple Vector Icons/128px/UI_Icon_CalendarWeek.png
  artifactKey: Guid(0928f0ae3e18540a0a27e8b9cf435ea5) Importer(815301076,1909f56bfc062723c751e8b465ee728b)
Number of updated assets reloaded before import = 0
Start importing Assets/Store Assets/Simple Vector Icons/128px/UI_Icon_CalendarWeek.png using Guid(0928f0ae3e18540a0a27e8b9cf435ea5) Importer(815301076,1909f56bfc062723c751e8b465ee728b)  -> (artifact id: 'a85c980821831b03d13eec617cd7e20d') in 0.064132 seconds 
Number of asset objects unloaded after import = 3
========================================================================
Received Import Request.
  Time since last request: 0.000022 seconds.
  path: Assets/Store Assets/Simple Vector Icons/128px/UI_Icon_Camera2.png
  artifactKey: Guid(5b12169e60df84989b2b224c15e95de1) Importer(815301076,1909f56bfc062723c751e8b465ee728b)
Number of updated assets reloaded before import = 0
Start importing Assets/Store Assets/Simple Vector Icons/128px/UI_Icon_Camera2.png using Guid(5b12169e60df84989b2b224c15e95de1) Importer(815301076,1909f56bfc062723c751e8b465ee728b)  -> (artifact id: '20882f4b735139869dc8256d86e18b42') in 0.051039 seconds 
Number of asset objects unloaded after import = 3
========================================================================
Received Import Request.
  Time since last request: 0.000028 seconds.
  path: Assets/Store Assets/Simple Vector Icons/128px/UI_Icon_BtnXboxARound.png
  artifactKey: Guid(1a621454d016e4865b39248c425163bf) Importer(815301076,1909f56bfc062723c751e8b465ee728b)
Number of updated assets reloaded before import = 0
Start importing Assets/Store Assets/Simple Vector Icons/128px/UI_Icon_BtnXboxARound.png using Guid(1a621454d016e4865b39248c425163bf) Importer(815301076,1909f56bfc062723c751e8b465ee728b)  -> (artifact id: 'e75393447b8f41df13be3d56c85c1c11') in 0.071866 seconds 
Number of asset objects unloaded after import = 3
========================================================================
Received Import Request.
  Time since last request: 0.000028 seconds.
  path: Assets/Store Assets/Simple Vector Icons/128px/UI_Icon_BtnPsCrossRound.png
  artifactKey: Guid(5181b3497e6cc45a1b78d2c9154069d7) Importer(815301076,1909f56bfc062723c751e8b465ee728b)
Number of updated assets reloaded before import = 0
Start importing Assets/Store Assets/Simple Vector Icons/128px/UI_Icon_BtnPsCrossRound.png using Guid(5181b3497e6cc45a1b78d2c9154069d7) Importer(815301076,1909f56bfc062723c751e8b465ee728b)  -> (artifact id: '02e3ce182771c97492fcf7ba5e9c0979') in 0.062085 seconds 
Number of asset objects unloaded after import = 3
========================================================================
Received Import Request.
  Time since last request: 0.000032 seconds.
  path: Assets/Store Assets/Simple Vector Icons/128px/UI_Icon_BtnPsSquare.png
  artifactKey: Guid(fc909ff2744284df6b448c8760dc919a) Importer(815301076,1909f56bfc062723c751e8b465ee728b)
Number of updated assets reloaded before import = 0
Start importing Assets/Store Assets/Simple Vector Icons/128px/UI_Icon_BtnPsSquare.png using Guid(fc909ff2744284df6b448c8760dc919a) Importer(815301076,1909f56bfc062723c751e8b465ee728b)  -> (artifact id: 'acb49e439010456c5fc7d480818599ea') in 0.066718 seconds 
Number of asset objects unloaded after import = 3
========================================================================
Received Import Request.
  Time since last request: 0.000071 seconds.
  path: Assets/Store Assets/Simple Vector Icons/128px/UI_Icon_BtnXboxA.png
  artifactKey: Guid(d409f8f126d014c45a8221ffe69d2b8b) Importer(815301076,1909f56bfc062723c751e8b465ee728b)
Number of updated assets reloaded before import = 0
Start importing Assets/Store Assets/Simple Vector Icons/128px/UI_Icon_BtnXboxA.png using Guid(d409f8f126d014c45a8221ffe69d2b8b) Importer(815301076,1909f56bfc062723c751e8b465ee728b)  -> (artifact id: 'b943b143bd0772e40bdfa29e7b22218e') in 0.063774 seconds 
Number of asset objects unloaded after import = 3
========================================================================
Received Import Request.
  Time since last request: 0.000060 seconds.
  path: Assets/Store Assets/Simple Vector Icons/128px/UI_Icon_BtnXboxYRound.png
  artifactKey: Guid(d2a9c63c249c844a1b82b4cced956267) Importer(815301076,1909f56bfc062723c751e8b465ee728b)
Number of updated assets reloaded before import = 0
Start importing Assets/Store Assets/Simple Vector Icons/128px/UI_Icon_BtnXboxYRound.png using Guid(d2a9c63c249c844a1b82b4cced956267) Importer(815301076,1909f56bfc062723c751e8b465ee728b)  -> (artifact id: 'b4d064700965128987e7e02511a277b8') in 0.063384 seconds 
Number of asset objects unloaded after import = 3
========================================================================
Received Import Request.
  Time since last request: 0.399167 seconds.
  path: Assets/Store Assets/Simple Vector Icons/128px/UI_Icon_BtnDpadDirRight.png
  artifactKey: Guid(a9c1db417958948e9955ec7c1ee5fd48) Importer(815301076,1909f56bfc062723c751e8b465ee728b)
Number of updated assets reloaded before import = 0
Start importing Assets/Store Assets/Simple Vector Icons/128px/UI_Icon_BtnDpadDirRight.png using Guid(a9c1db417958948e9955ec7c1ee5fd48) Importer(815301076,1909f56bfc062723c751e8b465ee728b)  -> (artifact id: '152ea2dfbdd5b03f77e926dbfdee7c68') in 0.076849 seconds 
Number of asset objects unloaded after import = 3
========================================================================
Received Import Request.
  Time since last request: 0.000040 seconds.
  path: Assets/Store Assets/Simple Vector Icons/128px/UI_Icon_BtnDpadDirUp.png
  artifactKey: Guid(d8470a2110fb9480aab068689e3c7b36) Importer(815301076,1909f56bfc062723c751e8b465ee728b)
Number of updated assets reloaded before import = 0
Start importing Assets/Store Assets/Simple Vector Icons/128px/UI_Icon_BtnDpadDirUp.png using Guid(d8470a2110fb9480aab068689e3c7b36) Importer(815301076,1909f56bfc062723c751e8b465ee728b)  -> (artifact id: '8b6b04e09e1c35bd38e860b7495d4b76') in 0.072159 seconds 
Number of asset objects unloaded after import = 3
========================================================================
Received Import Request.
  Time since last request: 0.000053 seconds.
  path: Assets/Store Assets/Simple Vector Icons/128px/UI_Icon_BtnL2.png
  artifactKey: Guid(a19874af8bec24e25a8f77ebb12b1751) Importer(815301076,1909f56bfc062723c751e8b465ee728b)
Number of updated assets reloaded before import = 0
Start importing Assets/Store Assets/Simple Vector Icons/128px/UI_Icon_BtnL2.png using Guid(a19874af8bec24e25a8f77ebb12b1751) Importer(815301076,1909f56bfc062723c751e8b465ee728b)  -> (artifact id: '690fc4104f0adc9fc0128e344c361536') in 0.056960 seconds 
Number of asset objects unloaded after import = 3
========================================================================
Received Import Request.
  Time since last request: 0.000042 seconds.
  path: Assets/Store Assets/Simple Vector Icons/128px/UI_Icon_BtnPsCircle.png
  artifactKey: Guid(ac5a13e73bda843d9a68a94ea07ceec4) Importer(815301076,1909f56bfc062723c751e8b465ee728b)
Number of updated assets reloaded before import = 0
Start importing Assets/Store Assets/Simple Vector Icons/128px/UI_Icon_BtnPsCircle.png using Guid(ac5a13e73bda843d9a68a94ea07ceec4) Importer(815301076,1909f56bfc062723c751e8b465ee728b)  -> (artifact id: 'c358db259838df9ff52dddf48b192d26') in 0.058349 seconds 
Number of asset objects unloaded after import = 3
========================================================================
Received Import Request.
  Time since last request: 0.000026 seconds.
  path: Assets/Store Assets/Simple Vector Icons/128px/UI_Icon_Book.png
  artifactKey: Guid(edba0f6a86b144540a7cfba94893a750) Importer(815301076,1909f56bfc062723c751e8b465ee728b)
Number of updated assets reloaded before import = 0
Start importing Assets/Store Assets/Simple Vector Icons/128px/UI_Icon_Book.png using Guid(edba0f6a86b144540a7cfba94893a750) Importer(815301076,1909f56bfc062723c751e8b465ee728b)  -> (artifact id: 'b68a7510339ae82c064b1a216434d416') in 0.066826 seconds 
Number of asset objects unloaded after import = 3
========================================================================
Received Import Request.
  Time since last request: 0.000024 seconds.
  path: Assets/Store Assets/Simple Vector Icons/128px/UI_Icon_Bomb.png
  artifactKey: Guid(083307e6b8ec64b9a9b6fdda5a3ceb70) Importer(815301076,1909f56bfc062723c751e8b465ee728b)
Number of updated assets reloaded before import = 0
Start importing Assets/Store Assets/Simple Vector Icons/128px/UI_Icon_Bomb.png using Guid(083307e6b8ec64b9a9b6fdda5a3ceb70) Importer(815301076,1909f56bfc062723c751e8b465ee728b)  -> (artifact id: 'f18c15b27aa0a6b276c545383a1e3092') in 0.062111 seconds 
Number of asset objects unloaded after import = 3
========================================================================
Received Import Request.
  Time since last request: 0.000030 seconds.
  path: Assets/Store Assets/Simple Vector Icons/128px/UI_Icon_Bone.png
  artifactKey: Guid(1062ed40eca1848c59db68e47d3b0410) Importer(815301076,1909f56bfc062723c751e8b465ee728b)
Number of updated assets reloaded before import = 0
Start importing Assets/Store Assets/Simple Vector Icons/128px/UI_Icon_Bone.png using Guid(1062ed40eca1848c59db68e47d3b0410) Importer(815301076,1909f56bfc062723c751e8b465ee728b)  -> (artifact id: '32bd1c28b75ab1c14ed7647d1026bf2d') in 0.058127 seconds 
Number of asset objects unloaded after import = 3
========================================================================
Received Import Request.
  Time since last request: 0.000049 seconds.
  path: Assets/Store Assets/Simple Vector Icons/128px/UI_Icon_Battery100.png
  artifactKey: Guid(d1f2f3fe0af10469e9c90ea27ea3609d) Importer(815301076,1909f56bfc062723c751e8b465ee728b)
Number of updated assets reloaded before import = 0
Start importing Assets/Store Assets/Simple Vector Icons/128px/UI_Icon_Battery100.png using Guid(d1f2f3fe0af10469e9c90ea27ea3609d) Importer(815301076,1909f56bfc062723c751e8b465ee728b)  -> (artifact id: '8f7a79e13a8ffb77f309e74f686d886c') in 0.061413 seconds 
Number of asset objects unloaded after import = 3
========================================================================
Received Import Request.
  Time since last request: 0.022651 seconds.
  path: Assets/Store Assets/Simple Vector Icons/128px/UI_Icon_ArrowRight.png
  artifactKey: Guid(083b79cd6280b4186beaea0a39352110) Importer(815301076,1909f56bfc062723c751e8b465ee728b)
Number of updated assets reloaded before import = 0
Start importing Assets/Store Assets/Simple Vector Icons/128px/UI_Icon_ArrowRight.png using Guid(083b79cd6280b4186beaea0a39352110) Importer(815301076,1909f56bfc062723c751e8b465ee728b)  -> (artifact id: '3c78cd3ec0355d522f5fdcd94019174a') in 0.069800 seconds 
Number of asset objects unloaded after import = 3
========================================================================
Received Import Request.
  Time since last request: 0.000036 seconds.
  path: Assets/Store Assets/Simple Vector Icons/128px/UI_Icon_ArrowUpDown.png
  artifactKey: Guid(f7193d836062246348c8b0275907081e) Importer(815301076,1909f56bfc062723c751e8b465ee728b)
Number of updated assets reloaded before import = 0
Start importing Assets/Store Assets/Simple Vector Icons/128px/UI_Icon_ArrowUpDown.png using Guid(f7193d836062246348c8b0275907081e) Importer(815301076,1909f56bfc062723c751e8b465ee728b)  -> (artifact id: '6946a5ae81ac6e2f508a923ec77414a6') in 0.066245 seconds 
Number of asset objects unloaded after import = 3
========================================================================
Received Import Request.
  Time since last request: 0.000031 seconds.
  path: Assets/Store Assets/Simple Vector Icons/128px/UI_Icon_Bag1.png
  artifactKey: Guid(cfbf07a9e9ab74c57addb9487483be25) Importer(815301076,1909f56bfc062723c751e8b465ee728b)
Number of updated assets reloaded before import = 0
Start importing Assets/Store Assets/Simple Vector Icons/128px/UI_Icon_Bag1.png using Guid(cfbf07a9e9ab74c57addb9487483be25) Importer(815301076,1909f56bfc062723c751e8b465ee728b)  -> (artifact id: '10763fd2ab651b87966cddd28cbe3ef0') in 0.069464 seconds 
Number of asset objects unloaded after import = 3
========================================================================
Received Import Request.
  Time since last request: 0.000047 seconds.
  path: Assets/Store Assets/Simple Vector Icons/128px/UI_Icon_BackSpace.png
  artifactKey: Guid(308fa2264dce645c69dbd11227268b29) Importer(815301076,1909f56bfc062723c751e8b465ee728b)
Number of updated assets reloaded before import = 0
Start importing Assets/Store Assets/Simple Vector Icons/128px/UI_Icon_BackSpace.png using Guid(308fa2264dce645c69dbd11227268b29) Importer(815301076,1909f56bfc062723c751e8b465ee728b)  -> (artifact id: '74aa3510549035ef8c1761eea9b3862b') in 0.064407 seconds 
Number of asset objects unloaded after import = 3
========================================================================
Received Import Request.
  Time since last request: 0.233327 seconds.
  path: Assets/Violet Theme Ui/Colored Icons/Touch.png
  artifactKey: Guid(311c2d5a384d93e49b14d80905a024fc) Importer(815301076,1909f56bfc062723c751e8b465ee728b)
Number of updated assets reloaded before import = 0
Start importing Assets/Violet Theme Ui/Colored Icons/Touch.png using Guid(311c2d5a384d93e49b14d80905a024fc) Importer(815301076,1909f56bfc062723c751e8b465ee728b)  -> (artifact id: 'e06fa8ecaa1efc4bf8d8963d63a982dd') in 0.056521 seconds 
Number of asset objects unloaded after import = 3
========================================================================
Received Import Request.
  Time since last request: 0.000033 seconds.
  path: Assets/Violet Theme Ui/Colored Icons/Trash.png
  artifactKey: Guid(ffc820495a6d911419c56d96b31d31fe) Importer(815301076,1909f56bfc062723c751e8b465ee728b)
Number of updated assets reloaded before import = 0
Start importing Assets/Violet Theme Ui/Colored Icons/Trash.png using Guid(ffc820495a6d911419c56d96b31d31fe) Importer(815301076,1909f56bfc062723c751e8b465ee728b)  -> (artifact id: 'a565da018278f844aaa2a158cb8119cf') in 0.031381 seconds 
Number of asset objects unloaded after import = 3
========================================================================
Received Import Request.
  Time since last request: 0.000022 seconds.
  path: Assets/Store Assets/Simple Vector Icons/128px/UI_Icon_AlarmOff.png
  artifactKey: Guid(744f3de9fe2c543a4a11dca6bec2107d) Importer(815301076,1909f56bfc062723c751e8b465ee728b)
Number of updated assets reloaded before import = 0
Start importing Assets/Store Assets/Simple Vector Icons/128px/UI_Icon_AlarmOff.png using Guid(744f3de9fe2c543a4a11dca6bec2107d) Importer(815301076,1909f56bfc062723c751e8b465ee728b)  -> (artifact id: 'eaf80083caa0dfb2a8f01f7983f82fee') in 0.067927 seconds 
Number of asset objects unloaded after import = 3
========================================================================
Received Import Request.
  Time since last request: 0.000028 seconds.
  path: Assets/Store Assets/Simple Vector Icons/128px/UI_Icon_AlarmOn.png
  artifactKey: Guid(15768a9113a16419a84d76b5b245ca9f) Importer(815301076,1909f56bfc062723c751e8b465ee728b)
Number of updated assets reloaded before import = 0
Start importing Assets/Store Assets/Simple Vector Icons/128px/UI_Icon_AlarmOn.png using Guid(15768a9113a16419a84d76b5b245ca9f) Importer(815301076,1909f56bfc062723c751e8b465ee728b)  -> (artifact id: '39d50361ca617b24528c9cd9c28e733b') in 0.060639 seconds 
Number of asset objects unloaded after import = 3
========================================================================
Received Import Request.
  Time since last request: 0.168280 seconds.
  path: Assets/Violet Theme Ui/Colored Icons/target.png
  artifactKey: Guid(6d0d8e88f558fdd45822018b80ab2b02) Importer(815301076,1909f56bfc062723c751e8b465ee728b)
Number of updated assets reloaded before import = 0
Start importing Assets/Violet Theme Ui/Colored Icons/target.png using Guid(6d0d8e88f558fdd45822018b80ab2b02) Importer(815301076,1909f56bfc062723c751e8b465ee728b)  -> (artifact id: '467f6e5895135619ef080a005f7cce66') in 0.044669 seconds 
Number of asset objects unloaded after import = 3
========================================================================
Received Import Request.
  Time since last request: 0.000034 seconds.
  path: Assets/Violet Theme Ui/Toggles/Toggle Fill Blue.png
  artifactKey: Guid(096850a21c881704988ae721d4033773) Importer(815301076,1909f56bfc062723c751e8b465ee728b)
Number of updated assets reloaded before import = 0
Start importing Assets/Violet Theme Ui/Toggles/Toggle Fill Blue.png using Guid(096850a21c881704988ae721d4033773) Importer(815301076,1909f56bfc062723c751e8b465ee728b)  -> (artifact id: 'afb7e1b3146b64bae42187fe954e7da9') in 0.040366 seconds 
Number of asset objects unloaded after import = 3
========================================================================
Received Import Request.
  Time since last request: 0.000039 seconds.
  path: Assets/Violet Theme Ui/Colored Icons/Ticket.png
  artifactKey: Guid(06322fbdfb1208249aa890e8ea3d1453) Importer(815301076,1909f56bfc062723c751e8b465ee728b)
Number of updated assets reloaded before import = 0
Start importing Assets/Violet Theme Ui/Colored Icons/Ticket.png using Guid(06322fbdfb1208249aa890e8ea3d1453) Importer(815301076,1909f56bfc062723c751e8b465ee728b)  -> (artifact id: '16931997331f575028c4a01de568996e') in 0.038174 seconds 
Number of asset objects unloaded after import = 3
========================================================================
Received Import Request.
  Time since last request: 0.000044 seconds.
  path: Assets/Violet Theme Ui/Toggles/Toggle Fill Red.png
  artifactKey: Guid(02af5e18a2327994c985f34a6152592a) Importer(815301076,1909f56bfc062723c751e8b465ee728b)
Number of updated assets reloaded before import = 0
Start importing Assets/Violet Theme Ui/Toggles/Toggle Fill Red.png using Guid(02af5e18a2327994c985f34a6152592a) Importer(815301076,1909f56bfc062723c751e8b465ee728b)  -> (artifact id: '6b9b15b48d2dbeda65e17f28fdd6637c') in 0.040994 seconds 
Number of asset objects unloaded after import = 3
========================================================================
Received Import Request.
  Time since last request: 0.217474 seconds.
  path: Assets/Violet Theme Ui/Colored Icons/Store 1.png
  artifactKey: Guid(448349a00cacb4d4a9f92ac041a2cfb4) Importer(815301076,1909f56bfc062723c751e8b465ee728b)
Number of updated assets reloaded before import = 0
Start importing Assets/Violet Theme Ui/Colored Icons/Store 1.png using Guid(448349a00cacb4d4a9f92ac041a2cfb4) Importer(815301076,1909f56bfc062723c751e8b465ee728b)  -> (artifact id: '6eeb7440d6e36561e7f97ef1a70df4ad') in 0.038805 seconds 
Number of asset objects unloaded after import = 3
========================================================================
Received Import Request.
  Time since last request: 0.000023 seconds.
  path: Assets/Violet Theme Ui/Switch/Switch Off Background.png
  artifactKey: Guid(2497ab3b270125b4f9436d5227725998) Importer(815301076,1909f56bfc062723c751e8b465ee728b)
Number of updated assets reloaded before import = 0
Start importing Assets/Violet Theme Ui/Switch/Switch Off Background.png using Guid(2497ab3b270125b4f9436d5227725998) Importer(815301076,1909f56bfc062723c751e8b465ee728b)  -> (artifact id: '5e124dbaca4d4aee07782af017044e11') in 0.032857 seconds 
Number of asset objects unloaded after import = 3
========================================================================
Received Import Request.
  Time since last request: 0.000028 seconds.
  path: Assets/Violet Theme Ui/Colored Icons/Store 2.png
  artifactKey: Guid(c1db3d1c6576a28499770b3b9fc946e3) Importer(815301076,1909f56bfc062723c751e8b465ee728b)
Number of updated assets reloaded before import = 0
Start importing Assets/Violet Theme Ui/Colored Icons/Store 2.png using Guid(c1db3d1c6576a28499770b3b9fc946e3) Importer(815301076,1909f56bfc062723c751e8b465ee728b)  -> (artifact id: '660b661cf6cf49bd50fbe1591493030c') in 0.044682 seconds 
Number of asset objects unloaded after import = 3
========================================================================
Received Import Request.
  Time since last request: 1.553328 seconds.
  path: Assets/Violet Theme Ui/Buttons/Misc/Small Square Button Green.png
  artifactKey: Guid(be120bf969ae2c84fa997ecca6dd28e6) Importer(815301076,1909f56bfc062723c751e8b465ee728b)
Number of updated assets reloaded before import = 0
Start importing Assets/Violet Theme Ui/Buttons/Misc/Small Square Button Green.png using Guid(be120bf969ae2c84fa997ecca6dd28e6) Importer(815301076,1909f56bfc062723c751e8b465ee728b)  -> (artifact id: 'c6ab5bda58779d16e107327d3a78fc19') in 0.036033 seconds 
Number of asset objects unloaded after import = 3
========================================================================
Received Import Request.
  Time since last request: 0.000021 seconds.
  path: Assets/Violet Theme Ui/Colored Icons/Star Dark.png
  artifactKey: Guid(4851d0a9a81927a478fa6af654948fd8) Importer(815301076,1909f56bfc062723c751e8b465ee728b)
Number of updated assets reloaded before import = 0
Start importing Assets/Violet Theme Ui/Colored Icons/Star Dark.png using Guid(4851d0a9a81927a478fa6af654948fd8) Importer(815301076,1909f56bfc062723c751e8b465ee728b)  -> (artifact id: 'feaedf59d8f95230e9c97a6f3ef9c6d9') in 0.036992 seconds 
Number of asset objects unloaded after import = 3
========================================================================
Received Import Request.
  Time since last request: 0.000028 seconds.
  path: Assets/Violet Theme Ui/Colored Icons/Stack Coin.png
  artifactKey: Guid(de14242464674984b921d7eaaea45793) Importer(815301076,1909f56bfc062723c751e8b465ee728b)
Number of updated assets reloaded before import = 0
Start importing Assets/Violet Theme Ui/Colored Icons/Stack Coin.png using Guid(de14242464674984b921d7eaaea45793) Importer(815301076,1909f56bfc062723c751e8b465ee728b)  -> (artifact id: '38d9fe73aea4d6b1b140b2f76dc1e5a5') in 0.026735 seconds 
Number of asset objects unloaded after import = 3
========================================================================
Received Import Request.
  Time since last request: 0.000036 seconds.
  path: Assets/Violet Theme Ui/Colored Icons/Sound.png
  artifactKey: Guid(aa7f0fb09d0e28744b8553b6bbf51cb3) Importer(815301076,1909f56bfc062723c751e8b465ee728b)
Number of updated assets reloaded before import = 0
Start importing Assets/Violet Theme Ui/Colored Icons/Sound.png using Guid(aa7f0fb09d0e28744b8553b6bbf51cb3) Importer(815301076,1909f56bfc062723c751e8b465ee728b)  -> (artifact id: '92d0c544e565d3734ab40b41559c4f33') in 0.029998 seconds 
Number of asset objects unloaded after import = 3
========================================================================
Received Import Request.
  Time since last request: 0.022829 seconds.
  path: Assets/Violet Theme Ui/Colored Icons/Return.png
  artifactKey: Guid(9165684ccdf1afe45b06edbd1d7632ea) Importer(815301076,1909f56bfc062723c751e8b465ee728b)
Number of updated assets reloaded before import = 0
Start importing Assets/Violet Theme Ui/Colored Icons/Return.png using Guid(9165684ccdf1afe45b06edbd1d7632ea) Importer(815301076,1909f56bfc062723c751e8b465ee728b)  -> (artifact id: 'cedabe8e3e78d6ac70031839f070ff56') in 0.029318 seconds 
Number of asset objects unloaded after import = 3
========================================================================
Received Import Request.
  Time since last request: 0.000020 seconds.
  path: Assets/Violet Theme Ui/Colored Icons/Right.png
  artifactKey: Guid(8cfc3be0827dfcb4584b460907d7a761) Importer(815301076,1909f56bfc062723c751e8b465ee728b)
Number of updated assets reloaded before import = 0
Start importing Assets/Violet Theme Ui/Colored Icons/Right.png using Guid(8cfc3be0827dfcb4584b460907d7a761) Importer(815301076,1909f56bfc062723c751e8b465ee728b)  -> (artifact id: '1cea90a5dd9a840dcdb9a78cbe42abec') in 0.034833 seconds 
Number of asset objects unloaded after import = 3
========================================================================
Received Import Request.
  Time since last request: 0.000026 seconds.
  path: Assets/Violet Theme Ui/Colored Icons/Silver Key.png
  artifactKey: Guid(470da63d7c6afa64db7287d30ce49c90) Importer(815301076,1909f56bfc062723c751e8b465ee728b)
Number of updated assets reloaded before import = 0
Start importing Assets/Violet Theme Ui/Colored Icons/Silver Key.png using Guid(470da63d7c6afa64db7287d30ce49c90) Importer(815301076,1909f56bfc062723c751e8b465ee728b)  -> (artifact id: 'bc1733d887519f2f27bb29c9a96a4ece') in 0.034085 seconds 
Number of asset objects unloaded after import = 3
========================================================================
Received Import Request.
  Time since last request: 0.000021 seconds.
  path: Assets/Violet Theme Ui/Colored Icons/Shield.png
  artifactKey: Guid(6f2409c812e59e04fb9d2af0715bea80) Importer(815301076,1909f56bfc062723c751e8b465ee728b)
Number of updated assets reloaded before import = 0
Start importing Assets/Violet Theme Ui/Colored Icons/Shield.png using Guid(6f2409c812e59e04fb9d2af0715bea80) Importer(815301076,1909f56bfc062723c751e8b465ee728b)  -> (artifact id: 'da8c3c9ce4a1d7e30afffa97f18729fc') in 0.027836 seconds 
Number of asset objects unloaded after import = 3
========================================================================
Received Import Request.
  Time since last request: 11.661693 seconds.
  path: Assets/Violet Theme Ui/Panels/Dark Panels Style 2 Red.png
  artifactKey: Guid(54234daa6fede4540b5dfbada6f77142) Importer(815301076,1909f56bfc062723c751e8b465ee728b)
Number of updated assets reloaded before import = 0
Start importing Assets/Violet Theme Ui/Panels/Dark Panels Style 2 Red.png using Guid(54234daa6fede4540b5dfbada6f77142) Importer(815301076,1909f56bfc062723c751e8b465ee728b)  -> (artifact id: 'f45cd97ef1ee44bb169829bdcb9f3416') in 0.109652 seconds 
Number of asset objects unloaded after import = 3
========================================================================
Received Import Request.
  Time since last request: 0.000018 seconds.
  path: Assets/Violet Theme Ui/Sliders/Handle Green.png
  artifactKey: Guid(e0651aa178dd99b4ca94b6bcab5ed545) Importer(815301076,1909f56bfc062723c751e8b465ee728b)
Number of updated assets reloaded before import = 0
Start importing Assets/Violet Theme Ui/Sliders/Handle Green.png using Guid(e0651aa178dd99b4ca94b6bcab5ed545) Importer(815301076,1909f56bfc062723c751e8b465ee728b)  -> (artifact id: '314d53fc0af217903001e41718c74969') in 0.059706 seconds 
Number of asset objects unloaded after import = 3
========================================================================
Received Import Request.
  Time since last request: 0.000048 seconds.
  path: Assets/Violet Theme Ui/NEW Panels/Design 2 Ribbon 1 BUBBLE GUM.png
  artifactKey: Guid(4b4ad554bd14daa45a0bb4ce5cb57c8c) Importer(815301076,1909f56bfc062723c751e8b465ee728b)
Number of updated assets reloaded before import = 0
Start importing Assets/Violet Theme Ui/NEW Panels/Design 2 Ribbon 1 BUBBLE GUM.png using Guid(4b4ad554bd14daa45a0bb4ce5cb57c8c) Importer(815301076,1909f56bfc062723c751e8b465ee728b)  -> (artifact id: '67a2acf66d7cb5e1656a9a5108b5836a') in 0.049974 seconds 
Number of asset objects unloaded after import = 3
========================================================================
Received Import Request.
  Time since last request: 0.000035 seconds.
  path: Assets/Violet Theme Ui/NEW Panels/Design 2 Ribbon 1 CYAN.png
  artifactKey: Guid(392628899e9974647a14a4ac82090f0c) Importer(815301076,1909f56bfc062723c751e8b465ee728b)
Number of updated assets reloaded before import = 0
Start importing Assets/Violet Theme Ui/NEW Panels/Design 2 Ribbon 1 CYAN.png using Guid(392628899e9974647a14a4ac82090f0c) Importer(815301076,1909f56bfc062723c751e8b465ee728b)  -> (artifact id: '525a35800500610f54e97cfdae5a61a1') in 0.055198 seconds 
Number of asset objects unloaded after import = 3
========================================================================
Received Import Request.
  Time since last request: 0.000017 seconds.
  path: Assets/Violet Theme Ui/Sliders/Handle Orange.png
  artifactKey: Guid(d8a3082eb4aa84c41babf3558d2a77e8) Importer(815301076,1909f56bfc062723c751e8b465ee728b)
Number of updated assets reloaded before import = 0
Start importing Assets/Violet Theme Ui/Sliders/Handle Orange.png using Guid(d8a3082eb4aa84c41babf3558d2a77e8) Importer(815301076,1909f56bfc062723c751e8b465ee728b)  -> (artifact id: '8e915e179334f9af436a1f46a00f2ed6') in 0.030858 seconds 
Number of asset objects unloaded after import = 3
========================================================================
Received Import Request.
  Time since last request: 0.000026 seconds.
  path: Assets/Violet Theme Ui/GemsAndCoins/Gem Sack.png
  artifactKey: Guid(66635ef6a77b29b4b95afd31dd58971c) Importer(815301076,1909f56bfc062723c751e8b465ee728b)
Number of updated assets reloaded before import = 0
Start importing Assets/Violet Theme Ui/GemsAndCoins/Gem Sack.png using Guid(66635ef6a77b29b4b95afd31dd58971c) Importer(815301076,1909f56bfc062723c751e8b465ee728b)  -> (artifact id: '160a9b11eab84887e63c0c0cadc96858') in 0.031260 seconds 
Number of asset objects unloaded after import = 3
========================================================================
Received Import Request.
  Time since last request: 0.000022 seconds.
  path: Assets/Violet Theme Ui/Colored Icons/Gem.png
  artifactKey: Guid(fdd7c39b6deb3f840b5fc0e9cbc6cb00) Importer(815301076,1909f56bfc062723c751e8b465ee728b)
Number of updated assets reloaded before import = 0
Start importing Assets/Violet Theme Ui/Colored Icons/Gem.png using Guid(fdd7c39b6deb3f840b5fc0e9cbc6cb00) Importer(815301076,1909f56bfc062723c751e8b465ee728b)  -> (artifact id: 'd97fe8f70ea370dd78f107023bad2147') in 0.029867 seconds 
Number of asset objects unloaded after import = 3
========================================================================
Received Import Request.
  Time since last request: 0.000020 seconds.
  path: Assets/Store Assets/Traint/Free Casual Buttons Pack/Original Artwork/Free Casual Buttons Pack.psd
  artifactKey: Guid(448fb3945e0c2cf4aa445fe845107b49) Importer(815301076,1909f56bfc062723c751e8b465ee728b)
Number of updated assets reloaded before import = 0
Start importing Assets/Store Assets/Traint/Free Casual Buttons Pack/Original Artwork/Free Casual Buttons Pack.psd using Guid(448fb3945e0c2cf4aa445fe845107b49) Importer(815301076,1909f56bfc062723c751e8b465ee728b)  -> (artifact id: '784eeaa5bc5bbd7c9b507449b424deb0') in 0.216562 seconds 
Number of asset objects unloaded after import = 3
========================================================================
Received Import Request.
  Time since last request: 0.000032 seconds.
  path: Assets/Violet Theme Ui/NEW Panels/Design 2 Ribbon 2 GREEN.png
  artifactKey: Guid(c6bc1512d87644b4b91cf7090a011d5f) Importer(815301076,1909f56bfc062723c751e8b465ee728b)
Number of updated assets reloaded before import = 0
Start importing Assets/Violet Theme Ui/NEW Panels/Design 2 Ribbon 2 GREEN.png using Guid(c6bc1512d87644b4b91cf7090a011d5f) Importer(815301076,1909f56bfc062723c751e8b465ee728b)  -> (artifact id: '76c80e397b194e4c7d673c74a1d00d9f') in 0.045146 seconds 
Number of asset objects unloaded after import = 3
========================================================================
Received Import Request.
  Time since last request: 0.000034 seconds.
  path: Assets/Violet Theme Ui/NEW Panels/Design 2 Ribbon 1 GREEN.png
  artifactKey: Guid(72d9cb11fb69a914fa4f80511952d37b) Importer(815301076,1909f56bfc062723c751e8b465ee728b)
Number of updated assets reloaded before import = 0
Start importing Assets/Violet Theme Ui/NEW Panels/Design 2 Ribbon 1 GREEN.png using Guid(72d9cb11fb69a914fa4f80511952d37b) Importer(815301076,1909f56bfc062723c751e8b465ee728b)  -> (artifact id: '51462a67f97be7437cb4dba4159a9336') in 0.054733 seconds 
Number of asset objects unloaded after import = 3
========================================================================
Received Import Request.
  Time since last request: 0.000031 seconds.
  path: Assets/Violet Theme Ui/Sliders/Handle Yellow.png
  artifactKey: Guid(d58fce3806791a446a633c9b19afa689) Importer(815301076,1909f56bfc062723c751e8b465ee728b)
Number of updated assets reloaded before import = 0
Start importing Assets/Violet Theme Ui/Sliders/Handle Yellow.png using Guid(d58fce3806791a446a633c9b19afa689) Importer(815301076,1909f56bfc062723c751e8b465ee728b)  -> (artifact id: '3efc624a9994c4a58511d5c62d1d49e7') in 0.029640 seconds 
Number of asset objects unloaded after import = 3
========================================================================
Received Import Request.
  Time since last request: 0.000022 seconds.
  path: Assets/Violet Theme Ui/Sliders/Fill Red.png
  artifactKey: Guid(89aff9e18247bb647979c8e71d9dc5c7) Importer(815301076,1909f56bfc062723c751e8b465ee728b)
Number of updated assets reloaded before import = 0
Start importing Assets/Violet Theme Ui/Sliders/Fill Red.png using Guid(89aff9e18247bb647979c8e71d9dc5c7) Importer(815301076,1909f56bfc062723c751e8b465ee728b)  -> (artifact id: '86d2cf9ef0f0f98e66a839b21b4f3770') in 0.028778 seconds 
Number of asset objects unloaded after import = 3
========================================================================
Received Import Request.
  Time since last request: 0.000021 seconds.
  path: Assets/Violet Theme Ui/NEW Panels/Design 2 Ribbon 1 RED.png
  artifactKey: Guid(bba1d5ae46f571e4ab37d4b1d0061209) Importer(815301076,1909f56bfc062723c751e8b465ee728b)
Number of updated assets reloaded before import = 0
Start importing Assets/Violet Theme Ui/NEW Panels/Design 2 Ribbon 1 RED.png using Guid(bba1d5ae46f571e4ab37d4b1d0061209) Importer(815301076,1909f56bfc062723c751e8b465ee728b)  -> (artifact id: '8478a9f4eebaeffa0ee92e62ee64742b') in 0.042420 seconds 
Number of asset objects unloaded after import = 3
========================================================================
Received Import Request.
  Time since last request: 0.000023 seconds.
  path: Assets/Violet Theme Ui/NEW Panels/Design 2 Ribbon 2 BLUE.png
  artifactKey: Guid(f74f2bf647a84604a85c42fe12bf9051) Importer(815301076,1909f56bfc062723c751e8b465ee728b)
Number of updated assets reloaded before import = 0
Start importing Assets/Violet Theme Ui/NEW Panels/Design 2 Ribbon 2 BLUE.png using Guid(f74f2bf647a84604a85c42fe12bf9051) Importer(815301076,1909f56bfc062723c751e8b465ee728b)  -> (artifact id: '2910dfe74026ec89e464de003ef67ada') in 0.040602 seconds 
Number of asset objects unloaded after import = 3
========================================================================
Received Import Request.
  Time since last request: 0.000021 seconds.
  path: Assets/Violet Theme Ui/Colored Icons/Gem 2 Blue.png
  artifactKey: Guid(e5b82729baeb4b542bc3b0dbde0a1791) Importer(815301076,1909f56bfc062723c751e8b465ee728b)
Number of updated assets reloaded before import = 0
Start importing Assets/Violet Theme Ui/Colored Icons/Gem 2 Blue.png using Guid(e5b82729baeb4b542bc3b0dbde0a1791) Importer(815301076,1909f56bfc062723c751e8b465ee728b)  -> (artifact id: '72e9a14b4281e92fa0772f32e8685aa6') in 0.034217 seconds 
Number of asset objects unloaded after import = 3
========================================================================
Received Import Request.
  Time since last request: 0.000045 seconds.
  path: Assets/Violet Theme Ui/Colored Icons/Ice Cream.png
  artifactKey: Guid(ff777246aa1a2ab428c099c13271de80) Importer(815301076,1909f56bfc062723c751e8b465ee728b)
Number of updated assets reloaded before import = 0
Start importing Assets/Violet Theme Ui/Colored Icons/Ice Cream.png using Guid(ff777246aa1a2ab428c099c13271de80) Importer(815301076,1909f56bfc062723c751e8b465ee728b)  -> (artifact id: '4c541a7be9051d7710069caf3e5e9f25') in 0.029181 seconds 
Number of asset objects unloaded after import = 3
========================================================================
Received Import Request.
  Time since last request: 0.000043 seconds.
  path: Assets/Violet Theme Ui/Colored Icons/Gold Key.png
  artifactKey: Guid(76a0ae3b6739b9d49b8afe591137c19d) Importer(815301076,1909f56bfc062723c751e8b465ee728b)
Number of updated assets reloaded before import = 0
Start importing Assets/Violet Theme Ui/Colored Icons/Gold Key.png using Guid(76a0ae3b6739b9d49b8afe591137c19d) Importer(815301076,1909f56bfc062723c751e8b465ee728b)  -> (artifact id: '79eb6f1d33f5505234c6fd10c7aa80a8') in 0.033488 seconds 
Number of asset objects unloaded after import = 3
========================================================================
Received Import Request.
  Time since last request: 0.000030 seconds.
  path: Assets/Violet Theme Ui/Colored Icons/Goal.png
  artifactKey: Guid(ed3aa35479ded734b8b98f3132c71c43) Importer(815301076,1909f56bfc062723c751e8b465ee728b)
Number of updated assets reloaded before import = 0
Start importing Assets/Violet Theme Ui/Colored Icons/Goal.png using Guid(ed3aa35479ded734b8b98f3132c71c43) Importer(815301076,1909f56bfc062723c751e8b465ee728b)  -> (artifact id: '9a8126a40c6d1df3b4fba08a5883f46d') in 0.044766 seconds 
Number of asset objects unloaded after import = 3
========================================================================
Received Import Request.
  Time since last request: 1.747679 seconds.
  path: Assets/Violet Theme Ui/Colored Icons/leaf.png
  artifactKey: Guid(a191b676b9627ca44aceb3a028607100) Importer(815301076,1909f56bfc062723c751e8b465ee728b)
Number of updated assets reloaded before import = 0
Start importing Assets/Violet Theme Ui/Colored Icons/leaf.png using Guid(a191b676b9627ca44aceb3a028607100) Importer(815301076,1909f56bfc062723c751e8b465ee728b)  -> (artifact id: '554d7c7fb5b8890625d01fde91a1fdde') in 0.035211 seconds 
Number of asset objects unloaded after import = 3
========================================================================
Received Import Request.
  Time since last request: 0.000027 seconds.
  path: Assets/Violet Theme Ui/Colored Icons/Left.png
  artifactKey: Guid(a4a40bf300cd09d429fda74afa457a03) Importer(815301076,1909f56bfc062723c751e8b465ee728b)
Number of updated assets reloaded before import = 0
Start importing Assets/Violet Theme Ui/Colored Icons/Left.png using Guid(a4a40bf300cd09d429fda74afa457a03) Importer(815301076,1909f56bfc062723c751e8b465ee728b)  -> (artifact id: '08c44ea99f8b83b4e00a42ae62c631c9') in 0.035423 seconds 
Number of asset objects unloaded after import = 3
========================================================================
Received Import Request.
  Time since last request: 0.000038 seconds.
  path: Assets/Violet Theme Ui/Colored Icons/Mail.png
  artifactKey: Guid(f43100988deb27a49af0a774cfabca2f) Importer(815301076,1909f56bfc062723c751e8b465ee728b)
Number of updated assets reloaded before import = 0
Start importing Assets/Violet Theme Ui/Colored Icons/Mail.png using Guid(f43100988deb27a49af0a774cfabca2f) Importer(815301076,1909f56bfc062723c751e8b465ee728b)  -> (artifact id: 'd538a694c4ce65b8f923c317be4fcb1b') in 0.042653 seconds 
Number of asset objects unloaded after import = 3
========================================================================
Received Import Request.
  Time since last request: 0.000022 seconds.
  path: Assets/Violet Theme Ui/Colored Icons/Medal.png
  artifactKey: Guid(8a76a65ead3a23b4ba19459d3855ffbd) Importer(815301076,1909f56bfc062723c751e8b465ee728b)
Number of updated assets reloaded before import = 0
Start importing Assets/Violet Theme Ui/Colored Icons/Medal.png using Guid(8a76a65ead3a23b4ba19459d3855ffbd) Importer(815301076,1909f56bfc062723c751e8b465ee728b)  -> (artifact id: '257c7f31dcb249c5d4bc9ff7c4c38a3b') in 0.031772 seconds 
Number of asset objects unloaded after import = 3
========================================================================
Received Import Request.
  Time since last request: 0.172944 seconds.
  path: Assets/Violet Theme Ui/Colored Icons/notepad.png
  artifactKey: Guid(735ace291de988c40947fec9b2671b3c) Importer(815301076,1909f56bfc062723c751e8b465ee728b)
Number of updated assets reloaded before import = 0
Start importing Assets/Violet Theme Ui/Colored Icons/notepad.png using Guid(735ace291de988c40947fec9b2671b3c) Importer(815301076,1909f56bfc062723c751e8b465ee728b)  -> (artifact id: 'a4f1111e9b92d2554b849e85ef46ad66') in 0.039441 seconds 
Number of asset objects unloaded after import = 3
========================================================================
Received Import Request.
  Time since last request: 0.000015 seconds.
  path: Assets/Violet Theme Ui/Colored Icons/orange.png
  artifactKey: Guid(b26193825d007d7419f7e53259af7102) Importer(815301076,1909f56bfc062723c751e8b465ee728b)
Number of updated assets reloaded before import = 0
Start importing Assets/Violet Theme Ui/Colored Icons/orange.png using Guid(b26193825d007d7419f7e53259af7102) Importer(815301076,1909f56bfc062723c751e8b465ee728b)  -> (artifact id: 'dc637dfd0c9990a527474757fed7e707') in 0.034062 seconds 
Number of asset objects unloaded after import = 3
========================================================================
Received Import Request.
  Time since last request: 0.000027 seconds.
  path: Assets/Violet Theme Ui/NEW Panels/Panel 1 BLUE.png
  artifactKey: Guid(4454caf787493e544bf0b333e0825ea1) Importer(815301076,1909f56bfc062723c751e8b465ee728b)
Number of updated assets reloaded before import = 0
Start importing Assets/Violet Theme Ui/NEW Panels/Panel 1 BLUE.png using Guid(4454caf787493e544bf0b333e0825ea1) Importer(815301076,1909f56bfc062723c751e8b465ee728b)  -> (artifact id: '2247df050066f9bdaff99b1898bdb592') in 0.039935 seconds 
Number of asset objects unloaded after import = 3
========================================================================
Received Import Request.
  Time since last request: 0.000026 seconds.
  path: Assets/Violet Theme Ui/NEW Panels/Panel 1 BUBBLE GUM.png
  artifactKey: Guid(6f259097ffe487f4baf8463ee2e02deb) Importer(815301076,1909f56bfc062723c751e8b465ee728b)
Number of updated assets reloaded before import = 0
Start importing Assets/Violet Theme Ui/NEW Panels/Panel 1 BUBBLE GUM.png using Guid(6f259097ffe487f4baf8463ee2e02deb) Importer(815301076,1909f56bfc062723c751e8b465ee728b)  -> (artifact id: '9c2f502220e1bc40db7efd408eacd5dd') in 0.038071 seconds 
Number of asset objects unloaded after import = 3
========================================================================
Received Import Request.
  Time since last request: 0.593880 seconds.
  path: Assets/Violet Theme Ui/NEW Panels/Panel 2 CYAN.png
  artifactKey: Guid(8aa1cfc1771272c47a62cdbfe5fe7f01) Importer(815301076,1909f56bfc062723c751e8b465ee728b)
Number of updated assets reloaded before import = 0
Start importing Assets/Violet Theme Ui/NEW Panels/Panel 2 CYAN.png using Guid(8aa1cfc1771272c47a62cdbfe5fe7f01) Importer(815301076,1909f56bfc062723c751e8b465ee728b)  -> (artifact id: '35977d34f612555cf1aba66de0492471') in 0.147349 seconds 
Number of asset objects unloaded after import = 3
========================================================================
Received Import Request.
  Time since last request: 0.000052 seconds.
  path: Assets/Violet Theme Ui/Colored Icons/pot of gold.png
  artifactKey: Guid(51d736afd0db7194b8ef184a5ae24672) Importer(815301076,1909f56bfc062723c751e8b465ee728b)
Number of updated assets reloaded before import = 0
Start importing Assets/Violet Theme Ui/Colored Icons/pot of gold.png using Guid(51d736afd0db7194b8ef184a5ae24672) Importer(815301076,1909f56bfc062723c751e8b465ee728b)  -> (artifact id: 'b389973f3a4106a47fdedac55c058edf') in 0.039746 seconds 
Number of asset objects unloaded after import = 3
========================================================================
Received Import Request.
  Time since last request: 0.000031 seconds.
  path: Assets/Violet Theme Ui/NEW Panels/Panel 2 RED.png
  artifactKey: Guid(6d87a038bb616144ea6c55aa4014551e) Importer(815301076,1909f56bfc062723c751e8b465ee728b)
Number of updated assets reloaded before import = 0
Start importing Assets/Violet Theme Ui/NEW Panels/Panel 2 RED.png using Guid(6d87a038bb616144ea6c55aa4014551e) Importer(815301076,1909f56bfc062723c751e8b465ee728b)  -> (artifact id: 'c32e195c41139eb7f4fde4b8cd649d5e') in 0.034375 seconds 
Number of asset objects unloaded after import = 3
========================================================================
Received Import Request.
  Time since last request: 0.000027 seconds.
  path: Assets/Violet Theme Ui/NEW Panels/Panel 2 GREEN.png
  artifactKey: Guid(e63c7abf5b32c634b968cc8f48f9ecc1) Importer(815301076,1909f56bfc062723c751e8b465ee728b)
Number of updated assets reloaded before import = 0
Start importing Assets/Violet Theme Ui/NEW Panels/Panel 2 GREEN.png using Guid(e63c7abf5b32c634b968cc8f48f9ecc1) Importer(815301076,1909f56bfc062723c751e8b465ee728b)  -> (artifact id: '03ec09e28a820c525ef896bbb8d8ae38') in 0.041740 seconds 
Number of asset objects unloaded after import = 3
========================================================================
Received Import Request.
  Time since last request: 0.506923 seconds.
  path: Assets/Violet Theme Ui/White Icons/PowerUp1.png
  artifactKey: Guid(12c7ee7a153b80e459933263e2a26be6) Importer(815301076,1909f56bfc062723c751e8b465ee728b)
Number of updated assets reloaded before import = 0
Start importing Assets/Violet Theme Ui/White Icons/PowerUp1.png using Guid(12c7ee7a153b80e459933263e2a26be6) Importer(815301076,1909f56bfc062723c751e8b465ee728b)  -> (artifact id: '50428f6c368e197c92eb024e9b91e806') in 0.054554 seconds 
Number of asset objects unloaded after import = 3
========================================================================
Received Import Request.
  Time since last request: 0.000030 seconds.
  path: Assets/Violet Theme Ui/Progress Bars/Progress Bar Purple.png
  artifactKey: Guid(0815faab49ccf63458bea68717a665ae) Importer(815301076,1909f56bfc062723c751e8b465ee728b)
Number of updated assets reloaded before import = 0
Start importing Assets/Violet Theme Ui/Progress Bars/Progress Bar Purple.png using Guid(0815faab49ccf63458bea68717a665ae) Importer(815301076,1909f56bfc062723c751e8b465ee728b)  -> (artifact id: 'cbe2e45f873c1feab6904a2062fba791') in 0.033382 seconds 
Number of asset objects unloaded after import = 3
========================================================================
Received Import Request.
  Time since last request: 0.000028 seconds.
  path: Assets/Violet Theme Ui/Progress Bars/Progress Bar Background.png
  artifactKey: Guid(3884787ef484b9641b8d705dfa15ea9d) Importer(815301076,1909f56bfc062723c751e8b465ee728b)
Number of updated assets reloaded before import = 0
Start importing Assets/Violet Theme Ui/Progress Bars/Progress Bar Background.png using Guid(3884787ef484b9641b8d705dfa15ea9d) Importer(815301076,1909f56bfc062723c751e8b465ee728b)  -> (artifact id: '77e29f47fd7c05380fc7a456967d79c2') in 0.036744 seconds 
Number of asset objects unloaded after import = 3
========================================================================
Received Import Request.
  Time since last request: 0.000023 seconds.
  path: Assets/Violet Theme Ui/Progress Bars/Progress Bar Red.png
  artifactKey: Guid(1e8ffb2f21a909b46bb2883ddb8a7b21) Importer(815301076,1909f56bfc062723c751e8b465ee728b)
Number of updated assets reloaded before import = 0
Start importing Assets/Violet Theme Ui/Progress Bars/Progress Bar Red.png using Guid(1e8ffb2f21a909b46bb2883ddb8a7b21) Importer(815301076,1909f56bfc062723c751e8b465ee728b)  -> (artifact id: '4410f7ca344396f52f753b526bf3f1fa') in 0.029395 seconds 
Number of asset objects unloaded after import = 3
========================================================================
Received Prepare
Registering precompiled user dll's ...
Registered in 0.004102 seconds.
Begin MonoManager ReloadAssembly
Native extension for WindowsStandalone target not found
Failed to load: C:/Program Files/Unity/Hub/Editor/2021.3.36f1/Editor/Data/PlaybackEngines/iOSSupport\x64\UnityEditor.iOS.Native.dll
Native extension for iOS target not found
Native extension for Android target not found
Native extension for WebGL target not found
Refreshing native plugins compatible for Editor in 2.46 ms, found 3 plugins.
Preloading 0 native plugins for Editor in 0.00 ms.
[Package Manager] Server::EnsureServerProcessIsRunning -- launch failed, reason: Unity was launched with the -noUpm command-line argument
[Package Manager] Cannot connect to Unity Package Manager local server
[Package Manager] Server::EnsureServerProcessIsRunning -- launch failed, reason: Unity was launched with the -noUpm command-line argument
[Package Manager] Cannot connect to Unity Package Manager local server
[ScriptCompilation] NOT recompiling all scripts because this is an import worker process. Reason to compile was: Define symbols changed
Mono: successfully reloaded assembly
- Completed reload, in  2.396 seconds
Domain Reload Profiling:
	ReloadAssembly (2397ms)
		BeginReloadAssembly (144ms)
			ExecutionOrderSort (0ms)
			DisableScriptedObjects (5ms)
			BackupInstance (0ms)
			ReleaseScriptingObjects (0ms)
			CreateAndSetChildDomain (31ms)
		EndReloadAssembly (2157ms)
			LoadAssemblies (99ms)
			RebuildTransferFunctionScriptingTraits (0ms)
			SetupTypeCache (314ms)
			ReleaseScriptCaches (3ms)
			RebuildScriptCaches (105ms)
			SetupLoadedEditorAssemblies (1452ms)
				LogAssemblyErrors (0ms)
				InitializePlatformSupportModulesInManaged (95ms)
				SetLoadedEditorAssemblies (1ms)
				RefreshPlugins (3ms)
				BeforeProcessingInitializeOnLoad (208ms)
				ProcessInitializeOnLoadAttributes (973ms)
				ProcessInitializeOnLoadMethodAttributes (157ms)
				AfterProcessingInitializeOnLoad (14ms)
				EditorAssembliesLoaded (1ms)
			ExecutionOrderSort2 (0ms)
			AwakeInstancesAfterBackupRestoration (16ms)
Platform modules already initialized, skipping
Refreshing native plugins compatible for Editor in 1.64 ms, found 3 plugins.
Preloading 0 native plugins for Editor in 0.00 ms.
Unloading 4412 Unused Serialized files (Serialized files now loaded: 0)
Unloading 53 unused Assets / (168.3 KB). Loaded Objects now: 5792.
Memory consumption went from 161.0 MB to 160.9 MB.
Total: 5.412400 ms (FindLiveObjects: 0.611300 ms CreateObjectMapping: 0.284200 ms MarkObjects: 4.414900 ms  DeleteObjects: 0.099700 ms)

AssetImportParameters requested are different than current active one (requested -> active):
  custom:video-decoder-ogg-theora: a1e56fd34408186e4bbccfd4996cb3dc -> 
  custom:container-muxer-webm: aa71ff27fc2769a1b78a27578f13a17b -> 
  custom:container-demuxer-webm: 4f35f7cbe854078d1ac9338744f61a02 -> 
  custom:video-encoder-webm-vp8: eb34c28f22e8b96e1ab97ce403110664 -> 
  custom:video-codec-MediaFoundation-h265: 746d11721c4dcdbdad8f713fa42b33f4 -> 
  custom:CustomObjectIndexerAttribute: bc11b3a6c3213fcdd17b65e7da85e133 -> 
  custom:audio-encoder-webm-vorbis: bf7c407c2cedff20999df2af8eb42d56 -> 
  custom:framework-win-MediaFoundation: 216162199b28c13a410421893ffa2e32 -> 
  custom:SearchIndexIgnoredProperties: e643bd26f0fe6173181afceb89e7c659 -> 
  custom:container-demuxer-ogg: 62fdf1f143b41e24485cea50d1cbac27 -> 
  custom:video-decoder-webm-vp8: 9c59270c3fd7afecdb556c50c9e8de78 -> 
  custom:audio-decoder-ogg-vorbis: bf7c407c2cedff20999df2af8eb42d56 -> 
========================================================================
Received Prepare
Registering precompiled user dll's ...
Registered in 0.004342 seconds.
Begin MonoManager ReloadAssembly
Native extension for WindowsStandalone target not found
Failed to load: C:/Program Files/Unity/Hub/Editor/2021.3.36f1/Editor/Data/PlaybackEngines/iOSSupport\x64\UnityEditor.iOS.Native.dll
Native extension for iOS target not found
Native extension for Android target not found
Native extension for WebGL target not found
Refreshing native plugins compatible for Editor in 0.79 ms, found 3 plugins.
Preloading 0 native plugins for Editor in 0.00 ms.
[Package Manager] Server::EnsureServerProcessIsRunning -- launch failed, reason: Unity was launched with the -noUpm command-line argument
[Package Manager] Cannot connect to Unity Package Manager local server
[Package Manager] Server::EnsureServerProcessIsRunning -- launch failed, reason: Unity was launched with the -noUpm command-line argument
[Package Manager] Cannot connect to Unity Package Manager local server
[ScriptCompilation] NOT recompiling all scripts because this is an import worker process. Reason to compile was: Define symbols changed
Mono: successfully reloaded assembly
- Completed reload, in  1.807 seconds
Domain Reload Profiling:
	ReloadAssembly (1808ms)
		BeginReloadAssembly (136ms)
			ExecutionOrderSort (0ms)
			DisableScriptedObjects (4ms)
			BackupInstance (0ms)
			ReleaseScriptingObjects (0ms)
			CreateAndSetChildDomain (33ms)
		EndReloadAssembly (1587ms)
			LoadAssemblies (91ms)
			RebuildTransferFunctionScriptingTraits (0ms)
			SetupTypeCache (277ms)
			ReleaseScriptCaches (2ms)
			RebuildScriptCaches (52ms)
			SetupLoadedEditorAssemblies (1088ms)
				LogAssemblyErrors (0ms)
				InitializePlatformSupportModulesInManaged (34ms)
				SetLoadedEditorAssemblies (0ms)
				RefreshPlugins (1ms)
				BeforeProcessingInitializeOnLoad (79ms)
				ProcessInitializeOnLoadAttributes (802ms)
				ProcessInitializeOnLoadMethodAttributes (160ms)
				AfterProcessingInitializeOnLoad (11ms)
				EditorAssembliesLoaded (0ms)
			ExecutionOrderSort2 (0ms)
			AwakeInstancesAfterBackupRestoration (15ms)
Platform modules already initialized, skipping
Refreshing native plugins compatible for Editor in 1.74 ms, found 3 plugins.
Preloading 0 native plugins for Editor in 0.00 ms.
Unloading 4412 Unused Serialized files (Serialized files now loaded: 0)
Unloading 53 unused Assets / (167.0 KB). Loaded Objects now: 5795.
Memory consumption went from 161.2 MB to 161.1 MB.
Total: 6.124000 ms (FindLiveObjects: 0.767600 ms CreateObjectMapping: 0.364100 ms MarkObjects: 4.870500 ms  DeleteObjects: 0.119500 ms)

AssetImportParameters requested are different than current active one (requested -> active):
  custom:video-decoder-ogg-theora: a1e56fd34408186e4bbccfd4996cb3dc -> 
  custom:container-muxer-webm: aa71ff27fc2769a1b78a27578f13a17b -> 
  custom:container-demuxer-webm: 4f35f7cbe854078d1ac9338744f61a02 -> 
  custom:video-encoder-webm-vp8: eb34c28f22e8b96e1ab97ce403110664 -> 
  custom:video-codec-MediaFoundation-h265: 746d11721c4dcdbdad8f713fa42b33f4 -> 
  custom:CustomObjectIndexerAttribute: bc11b3a6c3213fcdd17b65e7da85e133 -> 
  custom:audio-encoder-webm-vorbis: bf7c407c2cedff20999df2af8eb42d56 -> 
  custom:framework-win-MediaFoundation: 216162199b28c13a410421893ffa2e32 -> 
  custom:SearchIndexIgnoredProperties: e643bd26f0fe6173181afceb89e7c659 -> 
  custom:container-demuxer-ogg: 62fdf1f143b41e24485cea50d1cbac27 -> 
  custom:video-decoder-webm-vp8: 9c59270c3fd7afecdb556c50c9e8de78 -> 
  custom:audio-decoder-ogg-vorbis: bf7c407c2cedff20999df2af8eb42d56 -> 
========================================================================
Received Prepare
Registering precompiled user dll's ...
Registered in 0.003387 seconds.
Begin MonoManager ReloadAssembly
Native extension for WindowsStandalone target not found
Failed to load: C:/Program Files/Unity/Hub/Editor/2021.3.36f1/Editor/Data/PlaybackEngines/iOSSupport\x64\UnityEditor.iOS.Native.dll
Native extension for iOS target not found
Native extension for Android target not found
Native extension for WebGL target not found
Refreshing native plugins compatible for Editor in 1.44 ms, found 3 plugins.
Preloading 0 native plugins for Editor in 0.00 ms.
[Package Manager] Server::EnsureServerProcessIsRunning -- launch failed, reason: Unity was launched with the -noUpm command-line argument
[Package Manager] Cannot connect to Unity Package Manager local server
[Package Manager] Server::EnsureServerProcessIsRunning -- launch failed, reason: Unity was launched with the -noUpm command-line argument
[Package Manager] Cannot connect to Unity Package Manager local server
[ScriptCompilation] NOT recompiling all scripts because this is an import worker process. Reason to compile was: Define symbols changed
Mono: successfully reloaded assembly
- Completed reload, in  2.200 seconds
Domain Reload Profiling:
	ReloadAssembly (2202ms)
		BeginReloadAssembly (124ms)
			ExecutionOrderSort (0ms)
			DisableScriptedObjects (4ms)
			BackupInstance (0ms)
			ReleaseScriptingObjects (0ms)
			CreateAndSetChildDomain (34ms)
		EndReloadAssembly (1999ms)
			LoadAssemblies (82ms)
			RebuildTransferFunctionScriptingTraits (0ms)
			SetupTypeCache (321ms)
			ReleaseScriptCaches (3ms)
			RebuildScriptCaches (87ms)
			SetupLoadedEditorAssemblies (1357ms)
				LogAssemblyErrors (0ms)
				InitializePlatformSupportModulesInManaged (81ms)
				SetLoadedEditorAssemblies (1ms)
				RefreshPlugins (2ms)
				BeforeProcessingInitializeOnLoad (193ms)
				ProcessInitializeOnLoadAttributes (910ms)
				ProcessInitializeOnLoadMethodAttributes (158ms)
				AfterProcessingInitializeOnLoad (12ms)
				EditorAssembliesLoaded (0ms)
			ExecutionOrderSort2 (0ms)
			AwakeInstancesAfterBackupRestoration (14ms)
Platform modules already initialized, skipping
Refreshing native plugins compatible for Editor in 1.85 ms, found 3 plugins.
Preloading 0 native plugins for Editor in 0.00 ms.
Unloading 4412 Unused Serialized files (Serialized files now loaded: 0)
Unloading 53 unused Assets / (167.1 KB). Loaded Objects now: 5798.
Memory consumption went from 161.3 MB to 161.1 MB.
Total: 6.937300 ms (FindLiveObjects: 0.777900 ms CreateObjectMapping: 0.283200 ms MarkObjects: 5.761400 ms  DeleteObjects: 0.112400 ms)

AssetImportParameters requested are different than current active one (requested -> active):
  custom:video-decoder-ogg-theora: a1e56fd34408186e4bbccfd4996cb3dc -> 
  custom:container-muxer-webm: aa71ff27fc2769a1b78a27578f13a17b -> 
  custom:container-demuxer-webm: 4f35f7cbe854078d1ac9338744f61a02 -> 
  custom:video-encoder-webm-vp8: eb34c28f22e8b96e1ab97ce403110664 -> 
  custom:video-codec-MediaFoundation-h265: 746d11721c4dcdbdad8f713fa42b33f4 -> 
  custom:CustomObjectIndexerAttribute: bc11b3a6c3213fcdd17b65e7da85e133 -> 
  custom:audio-encoder-webm-vorbis: bf7c407c2cedff20999df2af8eb42d56 -> 
  custom:framework-win-MediaFoundation: 216162199b28c13a410421893ffa2e32 -> 
  custom:SearchIndexIgnoredProperties: e643bd26f0fe6173181afceb89e7c659 -> 
  custom:container-demuxer-ogg: 62fdf1f143b41e24485cea50d1cbac27 -> 
  custom:video-decoder-webm-vp8: 9c59270c3fd7afecdb556c50c9e8de78 -> 
  custom:audio-decoder-ogg-vorbis: bf7c407c2cedff20999df2af8eb42d56 -> 
========================================================================
Received Prepare
Registering precompiled user dll's ...
Registered in 0.007796 seconds.
Begin MonoManager ReloadAssembly
Native extension for WindowsStandalone target not found
Failed to load: C:/Program Files/Unity/Hub/Editor/2021.3.36f1/Editor/Data/PlaybackEngines/iOSSupport\x64\UnityEditor.iOS.Native.dll
Native extension for iOS target not found
Native extension for Android target not found
Native extension for WebGL target not found
Refreshing native plugins compatible for Editor in 0.94 ms, found 3 plugins.
Preloading 0 native plugins for Editor in 0.00 ms.
[Package Manager] Server::EnsureServerProcessIsRunning -- launch failed, reason: Unity was launched with the -noUpm command-line argument
[Package Manager] Cannot connect to Unity Package Manager local server
[Package Manager] Server::EnsureServerProcessIsRunning -- launch failed, reason: Unity was launched with the -noUpm command-line argument
[Package Manager] Cannot connect to Unity Package Manager local server
[ScriptCompilation] NOT recompiling all scripts because this is an import worker process. Reason to compile was: Define symbols changed
Mono: successfully reloaded assembly
- Completed reload, in  1.709 seconds
Domain Reload Profiling:
	ReloadAssembly (1710ms)
		BeginReloadAssembly (201ms)
			ExecutionOrderSort (0ms)
			DisableScriptedObjects (7ms)
			BackupInstance (0ms)
			ReleaseScriptingObjects (0ms)
			CreateAndSetChildDomain (45ms)
		EndReloadAssembly (1381ms)
			LoadAssemblies (142ms)
			RebuildTransferFunctionScriptingTraits (0ms)
			SetupTypeCache (397ms)
			ReleaseScriptCaches (3ms)
			RebuildScriptCaches (55ms)
			SetupLoadedEditorAssemblies (775ms)
				LogAssemblyErrors (0ms)
				InitializePlatformSupportModulesInManaged (39ms)
				SetLoadedEditorAssemblies (0ms)
				RefreshPlugins (1ms)
				BeforeProcessingInitializeOnLoad (88ms)
				ProcessInitializeOnLoadAttributes (588ms)
				ProcessInitializeOnLoadMethodAttributes (54ms)
				AfterProcessingInitializeOnLoad (4ms)
				EditorAssembliesLoaded (0ms)
			ExecutionOrderSort2 (0ms)
			AwakeInstancesAfterBackupRestoration (5ms)
Platform modules already initialized, skipping
Refreshing native plugins compatible for Editor in 1.00 ms, found 3 plugins.
Preloading 0 native plugins for Editor in 0.00 ms.
Unloading 4413 Unused Serialized files (Serialized files now loaded: 0)
Unloading 53 unused Assets / (168.3 KB). Loaded Objects now: 5802.
Memory consumption went from 161.3 MB to 161.1 MB.
Total: 4.218200 ms (FindLiveObjects: 0.443300 ms CreateObjectMapping: 0.215400 ms MarkObjects: 3.481900 ms  DeleteObjects: 0.075400 ms)

AssetImportParameters requested are different than current active one (requested -> active):
  custom:video-decoder-ogg-theora: a1e56fd34408186e4bbccfd4996cb3dc -> 
  custom:container-muxer-webm: aa71ff27fc2769a1b78a27578f13a17b -> 
  custom:container-demuxer-webm: 4f35f7cbe854078d1ac9338744f61a02 -> 
  custom:video-encoder-webm-vp8: eb34c28f22e8b96e1ab97ce403110664 -> 
  custom:video-codec-MediaFoundation-h265: 746d11721c4dcdbdad8f713fa42b33f4 -> 
  custom:CustomObjectIndexerAttribute: bc11b3a6c3213fcdd17b65e7da85e133 -> 
  custom:audio-encoder-webm-vorbis: bf7c407c2cedff20999df2af8eb42d56 -> 
  custom:framework-win-MediaFoundation: 216162199b28c13a410421893ffa2e32 -> 
  custom:SearchIndexIgnoredProperties: e643bd26f0fe6173181afceb89e7c659 -> 
  custom:container-demuxer-ogg: 62fdf1f143b41e24485cea50d1cbac27 -> 
  custom:video-decoder-webm-vp8: 9c59270c3fd7afecdb556c50c9e8de78 -> 
  custom:audio-decoder-ogg-vorbis: bf7c407c2cedff20999df2af8eb42d56 -> 
========================================================================
Received Import Request.
  Time since last request: 396.133538 seconds.
  path: Assets/Scripts/Canvas/PusleImage.cs
  artifactKey: Guid(c0f00dcf23f6ab34d81985d52417328c) Importer(815301076,1909f56bfc062723c751e8b465ee728b)
Number of updated assets reloaded before import = 0
Start importing Assets/Scripts/Canvas/PusleImage.cs using Guid(c0f00dcf23f6ab34d81985d52417328c) Importer(815301076,1909f56bfc062723c751e8b465ee728b)  -> (artifact id: '72885efaadfb0604778129d7c0979954') in 0.011273 seconds 
Number of asset objects unloaded after import = 0
========================================================================
Received Prepare
Registering precompiled user dll's ...
Registered in 0.019775 seconds.
Begin MonoManager ReloadAssembly
Native extension for WindowsStandalone target not found
Failed to load: C:/Program Files/Unity/Hub/Editor/2021.3.36f1/Editor/Data/PlaybackEngines/iOSSupport\x64\UnityEditor.iOS.Native.dll
Native extension for iOS target not found
Native extension for Android target not found
Native extension for WebGL target not found
Refreshing native plugins compatible for Editor in 0.90 ms, found 3 plugins.
Preloading 0 native plugins for Editor in 0.00 ms.
[Package Manager] Server::EnsureServerProcessIsRunning -- launch failed, reason: Unity was launched with the -noUpm command-line argument
[Package Manager] Cannot connect to Unity Package Manager local server
[Package Manager] Server::EnsureServerProcessIsRunning -- launch failed, reason: Unity was launched with the -noUpm command-line argument
[Package Manager] Cannot connect to Unity Package Manager local server
System.IO.IOException: Sharing violation on path C:\UnityProject\Run\Assets\PluginYourGames\Editor\ModulesListYG2.txt
  at System.IO.FileStream..ctor (System.String path, System.IO.FileMode mode, System.IO.FileAccess access, System.IO.FileShare share, System.Int32 bufferSize, System.Boolean anonymous, System.IO.FileOptions options) [0x0019e] in <b4dec521950c405ea4b0b85c62087906>:0 
  at System.IO.FileStream..ctor (System.String path, System.IO.FileMode mode, System.IO.FileAccess access, System.IO.FileShare share, System.Int32 bufferSize, System.IO.FileOptions options) [0x00000] in <b4dec521950c405ea4b0b85c62087906>:0 
  at (wrapper remoting-invoke-with-check) System.IO.FileStream..ctor(string,System.IO.FileMode,System.IO.FileAccess,System.IO.FileShare,int,System.IO.FileOptions)
  at System.IO.StreamWriter..ctor (System.String path, System.Boolean append, System.Text.Encoding encoding, System.Int32 bufferSize) [0x00055] in <b4dec521950c405ea4b0b85c62087906>:0 
  at System.IO.StreamWriter..ctor (System.String path) [0x00008] in <b4dec521950c405ea4b0b85c62087906>:0 
  at (wrapper remoting-invoke-with-check) System.IO.StreamWriter..ctor(string)
  at System.IO.File.WriteAllText (System.String path, System.String contents) [0x00026] in <b4dec521950c405ea4b0b85c62087906>:0 
  at YG.EditorScr.DefineSymbols.ModulesDefineSymbols () [0x001e9] in C:\UnityProject\Run\Assets\PluginYourGames\Scripts\EditorScr\DefineSymbols.cs:215 
  at YG.EditorScr.DefineSymbols.UpdateDefineSymbols () [0x0000f] in C:\UnityProject\Run\Assets\PluginYourGames\Scripts\EditorScr\DefineSymbols.cs:57 
  at YG.EditorScr.DefineSymbols..cctor () [0x00023] in C:\UnityProject\Run\Assets\PluginYourGames\Scripts\EditorScr\DefineSymbols.cs:31 
UnityEngine.StackTraceUtility:ExtractStackTrace ()
UnityEngine.DebugLogHandler:LogFormat (UnityEngine.LogType,UnityEngine.Object,string,object[])
UnityEngine.Logger:Log (UnityEngine.LogType,object)
UnityEngine.Debug:LogError (object)
UnityEditor.EditorAssemblies:ProcessInitializeOnLoadAttributes (System.Type[])

Mono: successfully reloaded assembly
- Completed reload, in  1.571 seconds
Domain Reload Profiling:
	ReloadAssembly (1572ms)
		BeginReloadAssembly (181ms)
			ExecutionOrderSort (0ms)
			DisableScriptedObjects (7ms)
			BackupInstance (0ms)
			ReleaseScriptingObjects (0ms)
			CreateAndSetChildDomain (41ms)
		EndReloadAssembly (1280ms)
			LoadAssemblies (119ms)
			RebuildTransferFunctionScriptingTraits (0ms)
			SetupTypeCache (335ms)
			ReleaseScriptCaches (2ms)
			RebuildScriptCaches (49ms)
			SetupLoadedEditorAssemblies (758ms)
				LogAssemblyErrors (0ms)
				InitializePlatformSupportModulesInManaged (36ms)
				SetLoadedEditorAssemblies (0ms)
				RefreshPlugins (1ms)
				BeforeProcessingInitializeOnLoad (87ms)
				ProcessInitializeOnLoadAttributes (573ms)
				ProcessInitializeOnLoadMethodAttributes (56ms)
				AfterProcessingInitializeOnLoad (4ms)
				EditorAssembliesLoaded (0ms)
			ExecutionOrderSort2 (0ms)
			AwakeInstancesAfterBackupRestoration (6ms)
Platform modules already initialized, skipping
Refreshing native plugins compatible for Editor in 1.25 ms, found 3 plugins.
Preloading 0 native plugins for Editor in 0.00 ms.
Unloading 4413 Unused Serialized files (Serialized files now loaded: 0)
Unloading 53 unused Assets / (167.2 KB). Loaded Objects now: 5805.
Memory consumption went from 161.3 MB to 161.1 MB.
Total: 4.764500 ms (FindLiveObjects: 0.588500 ms CreateObjectMapping: 0.232500 ms MarkObjects: 3.858300 ms  DeleteObjects: 0.083800 ms)

AssetImportParameters requested are different than current active one (requested -> active):
  custom:video-decoder-ogg-theora: a1e56fd34408186e4bbccfd4996cb3dc -> 
  custom:container-muxer-webm: aa71ff27fc2769a1b78a27578f13a17b -> 
  custom:container-demuxer-webm: 4f35f7cbe854078d1ac9338744f61a02 -> 
  custom:video-encoder-webm-vp8: eb34c28f22e8b96e1ab97ce403110664 -> 
  custom:video-codec-MediaFoundation-h265: 746d11721c4dcdbdad8f713fa42b33f4 -> 
  custom:CustomObjectIndexerAttribute: bc11b3a6c3213fcdd17b65e7da85e133 -> 
  custom:audio-encoder-webm-vorbis: bf7c407c2cedff20999df2af8eb42d56 -> 
  custom:framework-win-MediaFoundation: 216162199b28c13a410421893ffa2e32 -> 
  custom:SearchIndexIgnoredProperties: e643bd26f0fe6173181afceb89e7c659 -> 
  custom:container-demuxer-ogg: 62fdf1f143b41e24485cea50d1cbac27 -> 
  custom:video-decoder-webm-vp8: 9c59270c3fd7afecdb556c50c9e8de78 -> 
  custom:audio-decoder-ogg-vorbis: bf7c407c2cedff20999df2af8eb42d56 -> 
========================================================================
Received Prepare
Registering precompiled user dll's ...
Registered in 0.006699 seconds.
Begin MonoManager ReloadAssembly
Native extension for WindowsStandalone target not found
Failed to load: C:/Program Files/Unity/Hub/Editor/2021.3.36f1/Editor/Data/PlaybackEngines/iOSSupport\x64\UnityEditor.iOS.Native.dll
Native extension for iOS target not found
Native extension for Android target not found
Native extension for WebGL target not found
Refreshing native plugins compatible for Editor in 1.77 ms, found 3 plugins.
Preloading 0 native plugins for Editor in 0.00 ms.
[Package Manager] Server::EnsureServerProcessIsRunning -- launch failed, reason: Unity was launched with the -noUpm command-line argument
[Package Manager] Cannot connect to Unity Package Manager local server
[Package Manager] Server::EnsureServerProcessIsRunning -- launch failed, reason: Unity was launched with the -noUpm command-line argument
[Package Manager] Cannot connect to Unity Package Manager local server
[ScriptCompilation] NOT recompiling all scripts because this is an import worker process. Reason to compile was: Define symbols changed
Mono: successfully reloaded assembly
- Completed reload, in  2.337 seconds
Domain Reload Profiling:
	ReloadAssembly (2338ms)
		BeginReloadAssembly (195ms)
			ExecutionOrderSort (0ms)
			DisableScriptedObjects (7ms)
			BackupInstance (0ms)
			ReleaseScriptingObjects (0ms)
			CreateAndSetChildDomain (41ms)
		EndReloadAssembly (2020ms)
			LoadAssemblies (136ms)
			RebuildTransferFunctionScriptingTraits (0ms)
			SetupTypeCache (413ms)
			ReleaseScriptCaches (2ms)
			RebuildScriptCaches (66ms)
			SetupLoadedEditorAssemblies (1313ms)
				LogAssemblyErrors (0ms)
				InitializePlatformSupportModulesInManaged (61ms)
				SetLoadedEditorAssemblies (1ms)
				RefreshPlugins (2ms)
				BeforeProcessingInitializeOnLoad (159ms)
				ProcessInitializeOnLoadAttributes (925ms)
				ProcessInitializeOnLoadMethodAttributes (154ms)
				AfterProcessingInitializeOnLoad (11ms)
				EditorAssembliesLoaded (0ms)
			ExecutionOrderSort2 (0ms)
			AwakeInstancesAfterBackupRestoration (14ms)
Platform modules already initialized, skipping
Refreshing native plugins compatible for Editor in 1.69 ms, found 3 plugins.
Preloading 0 native plugins for Editor in 0.00 ms.
Unloading 4413 Unused Serialized files (Serialized files now loaded: 0)
Unloading 53 unused Assets / (167.0 KB). Loaded Objects now: 5808.
Memory consumption went from 161.1 MB to 161.0 MB.
Total: 6.324700 ms (FindLiveObjects: 0.591500 ms CreateObjectMapping: 0.268800 ms MarkObjects: 5.280500 ms  DeleteObjects: 0.181700 ms)

AssetImportParameters requested are different than current active one (requested -> active):
  custom:video-decoder-ogg-theora: a1e56fd34408186e4bbccfd4996cb3dc -> 
  custom:container-muxer-webm: aa71ff27fc2769a1b78a27578f13a17b -> 
  custom:container-demuxer-webm: 4f35f7cbe854078d1ac9338744f61a02 -> 
  custom:video-encoder-webm-vp8: eb34c28f22e8b96e1ab97ce403110664 -> 
  custom:video-codec-MediaFoundation-h265: 746d11721c4dcdbdad8f713fa42b33f4 -> 
  custom:CustomObjectIndexerAttribute: bc11b3a6c3213fcdd17b65e7da85e133 -> 
  custom:audio-encoder-webm-vorbis: bf7c407c2cedff20999df2af8eb42d56 -> 
  custom:framework-win-MediaFoundation: 216162199b28c13a410421893ffa2e32 -> 
  custom:SearchIndexIgnoredProperties: e643bd26f0fe6173181afceb89e7c659 -> 
  custom:container-demuxer-ogg: 62fdf1f143b41e24485cea50d1cbac27 -> 
  custom:video-decoder-webm-vp8: 9c59270c3fd7afecdb556c50c9e8de78 -> 
  custom:audio-decoder-ogg-vorbis: bf7c407c2cedff20999df2af8eb42d56 -> 
========================================================================
Received Prepare
Registering precompiled user dll's ...
Registered in 0.014345 seconds.
Begin MonoManager ReloadAssembly
Native extension for WindowsStandalone target not found
Failed to load: C:/Program Files/Unity/Hub/Editor/2021.3.36f1/Editor/Data/PlaybackEngines/iOSSupport\x64\UnityEditor.iOS.Native.dll
Native extension for iOS target not found
Native extension for Android target not found
Native extension for WebGL target not found
Refreshing native plugins compatible for Editor in 0.94 ms, found 3 plugins.
Preloading 0 native plugins for Editor in 0.00 ms.
[Package Manager] Server::EnsureServerProcessIsRunning -- launch failed, reason: Unity was launched with the -noUpm command-line argument
[Package Manager] Cannot connect to Unity Package Manager local server
[Package Manager] Server::EnsureServerProcessIsRunning -- launch failed, reason: Unity was launched with the -noUpm command-line argument
[Package Manager] Cannot connect to Unity Package Manager local server
[ScriptCompilation] NOT recompiling all scripts because this is an import worker process. Reason to compile was: Define symbols changed
Mono: successfully reloaded assembly
- Completed reload, in  1.656 seconds
Domain Reload Profiling:
	ReloadAssembly (1657ms)
		BeginReloadAssembly (167ms)
			ExecutionOrderSort (0ms)
			DisableScriptedObjects (6ms)
			BackupInstance (0ms)
			ReleaseScriptingObjects (0ms)
			CreateAndSetChildDomain (45ms)
		EndReloadAssembly (1380ms)
			LoadAssemblies (111ms)
			RebuildTransferFunctionScriptingTraits (0ms)
			SetupTypeCache (328ms)
			ReleaseScriptCaches (2ms)
			RebuildScriptCaches (53ms)
			SetupLoadedEditorAssemblies (842ms)
				LogAssemblyErrors (0ms)
				InitializePlatformSupportModulesInManaged (39ms)
				SetLoadedEditorAssemblies (1ms)
				RefreshPlugins (1ms)
				BeforeProcessingInitializeOnLoad (86ms)
				ProcessInitializeOnLoadAttributes (617ms)
				ProcessInitializeOnLoadMethodAttributes (90ms)
				AfterProcessingInitializeOnLoad (8ms)
				EditorAssembliesLoaded (0ms)
			ExecutionOrderSort2 (0ms)
			AwakeInstancesAfterBackupRestoration (9ms)
Platform modules already initialized, skipping
Refreshing native plugins compatible for Editor in 1.22 ms, found 3 plugins.
Preloading 0 native plugins for Editor in 0.00 ms.
Unloading 4413 Unused Serialized files (Serialized files now loaded: 0)
Unloading 53 unused Assets / (168.1 KB). Loaded Objects now: 5811.
Memory consumption went from 161.3 MB to 161.2 MB.
Total: 4.782100 ms (FindLiveObjects: 0.526400 ms CreateObjectMapping: 0.243400 ms MarkObjects: 3.930700 ms  DeleteObjects: 0.079900 ms)

AssetImportParameters requested are different than current active one (requested -> active):
  custom:video-decoder-ogg-theora: a1e56fd34408186e4bbccfd4996cb3dc -> 
  custom:container-muxer-webm: aa71ff27fc2769a1b78a27578f13a17b -> 
  custom:container-demuxer-webm: 4f35f7cbe854078d1ac9338744f61a02 -> 
  custom:video-encoder-webm-vp8: eb34c28f22e8b96e1ab97ce403110664 -> 
  custom:video-codec-MediaFoundation-h265: 746d11721c4dcdbdad8f713fa42b33f4 -> 
  custom:CustomObjectIndexerAttribute: bc11b3a6c3213fcdd17b65e7da85e133 -> 
  custom:audio-encoder-webm-vorbis: bf7c407c2cedff20999df2af8eb42d56 -> 
  custom:framework-win-MediaFoundation: 216162199b28c13a410421893ffa2e32 -> 
  custom:SearchIndexIgnoredProperties: e643bd26f0fe6173181afceb89e7c659 -> 
  custom:container-demuxer-ogg: 62fdf1f143b41e24485cea50d1cbac27 -> 
  custom:video-decoder-webm-vp8: 9c59270c3fd7afecdb556c50c9e8de78 -> 
  custom:audio-decoder-ogg-vorbis: bf7c407c2cedff20999df2af8eb42d56 -> 
========================================================================
Received Prepare
Registering precompiled user dll's ...
Registered in 0.006714 seconds.
Begin MonoManager ReloadAssembly
Native extension for WindowsStandalone target not found
Failed to load: C:/Program Files/Unity/Hub/Editor/2021.3.36f1/Editor/Data/PlaybackEngines/iOSSupport\x64\UnityEditor.iOS.Native.dll
Native extension for iOS target not found
Native extension for Android target not found
Native extension for WebGL target not found
Refreshing native plugins compatible for Editor in 1.57 ms, found 3 plugins.
Preloading 0 native plugins for Editor in 0.00 ms.
[Package Manager] Server::EnsureServerProcessIsRunning -- launch failed, reason: Unity was launched with the -noUpm command-line argument
[Package Manager] Cannot connect to Unity Package Manager local server
[Package Manager] Server::EnsureServerProcessIsRunning -- launch failed, reason: Unity was launched with the -noUpm command-line argument
[Package Manager] Cannot connect to Unity Package Manager local server
[ScriptCompilation] NOT recompiling all scripts because this is an import worker process. Reason to compile was: Define symbols changed
Mono: successfully reloaded assembly
- Completed reload, in  2.286 seconds
Domain Reload Profiling:
	ReloadAssembly (2288ms)
		BeginReloadAssembly (191ms)
			ExecutionOrderSort (0ms)
			DisableScriptedObjects (7ms)
			BackupInstance (0ms)
			ReleaseScriptingObjects (0ms)
			CreateAndSetChildDomain (41ms)
		EndReloadAssembly (1979ms)
			LoadAssemblies (141ms)
			RebuildTransferFunctionScriptingTraits (0ms)
			SetupTypeCache (394ms)
			ReleaseScriptCaches (2ms)
			RebuildScriptCaches (60ms)
			SetupLoadedEditorAssemblies (1310ms)
				LogAssemblyErrors (0ms)
				InitializePlatformSupportModulesInManaged (60ms)
				SetLoadedEditorAssemblies (1ms)
				RefreshPlugins (2ms)
				BeforeProcessingInitializeOnLoad (144ms)
				ProcessInitializeOnLoadAttributes (931ms)
				ProcessInitializeOnLoadMethodAttributes (159ms)
				AfterProcessingInitializeOnLoad (12ms)
				EditorAssembliesLoaded (0ms)
			ExecutionOrderSort2 (0ms)
			AwakeInstancesAfterBackupRestoration (14ms)
Platform modules already initialized, skipping
Refreshing native plugins compatible for Editor in 1.27 ms, found 3 plugins.
Preloading 0 native plugins for Editor in 0.00 ms.
Unloading 4413 Unused Serialized files (Serialized files now loaded: 0)
Unloading 53 unused Assets / (167.1 KB). Loaded Objects now: 5814.
Memory consumption went from 161.3 MB to 161.2 MB.
Total: 4.494900 ms (FindLiveObjects: 0.515700 ms CreateObjectMapping: 0.225400 ms MarkObjects: 3.676300 ms  DeleteObjects: 0.075500 ms)

AssetImportParameters requested are different than current active one (requested -> active):
  custom:video-decoder-ogg-theora: a1e56fd34408186e4bbccfd4996cb3dc -> 
  custom:container-muxer-webm: aa71ff27fc2769a1b78a27578f13a17b -> 
  custom:container-demuxer-webm: 4f35f7cbe854078d1ac9338744f61a02 -> 
  custom:video-encoder-webm-vp8: eb34c28f22e8b96e1ab97ce403110664 -> 
  custom:video-codec-MediaFoundation-h265: 746d11721c4dcdbdad8f713fa42b33f4 -> 
  custom:CustomObjectIndexerAttribute: bc11b3a6c3213fcdd17b65e7da85e133 -> 
  custom:audio-encoder-webm-vorbis: bf7c407c2cedff20999df2af8eb42d56 -> 
  custom:framework-win-MediaFoundation: 216162199b28c13a410421893ffa2e32 -> 
  custom:SearchIndexIgnoredProperties: e643bd26f0fe6173181afceb89e7c659 -> 
  custom:container-demuxer-ogg: 62fdf1f143b41e24485cea50d1cbac27 -> 
  custom:video-decoder-webm-vp8: 9c59270c3fd7afecdb556c50c9e8de78 -> 
  custom:audio-decoder-ogg-vorbis: bf7c407c2cedff20999df2af8eb42d56 -> 
========================================================================
Received Prepare
Registering precompiled user dll's ...
Registered in 0.004276 seconds.
Begin MonoManager ReloadAssembly
Native extension for WindowsStandalone target not found
Failed to load: C:/Program Files/Unity/Hub/Editor/2021.3.36f1/Editor/Data/PlaybackEngines/iOSSupport\x64\UnityEditor.iOS.Native.dll
Native extension for iOS target not found
Native extension for Android target not found
Native extension for WebGL target not found
Refreshing native plugins compatible for Editor in 1.25 ms, found 3 plugins.
Preloading 0 native plugins for Editor in 0.00 ms.
[Package Manager] Server::EnsureServerProcessIsRunning -- launch failed, reason: Unity was launched with the -noUpm command-line argument
[Package Manager] Cannot connect to Unity Package Manager local server
[Package Manager] Server::EnsureServerProcessIsRunning -- launch failed, reason: Unity was launched with the -noUpm command-line argument
[Package Manager] Cannot connect to Unity Package Manager local server
[ScriptCompilation] NOT recompiling all scripts because this is an import worker process. Reason to compile was: Define symbols changed
Mono: successfully reloaded assembly
- Completed reload, in  1.915 seconds
Domain Reload Profiling:
	ReloadAssembly (1916ms)
		BeginReloadAssembly (124ms)
			ExecutionOrderSort (0ms)
			DisableScriptedObjects (4ms)
			BackupInstance (0ms)
			ReleaseScriptingObjects (0ms)
			CreateAndSetChildDomain (29ms)
		EndReloadAssembly (1714ms)
			LoadAssemblies (83ms)
			RebuildTransferFunctionScriptingTraits (0ms)
			SetupTypeCache (222ms)
			ReleaseScriptCaches (2ms)
			RebuildScriptCaches (43ms)
			SetupLoadedEditorAssemblies (1288ms)
				LogAssemblyErrors (0ms)
				InitializePlatformSupportModulesInManaged (30ms)
				SetLoadedEditorAssemblies (1ms)
				RefreshPlugins (1ms)
				BeforeProcessingInitializeOnLoad (89ms)
				ProcessInitializeOnLoadAttributes (1004ms)
				ProcessInitializeOnLoadMethodAttributes (152ms)
				AfterProcessingInitializeOnLoad (10ms)
				EditorAssembliesLoaded (0ms)
			ExecutionOrderSort2 (0ms)
			AwakeInstancesAfterBackupRestoration (14ms)
Platform modules already initialized, skipping
Refreshing native plugins compatible for Editor in 1.36 ms, found 3 plugins.
Preloading 0 native plugins for Editor in 0.00 ms.
Unloading 4413 Unused Serialized files (Serialized files now loaded: 0)
Unloading 53 unused Assets / (168.3 KB). Loaded Objects now: 5817.
Memory consumption went from 161.3 MB to 161.2 MB.
Total: 6.147300 ms (FindLiveObjects: 0.811500 ms CreateObjectMapping: 0.639400 ms MarkObjects: 4.598200 ms  DeleteObjects: 0.095400 ms)

AssetImportParameters requested are different than current active one (requested -> active):
  custom:video-decoder-ogg-theora: a1e56fd34408186e4bbccfd4996cb3dc -> 
  custom:container-muxer-webm: aa71ff27fc2769a1b78a27578f13a17b -> 
  custom:container-demuxer-webm: 4f35f7cbe854078d1ac9338744f61a02 -> 
  custom:video-encoder-webm-vp8: eb34c28f22e8b96e1ab97ce403110664 -> 
  custom:video-codec-MediaFoundation-h265: 746d11721c4dcdbdad8f713fa42b33f4 -> 
  custom:CustomObjectIndexerAttribute: bc11b3a6c3213fcdd17b65e7da85e133 -> 
  custom:audio-encoder-webm-vorbis: bf7c407c2cedff20999df2af8eb42d56 -> 
  custom:framework-win-MediaFoundation: 216162199b28c13a410421893ffa2e32 -> 
  custom:SearchIndexIgnoredProperties: e643bd26f0fe6173181afceb89e7c659 -> 
  custom:container-demuxer-ogg: 62fdf1f143b41e24485cea50d1cbac27 -> 
  custom:video-decoder-webm-vp8: 9c59270c3fd7afecdb556c50c9e8de78 -> 
  custom:audio-decoder-ogg-vorbis: bf7c407c2cedff20999df2af8eb42d56 -> 
========================================================================
Received Prepare
Registering precompiled user dll's ...
Registered in 0.012187 seconds.
Begin MonoManager ReloadAssembly
Native extension for WindowsStandalone target not found
Failed to load: C:/Program Files/Unity/Hub/Editor/2021.3.36f1/Editor/Data/PlaybackEngines/iOSSupport\x64\UnityEditor.iOS.Native.dll
Native extension for iOS target not found
Native extension for Android target not found
Native extension for WebGL target not found
Refreshing native plugins compatible for Editor in 1.47 ms, found 3 plugins.
Preloading 0 native plugins for Editor in 0.00 ms.
[Package Manager] Server::EnsureServerProcessIsRunning -- launch failed, reason: Unity was launched with the -noUpm command-line argument
[Package Manager] Cannot connect to Unity Package Manager local server
[Package Manager] Server::EnsureServerProcessIsRunning -- launch failed, reason: Unity was launched with the -noUpm command-line argument
[Package Manager] Cannot connect to Unity Package Manager local server
[ScriptCompilation] NOT recompiling all scripts because this is an import worker process. Reason to compile was: Define symbols changed
Mono: successfully reloaded assembly
- Completed reload, in  2.501 seconds
Domain Reload Profiling:
	ReloadAssembly (2502ms)
		BeginReloadAssembly (267ms)
			ExecutionOrderSort (0ms)
			DisableScriptedObjects (9ms)
			BackupInstance (0ms)
			ReleaseScriptingObjects (0ms)
			CreateAndSetChildDomain (56ms)
		EndReloadAssembly (2051ms)
			LoadAssemblies (209ms)
			RebuildTransferFunctionScriptingTraits (0ms)
			SetupTypeCache (481ms)
			ReleaseScriptCaches (2ms)
			RebuildScriptCaches (81ms)
			SetupLoadedEditorAssemblies (1238ms)
				LogAssemblyErrors (0ms)
				InitializePlatformSupportModulesInManaged (56ms)
				SetLoadedEditorAssemblies (1ms)
				RefreshPlugins (2ms)
				BeforeProcessingInitializeOnLoad (137ms)
				ProcessInitializeOnLoadAttributes (874ms)
				ProcessInitializeOnLoadMethodAttributes (156ms)
				AfterProcessingInitializeOnLoad (12ms)
				EditorAssembliesLoaded (0ms)
			ExecutionOrderSort2 (0ms)
			AwakeInstancesAfterBackupRestoration (12ms)
Platform modules already initialized, skipping
Refreshing native plugins compatible for Editor in 1.45 ms, found 3 plugins.
Preloading 0 native plugins for Editor in 0.00 ms.
Unloading 4413 Unused Serialized files (Serialized files now loaded: 0)
Unloading 53 unused Assets / (167.2 KB). Loaded Objects now: 5820.
Memory consumption went from 161.3 MB to 161.2 MB.
Total: 4.648400 ms (FindLiveObjects: 0.548100 ms CreateObjectMapping: 0.263400 ms MarkObjects: 3.749000 ms  DeleteObjects: 0.086200 ms)

AssetImportParameters requested are different than current active one (requested -> active):
  custom:video-decoder-ogg-theora: a1e56fd34408186e4bbccfd4996cb3dc -> 
  custom:container-muxer-webm: aa71ff27fc2769a1b78a27578f13a17b -> 
  custom:container-demuxer-webm: 4f35f7cbe854078d1ac9338744f61a02 -> 
  custom:video-encoder-webm-vp8: eb34c28f22e8b96e1ab97ce403110664 -> 
  custom:video-codec-MediaFoundation-h265: 746d11721c4dcdbdad8f713fa42b33f4 -> 
  custom:CustomObjectIndexerAttribute: bc11b3a6c3213fcdd17b65e7da85e133 -> 
  custom:audio-encoder-webm-vorbis: bf7c407c2cedff20999df2af8eb42d56 -> 
  custom:framework-win-MediaFoundation: 216162199b28c13a410421893ffa2e32 -> 
  custom:SearchIndexIgnoredProperties: e643bd26f0fe6173181afceb89e7c659 -> 
  custom:container-demuxer-ogg: 62fdf1f143b41e24485cea50d1cbac27 -> 
  custom:video-decoder-webm-vp8: 9c59270c3fd7afecdb556c50c9e8de78 -> 
  custom:audio-decoder-ogg-vorbis: bf7c407c2cedff20999df2af8eb42d56 -> 
========================================================================
Received Prepare
Registering precompiled user dll's ...
Registered in 0.017043 seconds.
Begin MonoManager ReloadAssembly
Native extension for WindowsStandalone target not found
Failed to load: C:/Program Files/Unity/Hub/Editor/2021.3.36f1/Editor/Data/PlaybackEngines/iOSSupport\x64\UnityEditor.iOS.Native.dll
Native extension for iOS target not found
Native extension for Android target not found
Native extension for WebGL target not found
Refreshing native plugins compatible for Editor in 1.41 ms, found 3 plugins.
Preloading 0 native plugins for Editor in 0.00 ms.
[Package Manager] Server::EnsureServerProcessIsRunning -- launch failed, reason: Unity was launched with the -noUpm command-line argument
[Package Manager] Cannot connect to Unity Package Manager local server
[Package Manager] Server::EnsureServerProcessIsRunning -- launch failed, reason: Unity was launched with the -noUpm command-line argument
[Package Manager] Cannot connect to Unity Package Manager local server
[ScriptCompilation] NOT recompiling all scripts because this is an import worker process. Reason to compile was: Define symbols changed
Mono: successfully reloaded assembly
- Completed reload, in  2.383 seconds
Domain Reload Profiling:
	ReloadAssembly (2384ms)
		BeginReloadAssembly (265ms)
			ExecutionOrderSort (0ms)
			DisableScriptedObjects (10ms)
			BackupInstance (0ms)
			ReleaseScriptingObjects (0ms)
			CreateAndSetChildDomain (66ms)
		EndReloadAssembly (1927ms)
			LoadAssemblies (194ms)
			RebuildTransferFunctionScriptingTraits (0ms)
			SetupTypeCache (480ms)
			ReleaseScriptCaches (3ms)
			RebuildScriptCaches (80ms)
			SetupLoadedEditorAssemblies (1119ms)
				LogAssemblyErrors (0ms)
				InitializePlatformSupportModulesInManaged (55ms)
				SetLoadedEditorAssemblies (1ms)
				RefreshPlugins (2ms)
				BeforeProcessingInitializeOnLoad (142ms)
				ProcessInitializeOnLoadAttributes (790ms)
				ProcessInitializeOnLoadMethodAttributes (118ms)
				AfterProcessingInitializeOnLoad (11ms)
				EditorAssembliesLoaded (0ms)
			ExecutionOrderSort2 (0ms)
			AwakeInstancesAfterBackupRestoration (14ms)
Platform modules already initialized, skipping
Refreshing native plugins compatible for Editor in 1.66 ms, found 3 plugins.
Preloading 0 native plugins for Editor in 0.00 ms.
Unloading 4413 Unused Serialized files (Serialized files now loaded: 0)
Unloading 53 unused Assets / (167.1 KB). Loaded Objects now: 5823.
Memory consumption went from 161.2 MB to 161.0 MB.
Total: 5.571700 ms (FindLiveObjects: 0.634200 ms CreateObjectMapping: 0.388200 ms MarkObjects: 4.441900 ms  DeleteObjects: 0.105300 ms)

AssetImportParameters requested are different than current active one (requested -> active):
  custom:video-decoder-ogg-theora: a1e56fd34408186e4bbccfd4996cb3dc -> 
  custom:container-muxer-webm: aa71ff27fc2769a1b78a27578f13a17b -> 
  custom:container-demuxer-webm: 4f35f7cbe854078d1ac9338744f61a02 -> 
  custom:video-encoder-webm-vp8: eb34c28f22e8b96e1ab97ce403110664 -> 
  custom:video-codec-MediaFoundation-h265: 746d11721c4dcdbdad8f713fa42b33f4 -> 
  custom:CustomObjectIndexerAttribute: bc11b3a6c3213fcdd17b65e7da85e133 -> 
  custom:audio-encoder-webm-vorbis: bf7c407c2cedff20999df2af8eb42d56 -> 
  custom:framework-win-MediaFoundation: 216162199b28c13a410421893ffa2e32 -> 
  custom:SearchIndexIgnoredProperties: e643bd26f0fe6173181afceb89e7c659 -> 
  custom:container-demuxer-ogg: 62fdf1f143b41e24485cea50d1cbac27 -> 
  custom:video-decoder-webm-vp8: 9c59270c3fd7afecdb556c50c9e8de78 -> 
  custom:audio-decoder-ogg-vorbis: bf7c407c2cedff20999df2af8eb42d56 -> 
========================================================================
Received Prepare
Registering precompiled user dll's ...
Registered in 0.003870 seconds.
Begin MonoManager ReloadAssembly
Native extension for WindowsStandalone target not found
Failed to load: C:/Program Files/Unity/Hub/Editor/2021.3.36f1/Editor/Data/PlaybackEngines/iOSSupport\x64\UnityEditor.iOS.Native.dll
Native extension for iOS target not found
Native extension for Android target not found
Native extension for WebGL target not found
Refreshing native plugins compatible for Editor in 0.91 ms, found 3 plugins.
Preloading 0 native plugins for Editor in 0.00 ms.
[Package Manager] Server::EnsureServerProcessIsRunning -- launch failed, reason: Unity was launched with the -noUpm command-line argument
[Package Manager] Cannot connect to Unity Package Manager local server
[Package Manager] Server::EnsureServerProcessIsRunning -- launch failed, reason: Unity was launched with the -noUpm command-line argument
[Package Manager] Cannot connect to Unity Package Manager local server
[ScriptCompilation] NOT recompiling all scripts because this is an import worker process. Reason to compile was: Define symbols changed
Mono: successfully reloaded assembly
- Completed reload, in  1.826 seconds
Domain Reload Profiling:
	ReloadAssembly (1827ms)
		BeginReloadAssembly (203ms)
			ExecutionOrderSort (0ms)
			DisableScriptedObjects (7ms)
			BackupInstance (0ms)
			ReleaseScriptingObjects (0ms)
			CreateAndSetChildDomain (47ms)
		EndReloadAssembly (1486ms)
			LoadAssemblies (132ms)
			RebuildTransferFunctionScriptingTraits (0ms)
			SetupTypeCache (394ms)
			ReleaseScriptCaches (2ms)
			RebuildScriptCaches (48ms)
			SetupLoadedEditorAssemblies (889ms)
				LogAssemblyErrors (0ms)
				InitializePlatformSupportModulesInManaged (36ms)
				SetLoadedEditorAssemblies (1ms)
				RefreshPlugins (1ms)
				BeforeProcessingInitializeOnLoad (85ms)
				ProcessInitializeOnLoadAttributes (669ms)
				ProcessInitializeOnLoadMethodAttributes (89ms)
				AfterProcessingInitializeOnLoad (7ms)
				EditorAssembliesLoaded (0ms)
			ExecutionOrderSort2 (0ms)
			AwakeInstancesAfterBackupRestoration (8ms)
Platform modules already initialized, skipping
Refreshing native plugins compatible for Editor in 1.24 ms, found 3 plugins.
Preloading 0 native plugins for Editor in 0.00 ms.
Unloading 4413 Unused Serialized files (Serialized files now loaded: 0)
Unloading 53 unused Assets / (168.3 KB). Loaded Objects now: 5826.
Memory consumption went from 161.4 MB to 161.2 MB.
Total: 5.103800 ms (FindLiveObjects: 0.543200 ms CreateObjectMapping: 0.245800 ms MarkObjects: 4.211900 ms  DeleteObjects: 0.100500 ms)

AssetImportParameters requested are different than current active one (requested -> active):
  custom:video-decoder-ogg-theora: a1e56fd34408186e4bbccfd4996cb3dc -> 
  custom:container-muxer-webm: aa71ff27fc2769a1b78a27578f13a17b -> 
  custom:container-demuxer-webm: 4f35f7cbe854078d1ac9338744f61a02 -> 
  custom:video-encoder-webm-vp8: eb34c28f22e8b96e1ab97ce403110664 -> 
  custom:video-codec-MediaFoundation-h265: 746d11721c4dcdbdad8f713fa42b33f4 -> 
  custom:CustomObjectIndexerAttribute: bc11b3a6c3213fcdd17b65e7da85e133 -> 
  custom:audio-encoder-webm-vorbis: bf7c407c2cedff20999df2af8eb42d56 -> 
  custom:framework-win-MediaFoundation: 216162199b28c13a410421893ffa2e32 -> 
  custom:SearchIndexIgnoredProperties: e643bd26f0fe6173181afceb89e7c659 -> 
  custom:container-demuxer-ogg: 62fdf1f143b41e24485cea50d1cbac27 -> 
  custom:video-decoder-webm-vp8: 9c59270c3fd7afecdb556c50c9e8de78 -> 
  custom:audio-decoder-ogg-vorbis: bf7c407c2cedff20999df2af8eb42d56 -> 
========================================================================
Received Prepare
Registering precompiled user dll's ...
Registered in 0.005645 seconds.
Begin MonoManager ReloadAssembly
Native extension for WindowsStandalone target not found
Failed to load: C:/Program Files/Unity/Hub/Editor/2021.3.36f1/Editor/Data/PlaybackEngines/iOSSupport\x64\UnityEditor.iOS.Native.dll
Native extension for iOS target not found
Native extension for Android target not found
Native extension for WebGL target not found
Refreshing native plugins compatible for Editor in 1.30 ms, found 3 plugins.
Preloading 0 native plugins for Editor in 0.00 ms.
[Package Manager] Server::EnsureServerProcessIsRunning -- launch failed, reason: Unity was launched with the -noUpm command-line argument
[Package Manager] Cannot connect to Unity Package Manager local server
[Package Manager] Server::EnsureServerProcessIsRunning -- launch failed, reason: Unity was launched with the -noUpm command-line argument
[Package Manager] Cannot connect to Unity Package Manager local server
[ScriptCompilation] NOT recompiling all scripts because this is an import worker process. Reason to compile was: Define symbols changed
Mono: successfully reloaded assembly
- Completed reload, in  2.189 seconds
Domain Reload Profiling:
	ReloadAssembly (2190ms)
		BeginReloadAssembly (199ms)
			ExecutionOrderSort (0ms)
			DisableScriptedObjects (7ms)
			BackupInstance (0ms)
			ReleaseScriptingObjects (0ms)
			CreateAndSetChildDomain (39ms)
		EndReloadAssembly (1842ms)
			LoadAssemblies (147ms)
			RebuildTransferFunctionScriptingTraits (0ms)
			SetupTypeCache (369ms)
			ReleaseScriptCaches (2ms)
			RebuildScriptCaches (64ms)
			SetupLoadedEditorAssemblies (1211ms)
				LogAssemblyErrors (0ms)
				InitializePlatformSupportModulesInManaged (47ms)
				SetLoadedEditorAssemblies (1ms)
				RefreshPlugins (1ms)
				BeforeProcessingInitializeOnLoad (120ms)
				ProcessInitializeOnLoadAttributes (874ms)
				ProcessInitializeOnLoadMethodAttributes (155ms)
				AfterProcessingInitializeOnLoad (12ms)
				EditorAssembliesLoaded (0ms)
			ExecutionOrderSort2 (0ms)
			AwakeInstancesAfterBackupRestoration (13ms)
Platform modules already initialized, skipping
Refreshing native plugins compatible for Editor in 1.49 ms, found 3 plugins.
Preloading 0 native plugins for Editor in 0.00 ms.
Unloading 4413 Unused Serialized files (Serialized files now loaded: 0)
Unloading 53 unused Assets / (167.1 KB). Loaded Objects now: 5829.
Memory consumption went from 161.4 MB to 161.2 MB.
Total: 6.340600 ms (FindLiveObjects: 0.809000 ms CreateObjectMapping: 0.471500 ms MarkObjects: 4.940300 ms  DeleteObjects: 0.117300 ms)

AssetImportParameters requested are different than current active one (requested -> active):
  custom:video-decoder-ogg-theora: a1e56fd34408186e4bbccfd4996cb3dc -> 
  custom:container-muxer-webm: aa71ff27fc2769a1b78a27578f13a17b -> 
  custom:container-demuxer-webm: 4f35f7cbe854078d1ac9338744f61a02 -> 
  custom:video-encoder-webm-vp8: eb34c28f22e8b96e1ab97ce403110664 -> 
  custom:video-codec-MediaFoundation-h265: 746d11721c4dcdbdad8f713fa42b33f4 -> 
  custom:CustomObjectIndexerAttribute: bc11b3a6c3213fcdd17b65e7da85e133 -> 
  custom:audio-encoder-webm-vorbis: bf7c407c2cedff20999df2af8eb42d56 -> 
  custom:framework-win-MediaFoundation: 216162199b28c13a410421893ffa2e32 -> 
  custom:SearchIndexIgnoredProperties: e643bd26f0fe6173181afceb89e7c659 -> 
  custom:container-demuxer-ogg: 62fdf1f143b41e24485cea50d1cbac27 -> 
  custom:video-decoder-webm-vp8: 9c59270c3fd7afecdb556c50c9e8de78 -> 
  custom:audio-decoder-ogg-vorbis: bf7c407c2cedff20999df2af8eb42d56 -> 
========================================================================
Received Prepare
Registering precompiled user dll's ...
Registered in 0.006345 seconds.
Begin MonoManager ReloadAssembly
Native extension for WindowsStandalone target not found
Failed to load: C:/Program Files/Unity/Hub/Editor/2021.3.36f1/Editor/Data/PlaybackEngines/iOSSupport\x64\UnityEditor.iOS.Native.dll
Native extension for iOS target not found
Native extension for Android target not found
Native extension for WebGL target not found
Refreshing native plugins compatible for Editor in 1.04 ms, found 3 plugins.
Preloading 0 native plugins for Editor in 0.00 ms.
[Package Manager] Server::EnsureServerProcessIsRunning -- launch failed, reason: Unity was launched with the -noUpm command-line argument
[Package Manager] Cannot connect to Unity Package Manager local server
[Package Manager] Server::EnsureServerProcessIsRunning -- launch failed, reason: Unity was launched with the -noUpm command-line argument
[Package Manager] Cannot connect to Unity Package Manager local server
[ScriptCompilation] NOT recompiling all scripts because this is an import worker process. Reason to compile was: Define symbols changed
Mono: successfully reloaded assembly
- Completed reload, in  2.199 seconds
Domain Reload Profiling:
	ReloadAssembly (2200ms)
		BeginReloadAssembly (185ms)
			ExecutionOrderSort (0ms)
			DisableScriptedObjects (7ms)
			BackupInstance (0ms)
			ReleaseScriptingObjects (0ms)
			CreateAndSetChildDomain (38ms)
		EndReloadAssembly (1897ms)
			LoadAssemblies (124ms)
			RebuildTransferFunctionScriptingTraits (0ms)
			SetupTypeCache (377ms)
			ReleaseScriptCaches (2ms)
			RebuildScriptCaches (67ms)
			SetupLoadedEditorAssemblies (1256ms)
				LogAssemblyErrors (0ms)
				InitializePlatformSupportModulesInManaged (54ms)
				SetLoadedEditorAssemblies (1ms)
				RefreshPlugins (1ms)
				BeforeProcessingInitializeOnLoad (138ms)
				ProcessInitializeOnLoadAttributes (895ms)
				ProcessInitializeOnLoadMethodAttributes (154ms)
				AfterProcessingInitializeOnLoad (12ms)
				EditorAssembliesLoaded (0ms)
			ExecutionOrderSort2 (0ms)
			AwakeInstancesAfterBackupRestoration (13ms)
Platform modules already initialized, skipping
Refreshing native plugins compatible for Editor in 1.35 ms, found 3 plugins.
Preloading 0 native plugins for Editor in 0.00 ms.
Unloading 4413 Unused Serialized files (Serialized files now loaded: 0)
Unloading 53 unused Assets / (167.1 KB). Loaded Objects now: 5832.
Memory consumption went from 161.4 MB to 161.2 MB.
Total: 5.129300 ms (FindLiveObjects: 0.628700 ms CreateObjectMapping: 0.268300 ms MarkObjects: 4.081300 ms  DeleteObjects: 0.149100 ms)

AssetImportParameters requested are different than current active one (requested -> active):
  custom:video-decoder-ogg-theora: a1e56fd34408186e4bbccfd4996cb3dc -> 
  custom:container-muxer-webm: aa71ff27fc2769a1b78a27578f13a17b -> 
  custom:container-demuxer-webm: 4f35f7cbe854078d1ac9338744f61a02 -> 
  custom:video-encoder-webm-vp8: eb34c28f22e8b96e1ab97ce403110664 -> 
  custom:video-codec-MediaFoundation-h265: 746d11721c4dcdbdad8f713fa42b33f4 -> 
  custom:CustomObjectIndexerAttribute: bc11b3a6c3213fcdd17b65e7da85e133 -> 
  custom:audio-encoder-webm-vorbis: bf7c407c2cedff20999df2af8eb42d56 -> 
  custom:framework-win-MediaFoundation: 216162199b28c13a410421893ffa2e32 -> 
  custom:SearchIndexIgnoredProperties: e643bd26f0fe6173181afceb89e7c659 -> 
  custom:container-demuxer-ogg: 62fdf1f143b41e24485cea50d1cbac27 -> 
  custom:video-decoder-webm-vp8: 9c59270c3fd7afecdb556c50c9e8de78 -> 
  custom:audio-decoder-ogg-vorbis: bf7c407c2cedff20999df2af8eb42d56 -> 
========================================================================
Received Prepare
Registering precompiled user dll's ...
Registered in 0.015532 seconds.
Begin MonoManager ReloadAssembly
Native extension for WindowsStandalone target not found
Failed to load: C:/Program Files/Unity/Hub/Editor/2021.3.36f1/Editor/Data/PlaybackEngines/iOSSupport\x64\UnityEditor.iOS.Native.dll
Native extension for iOS target not found
Native extension for Android target not found
Native extension for WebGL target not found
Refreshing native plugins compatible for Editor in 0.95 ms, found 3 plugins.
Preloading 0 native plugins for Editor in 0.00 ms.
[Package Manager] Server::EnsureServerProcessIsRunning -- launch failed, reason: Unity was launched with the -noUpm command-line argument
[Package Manager] Cannot connect to Unity Package Manager local server
[Package Manager] Server::EnsureServerProcessIsRunning -- launch failed, reason: Unity was launched with the -noUpm command-line argument
[Package Manager] Cannot connect to Unity Package Manager local server
[ScriptCompilation] NOT recompiling all scripts because this is an import worker process. Reason to compile was: Define symbols changed
Mono: successfully reloaded assembly
- Completed reload, in  1.776 seconds
Domain Reload Profiling:
	ReloadAssembly (1777ms)
		BeginReloadAssembly (181ms)
			ExecutionOrderSort (0ms)
			DisableScriptedObjects (6ms)
			BackupInstance (0ms)
			ReleaseScriptingObjects (0ms)
			CreateAndSetChildDomain (41ms)
		EndReloadAssembly (1471ms)
			LoadAssemblies (130ms)
			RebuildTransferFunctionScriptingTraits (0ms)
			SetupTypeCache (391ms)
			ReleaseScriptCaches (2ms)
			RebuildScriptCaches (51ms)
			SetupLoadedEditorAssemblies (860ms)
				LogAssemblyErrors (0ms)
				InitializePlatformSupportModulesInManaged (38ms)
				SetLoadedEditorAssemblies (1ms)
				RefreshPlugins (1ms)
				BeforeProcessingInitializeOnLoad (84ms)
				ProcessInitializeOnLoadAttributes (633ms)
				ProcessInitializeOnLoadMethodAttributes (94ms)
				AfterProcessingInitializeOnLoad (9ms)
				EditorAssembliesLoaded (0ms)
			ExecutionOrderSort2 (0ms)
			AwakeInstancesAfterBackupRestoration (9ms)
Platform modules already initialized, skipping
Refreshing native plugins compatible for Editor in 1.07 ms, found 3 plugins.
Preloading 0 native plugins for Editor in 0.00 ms.
Unloading 4413 Unused Serialized files (Serialized files now loaded: 0)
Unloading 53 unused Assets / (168.3 KB). Loaded Objects now: 5835.
Memory consumption went from 161.4 MB to 161.2 MB.
Total: 4.986200 ms (FindLiveObjects: 0.516000 ms CreateObjectMapping: 0.232300 ms MarkObjects: 4.152600 ms  DeleteObjects: 0.083600 ms)

AssetImportParameters requested are different than current active one (requested -> active):
  custom:video-decoder-ogg-theora: a1e56fd34408186e4bbccfd4996cb3dc -> 
  custom:container-muxer-webm: aa71ff27fc2769a1b78a27578f13a17b -> 
  custom:container-demuxer-webm: 4f35f7cbe854078d1ac9338744f61a02 -> 
  custom:video-encoder-webm-vp8: eb34c28f22e8b96e1ab97ce403110664 -> 
  custom:video-codec-MediaFoundation-h265: 746d11721c4dcdbdad8f713fa42b33f4 -> 
  custom:CustomObjectIndexerAttribute: bc11b3a6c3213fcdd17b65e7da85e133 -> 
  custom:audio-encoder-webm-vorbis: bf7c407c2cedff20999df2af8eb42d56 -> 
  custom:framework-win-MediaFoundation: 216162199b28c13a410421893ffa2e32 -> 
  custom:SearchIndexIgnoredProperties: e643bd26f0fe6173181afceb89e7c659 -> 
  custom:container-demuxer-ogg: 62fdf1f143b41e24485cea50d1cbac27 -> 
  custom:video-decoder-webm-vp8: 9c59270c3fd7afecdb556c50c9e8de78 -> 
  custom:audio-decoder-ogg-vorbis: bf7c407c2cedff20999df2af8eb42d56 -> 
========================================================================
Received Prepare
Registering precompiled user dll's ...
Registered in 0.009926 seconds.
Begin MonoManager ReloadAssembly
Native extension for WindowsStandalone target not found
Failed to load: C:/Program Files/Unity/Hub/Editor/2021.3.36f1/Editor/Data/PlaybackEngines/iOSSupport\x64\UnityEditor.iOS.Native.dll
Native extension for iOS target not found
Native extension for Android target not found
Native extension for WebGL target not found
Refreshing native plugins compatible for Editor in 1.05 ms, found 3 plugins.
Preloading 0 native plugins for Editor in 0.00 ms.
[Package Manager] Server::EnsureServerProcessIsRunning -- launch failed, reason: Unity was launched with the -noUpm command-line argument
[Package Manager] Cannot connect to Unity Package Manager local server
[Package Manager] Server::EnsureServerProcessIsRunning -- launch failed, reason: Unity was launched with the -noUpm command-line argument
[Package Manager] Cannot connect to Unity Package Manager local server
[ScriptCompilation] NOT recompiling all scripts because this is an import worker process. Reason to compile was: Define symbols changed
Mono: successfully reloaded assembly
- Completed reload, in  2.196 seconds
Domain Reload Profiling:
	ReloadAssembly (2197ms)
		BeginReloadAssembly (186ms)
			ExecutionOrderSort (0ms)
			DisableScriptedObjects (6ms)
			BackupInstance (0ms)
			ReleaseScriptingObjects (0ms)
			CreateAndSetChildDomain (39ms)
		EndReloadAssembly (1881ms)
			LoadAssemblies (134ms)
			RebuildTransferFunctionScriptingTraits (0ms)
			SetupTypeCache (383ms)
			ReleaseScriptCaches (2ms)
			RebuildScriptCaches (62ms)
			SetupLoadedEditorAssemblies (1213ms)
				LogAssemblyErrors (0ms)
				InitializePlatformSupportModulesInManaged (45ms)
				SetLoadedEditorAssemblies (1ms)
				RefreshPlugins (1ms)
				BeforeProcessingInitializeOnLoad (122ms)
				ProcessInitializeOnLoadAttributes (877ms)
				ProcessInitializeOnLoadMethodAttributes (154ms)
				AfterProcessingInitializeOnLoad (13ms)
				EditorAssembliesLoaded (1ms)
			ExecutionOrderSort2 (0ms)
			AwakeInstancesAfterBackupRestoration (15ms)
Platform modules already initialized, skipping
Refreshing native plugins compatible for Editor in 1.62 ms, found 3 plugins.
Preloading 0 native plugins for Editor in 0.00 ms.
Unloading 4413 Unused Serialized files (Serialized files now loaded: 0)
Unloading 53 unused Assets / (167.1 KB). Loaded Objects now: 5838.
Memory consumption went from 161.2 MB to 161.1 MB.
Total: 5.714100 ms (FindLiveObjects: 0.650500 ms CreateObjectMapping: 0.481900 ms MarkObjects: 4.407600 ms  DeleteObjects: 0.171700 ms)

AssetImportParameters requested are different than current active one (requested -> active):
  custom:video-decoder-ogg-theora: a1e56fd34408186e4bbccfd4996cb3dc -> 
  custom:container-muxer-webm: aa71ff27fc2769a1b78a27578f13a17b -> 
  custom:container-demuxer-webm: 4f35f7cbe854078d1ac9338744f61a02 -> 
  custom:video-encoder-webm-vp8: eb34c28f22e8b96e1ab97ce403110664 -> 
  custom:video-codec-MediaFoundation-h265: 746d11721c4dcdbdad8f713fa42b33f4 -> 
  custom:CustomObjectIndexerAttribute: bc11b3a6c3213fcdd17b65e7da85e133 -> 
  custom:audio-encoder-webm-vorbis: bf7c407c2cedff20999df2af8eb42d56 -> 
  custom:framework-win-MediaFoundation: 216162199b28c13a410421893ffa2e32 -> 
  custom:SearchIndexIgnoredProperties: e643bd26f0fe6173181afceb89e7c659 -> 
  custom:container-demuxer-ogg: 62fdf1f143b41e24485cea50d1cbac27 -> 
  custom:video-decoder-webm-vp8: 9c59270c3fd7afecdb556c50c9e8de78 -> 
  custom:audio-decoder-ogg-vorbis: bf7c407c2cedff20999df2af8eb42d56 -> 
========================================================================
Received Prepare
Registering precompiled user dll's ...
Registered in 0.003405 seconds.
Begin MonoManager ReloadAssembly
Native extension for WindowsStandalone target not found
Failed to load: C:/Program Files/Unity/Hub/Editor/2021.3.36f1/Editor/Data/PlaybackEngines/iOSSupport\x64\UnityEditor.iOS.Native.dll
Native extension for iOS target not found
Native extension for Android target not found
Native extension for WebGL target not found
Refreshing native plugins compatible for Editor in 0.79 ms, found 3 plugins.
Preloading 0 native plugins for Editor in 0.00 ms.
[Package Manager] Server::EnsureServerProcessIsRunning -- launch failed, reason: Unity was launched with the -noUpm command-line argument
[Package Manager] Cannot connect to Unity Package Manager local server
[Package Manager] Server::EnsureServerProcessIsRunning -- launch failed, reason: Unity was launched with the -noUpm command-line argument
[Package Manager] Cannot connect to Unity Package Manager local server
[ScriptCompilation] NOT recompiling all scripts because this is an import worker process. Reason to compile was: Define symbols changed
Mono: successfully reloaded assembly
- Completed reload, in  1.660 seconds
Domain Reload Profiling:
	ReloadAssembly (1662ms)
		BeginReloadAssembly (121ms)
			ExecutionOrderSort (0ms)
			DisableScriptedObjects (4ms)
			BackupInstance (0ms)
			ReleaseScriptingObjects (0ms)
			CreateAndSetChildDomain (28ms)
		EndReloadAssembly (1456ms)
			LoadAssemblies (82ms)
			RebuildTransferFunctionScriptingTraits (0ms)
			SetupTypeCache (239ms)
			ReleaseScriptCaches (2ms)
			RebuildScriptCaches (35ms)
			SetupLoadedEditorAssemblies (1027ms)
				LogAssemblyErrors (0ms)
				InitializePlatformSupportModulesInManaged (30ms)
				SetLoadedEditorAssemblies (0ms)
				RefreshPlugins (1ms)
				BeforeProcessingInitializeOnLoad (71ms)
				ProcessInitializeOnLoadAttributes (769ms)
				ProcessInitializeOnLoadMethodAttributes (144ms)
				AfterProcessingInitializeOnLoad (11ms)
				EditorAssembliesLoaded (0ms)
			ExecutionOrderSort2 (0ms)
			AwakeInstancesAfterBackupRestoration (14ms)
Platform modules already initialized, skipping
Refreshing native plugins compatible for Editor in 1.37 ms, found 3 plugins.
Preloading 0 native plugins for Editor in 0.00 ms.
Unloading 4413 Unused Serialized files (Serialized files now loaded: 0)
Unloading 53 unused Assets / (168.1 KB). Loaded Objects now: 5841.
Memory consumption went from 161.4 MB to 161.3 MB.
Total: 5.034600 ms (FindLiveObjects: 0.557300 ms CreateObjectMapping: 0.251400 ms MarkObjects: 4.133600 ms  DeleteObjects: 0.090700 ms)

AssetImportParameters requested are different than current active one (requested -> active):
  custom:video-decoder-ogg-theora: a1e56fd34408186e4bbccfd4996cb3dc -> 
  custom:container-muxer-webm: aa71ff27fc2769a1b78a27578f13a17b -> 
  custom:container-demuxer-webm: 4f35f7cbe854078d1ac9338744f61a02 -> 
  custom:video-encoder-webm-vp8: eb34c28f22e8b96e1ab97ce403110664 -> 
  custom:video-codec-MediaFoundation-h265: 746d11721c4dcdbdad8f713fa42b33f4 -> 
  custom:CustomObjectIndexerAttribute: bc11b3a6c3213fcdd17b65e7da85e133 -> 
  custom:audio-encoder-webm-vorbis: bf7c407c2cedff20999df2af8eb42d56 -> 
  custom:framework-win-MediaFoundation: 216162199b28c13a410421893ffa2e32 -> 
  custom:SearchIndexIgnoredProperties: e643bd26f0fe6173181afceb89e7c659 -> 
  custom:container-demuxer-ogg: 62fdf1f143b41e24485cea50d1cbac27 -> 
  custom:video-decoder-webm-vp8: 9c59270c3fd7afecdb556c50c9e8de78 -> 
  custom:audio-decoder-ogg-vorbis: bf7c407c2cedff20999df2af8eb42d56 -> 
========================================================================
Received Prepare
Registering precompiled user dll's ...
Registered in 0.022434 seconds.
Begin MonoManager ReloadAssembly
Native extension for WindowsStandalone target not found
Failed to load: C:/Program Files/Unity/Hub/Editor/2021.3.36f1/Editor/Data/PlaybackEngines/iOSSupport\x64\UnityEditor.iOS.Native.dll
Native extension for iOS target not found
Native extension for Android target not found
Native extension for WebGL target not found
Refreshing native plugins compatible for Editor in 0.97 ms, found 3 plugins.
Preloading 0 native plugins for Editor in 0.00 ms.
[Package Manager] Server::EnsureServerProcessIsRunning -- launch failed, reason: Unity was launched with the -noUpm command-line argument
[Package Manager] Cannot connect to Unity Package Manager local server
[Package Manager] Server::EnsureServerProcessIsRunning -- launch failed, reason: Unity was launched with the -noUpm command-line argument
[Package Manager] Cannot connect to Unity Package Manager local server
[ScriptCompilation] NOT recompiling all scripts because this is an import worker process. Reason to compile was: Define symbols changed
Mono: successfully reloaded assembly
- Completed reload, in  1.829 seconds
Domain Reload Profiling:
	ReloadAssembly (1830ms)
		BeginReloadAssembly (194ms)
			ExecutionOrderSort (0ms)
			DisableScriptedObjects (8ms)
			BackupInstance (0ms)
			ReleaseScriptingObjects (0ms)
			CreateAndSetChildDomain (44ms)
		EndReloadAssembly (1501ms)
			LoadAssemblies (131ms)
			RebuildTransferFunctionScriptingTraits (0ms)
			SetupTypeCache (344ms)
			ReleaseScriptCaches (2ms)
			RebuildScriptCaches (53ms)
			SetupLoadedEditorAssemblies (933ms)
				LogAssemblyErrors (0ms)
				InitializePlatformSupportModulesInManaged (39ms)
				SetLoadedEditorAssemblies (1ms)
				RefreshPlugins (1ms)
				BeforeProcessingInitializeOnLoad (86ms)
				ProcessInitializeOnLoadAttributes (680ms)
				ProcessInitializeOnLoadMethodAttributes (119ms)
				AfterProcessingInitializeOnLoad (8ms)
				EditorAssembliesLoaded (0ms)
			ExecutionOrderSort2 (0ms)
			AwakeInstancesAfterBackupRestoration (10ms)
Platform modules already initialized, skipping
Refreshing native plugins compatible for Editor in 1.17 ms, found 3 plugins.
Preloading 0 native plugins for Editor in 0.00 ms.
Unloading 4413 Unused Serialized files (Serialized files now loaded: 0)
Unloading 53 unused Assets / (167.3 KB). Loaded Objects now: 5844.
Memory consumption went from 161.4 MB to 161.3 MB.
Total: 5.647800 ms (FindLiveObjects: 0.532200 ms CreateObjectMapping: 0.247300 ms MarkObjects: 4.786500 ms  DeleteObjects: 0.080200 ms)

AssetImportParameters requested are different than current active one (requested -> active):
  custom:video-decoder-ogg-theora: a1e56fd34408186e4bbccfd4996cb3dc -> 
  custom:container-muxer-webm: aa71ff27fc2769a1b78a27578f13a17b -> 
  custom:container-demuxer-webm: 4f35f7cbe854078d1ac9338744f61a02 -> 
  custom:video-encoder-webm-vp8: eb34c28f22e8b96e1ab97ce403110664 -> 
  custom:video-codec-MediaFoundation-h265: 746d11721c4dcdbdad8f713fa42b33f4 -> 
  custom:CustomObjectIndexerAttribute: bc11b3a6c3213fcdd17b65e7da85e133 -> 
  custom:audio-encoder-webm-vorbis: bf7c407c2cedff20999df2af8eb42d56 -> 
  custom:framework-win-MediaFoundation: 216162199b28c13a410421893ffa2e32 -> 
  custom:SearchIndexIgnoredProperties: e643bd26f0fe6173181afceb89e7c659 -> 
  custom:container-demuxer-ogg: 62fdf1f143b41e24485cea50d1cbac27 -> 
  custom:video-decoder-webm-vp8: 9c59270c3fd7afecdb556c50c9e8de78 -> 
  custom:audio-decoder-ogg-vorbis: bf7c407c2cedff20999df2af8eb42d56 -> 
========================================================================
Received Prepare
Registering precompiled user dll's ...
Registered in 0.005482 seconds.
Begin MonoManager ReloadAssembly
Native extension for WindowsStandalone target not found
Failed to load: C:/Program Files/Unity/Hub/Editor/2021.3.36f1/Editor/Data/PlaybackEngines/iOSSupport\x64\UnityEditor.iOS.Native.dll
Native extension for iOS target not found
Native extension for Android target not found
Native extension for WebGL target not found
Refreshing native plugins compatible for Editor in 1.28 ms, found 3 plugins.
Preloading 0 native plugins for Editor in 0.00 ms.
[Package Manager] Server::EnsureServerProcessIsRunning -- launch failed, reason: Unity was launched with the -noUpm command-line argument
[Package Manager] Cannot connect to Unity Package Manager local server
[Package Manager] Server::EnsureServerProcessIsRunning -- launch failed, reason: Unity was launched with the -noUpm command-line argument
[Package Manager] Cannot connect to Unity Package Manager local server
[ScriptCompilation] NOT recompiling all scripts because this is an import worker process. Reason to compile was: Define symbols changed
Mono: successfully reloaded assembly
- Completed reload, in  2.087 seconds
Domain Reload Profiling:
	ReloadAssembly (2088ms)
		BeginReloadAssembly (191ms)
			ExecutionOrderSort (0ms)
			DisableScriptedObjects (6ms)
			BackupInstance (0ms)
			ReleaseScriptingObjects (0ms)
			CreateAndSetChildDomain (49ms)
		EndReloadAssembly (1776ms)
			LoadAssemblies (131ms)
			RebuildTransferFunctionScriptingTraits (0ms)
			SetupTypeCache (352ms)
			ReleaseScriptCaches (2ms)
			RebuildScriptCaches (56ms)
			SetupLoadedEditorAssemblies (1165ms)
				LogAssemblyErrors (0ms)
				InitializePlatformSupportModulesInManaged (47ms)
				SetLoadedEditorAssemblies (1ms)
				RefreshPlugins (1ms)
				BeforeProcessingInitializeOnLoad (101ms)
				ProcessInitializeOnLoadAttributes (855ms)
				ProcessInitializeOnLoadMethodAttributes (146ms)
				AfterProcessingInitializeOnLoad (13ms)
				EditorAssembliesLoaded (0ms)
			ExecutionOrderSort2 (0ms)
			AwakeInstancesAfterBackupRestoration (13ms)
Platform modules already initialized, skipping
Callback registration failed. Increase kMaxCallback.
Fatal Error! Callback registration failed. Increase kMaxCallback.
Crash!!!
SymInit: Symbol-SearchPath: 'C:/Program Files/Unity/Hub/Editor/2021.3.36f1/Editor/Data/Mono;.;C:\UnityProject\Run;C:\UnityProject\Run\Library\BurstCache\JIT;C:\Program Files\Unity\Hub\Editor\2021.3.36f1\Editor;C:\WINDOWS;C:\WINDOWS\system32;', symOptions: 534, UserName: 'ilyas'
OS-Version: 10.0.0
C:\Program Files\Unity\Hub\Editor\2021.3.36f1\Editor\Unity.exe:Unity.exe (00007FF7084D0000), size: 74219520 (result: 0), SymType: '-deferred-', PDB: '', fileVersion: 2021.3.36.1605
C:\WINDOWS\SYSTEM32\ntdll.dll:ntdll.dll (00007FFFB6EE0000), size: 2519040 (result: 0), SymType: '-deferred-', PDB: '', fileVersion: 10.0.26100.4768
C:\WINDOWS\System32\KERNEL32.DLL:KERNEL32.DLL (00007FFFB6320000), size: 823296 (result: 0), SymType: '-deferred-', PDB: '', fileVersion: 10.0.26100.4768
C:\WINDOWS\System32\KERNELBASE.dll:KERNELBASE.dll (00007FFFB43D0000), size: 4128768 (result: 0), SymType: '-deferred-', PDB: '', fileVersion: 10.0.26100.4946
C:\WINDOWS\System32\CRYPT32.dll:CRYPT32.dll (00007FFFB4040000), size: 1536000 (result: 0), SymType: '-deferred-', PDB: '', fileVersion: 10.0.26100.4768
C:\WINDOWS\System32\ucrtbase.dll:ucrtbase.dll (00007FFFB4950000), size: 1355776 (result: 0), SymType: '-deferred-', PDB: '', fileVersion: 10.0.26100.4768
C:\WINDOWS\System32\USER32.dll:USER32.dll (00007FFFB5CA0000), size: 1855488 (result: 0), SymType: '-deferred-', PDB: '', fileVersion: 10.0.26100.4946
C:\Program Files\Unity\Hub\Editor\2021.3.36f1\Editor\optix.6.0.0.dll:optix.6.0.0.dll (00007FFF96A50000), size: 208896 (result: 0), SymType: '-deferred-', PDB: '', fileVersion: 6.0.0.0
C:\WINDOWS\System32\win32u.dll:win32u.dll (00007FFFB4010000), size: 159744 (result: 0), SymType: '-deferred-', PDB: '', fileVersion: 10.0.26100.4946
C:\Program Files\Unity\Hub\Editor\2021.3.36f1\Editor\libfbxsdk.dll:libfbxsdk.dll (00007FFF1A7E0000), size: 10067968 (result: 0), SymType: '-deferred-', PDB: '', fileVersion: 2020.3.3.0
C:\Program Files\Unity\Hub\Editor\2021.3.36f1\Editor\s3tcompress.dll:s3tcompress.dll (00007FFF96A90000), size: 180224 (result: 0), SymType: '-deferred-', PDB: ''
C:\WINDOWS\System32\GDI32.dll:GDI32.dll (00007FFFB5C70000), size: 176128 (result: 0), SymType: '-deferred-', PDB: '', fileVersion: 10.0.26100.4768
C:\Program Files\Unity\Hub\Editor\2021.3.36f1\Editor\etccompress.dll:etccompress.dll (00007FFF1CE60000), size: 5066752 (result: 0), SymType: '-deferred-', PDB: ''
C:\WINDOWS\System32\gdi32full.dll:gdi32full.dll (00007FFFB4AA0000), size: 1277952 (result: 0), SymType: '-deferred-', PDB: '', fileVersion: 10.0.26100.4768
C:\WINDOWS\System32\msvcp_win.dll:msvcp_win.dll (00007FFFB41C0000), size: 667648 (result: 0), SymType: '-deferred-', PDB: '', fileVersion: 10.0.26100.4768
C:\Program Files\Unity\Hub\Editor\2021.3.36f1\Editor\ispc_texcomp.dll:ispc_texcomp.dll (00007FFF964B0000), size: 1826816 (result: 0), SymType: '-deferred-', PDB: ''
C:\WINDOWS\System32\ADVAPI32.dll:ADVAPI32.dll (00007FFFB6D60000), size: 737280 (result: 0), SymType: '-deferred-', PDB: '', fileVersion: 10.0.26100.4652
C:\Program Files\Unity\Hub\Editor\2021.3.36f1\Editor\compress_bc7e.dll:compress_bc7e.dll (00007FFF968F0000), size: 1433600 (result: 0), SymType: '-deferred-', PDB: ''
C:\Program Files\Unity\Hub\Editor\2021.3.36f1\Editor\FreeImage.dll:FreeImage.dll (0000000180000000), size: 6582272 (result: 0), SymType: '-deferred-', PDB: '', fileVersion: 3.18.0.0
C:\WINDOWS\System32\msvcrt.dll:msvcrt.dll (00007FFFB5780000), size: 692224 (result: 0), SymType: '-deferred-', PDB: '', fileVersion: 7.0.26100.4768
C:\Program Files\Unity\Hub\Editor\2021.3.36f1\Editor\WinPixEventRuntime.dll:WinPixEventRuntime.dll (00007FFF968E0000), size: 45056 (result: 0), SymType: '-deferred-', PDB: '', fileVersion: 1.0.1812.6001
C:\Program Files\Unity\Hub\Editor\2021.3.36f1\Editor\OpenImageDenoise.dll:OpenImageDenoise.dll (00007FFF159E0000), size: 48848896 (result: 0), SymType: '-deferred-', PDB: '', fileVersion: 1.4.2.0
C:\WINDOWS\System32\sechost.dll:sechost.dll (00007FFFB6270000), size: 679936 (result: 0), SymType: '-deferred-', PDB: '', fileVersion: 10.0.26100.4768
C:\WINDOWS\System32\RPCRT4.dll:RPCRT4.dll (00007FFFB4E20000), size: 1146880 (result: 0), SymType: '-deferred-', PDB: '', fileVersion: 10.0.26100.4768
C:\WINDOWS\System32\WS2_32.dll:WS2_32.dll (00007FFFB67A0000), size: 475136 (result: 0), SymType: '-deferred-', PDB: '', fileVersion: 10.0.26100.4768
C:\Program Files\Unity\Hub\Editor\2021.3.36f1\Editor\umbraoptimizer64.dll:umbraoptimizer64.dll (00007FFF96380000), size: 1187840 (result: 0), SymType: '-deferred-', PDB: ''
C:\WINDOWS\System32\SHELL32.dll:SHELL32.dll (00007FFFB5030000), size: 7655424 (result: 0), SymType: '-deferred-', PDB: '', fileVersion: 10.0.26100.4768
C:\WINDOWS\System32\wintypes.dll:wintypes.dll (00007FFFB47D0000), size: 1519616 (result: 0), SymType: '-deferred-', PDB: '', fileVersion: 10.0.26100.4768
C:\WINDOWS\System32\combase.dll:combase.dll (00007FFFB6400000), size: 3690496 (result: 0), SymType: '-deferred-', PDB: '', fileVersion: 10.0.26100.4768
C:\Program Files\Unity\Hub\Editor\2021.3.36f1\Editor\tbb12.dll:tbb12.dll (00007FFF96720000), size: 434176 (result: 0), SymType: '-deferred-', PDB: ''
C:\WINDOWS\SYSTEM32\MSVCP140.dll:MSVCP140.dll (00007FFFA25D0000), size: 577536 (result: 0), SymType: '-deferred-', PDB: '', fileVersion: 14.42.34438.0
C:\WINDOWS\System32\SHLWAPI.dll:SHLWAPI.dll (00007FFFB5C00000), size: 434176 (result: 0), SymType: '-deferred-', PDB: '', fileVersion: 10.0.26100.4768
C:\WINDOWS\System32\ole32.dll:ole32.dll (00007FFFB5FB0000), size: 1703936 (result: 0), SymType: '-deferred-', PDB: '', fileVersion: 10.0.26100.4768
C:\WINDOWS\System32\IMM32.dll:IMM32.dll (00007FFFB6D20000), size: 192512 (result: 0), SymType: '-deferred-', PDB: '', fileVersion: 10.0.26100.4484
C:\WINDOWS\SYSTEM32\VCRUNTIME140.dll:VCRUNTIME140.dll (00007FFFA24B0000), size: 122880 (result: 0), SymType: '-deferred-', PDB: '', fileVersion: 14.42.34438.0
C:\WINDOWS\System32\SETUPAPI.dll:SETUPAPI.dll (00007FFFB6820000), size: 4743168 (result: 0), SymType: '-deferred-', PDB: '', fileVersion: 10.0.26100.4768
C:\WINDOWS\System32\OLEAUT32.dll:OLEAUT32.dll (00007FFFB4F40000), size: 917504 (result: 0), SymType: '-deferred-', PDB: '', fileVersion: 10.0.26100.4768
C:\WINDOWS\SYSTEM32\VCRUNTIME140_1.dll:VCRUNTIME140_1.dll (00007FFFA24A0000), size: 49152 (result: 0), SymType: '-deferred-', PDB: '', fileVersion: 14.42.34438.0
C:\WINDOWS\System32\WINTRUST.dll:WINTRUST.dll (00007FFFB4BE0000), size: 540672 (result: 0), SymType: '-deferred-', PDB: '', fileVersion: 10.0.26100.4768
C:\Program Files\Unity\Hub\Editor\2021.3.36f1\Editor\tbbmalloc.dll:tbbmalloc.dll (00007FFF966D0000), size: 282624 (result: 0), SymType: '-deferred-', PDB: ''
C:\WINDOWS\SYSTEM32\OPENGL32.dll:OPENGL32.dll (00007FFF8EEE0000), size: 1146880 (result: 0), SymType: '-deferred-', PDB: '', fileVersion: 10.0.26100.4768
C:\WINDOWS\SYSTEM32\GLU32.dll:GLU32.dll (00007FFF968B0000), size: 184320 (result: 0), SymType: '-deferred-', PDB: '', fileVersion: 10.0.26100.1150
C:\WINDOWS\SYSTEM32\IPHLPAPI.DLL:IPHLPAPI.DLL (00007FFFB2740000), size: 208896 (result: 0), SymType: '-deferred-', PDB: '', fileVersion: 10.0.26100.4768
C:\WINDOWS\SYSTEM32\WINHTTP.dll:WINHTTP.dll (00007FFFABA80000), size: 1171456 (result: 0), SymType: '-deferred-', PDB: '', fileVersion: 10.0.26100.4768
C:\WINDOWS\SYSTEM32\WINMM.dll:WINMM.dll (00007FFFA8A90000), size: 217088 (result: 0), SymType: '-deferred-', PDB: '', fileVersion: 10.0.26100.4202
C:\WINDOWS\SYSTEM32\bcrypt.dll:bcrypt.dll (00007FFFB3F00000), size: 155648 (result: 0), SymType: '-deferred-', PDB: '', fileVersion: 10.0.26100.4768
C:\WINDOWS\SYSTEM32\HID.DLL:HID.DLL (00007FFFB2440000), size: 61440 (result: 0), SymType: '-deferred-', PDB: '', fileVersion: 10.0.26100.1150
C:\WINDOWS\SYSTEM32\dwmapi.dll:dwmapi.dll (00007FFFB1030000), size: 217088 (result: 0), SymType: '-deferred-', PDB: '', fileVersion: 10.0.26100.4768
C:\Program Files\Unity\Hub\Editor\2021.3.36f1\Editor\RadeonImageFilters.dll:RadeonImageFilters.dll (00007FFF1DAE0000), size: 2961408 (result: 0), SymType: '-deferred-', PDB: '', fileVersion: 1.7.0.0
C:\WINDOWS\SYSTEM32\VERSION.dll:VERSION.dll (00007FFFAC030000), size: 45056 (result: 0), SymType: '-deferred-', PDB: '', fileVersion: 10.0.26100.1150
C:\Program Files\Unity\Hub\Editor\2021.3.36f1\Editor\SketchUpAPI.dll:SketchUpAPI.dll (00007FFF15140000), size: 8990720 (result: 0), SymType: '-deferred-', PDB: '', fileVersion: 23.0.0.0
C:\WINDOWS\SYSTEM32\WSOCK32.dll:WSOCK32.dll (00007FFF968A0000), size: 40960 (result: 0), SymType: '-deferred-', PDB: '', fileVersion: 10.0.26100.1
C:\Program Files\Unity\Hub\Editor\2021.3.36f1\Editor\RadeonML.dll:RadeonML.dll (00007FFF96360000), size: 94208 (result: 0), SymType: '-deferred-', PDB: '', fileVersion: 0.9.11.0
C:\WINDOWS\SYSTEM32\dxcore.dll:dxcore.dll (00007FFFB0CB0000), size: 315392 (result: 0), SymType: '-deferred-', PDB: '', fileVersion: 10.0.26100.4768
C:\Program Files\Unity\Hub\Editor\2021.3.36f1\Editor\SketchUpCommonPreferences.dll:SketchUpCommonPreferences.dll (00007FFF962E0000), size: 499712 (result: 0), SymType: '-deferred-', PDB: '', fileVersion: 23.0.0.0
C:\WINDOWS\SYSTEM32\Secur32.dll:Secur32.dll (00007FFFB0A10000), size: 53248 (result: 0), SymType: '-deferred-', PDB: '', fileVersion: 10.0.26100.1
C:\WINDOWS\SYSTEM32\SSPICLI.DLL:SSPICLI.DLL (00007FFFB3000000), size: 299008 (result: 0), SymType: '-deferred-', PDB: '', fileVersion: 10.0.26100.4484
C:\Program Files\Unity\Hub\Editor\2021.3.36f1\Editor\OpenRL.dll:OpenRL.dll (000001B54CB10000), size: 12779520 (result: 0), SymType: '-deferred-', PDB: '', fileVersion: 1.5.0.2907
C:\WINDOWS\SYSTEM32\MSVCR100.dll:MSVCR100.dll (0000000061D10000), size: 860160 (result: 0), SymType: '-deferred-', PDB: '', fileVersion: 10.0.40219.332
C:\WINDOWS\SYSTEM32\MSVCP100.dll:MSVCP100.dll (0000000061DF0000), size: 622592 (result: 0), SymType: '-deferred-', PDB: '', fileVersion: 10.0.40219.332
C:\Program Files\Unity\Hub\Editor\2021.3.36f1\Editor\embree.dll:embree.dll (00007FFF14150000), size: 16711680 (result: 0), SymType: '-deferred-', PDB: '', fileVersion: 2.14.0.0
C:\WINDOWS\SYSTEM32\cfgmgr32.DLL:cfgmgr32.DLL (00007FFFB3BB0000), size: 356352 (result: 0), SymType: '-deferred-', PDB: '', fileVersion: 10.0.26100.4202
C:\Program Files\Unity\Hub\Editor\2021.3.36f1\Editor\tbb.dll:tbb.dll (00007FFF8EE70000), size: 413696 (result: 0), SymType: '-deferred-', PDB: '', fileVersion: 2017.0.2016.1004
C:\WINDOWS\SYSTEM32\MSWSOCK.DLL:MSWSOCK.DLL (00007FFFB32C0000), size: 438272 (result: 0), SymType: '-deferred-', PDB: '', fileVersion: 10.0.26100.4768
C:\WINDOWS\SYSTEM32\MSVCP120.dll:MSVCP120.dll (00007FFF3B190000), size: 679936 (result: 0), SymType: '-deferred-', PDB: '', fileVersion: 12.0.21005.1
C:\WINDOWS\SYSTEM32\MSVCR120.dll:MSVCR120.dll (00007FFF8ED80000), size: 978944 (result: 0), SymType: '-deferred-', PDB: '', fileVersion: 12.0.21005.1
C:\Program Files\Unity\Hub\Editor\2021.3.36f1\Editor\OpenRL_pthread.dll:OpenRL_pthread.dll (000001B54D760000), size: 61440 (result: 0), SymType: '-deferred-', PDB: '', fileVersion: 2.9.0.0
C:\WINDOWS\SYSTEM32\MSASN1.dll:MSASN1.dll (00007FFFB3710000), size: 77824 (result: 0), SymType: '-deferred-', PDB: '', fileVersion: 10.0.26100.4768
C:\WINDOWS\SYSTEM32\kernel.appcore.dll:kernel.appcore.dll (00007FFFB2D50000), size: 110592 (result: 0), SymType: '-deferred-', PDB: '', fileVersion: 10.0.26100.4768
C:\WINDOWS\System32\bcryptPrimitives.dll:bcryptPrimitives.dll (00007FFFB4270000), size: 626688 (result: 0), SymType: '-deferred-', PDB: '', fileVersion: 10.0.26100.4768
C:\WINDOWS\system32\uxtheme.dll:uxtheme.dll (00007FFFB0B40000), size: 716800 (result: 0), SymType: '-deferred-', PDB: '', fileVersion: 10.0.26100.4768
C:\WINDOWS\System32\shcore.dll:shcore.dll (00007FFFB4D20000), size: 1003520 (result: 0), SymType: '-deferred-', PDB: '', fileVersion: 10.0.26100.4946
C:\WINDOWS\SYSTEM32\windows.storage.dll:windows.storage.dll (00007FFFB1BD0000), size: 8781824 (result: 0), SymType: '-deferred-', PDB: '', fileVersion: 10.0.26100.4946
C:\WINDOWS\SYSTEM32\profapi.dll:profapi.dll (00007FFFB3F30000), size: 167936 (result: 0), SymType: '-deferred-', PDB: '', fileVersion: 10.0.26100.4768
C:\WINDOWS\system32\IconCodecService.dll:IconCodecService.dll (00007FFF9CCE0000), size: 45056 (result: 0), SymType: '-deferred-', PDB: '', fileVersion: 10.0.26100.1
C:\WINDOWS\SYSTEM32\WindowsCodecs.dll:WindowsCodecs.dll (00007FFFAF070000), size: 2355200 (result: 0), SymType: '-deferred-', PDB: '', fileVersion: 10.0.26100.4946
C:\WINDOWS\System32\clbcatq.dll:clbcatq.dll (00007FFFB4C70000), size: 688128 (result: 0), SymType: '-deferred-', PDB: '', fileVersion: 2001.12.10941.16384
C:\WINDOWS\System32\netprofm.dll:netprofm.dll (00007FFFAD1B0000), size: 413696 (result: 0), SymType: '-deferred-', PDB: '', fileVersion: 10.0.26100.4484
C:\WINDOWS\System32\npmproxy.dll:npmproxy.dll (00007FFFAAAE0000), size: 102400 (result: 0), SymType: '-deferred-', PDB: '', fileVersion: 10.0.26100.1150
C:\WINDOWS\System32\NSI.dll:NSI.dll (00007FFFB6790000), size: 40960 (result: 0), SymType: '-deferred-', PDB: '', fileVersion: 10.0.26100.4768
C:\WINDOWS\SYSTEM32\dhcpcsvc6.DLL:dhcpcsvc6.DLL (00007FFFAC040000), size: 126976 (result: 0), SymType: '-deferred-', PDB: '', fileVersion: 10.0.26100.4768
C:\WINDOWS\SYSTEM32\dhcpcsvc.DLL:dhcpcsvc.DLL (00007FFFAB900000), size: 151552 (result: 0), SymType: '-deferred-', PDB: '', fileVersion: 10.0.26100.4768
C:\WINDOWS\SYSTEM32\DNSAPI.dll:DNSAPI.dll (00007FFFB2780000), size: 1204224 (result: 0), SymType: '-deferred-', PDB: '', fileVersion: 10.0.26100.4768
C:\WINDOWS\system32\napinsp.dll:napinsp.dll (00007FFF76FE0000), size: 98304 (result: 0), SymType: '-deferred-', PDB: '', fileVersion: 10.0.26100.1150
C:\WINDOWS\System32\winrnr.dll:winrnr.dll (00007FFF75E60000), size: 73728 (result: 0), SymType: '-deferred-', PDB: '', fileVersion: 10.0.26100.1882
C:\WINDOWS\system32\nlansp_c.dll:nlansp_c.dll (00007FFF75B30000), size: 196608 (result: 0), SymType: '-deferred-', PDB: '', fileVersion: 10.0.26100.4768
C:\WINDOWS\system32\wshbth.dll:wshbth.dll (00007FFFAC6C0000), size: 131072 (result: 0), SymType: '-deferred-', PDB: '', fileVersion: 10.0.26100.4061
C:\WINDOWS\System32\fwpuclnt.dll:fwpuclnt.dll (00007FFFAAD00000), size: 548864 (result: 0), SymType: '-deferred-', PDB: '', fileVersion: 10.0.26100.4768
C:\Windows\System32\rasadhlp.dll:rasadhlp.dll (00007FFFAC470000), size: 45056 (result: 0), SymType: '-deferred-', PDB: '', fileVersion: 10.0.26100.1150
C:\Program Files\Unity\Hub\Editor\2021.3.36f1\Editor\NVUnityPlugin.DLL:NVUnityPlugin.DLL (00007FFF27960000), size: 1536000 (result: 0), SymType: '-deferred-', PDB: ''
C:\Program Files\Unity\Hub\Editor\2021.3.36f1\Editor\Data\Tools\astcenc-avx2.dll:astcenc-avx2.dll (00007FFF3D3B0000), size: 561152 (result: 0), SymType: '-deferred-', PDB: ''
C:\WINDOWS\SYSTEM32\d3d11.dll:d3d11.dll (00007FFFAFDA0000), size: 2519040 (result: 0), SymType: '-deferred-', PDB: '', fileVersion: 10.0.26100.4768
C:\WINDOWS\SYSTEM32\dxgi.dll:dxgi.dll (00007FFFB0E70000), size: 1302528 (result: 0), SymType: '-deferred-', PDB: '', fileVersion: 10.0.26100.4768
C:\WINDOWS\SYSTEM32\directxdatabasehelper.dll:directxdatabasehelper.dll (00007FFFB0D20000), size: 434176 (result: 0), SymType: '-deferred-', PDB: '', fileVersion: 10.0.26100.4768
C:\WINDOWS\System32\DriverStore\FileRepository\nvcvi.inf_amd64_1b154e8b0df3879e\nvldumdx.dll:nvldumdx.dll (00007FFF1C820000), size: 778240 (result: 0), SymType: '-deferred-', PDB: '', fileVersion: 31.0.15.5222
C:\WINDOWS\SYSTEM32\cryptnet.dll:cryptnet.dll (00007FFFAB100000), size: 241664 (result: 0), SymType: '-deferred-', PDB: '', fileVersion: 10.0.26100.3624
C:\WINDOWS\SYSTEM32\drvstore.dll:drvstore.dll (00007FFFAAF80000), size: 1556480 (result: 0), SymType: '-deferred-', PDB: '', fileVersion: 10.0.26100.4768
C:\WINDOWS\SYSTEM32\devobj.dll:devobj.dll (00007FFFB3B60000), size: 184320 (result: 0), SymType: '-deferred-', PDB: '', fileVersion: 10.0.26100.1150
C:\WINDOWS\SYSTEM32\wldp.dll:wldp.dll (00007FFFB35A0000), size: 438272 (result: 0), SymType: '-deferred-', PDB: '', fileVersion: 10.0.26100.4768
C:\WINDOWS\SYSTEM32\cryptbase.dll:cryptbase.dll (00007FFFB3500000), size: 49152 (result: 0), SymType: '-deferred-', PDB: '', fileVersion: 10.0.26100.4768
C:\WINDOWS\System32\imagehlp.dll:imagehlp.dll (00007FFFB5F80000), size: 131072 (result: 0), SymType: '-deferred-', PDB: '', fileVersion: 10.0.26100.4202
C:\WINDOWS\SYSTEM32\CRYPTSP.dll:CRYPTSP.dll (00007FFFB36A0000), size: 110592 (result: 0), SymType: '-deferred-', PDB: '', fileVersion: 10.0.26100.4768
C:\WINDOWS\system32\rsaenh.dll:rsaenh.dll (00007FFFB2CB0000), size: 241664 (result: 0), SymType: '-deferred-', PDB: '', fileVersion: 10.0.26100.4768
C:\WINDOWS\System32\DriverStore\FileRepository\nvcvi.inf_amd64_1b154e8b0df3879e\nvgpucomp64.dll:nvgpucomp64.dll (00007FFF70BD0000), size: 35774464 (result: 0), SymType: '-deferred-', PDB: '', fileVersion: 31.0.15.5222
C:\WINDOWS\System32\DriverStore\FileRepository\nvcvi.inf_amd64_1b154e8b0df3879e\Display.NvContainer\NvMessageBus.dll:NvMessageBus.dll (00007FFFA3B40000), size: 3506176 (result: 0), SymType: '-deferred-', PDB: '', fileVersion: 3.12.3354.5005
C:\WINDOWS\System32\DriverStore\FileRepository\nvcvi.inf_amd64_1b154e8b0df3879e\nvwgf2umx.dll:nvwgf2umx.dll (00007FFEF09A0000), size: 68038656 (result: 0), SymType: '-deferred-', PDB: '', fileVersion: 31.0.15.5222
C:\WINDOWS\SYSTEM32\POWRPROF.dll:POWRPROF.dll (00007FFFB3E70000), size: 385024 (result: 0), SymType: '-deferred-', PDB: '', fileVersion: 10.0.26100.3912
C:\WINDOWS\SYSTEM32\UMPDC.dll:UMPDC.dll (00007FFFB3E50000), size: 81920 (result: 0), SymType: '-deferred-', PDB: '', fileVersion: 10.0.26100.1301
C:\WINDOWS\system32\nvspcap64.dll:nvspcap64.dll (00007FFF96B20000), size: 1339392 (result: 0), SymType: '-deferred-', PDB: '', fileVersion: 11.0.5.245
C:\WINDOWS\SYSTEM32\ntmarta.dll:ntmarta.dll (00007FFFB2E80000), size: 221184 (result: 0), SymType: '-deferred-', PDB: '', fileVersion: 10.0.26100.4202
C:\WINDOWS\system32\wbem\wbemprox.dll:wbemprox.dll (00007FFFA7710000), size: 73728 (result: 0), SymType: '-deferred-', PDB: '', fileVersion: 10.0.26100.4202
C:\WINDOWS\SYSTEM32\wbemcomn.dll:wbemcomn.dll (00007FFFA6AB0000), size: 499712 (result: 0), SymType: '-deferred-', PDB: '', fileVersion: 10.0.26100.1150
C:\WINDOWS\system32\wbem\wbemsvc.dll:wbemsvc.dll (00007FFFA75F0000), size: 86016 (result: 0), SymType: '-deferred-', PDB: '', fileVersion: 10.0.26100.4202
C:\WINDOWS\system32\wbem\fastprox.dll:fastprox.dll (00007FFFA30F0000), size: 983040 (result: 0), SymType: '-deferred-', PDB: '', fileVersion: 10.0.26100.3624
C:\WINDOWS\SYSTEM32\amsi.dll:amsi.dll (00007FFFA2BE0000), size: 118784 (result: 0), SymType: '-deferred-', PDB: '', fileVersion: 10.0.26100.1150
C:\WINDOWS\SYSTEM32\USERENV.dll:USERENV.dll (00007FFFB3360000), size: 176128 (result: 0), SymType: '-deferred-', PDB: '', fileVersion: 10.0.26100.2454
C:\ProgramData\Microsoft\Windows Defender\Platform\4.18.25080.5-0\MpOav.dll:MpOav.dll (00007FFFA2AC0000), size: 663552 (result: 0), SymType: '-deferred-', PDB: '', fileVersion: 4.18.25080.5
C:\Program Files\Unity\Hub\Editor\2021.3.36f1\Editor\cudart64_90.dll:cudart64_90.dll (00007FFF81E80000), size: 397312 (result: 0), SymType: '-deferred-', PDB: '', fileVersion: 6.14.11.9000
C:\WINDOWS\SYSTEM32\opencl.dll:opencl.dll (00007FFF96AC0000), size: 98304 (result: 0), SymType: '-deferred-', PDB: '', fileVersion: 3.0.6.0
C:\Program Files\Unity\Hub\Editor\2021.3.36f1\Editor\radeonrays.dll:radeonrays.dll (00007FFF27750000), size: 557056 (result: 0), SymType: '-deferred-', PDB: ''
C:\Program Files\Unity\Hub\Editor\2021.3.36f1\Editor\Data\MonoBleedingEdge\EmbedRuntime\mono-2.0-bdwgc.dll:mono-2.0-bdwgc.dll (00007FFEFD4F0000), size: 10829824 (result: 0), SymType: '-deferred-', PDB: ''
C:\WINDOWS\SYSTEM32\PROPSYS.dll:PROPSYS.dll (00007FFFAE4D0000), size: 1101824 (result: 0), SymType: '-deferred-', PDB: '', fileVersion: 7.0.26100.4768
C:\WINDOWS\SYSTEM32\edputil.dll:edputil.dll (00007FFF874B0000), size: 167936 (result: 0), SymType: '-deferred-', PDB: '', fileVersion: 10.0.26100.3037
C:\Windows\System32\Windows.StateRepositoryPS.dll:Windows.StateRepositoryPS.dll (00007FFF831D0000), size: 802816 (result: 0), SymType: '-deferred-', PDB: '', fileVersion: 10.0.26100.4768
C:\WINDOWS\SYSTEM32\urlmon.dll:urlmon.dll (00007FFF9DD80000), size: 1986560 (result: 0), SymType: '-deferred-', PDB: '', fileVersion: 11.0.26100.4768
C:\WINDOWS\SYSTEM32\iertutil.dll:iertutil.dll (00007FFF9DAB0000), size: 2924544 (result: 0), SymType: '-deferred-', PDB: '', fileVersion: 11.0.26100.4768
C:\WINDOWS\SYSTEM32\srvcli.dll:srvcli.dll (00007FFFA0870000), size: 167936 (result: 0), SymType: '-deferred-', PDB: '', fileVersion: 10.0.26100.1150
C:\WINDOWS\SYSTEM32\netutils.dll:netutils.dll (00007FFFB2730000), size: 53248 (result: 0), SymType: '-deferred-', PDB: '', fileVersion: 10.0.26100.1882
C:\WINDOWS\SYSTEM32\virtdisk.dll:virtdisk.dll (00007FFF75E80000), size: 94208 (result: 0), SymType: '-deferred-', PDB: '', fileVersion: 10.0.26100.1591
C:\Windows\System32\Windows.System.Launcher.dll:Windows.System.Launcher.dll (00007FFF825C0000), size: 1576960 (result: 0), SymType: '-deferred-', PDB: '', fileVersion: 10.0.26100.4768
C:\WINDOWS\SYSTEM32\windows.staterepositorycore.dll:windows.staterepositorycore.dll (00007FFFA7B30000), size: 106496 (result: 0), SymType: '-deferred-', PDB: '', fileVersion: 10.0.26100.4768
C:\WINDOWS\WinSxS\amd64_microsoft.windows.common-controls_6595b64144ccf1df_6.0.26100.4768_none_3e0c112ce331287c\comctl32.dll:comctl32.dll (00007FFF9D130000), size: 2727936 (result: 0), SymType: '-deferred-', PDB: '', fileVersion: 6.10.26100.4768
C:\Windows\System32\thumbcache.dll:thumbcache.dll (00007FFF6F730000), size: 454656 (result: 0), SymType: '-deferred-', PDB: '', fileVersion: 10.0.26100.4484
C:\Windows\System32\MrmCoreR.dll:MrmCoreR.dll (00007FFF9B3D0000), size: 1175552 (result: 0), SymType: '-deferred-', PDB: '', fileVersion: 10.0.26100.4768
C:\WINDOWS\SYSTEM32\windows.staterepositoryclient.dll:windows.staterepositoryclient.dll (00007FFF9AD40000), size: 327680 (result: 0), SymType: '-deferred-', PDB: '', fileVersion: 10.0.26100.4768
C:\Windows\System32\bcp47mrm.dll:bcp47mrm.dll (00007FFF7CE60000), size: 212992 (result: 0), SymType: '-deferred-', PDB: '', fileVersion: 10.0.26100.3624
C:\Windows\System32\Windows.UI.dll:Windows.UI.dll (00007FFF87350000), size: 1409024 (result: 0), SymType: '-deferred-', PDB: '', fileVersion: 10.0.26100.4946
C:\WINDOWS\WinSxS\amd64_microsoft.windows.gdiplus_6595b64144ccf1df_1.1.26100.4946_none_6ef530c63dc53cfc\gdiplus.dll:gdiplus.dll (00007FFF94960000), size: 1961984 (result: 0), SymType: '-deferred-', PDB: '', fileVersion: 10.0.26100.4946
C:\WINDOWS\System32\MSCTF.dll:MSCTF.dll (00007FFFB5A90000), size: 1445888 (result: 0), SymType: '-deferred-', PDB: '', fileVersion: 10.0.26100.4768
C:\WINDOWS\SYSTEM32\policymanager.dll:policymanager.dll (00007FFFAE360000), size: 737280 (result: 0), SymType: '-deferred-', PDB: '', fileVersion: 10.0.26100.4768
C:\WINDOWS\SYSTEM32\msvcp110_win.dll:msvcp110_win.dll (00007FFFAE1D0000), size: 593920 (result: 0), SymType: '-deferred-', PDB: '', fileVersion: 10.0.26100.1150
C:\WINDOWS\SYSTEM32\dbghelp.dll:dbghelp.dll (00007FFFB1710000), size: 2363392 (result: 0), SymType: '-deferred-', PDB: '', fileVersion: 10.0.26100.4202

========== OUTPUTTING STACK TRACE ==================

0x00007FFFB4497F7A (KERNELBASE) RaiseException
0x00007FF709EAB43B (Unity) EditorMonoConsole::LogToConsoleImplementation
0x00007FF709EABF2D (Unity) EditorMonoConsole::LogToConsoleImplementation
0x00007FF70AB26507 (Unity) DebugStringToFilePostprocessedStacktrace
0x00007FF70AB25C5D (Unity) DebugStringToFile
0x00007FF70A32BC45 (Unity) LoadDomainAndUserAssemblies
0x00007FF70A32C2D4 (Unity) LoadUserAssemblies
0x00007FF70A8280B1 (Unity) <lambda_35ace66a49d33dec3cabcd2028a96bf1>::operator()
0x00007FF70A86B4E2 (Unity) asio::detail::completion_handler<core::mutable_function<void __cdecl(void)>,asio::io_context::basic_executor_type<std::allocator<void>,0> >::do_complete
0x00007FF70A8573CE (Unity) asio::detail::win_iocp_io_context::do_one
0x00007FF70A859034 (Unity) asio::detail::win_iocp_io_context::run
0x00007FF70A8698CE (Unity) IOService::Run
0x00007FF70A83BFEF (Unity) AssetImportWorkerClient::Run
0x00007FF70A803383 (Unity) RunAssetImportWorkerClientV2
0x00007FF70A80340B (Unity) RunAssetImporterV2
0x00007FF70A02C719 (Unity) Application::InitializeProject
0x00007FF70A47F398 (Unity) WinMain
0x00007FF70B86287E (Unity) __scrt_common_main_seh
0x00007FFFB634E8D7 (KERNEL32) BaseThreadInitThunk
0x00007FFFB6F1C34C (ntdll) RtlUserThreadStart

========== END OF STACKTRACE ===========

A crash has been intercepted by the crash handler. For call stack and other details, see the latest crash report generated in:
 * C:/Users/ilyas/AppData/Local/Temp/Unity/Editor/Crashes
